2026-10-10T00:09:46.7763248Z Current runner version: '2.337.0'
2026-10-10T00:09:46.7788723Z ##[group]Runner Image Provisioner
2026-10-10T00:09:46.7789605Z Hosted Compute Agent
2026-10-10T00:09:46.7790177Z Version: 20261002.596
2026-10-10T00:09:46.7790912Z Commit: c3d12f3313a95f25162a1503be624f3b0617f8c0
2026-10-10T00:09:46.7791678Z Build Date: 2026-10-02T22:28:27Z
2026-10-10T00:09:46.7793255Z Worker ID: {2bf24079-612b-444e-9b5e-f130c8d4ff4d}
2026-10-10T00:09:46.7794463Z Region: eastus2
2026-10-10T00:09:46.7795299Z Cloud: Azure
2026-10-10T00:09:46.7796223Z ##[endgroup]
2026-10-10T00:09:46.7797994Z ##[group]Operating System
2026-10-10T00:09:46.7799090Z Ubuntu
2026-10-10T00:09:46.7799681Z 24.04.5
2026-10-10T00:09:46.7800270Z LTS
2026-10-10T00:09:46.7800851Z ##[endgroup]
2026-10-10T00:09:46.7801408Z ##[group]Runner Image
2026-10-10T00:09:46.7802075Z Image: ubuntu-24.04
2026-10-10T00:09:46.7802690Z Version: 20261004.327.1
2026-10-10T00:09:46.7804031Z Included Software: https://github.com/actions/runner-images/blob/ubuntu24/20261004.327/images/ubuntu/Ubuntu2404-Readme.md
2026-10-10T00:09:46.7805596Z Image Release: https://github.com/actions/runner-images/releases/tag/ubuntu24%2F20261004.327
2026-10-10T00:09:46.7806617Z ##[endgroup]
2026-10-10T00:09:46.7807738Z ##[group]GITHUB_TOKEN Permissions
2026-10-10T00:09:46.7810129Z Contents: read
2026-10-10T00:09:46.7810760Z Metadata: read
2026-10-10T00:09:46.7811314Z ##[endgroup]
2026-10-10T00:09:46.7813576Z Secret source: Actions
2026-10-10T00:09:46.7814548Z Cache mode: write
2026-10-10T00:09:46.7815610Z Prepare workflow directory
2026-10-10T00:09:46.8202233Z Prepare all required actions
2026-10-10T00:09:46.8250163Z Getting action download info
2026-10-10T00:09:47.0667904Z Download action repository 'actions/checkout@fbc6f3992d24b796d5a048ff273f7fcc4a7b6c09' (SHA:fbc6f3992d24b796d5a048ff273f7fcc4a7b6c09)
2026-10-10T00:09:47.1890236Z Download action repository 'actions/setup-node@a0853c24544627f65ddf259abe73b1d18a591444' (SHA:a0853c24544627f65ddf259abe73b1d18a591444)
2026-10-10T00:09:47.3381421Z Download action repository 'actions/setup-java@b6effb05e454b25005698d916606bdc6ffcbf961' (SHA:b6effb05e454b25005698d916606bdc6ffcbf961)
2026-10-10T00:09:47.6017215Z Download action repository 'actions/upload-artifact@ea165f8d65b6e75b540449e92b4886f43607fa02' (SHA:ea165f8d65b6e75b540449e92b4886f43607fa02)
2026-10-10T00:09:47.8588803Z Complete job name: android
2026-10-10T00:09:47.9606976Z ##[group]Run actions/checkout@fbc6f3992d24b796d5a048ff273f7fcc4a7b6c09
2026-10-10T00:09:47.9608669Z with:
2026-10-10T00:09:47.9609204Z   persist-credentials: false
2026-10-10T00:09:47.9609989Z   ref: 9cdcec081bee3525838ac334da1bb48de6690f13
2026-10-10T00:09:47.9610869Z   repository: ghinz32-cloud/movefield
2026-10-10T00:09:47.9619653Z   token: ***
2026-10-10T00:09:47.9620156Z   ssh-strict: true
2026-10-10T00:09:47.9620656Z   ssh-user: git
2026-10-10T00:09:47.9621127Z   clean: true
2026-10-10T00:09:47.9621660Z   sparse-checkout-cone-mode: true
2026-10-10T00:09:47.9622344Z   fetch-depth: 1
2026-10-10T00:09:47.9622842Z   fetch-tags: false
2026-10-10T00:09:47.9623382Z   show-progress: true
2026-10-10T00:09:47.9623913Z   lfs: false
2026-10-10T00:09:47.9624378Z   submodules: false
2026-10-10T00:09:47.9624903Z   set-safe-directory: true
2026-10-10T00:09:47.9625542Z   allow-unsafe-pr-checkout: false
2026-10-10T00:09:47.9626465Z env:
2026-10-10T00:09:47.9626881Z   CI: 1
2026-10-10T00:09:47.9627359Z   EXPO_NO_TELEMETRY: 1
2026-10-10T00:09:47.9627882Z ##[endgroup]
2026-10-10T00:09:48.0682244Z Syncing repository: ghinz32-cloud/movefield
2026-10-10T00:09:48.0684545Z ##[group]Getting Git version info
2026-10-10T00:09:48.0686092Z Working directory is '/home/runner/work/movefield/movefield'
2026-10-10T00:09:48.0687627Z [command]/usr/bin/git version
2026-10-10T00:09:48.0774723Z git version 2.55.0
2026-10-10T00:09:48.0800804Z ##[endgroup]
2026-10-10T00:09:48.0817467Z Temporarily overriding HOME='/home/runner/work/_temp/011d6d1a-dbab-4741-9909-632746ef57f7' before making global git config changes
2026-10-10T00:09:48.0823187Z Adding repository directory to the temporary git global config as a safe directory
2026-10-10T00:09:48.0827280Z [command]/usr/bin/git config --global --add safe.directory /home/runner/work/movefield/movefield
2026-10-10T00:09:48.0885230Z Deleting the contents of '/home/runner/work/movefield/movefield'
2026-10-10T00:09:48.0888719Z ##[group]Initializing the repository
2026-10-10T00:09:48.0893735Z [command]/usr/bin/git init /home/runner/work/movefield/movefield
2026-10-10T00:09:48.1034904Z hint: Using 'master' as the name for the initial branch. This default branch name
2026-10-10T00:09:48.1038381Z hint: will change to "main" in Git 3.0. To configure the initial branch name
2026-10-10T00:09:48.1041623Z hint: to use in all of your new repositories, which will suppress this warning,
2026-10-10T00:09:48.1044205Z hint: call:
2026-10-10T00:09:48.1045552Z hint:
2026-10-10T00:09:48.1047113Z hint: 	git config --global init.defaultBranch <name>
2026-10-10T00:09:48.1049536Z hint:
2026-10-10T00:09:48.1051344Z hint: Names commonly chosen instead of 'master' are 'main', 'trunk' and
2026-10-10T00:09:48.1054517Z hint: 'development'. The just-created branch can be renamed via this command:
2026-10-10T00:09:48.1056907Z hint:
2026-10-10T00:09:48.1058008Z hint: 	git branch -m <name>
2026-10-10T00:09:48.1059677Z hint:
2026-10-10T00:09:48.1061870Z hint: Disable this message with "git config set advice.defaultBranchName false"
2026-10-10T00:09:48.1064285Z Initialized empty Git repository in /home/runner/work/movefield/movefield/.git/
2026-10-10T00:09:48.1068814Z [command]/usr/bin/git remote add origin https://github.com/ghinz32-cloud/movefield
2026-10-10T00:09:48.1117586Z ##[endgroup]
2026-10-10T00:09:48.1119460Z ##[group]Disabling automatic garbage collection
2026-10-10T00:09:48.1122941Z [command]/usr/bin/git config --local gc.auto 0
2026-10-10T00:09:48.1160411Z ##[endgroup]
2026-10-10T00:09:48.1161904Z ##[group]Setting up auth
2026-10-10T00:09:48.1168616Z [command]/usr/bin/git config --local --name-only --get-regexp core\.sshCommand
2026-10-10T00:09:48.1211884Z [command]/usr/bin/git submodule foreach --recursive sh -c "git config --local --name-only --get-regexp 'core\.sshCommand' && git config --local --unset-all 'core.sshCommand' || :"
2026-10-10T00:09:48.1603494Z [command]/usr/bin/git config --local --name-only --get-regexp http\.https\:\/\/github\.com\/\.extraheader
2026-10-10T00:09:48.1641246Z [command]/usr/bin/git submodule foreach --recursive sh -c "git config --local --name-only --get-regexp 'http\.https\:\/\/github\.com\/\.extraheader' && git config --local --unset-all 'http.https://github.com/.extraheader' || :"
2026-10-10T00:09:48.1864142Z [command]/usr/bin/git config --local --name-only --get-regexp ^includeIf\.gitdir:
2026-10-10T00:09:48.1900720Z [command]/usr/bin/git submodule foreach --recursive git config --local --show-origin --name-only --get-regexp remote.origin.url
2026-10-10T00:09:48.2124643Z [command]/usr/bin/git config --local http.https://github.com/.extraheader AUTHORIZATION: basic ***
2026-10-10T00:09:48.2173105Z ##[endgroup]
2026-10-10T00:09:48.2174161Z ##[group]Fetching the repository
2026-10-10T00:09:48.2183437Z [command]/usr/bin/git -c protocol.version=2 fetch --no-tags --prune --no-recurse-submodules --depth=1 origin 9cdcec081bee3525838ac334da1bb48de6690f13
2026-10-10T00:09:49.2361809Z From https://github.com/ghinz32-cloud/movefield
2026-10-10T00:09:49.2363417Z  * branch            9cdcec081bee3525838ac334da1bb48de6690f13 -> FETCH_HEAD
2026-10-10T00:09:49.2367080Z ##[endgroup]
2026-10-10T00:09:49.2368895Z ##[group]Determining the checkout info
2026-10-10T00:09:49.2370651Z ##[endgroup]
2026-10-10T00:09:49.2375511Z [command]/usr/bin/git sparse-checkout disable
2026-10-10T00:09:49.2440806Z [command]/usr/bin/git config --local --unset-all extensions.worktreeConfig
2026-10-10T00:09:49.2480140Z ##[group]Checking out the ref
2026-10-10T00:09:49.2484308Z [command]/usr/bin/git checkout --progress --force 9cdcec081bee3525838ac334da1bb48de6690f13
2026-10-10T00:09:49.3963357Z Note: switching to '9cdcec081bee3525838ac334da1bb48de6690f13'.
2026-10-10T00:09:49.3964197Z 
2026-10-10T00:09:49.3964646Z You are in 'detached HEAD' state. You can look around, make experimental
2026-10-10T00:09:49.3965365Z changes and commit them, and you can discard any commits you make in this
2026-10-10T00:09:49.3966014Z state without impacting any branches by switching back to a branch.
2026-10-10T00:09:49.3966380Z 
2026-10-10T00:09:49.3966657Z If you want to create a new branch to retain commits you create, you may
2026-10-10T00:09:49.3967262Z do so (now or later) by using -c with the switch command. Example:
2026-10-10T00:09:49.3967600Z 
2026-10-10T00:09:49.3967754Z   git switch -c <new-branch-name>
2026-10-10T00:09:49.3967990Z 
2026-10-10T00:09:49.3968440Z Or undo this operation with:
2026-10-10T00:09:49.3968851Z 
2026-10-10T00:09:49.3969003Z   git switch -
2026-10-10T00:09:49.3969220Z 
2026-10-10T00:09:49.3969517Z Turn off this advice by setting config variable advice.detachedHead to false
2026-10-10T00:09:49.3969920Z 
2026-10-10T00:09:49.3970252Z HEAD is now at 9cdcec0 Confirm partial workouts and edit saved native records atomically
2026-10-10T00:09:49.3979639Z ##[endgroup]
2026-10-10T00:09:49.4027915Z [command]/usr/bin/git log -1 --format=%H
2026-10-10T00:09:49.4056084Z 9cdcec081bee3525838ac334da1bb48de6690f13
2026-10-10T00:09:49.4065477Z ##[group]Removing auth
2026-10-10T00:09:49.4068989Z [command]/usr/bin/git config --local --name-only --get-regexp core\.sshCommand
2026-10-10T00:09:49.4102663Z [command]/usr/bin/git submodule foreach --recursive sh -c "git config --local --name-only --get-regexp 'core\.sshCommand' && git config --local --unset-all 'core.sshCommand' || :"
2026-10-10T00:09:49.4325648Z [command]/usr/bin/git config --local --name-only --get-regexp http\.https\:\/\/github\.com\/\.extraheader
2026-10-10T00:09:49.4355993Z http.https://github.com/.extraheader
2026-10-10T00:09:49.4364547Z [command]/usr/bin/git config --local --unset-all http.https://github.com/.extraheader
2026-10-10T00:09:49.4400676Z [command]/usr/bin/git submodule foreach --recursive sh -c "git config --local --name-only --get-regexp 'http\.https\:\/\/github\.com\/\.extraheader' && git config --local --unset-all 'http.https://github.com/.extraheader' || :"
2026-10-10T00:09:49.4624220Z [command]/usr/bin/git config --local --name-only --get-regexp ^includeIf\.gitdir:
2026-10-10T00:09:49.4656839Z [command]/usr/bin/git submodule foreach --recursive git config --local --show-origin --name-only --get-regexp remote.origin.url
2026-10-10T00:09:49.4882165Z ##[endgroup]
2026-10-10T00:09:49.5096427Z ##[group]Run mkdir -p native-evidence/android
2026-10-10T00:09:49.5096922Z [36;1mmkdir -p native-evidence/android[0m
2026-10-10T00:09:49.5097395Z [36;1mgit rev-parse HEAD HEAD^{tree} > native-evidence/android/source.txt[0m
2026-10-10T00:09:49.5402004Z shell: /usr/bin/bash -e {0}
2026-10-10T00:09:49.5402376Z env:
2026-10-10T00:09:49.5402646Z   CI: 1
2026-10-10T00:09:49.5402971Z   EXPO_NO_TELEMETRY: 1
2026-10-10T00:09:49.5403288Z ##[endgroup]
2026-10-10T00:09:49.5641296Z ##[group]Run actions/setup-node@a0853c24544627f65ddf259abe73b1d18a591444
2026-10-10T00:09:49.5641774Z with:
2026-10-10T00:09:49.5642021Z   node-version: 24.19.0
2026-10-10T00:09:49.5642307Z   package-manager-cache: false
2026-10-10T00:09:49.5642597Z   always-auth: false
2026-10-10T00:09:49.5642859Z   check-latest: false
2026-10-10T00:09:49.5645401Z   token: ***
2026-10-10T00:09:49.5645646Z env:
2026-10-10T00:09:49.5645866Z   CI: 1
2026-10-10T00:09:49.5646093Z   EXPO_NO_TELEMETRY: 1
2026-10-10T00:09:49.5646404Z ##[endgroup]
2026-10-10T00:09:49.7065274Z Attempting to download 24.19.0...
2026-10-10T00:09:49.7171966Z (node:2462) [DEP0040] DeprecationWarning: The `punycode` module is deprecated. Please use a userland alternative instead.
2026-10-10T00:09:49.7173440Z (Use `node --trace-deprecation ...` to show where the warning was created)
2026-10-10T00:09:50.4074468Z Acquiring 24.19.0 - x64 from https://github.com/actions/node-versions/releases/download/24.19.0-30872449280/node-24.19.0-linux-x64.tar.gz
2026-10-10T00:09:51.4696481Z Extracting ...
2026-10-10T00:09:51.4829169Z [command]/usr/bin/tar xz --strip 1 --warning=no-unknown-keyword --overwrite -C /home/runner/work/_temp/cd92bb97-5b04-4d1e-ad2a-7f3a4a70186f -f /home/runner/work/_temp/3c62e4d0-8182-4927-a428-698cc31b31b6
2026-10-10T00:09:52.7210328Z Adding to the cache ...
2026-10-10T00:09:54.6704730Z ##[group]Environment details
2026-10-10T00:09:54.9000279Z node: v24.19.0
2026-10-10T00:09:54.9000547Z npm: 11.17.0
2026-10-10T00:09:54.9000742Z yarn: 1.22.22
2026-10-10T00:09:54.9001221Z ##[endgroup]
2026-10-10T00:09:54.9236767Z ##[group]Run actions/setup-java@b6effb05e454b25005698d916606bdc6ffcbf961
2026-10-10T00:09:54.9237167Z with:
2026-10-10T00:09:54.9237370Z   distribution: temurin
2026-10-10T00:09:54.9237592Z   java-version: 17
2026-10-10T00:09:54.9237797Z   java-package: jdk
2026-10-10T00:09:54.9238005Z   check-latest: false
2026-10-10T00:09:54.9238404Z   set-default: true
2026-10-10T00:09:54.9238621Z   verify-signature: false
2026-10-10T00:09:54.9238854Z   server-id: github
2026-10-10T00:09:54.9239109Z   server-username: GITHUB_ACTOR
2026-10-10T00:09:54.9239385Z   server-password: GITHUB_TOKEN
2026-10-10T00:09:54.9239633Z   overwrite-settings: true
2026-10-10T00:09:54.9239861Z   job-status: success
2026-10-10T00:09:54.9242328Z   token: ***
2026-10-10T00:09:54.9242549Z   show-download-progress: false
2026-10-10T00:09:54.9242791Z env:
2026-10-10T00:09:54.9242967Z   CI: 1
2026-10-10T00:09:54.9243157Z   EXPO_NO_TELEMETRY: 1
2026-10-10T00:09:54.9243367Z ##[endgroup]
2026-10-10T00:09:55.0780817Z ##[group]Installed distributions
2026-10-10T00:09:55.0861666Z Resolved Java 17.0.20+1 from tool-cache
2026-10-10T00:09:55.0862181Z Setting Java 17.0.20+1 as the default
2026-10-10T00:09:55.0870136Z Creating toolchains.xml for JDK version 17 from temurin
2026-10-10T00:09:55.0954485Z Writing to /home/runner/.m2/toolchains.xml
2026-10-10T00:09:55.0955009Z 
2026-10-10T00:09:55.0955476Z Java configuration:
2026-10-10T00:09:55.0955968Z   Distribution: temurin
2026-10-10T00:09:55.0956462Z   Version: 17.0.20+1
2026-10-10T00:09:55.0957204Z   Path: /opt/hostedtoolcache/Java_Temurin-Hotspot_jdk/17.0.20-1/x64
2026-10-10T00:09:55.0957755Z 
2026-10-10T00:09:55.0958519Z ##[endgroup]
2026-10-10T00:09:55.0964885Z Creating settings.xml with server-id: github
2026-10-10T00:09:55.0980433Z Writing to /home/runner/.m2/settings.xml
2026-10-10T00:09:55.0984627Z Configured MAVEN_ARGS to include -ntp to suppress Maven transfer progress logs. Set 'show-download-progress: true' to keep the download progress output.
2026-10-10T00:09:55.1104579Z ##[group]Run npm ci --ignore-scripts --no-audit --no-fund
2026-10-10T00:09:55.1105025Z [36;1mnpm ci --ignore-scripts --no-audit --no-fund[0m
2026-10-10T00:09:55.1169299Z shell: /usr/bin/bash -e {0}
2026-10-10T00:09:55.1169545Z env:
2026-10-10T00:09:55.1169730Z   CI: 1
2026-10-10T00:09:55.1169924Z   EXPO_NO_TELEMETRY: 1
2026-10-10T00:09:55.1170263Z   JAVA_HOME: /opt/hostedtoolcache/Java_Temurin-Hotspot_jdk/17.0.20-1/x64
2026-10-10T00:09:55.1170762Z   JAVA_HOME_17_X64: /opt/hostedtoolcache/Java_Temurin-Hotspot_jdk/17.0.20-1/x64
2026-10-10T00:09:55.1171163Z   MAVEN_ARGS: -ntp
2026-10-10T00:09:55.1171365Z ##[endgroup]
2026-10-10T00:10:06.5873893Z 
2026-10-10T00:10:06.5874575Z added 514 packages in 11s
2026-10-10T00:10:06.6556078Z ##[group]Run npx --no-install expo prebuild --platform android --no-install
2026-10-10T00:10:06.6556636Z [36;1mnpx --no-install expo prebuild --platform android --no-install[0m
2026-10-10T00:10:06.6619740Z shell: /usr/bin/bash -e {0}
2026-10-10T00:10:06.6619984Z env:
2026-10-10T00:10:06.6620164Z   CI: 1
2026-10-10T00:10:06.6620355Z   EXPO_NO_TELEMETRY: 1
2026-10-10T00:10:06.6620695Z   JAVA_HOME: /opt/hostedtoolcache/Java_Temurin-Hotspot_jdk/17.0.20-1/x64
2026-10-10T00:10:06.6621469Z   JAVA_HOME_17_X64: /opt/hostedtoolcache/Java_Temurin-Hotspot_jdk/17.0.20-1/x64
2026-10-10T00:10:06.6621866Z   MAVEN_ARGS: -ntp
2026-10-10T00:10:06.6622064Z ##[endgroup]
2026-10-10T00:10:07.1878997Z - Creating native directory (./android)
2026-10-10T00:10:07.4660896Z ✔ Created native directory
2026-10-10T00:10:07.4664037Z - Updating package.json
2026-10-10T00:10:07.4715091Z ✔ Updated package.json
2026-10-10T00:10:07.4716438Z - Running prebuild
2026-10-10T00:10:09.0249195Z » android: userInterfaceStyle: Install expo-system-ui in your project to enable this feature.
2026-10-10T00:10:09.0250697Z - Running prebuild
2026-10-10T00:10:09.0301798Z ✔ Finished prebuild
2026-10-10T00:10:09.0606139Z ##[group]Run "$ANDROID_HOME/cmdline-tools/latest/bin/sdkmanager" "platforms;android-36" "build-tools;36.0.0" "ndk;27.1.12297006" "cmake;3.30.5" "cmake;3.31.5"
2026-10-10T00:10:09.0607226Z [36;1m"$ANDROID_HOME/cmdline-tools/latest/bin/sdkmanager" "platforms;android-36" "build-tools;36.0.0" "ndk;27.1.12297006" "cmake;3.30.5" "cmake;3.31.5"[0m
2026-10-10T00:10:09.0670331Z shell: /usr/bin/bash -e {0}
2026-10-10T00:10:09.0670576Z env:
2026-10-10T00:10:09.0670755Z   CI: 1
2026-10-10T00:10:09.0670936Z   EXPO_NO_TELEMETRY: 1
2026-10-10T00:10:09.0671269Z   JAVA_HOME: /opt/hostedtoolcache/Java_Temurin-Hotspot_jdk/17.0.20-1/x64
2026-10-10T00:10:09.0671787Z   JAVA_HOME_17_X64: /opt/hostedtoolcache/Java_Temurin-Hotspot_jdk/17.0.20-1/x64
2026-10-10T00:10:09.0672168Z   MAVEN_ARGS: -ntp
2026-10-10T00:10:09.0672364Z ##[endgroup]
2026-10-10T00:10:13.5626488Z Loading package information...                                                  
2026-10-10T00:10:13.6386273Z Loading local repository...                                                     
2026-10-10T00:10:13.6389347Z [                                       ] 3% Loading local repository...        
2026-10-10T00:10:14.8401595Z [                                       ] 3% Fetch remote repository...         
2026-10-10T00:10:15.3156097Z [=                                      ] 3% Fetch remote repository...         
2026-10-10T00:10:15.4059836Z [=                                      ] 4% Fetch remote repository...         
2026-10-10T00:10:15.4345302Z [=                                      ] 5% Fetch remote repository...         
2026-10-10T00:10:15.4737989Z [==                                     ] 5% Fetch remote repository...         
2026-10-10T00:10:15.5296361Z [==                                     ] 6% Fetch remote repository...         
2026-10-10T00:10:15.7394298Z [==                                     ] 7% Fetch remote repository...         
2026-10-10T00:10:15.7419338Z [==                                     ] 7% Computing updates...               
2026-10-10T00:10:15.7559821Z [===                                    ] 8% Computing updates...               
2026-10-10T00:10:15.7831553Z [===                                    ] 10% Computing updates...              
2026-10-10T00:10:15.9410032Z [===                                    ] 10% Installing CMake 3.30.5           
2026-10-10T00:10:16.0055314Z [===                                    ] 10% Downloading cmake-3.30.5-linux.zip
2026-10-10T00:10:16.2433343Z [====                                   ] 10% Downloading cmake-3.30.5-linux.zip
2026-10-10T00:10:16.7687435Z [====                                   ] 11% Downloading cmake-3.30.5-linux.zip
2026-10-10T00:10:17.0621095Z [====                                   ] 12% Downloading cmake-3.30.5-linux.zip
2026-10-10T00:10:17.1442212Z [=====                                  ] 13% Downloading cmake-3.30.5-linux.zip
2026-10-10T00:10:17.1876787Z [=====                                  ] 14% Downloading cmake-3.30.5-linux.zip
2026-10-10T00:10:17.2085094Z [=====                                  ] 15% Downloading cmake-3.30.5-linux.zip
2026-10-10T00:10:17.2224840Z [======                                 ] 15% Downloading cmake-3.30.5-linux.zip
2026-10-10T00:10:17.2496131Z [======                                 ] 16% Downloading cmake-3.30.5-linux.zip
2026-10-10T00:10:17.2714658Z [======                                 ] 17% Downloading cmake-3.30.5-linux.zip
2026-10-10T00:10:17.2895194Z [=======                                ] 18% Downloading cmake-3.30.5-linux.zip
2026-10-10T00:10:17.3055996Z [=======                                ] 19% Downloading cmake-3.30.5-linux.zip
2026-10-10T00:10:17.3139472Z [=======                                ] 20% Downloading cmake-3.30.5-linux.zip
2026-10-10T00:10:17.3193483Z [========                               ] 20% Downloading cmake-3.30.5-linux.zip
2026-10-10T00:10:17.3283006Z [========                               ] 21% Downloading cmake-3.30.5-linux.zip
2026-10-10T00:10:17.5869228Z [========                               ] 21% Unzipping...                      
2026-10-10T00:10:17.6037690Z [========                               ] 21% Unzipping... bin/cpack            
2026-10-10T00:10:17.6514691Z [========                               ] 22% Unzipping... bin/cpack            
2026-10-10T00:10:17.6966785Z [=========                              ] 23% Unzipping... bin/cpack            
2026-10-10T00:10:17.7359481Z [=========                              ] 24% Unzipping... bin/cpack            
2026-10-10T00:10:17.7400336Z [=========                              ] 25% Unzipping... bin/cpack            
2026-10-10T00:10:17.7622817Z [=========                              ] 25% Unzipping... bin/ctest            
2026-10-10T00:10:17.7817854Z [==========                             ] 25% Unzipping... bin/ctest            
2026-10-10T00:10:17.8199413Z [==========                             ] 26% Unzipping... bin/ctest            
2026-10-10T00:10:17.8496417Z [==========                             ] 27% Unzipping... bin/ctest            
2026-10-10T00:10:17.8644702Z [===========                            ] 28% Unzipping... bin/ctest            
2026-10-10T00:10:17.8841143Z [===========                            ] 28% Unzipping... bin/cmake            
2026-10-10T00:10:17.9210140Z [===========                            ] 29% Unzipping... bin/cmake            
2026-10-10T00:10:17.9379176Z [===========                            ] 30% Unzipping... bin/cmake            
2026-10-10T00:10:17.9533560Z [============                           ] 30% Unzipping... bin/cmake            
2026-10-10T00:10:17.9741478Z [============                           ] 31% Unzipping... bin/cmake            
2026-10-10T00:10:17.9754708Z [============                           ] 31% Unzipping... share/vim/vimfiles/sy
2026-10-10T00:10:17.9759194Z [============                           ] 31% Unzipping... share/vim/vimfiles/in
2026-10-10T00:10:17.9761791Z [============                           ] 31% Unzipping... share/aclocal/cmake.m
2026-10-10T00:10:17.9771681Z [============                           ] 31% Unzipping... share/bash-completion
2026-10-10T00:10:17.9963973Z [============                           ] 31% Unzipping... share/cmake-3.30/Temp
2026-10-10T00:10:17.9968770Z [============                           ] 31% Unzipping... share/cmake-3.30/incl
2026-10-10T00:10:18.0824571Z [============                           ] 31% Unzipping... share/cmake-3.30/Modu
2026-10-10T00:10:18.2580631Z [============                           ] 32% Unzipping... share/cmake-3.30/Modu
2026-10-10T00:10:18.6169994Z [============                           ] 32% Unzipping... share/cmake-3.30/Help
2026-10-10T00:10:18.6174291Z [============                           ] 32% Unzipping... share/emacs/site-lisp
2026-10-10T00:10:18.6178654Z [============                           ] 32% Unzipping... doc/cmake-3.30/Copyri
2026-10-10T00:10:18.6189258Z [============                           ] 32% Unzipping... doc/cmake-3.30/cmzlib
2026-10-10T00:10:18.6190606Z [============                           ] 32% Unzipping... doc/cmake-3.30/cmcppd
2026-10-10T00:10:18.6191359Z [============                           ] 32% Unzipping... doc/cmake-3.30/cmlibr
2026-10-10T00:10:18.6191979Z [============                           ] 32% Unzipping... doc/cmake-3.30/cmcurl
2026-10-10T00:10:18.6192909Z [============                           ] 32% Unzipping... doc/cmake-3.30/cmlibu
2026-10-10T00:10:18.6193596Z [============                           ] 32% Unzipping... doc/cmake-3.30/cmsys/
2026-10-10T00:10:18.6195684Z [============                           ] 32% Unzipping... doc/cmake-3.30/cmzstd
2026-10-10T00:10:18.6198290Z [============                           ] 32% Unzipping... doc/cmake-3.30/cmliba
2026-10-10T00:10:18.6200807Z [============                           ] 32% Unzipping... doc/cmake-3.30/cmnght
2026-10-10T00:10:18.6203225Z [============                           ] 32% Unzipping... doc/cmake-3.30/cmlibl
2026-10-10T00:10:18.6206496Z [============                           ] 32% Unzipping... doc/openssl-openssl-3
2026-10-10T00:10:18.6208311Z [============                           ] 32% Unzipping... source.properties    
2026-10-10T00:10:18.6231122Z [============                           ] 32% Unzipping... bin/ninja            
2026-10-10T00:10:18.6233997Z [============                           ] 32% Unzipping... doc/ninja/LICENSE    
2026-10-10T00:10:18.6238071Z [============                           ] 32% Unzipping... share/cmake-3.30/Modu
2026-10-10T00:10:18.6305045Z [=============                          ] 33% Unzipping... share/cmake-3.30/Modu
2026-10-10T00:10:18.9546114Z [=====================                  ] 55% Unzipping... share/cmake-3.30/Modu
2026-10-10T00:10:18.9873230Z [=====================                  ] 55% Installing NDK (Side by side) 27.1
2026-10-10T00:10:19.0344003Z [=====================                  ] 55% Downloading android-ndk-r27b-linux
2026-10-10T00:10:19.1436610Z [======================                 ] 55% Downloading android-ndk-r27b-linux
2026-10-10T00:10:19.3010067Z [======================                 ] 56% Downloading android-ndk-r27b-linux
2026-10-10T00:10:19.4257743Z [======================                 ] 57% Downloading android-ndk-r27b-linux
2026-10-10T00:10:19.5639192Z [=======================                ] 58% Downloading android-ndk-r27b-linux
2026-10-10T00:10:19.6943159Z [=======================                ] 59% Downloading android-ndk-r27b-linux
2026-10-10T00:10:19.7637645Z [=======================                ] 60% Downloading android-ndk-r27b-linux
2026-10-10T00:10:19.8192835Z [========================               ] 60% Downloading android-ndk-r27b-linux
2026-10-10T00:10:19.9560861Z [========================               ] 61% Downloading android-ndk-r27b-linux
2026-10-10T00:10:20.0794727Z [========================               ] 62% Downloading android-ndk-r27b-linux
2026-10-10T00:10:20.2029176Z [=========================              ] 63% Downloading android-ndk-r27b-linux
2026-10-10T00:10:20.3259610Z [=========================              ] 64% Downloading android-ndk-r27b-linux
2026-10-10T00:10:20.3809955Z [=========================              ] 65% Downloading android-ndk-r27b-linux
2026-10-10T00:10:20.4491570Z [==========================             ] 65% Downloading android-ndk-r27b-linux
2026-10-10T00:10:20.5319950Z [==========================             ] 66% Downloading android-ndk-r27b-linux
2026-10-10T00:10:20.7979887Z [==========================             ] 66% Unzipping... share/cmake-3.30/Modu
2026-10-10T00:10:20.7981068Z [==========================             ] 66% Unzipping... android-ndk-r27b/    
2026-10-10T00:10:20.7983674Z [==========================             ] 66% Unzipping... android-ndk-r27b/READ
2026-10-10T00:10:20.7990609Z [==========================             ] 66% Unzipping... android-ndk-r27b/meta
2026-10-10T00:10:20.9345544Z [==========================             ] 66% Unzipping... android-ndk-r27b/shad
2026-10-10T00:10:20.9347059Z [==========================             ] 66% Unzipping... android-ndk-r27b/ndk-
2026-10-10T00:10:20.9353363Z [==========================             ] 66% Unzipping... android-ndk-r27b/wrap
2026-10-10T00:10:20.9355390Z [==========================             ] 66% Unzipping... android-ndk-r27b/ndk-
2026-10-10T00:10:21.0488052Z [==========================             ] 66% Unzipping... android-ndk-r27b/tool
2026-10-10T00:10:21.9370822Z [==========================             ] 67% Unzipping... android-ndk-r27b/tool
2026-10-10T00:10:22.6402649Z [===========================            ] 68% Unzipping... android-ndk-r27b/tool
2026-10-10T00:10:23.4809236Z [===========================            ] 69% Unzipping... android-ndk-r27b/tool
2026-10-10T00:10:23.8720266Z [===========================            ] 70% Unzipping... android-ndk-r27b/tool
2026-10-10T00:10:24.3029456Z [============================           ] 70% Unzipping... android-ndk-r27b/tool
2026-10-10T00:10:25.4181305Z [============================           ] 71% Unzipping... android-ndk-r27b/tool
2026-10-10T00:10:27.6973248Z [============================           ] 72% Unzipping... android-ndk-r27b/tool
2026-10-10T00:10:28.4573236Z [=============================          ] 73% Unzipping... android-ndk-r27b/tool
2026-10-10T00:10:29.1757487Z [=============================          ] 74% Unzipping... android-ndk-r27b/tool
2026-10-10T00:10:29.5489506Z [=============================          ] 75% Unzipping... android-ndk-r27b/tool
2026-10-10T00:10:29.9454298Z [==============================         ] 75% Unzipping... android-ndk-r27b/tool
2026-10-10T00:10:30.6888708Z [==============================         ] 76% Unzipping... android-ndk-r27b/tool
2026-10-10T00:10:31.1067392Z [==============================         ] 77% Unzipping... android-ndk-r27b/tool
2026-10-10T00:10:31.1194544Z [==============================         ] 77% Unzipping... android-ndk-r27b/buil
2026-10-10T00:10:31.3682797Z [==============================         ] 77% Unzipping... android-ndk-r27b/sour
2026-10-10T00:10:31.3703612Z [==============================         ] 77% Unzipping... android-ndk-r27b/NOTI
2026-10-10T00:10:31.3705160Z [==============================         ] 77% Unzipping... android-ndk-r27b/ndk-
2026-10-10T00:10:31.3718173Z [==============================         ] 77% Unzipping... android-ndk-r27b/NOTI
2026-10-10T00:10:31.3756605Z [==============================         ] 77% Unzipping... android-ndk-r27b/pyth
2026-10-10T00:10:31.4168830Z [==============================         ] 77% Unzipping... android-ndk-r27b/preb
2026-10-10T00:10:31.4172850Z [==============================         ] 77% Unzipping... android-ndk-r27b/ndk-
2026-10-10T00:10:31.4174378Z [==============================         ] 77% Unzipping... android-ndk-r27b/sour
2026-10-10T00:10:31.6077286Z [==============================         ] 77% Unzipping... android-ndk-r27b/simp
2026-10-10T00:10:31.6079179Z [==============================         ] 77% Unzipping... android-ndk-r27b/CHAN
2026-10-10T00:10:31.7255120Z [==============================         ] 78% Unzipping... android-ndk-r27b/CHAN
2026-10-10T00:10:31.7256265Z [=======================================] 100% Unzipping... android-ndk-r27b/CHA
2026-10-10T00:10:31.7325284Z 
2026-10-10T00:10:31.7684584Z ##[group]Run ./gradlew :app:assembleRelease :app:lintRelease :app:testReleaseUnitTest --no-daemon -PreactNativeArchitectures=arm64-v8a -Porg.gradle.jvmargs="-Xmx5g -XX:MaxMetaspaceSize=1g"
2026-10-10T00:10:31.7685924Z [36;1m./gradlew :app:assembleRelease :app:lintRelease :app:testReleaseUnitTest --no-daemon -PreactNativeArchitectures=arm64-v8a -Porg.gradle.jvmargs="-Xmx5g -XX:MaxMetaspaceSize=1g"[0m
2026-10-10T00:10:31.7748851Z shell: /usr/bin/bash -e {0}
2026-10-10T00:10:31.7749114Z env:
2026-10-10T00:10:31.7749290Z   CI: 1
2026-10-10T00:10:31.7749469Z   EXPO_NO_TELEMETRY: 1
2026-10-10T00:10:31.7749805Z   JAVA_HOME: /opt/hostedtoolcache/Java_Temurin-Hotspot_jdk/17.0.20-1/x64
2026-10-10T00:10:31.7750294Z   JAVA_HOME_17_X64: /opt/hostedtoolcache/Java_Temurin-Hotspot_jdk/17.0.20-1/x64
2026-10-10T00:10:31.7750703Z   MAVEN_ARGS: -ntp
2026-10-10T00:10:31.7750906Z ##[endgroup]
2026-10-10T00:10:31.8790577Z Downloading https://services.gradle.org/distributions/gradle-9.3.1-bin.zip
2026-10-10T00:10:33.6466845Z .............10%.............20%.............30%.............40%.............50%.............60%.............70%.............80%.............90%.............100%
2026-10-10T00:10:34.9473620Z 
2026-10-10T00:10:34.9475088Z Welcome to Gradle 9.3.1!
2026-10-10T00:10:34.9475565Z 
2026-10-10T00:10:34.9478567Z Here are the highlights of this release:
2026-10-10T00:10:34.9488455Z  - Test reporting improvements
2026-10-10T00:10:34.9489081Z  - Error and warning improvements
2026-10-10T00:10:34.9490115Z  - Build authoring improvements
2026-10-10T00:10:34.9490537Z 
2026-10-10T00:10:34.9491238Z For more details see https://docs.gradle.org/9.3.1/release-notes.html
2026-10-10T00:10:34.9493190Z 
2026-10-10T00:10:35.0473198Z To honour the JVM settings for this build a single-use Daemon process will be forked. For more on this, please refer to https://docs.gradle.org/9.3.1/userguide/gradle_daemon.html#sec:disabling_the_daemon in the Gradle documentation.
2026-10-10T00:10:36.3469787Z Daemon will be stopped at the end of the build 
2026-10-10T00:11:27.3518047Z > Task :gradle-plugin:shared:checkKotlinGradlePluginConfigurationErrors SKIPPED
2026-10-10T00:11:27.3566244Z > Task :gradle-plugin:settings-plugin:checkKotlinGradlePluginConfigurationErrors SKIPPED
2026-10-10T00:11:27.3567947Z > Task :expo-gradle-plugin:expo-autolinking-settings-plugin:checkKotlinGradlePluginConfigurationErrors SKIPPED
2026-10-10T00:11:27.3569931Z > Task :expo-gradle-plugin:expo-autolinking-plugin-shared:checkKotlinGradlePluginConfigurationErrors SKIPPED
2026-10-10T00:11:27.4481152Z > Task :expo-gradle-plugin:expo-autolinking-settings-plugin:pluginDescriptors
2026-10-10T00:11:27.4494540Z > Task :gradle-plugin:settings-plugin:pluginDescriptors
2026-10-10T00:11:27.5464756Z > Task :expo-gradle-plugin:expo-autolinking-settings-plugin:processResources
2026-10-10T00:11:27.5466843Z > Task :gradle-plugin:settings-plugin:processResources
2026-10-10T00:11:33.2469889Z > Task :gradle-plugin:shared:processResources NO-SOURCE
2026-10-10T00:11:33.2479103Z > Task :expo-gradle-plugin:expo-autolinking-plugin-shared:processResources NO-SOURCE
2026-10-10T00:11:40.4492808Z > Task :gradle-plugin:shared:compileKotlin
2026-10-10T00:11:40.4519045Z > Task :gradle-plugin:shared:compileJava NO-SOURCE
2026-10-10T00:11:40.4589828Z > Task :gradle-plugin:shared:classes UP-TO-DATE
2026-10-10T00:11:40.5485121Z > Task :gradle-plugin:shared:jar
2026-10-10T00:11:40.6464456Z > Task :expo-gradle-plugin:expo-autolinking-plugin-shared:compileKotlin
2026-10-10T00:11:40.6468645Z > Task :expo-gradle-plugin:expo-autolinking-plugin-shared:compileJava NO-SOURCE
2026-10-10T00:11:40.6469489Z > Task :expo-gradle-plugin:expo-autolinking-plugin-shared:classes UP-TO-DATE
2026-10-10T00:11:40.6470201Z > Task :expo-gradle-plugin:expo-autolinking-plugin-shared:jar
2026-10-10T00:11:51.0485654Z > Task :gradle-plugin:settings-plugin:compileKotlin
2026-10-10T00:11:51.0519295Z > Task :gradle-plugin:settings-plugin:compileJava NO-SOURCE
2026-10-10T00:11:51.0569654Z > Task :gradle-plugin:settings-plugin:classes
2026-10-10T00:11:51.1489466Z > Task :gradle-plugin:settings-plugin:jar
2026-10-10T00:11:52.4467207Z > Task :expo-gradle-plugin:expo-autolinking-settings-plugin:compileKotlin
2026-10-10T00:11:52.4500046Z > Task :expo-gradle-plugin:expo-autolinking-settings-plugin:compileJava NO-SOURCE
2026-10-10T00:11:52.4529114Z > Task :expo-gradle-plugin:expo-autolinking-settings-plugin:classes
2026-10-10T00:11:52.5472447Z > Task :expo-gradle-plugin:expo-autolinking-settings-plugin:jar
2026-10-10T00:12:04.5495710Z > Task :expo-gradle-plugin:expo-autolinking-plugin:checkKotlinGradlePluginConfigurationErrors SKIPPED
2026-10-10T00:12:04.5530093Z > Task :gradle-plugin:react-native-gradle-plugin:checkKotlinGradlePluginConfigurationErrors SKIPPED
2026-10-10T00:12:04.6466419Z > Task :expo-gradle-plugin:expo-max-sdk-override-plugin:checkKotlinGradlePluginConfigurationErrors SKIPPED
2026-10-10T00:12:04.6477174Z > Task :expo-module-gradle-plugin:checkKotlinGradlePluginConfigurationErrors SKIPPED
2026-10-10T00:12:04.6479258Z > Task :expo-module-gradle-plugin:pluginDescriptors
2026-10-10T00:12:04.6480259Z > Task :expo-module-gradle-plugin:processResources
2026-10-10T00:12:04.6482000Z > Task :expo-dev-launcher-gradle-plugin:checkKotlinGradlePluginConfigurationErrors SKIPPED
2026-10-10T00:12:04.6484325Z > Task :expo-dev-launcher-gradle-plugin:pluginDescriptors
2026-10-10T00:12:04.6485582Z > Task :expo-dev-launcher-gradle-plugin:processResources
2026-10-10T00:12:05.1483473Z > Task :expo-gradle-plugin:expo-autolinking-plugin:pluginDescriptors
2026-10-10T00:12:05.1549319Z > Task :expo-gradle-plugin:expo-autolinking-plugin:processResources
2026-10-10T00:12:05.1609267Z > Task :expo-gradle-plugin:expo-max-sdk-override-plugin:pluginDescriptors
2026-10-10T00:12:05.1650411Z > Task :expo-gradle-plugin:expo-max-sdk-override-plugin:processResources
2026-10-10T00:12:09.4509598Z > Task :expo-gradle-plugin:expo-autolinking-plugin:compileKotlin
2026-10-10T00:12:09.4583468Z > Task :expo-gradle-plugin:expo-autolinking-plugin:compileJava NO-SOURCE
2026-10-10T00:12:09.4639169Z > Task :expo-gradle-plugin:expo-autolinking-plugin:classes
2026-10-10T00:12:09.5469450Z > Task :expo-gradle-plugin:expo-autolinking-plugin:jar
2026-10-10T00:12:09.6469561Z > Task :gradle-plugin:react-native-gradle-plugin:pluginDescriptors
2026-10-10T00:12:09.6502788Z > Task :expo-gradle-plugin:expo-max-sdk-override-plugin:compileKotlin
2026-10-10T00:12:09.6529215Z > Task :expo-gradle-plugin:expo-max-sdk-override-plugin:compileJava NO-SOURCE
2026-10-10T00:12:09.6559128Z > Task :expo-gradle-plugin:expo-max-sdk-override-plugin:classes
2026-10-10T00:12:09.6589108Z > Task :gradle-plugin:react-native-gradle-plugin:processResources
2026-10-10T00:12:09.7469361Z > Task :expo-gradle-plugin:expo-max-sdk-override-plugin:jar
2026-10-10T00:12:14.7465104Z > Task :gradle-plugin:react-native-gradle-plugin:compileKotlin
2026-10-10T00:12:14.7519610Z > Task :gradle-plugin:react-native-gradle-plugin:compileJava NO-SOURCE
2026-10-10T00:12:14.7560037Z > Task :gradle-plugin:react-native-gradle-plugin:classes
2026-10-10T00:12:14.8465199Z > Task :gradle-plugin:react-native-gradle-plugin:jar
2026-10-10T00:12:15.8489633Z > Task :expo-dev-launcher-gradle-plugin:compileKotlin
2026-10-10T00:12:15.9479537Z > Task :expo-dev-launcher-gradle-plugin:compileJava NO-SOURCE
2026-10-10T00:12:15.9509159Z > Task :expo-dev-launcher-gradle-plugin:classes
2026-10-10T00:12:15.9539049Z > Task :expo-dev-launcher-gradle-plugin:jar
2026-10-10T00:12:16.6488939Z 
2026-10-10T00:12:16.6516497Z > Task :expo-module-gradle-plugin:compileKotlin
2026-10-10T00:12:16.6571205Z w: file:///home/runner/work/movefield/movefield/mobile/node_modules/expo-modules-core/expo-module-gradle-plugin/src/main/kotlin/expo/modules/plugin/android/AndroidLibraryExtension.kt:9:24 'var targetSdk: Int?' is deprecated. Will be removed from library DSL in v9.0. Use testOptions.targetSdk or/and lint.targetSdk instead.
2026-10-10T00:12:16.6573483Z 
2026-10-10T00:12:16.6573896Z > Task :expo-module-gradle-plugin:compileJava NO-SOURCE
2026-10-10T00:12:16.6575067Z > Task :expo-module-gradle-plugin:classes
2026-10-10T00:12:16.7469341Z > Task :expo-module-gradle-plugin:jar
2026-10-10T00:12:25.0464203Z 
2026-10-10T00:12:25.0489508Z > Configure project :
2026-10-10T00:12:25.0490833Z [32m[ExpoRootProject][0m Using the following versions:
2026-10-10T00:12:25.0497447Z   - buildTools:  [32m36.0.0[0m
2026-10-10T00:12:25.0503445Z   - minSdk:      [32m24[0m
2026-10-10T00:12:25.0528962Z   - compileSdk:  [32m36[0m
2026-10-10T00:12:25.0529600Z   - targetSdk:   [32m36[0m
2026-10-10T00:12:25.0530265Z   - ndk:         [32m27.1.12297006[0m
2026-10-10T00:12:25.0530906Z   - kotlin:      [32m2.1.20[0m
2026-10-10T00:12:25.0531513Z   - ksp:         [32m2.1.20-2.0.1[0m
2026-10-10T00:12:28.5464573Z 
2026-10-10T00:12:28.5465476Z > Configure project :app
2026-10-10T00:12:28.5480838Z  ℹ️  [33mApplying gradle plugin[0m '[32mexpo-max-sdk-override-plugin[0m'
2026-10-10T00:12:28.5489876Z   [expo-max-sdk-override-plugin] This plugin will find all permissions declared with `android:maxSdkVersion`. If there exists a declaration with the `android:maxSdkVersion` annotation and another one without, the plugin will remove the annotation from the final merged manifest. In order to see a log with the changes run a clean build of the app.
2026-10-10T00:12:28.5519807Z  ℹ️  [33mApplying gradle plugin[0m '[32mexpo-dev-launcher-gradle-plugin[0m'
2026-10-10T00:12:30.5468905Z 
2026-10-10T00:12:30.5479338Z > Configure project :expo
2026-10-10T00:12:30.5479933Z 
2026-10-10T00:12:30.5480813Z Using expo modules
2026-10-10T00:12:30.5481829Z   - [32mexpo-log-box[0m (57.0.4)
2026-10-10T00:12:30.5482613Z   - [32mexpo-constants[0m (57.0.21)
2026-10-10T00:12:30.5483353Z   - [32mexpo-dev-client[0m (57.0.19)
2026-10-10T00:12:31.1466005Z   - [32mexpo-dev-launcher[0m (57.0.20)
2026-10-10T00:12:31.6468111Z   - [32mexpo-dev-menu[0m (57.0.19)
2026-10-10T00:12:31.7465539Z   - [32mexpo-dev-menu-interface[0m (57.0.0)
2026-10-10T00:12:31.9480991Z   - [32mexpo-json-utils[0m (57.0.2)
2026-10-10T00:12:32.1465936Z   - [32mexpo-manifests[0m (57.0.2)
2026-10-10T00:12:33.0464838Z   - [32mexpo-modules-core[0m (57.0.21)
2026-10-10T00:12:47.2469626Z 
2026-10-10T00:12:47.2489619Z > Configure project :expo-sqlite
2026-10-10T00:12:47.2510073Z Checking the license for package NDK (Side by side) 27.0.12077973 in /usr/local/lib/android/sdk/licenses
2026-10-10T00:12:47.2529696Z License for package NDK (Side by side) 27.0.12077973 accepted.
2026-10-10T00:12:47.2530900Z Preparing "Install NDK (Side by side) 27.0.12077973 v.27.0.12077973".
2026-10-10T00:12:47.2532189Z "Install NDK (Side by side) 27.0.12077973 v.27.0.12077973" ready.
2026-10-10T00:12:47.2533501Z Installing NDK (Side by side) 27.0.12077973 in /usr/local/lib/android/sdk/ndk/27.0.12077973
2026-10-10T00:12:47.2534765Z "Install NDK (Side by side) 27.0.12077973 v.27.0.12077973" complete.
2026-10-10T00:12:47.2535829Z "Install NDK (Side by side) 27.0.12077973 v.27.0.12077973" finished.
2026-10-10T00:12:47.2536491Z 
2026-10-10T00:12:47.2536923Z > Configure project :expo
2026-10-10T00:12:47.2537985Z   - [32mexpo-sqlite[0m (57.0.4)
2026-10-10T00:12:47.3464520Z   - [32mexpo-updates-interface[0m (57.0.2)
2026-10-10T00:12:47.3479467Z   - [33m[📦][0m [32mexpo-dom-webview[0m (57.0.1)
2026-10-10T00:12:47.3504421Z   - [33m[📦][0m [32mexpo-application[0m (57.0.3)
2026-10-10T00:12:47.3509753Z   - [33m[📦][0m [32mexpo-asset[0m (57.0.19)
2026-10-10T00:12:47.3510808Z   - [33m[📦][0m [32mexpo-crypto[0m (57.0.3)
2026-10-10T00:12:47.3511846Z   - [33m[📦][0m [32mexpo-document-picker[0m (57.0.3)
2026-10-10T00:12:47.3512955Z   - [33m[📦][0m [32mexpo-file-system[0m (57.0.7)
2026-10-10T00:12:47.3513922Z   - [33m[📦][0m [32mexpo-font[0m (57.0.4)
2026-10-10T00:12:47.3514870Z   - [33m[📦][0m [32mexpo-keep-awake[0m (57.0.2)
2026-10-10T00:12:47.3515864Z   - [33m[📦][0m [32mexpo-linear-gradient[0m (57.0.2)
2026-10-10T00:12:47.3516851Z   - [33m[📦][0m [32mexpo-notifications[0m (57.0.22)
2026-10-10T00:12:47.3518711Z   - [33m[📦][0m [32mexpo-secure-store[0m (57.0.4)
2026-10-10T00:12:47.3519932Z   - [33m[📦][0m [32mexpo-sharing[0m (57.0.22)
2026-10-10T00:12:47.3520867Z   - [33m[📦][0m [32mexpo-status-bar[0m (57.0.1)
2026-10-10T00:12:47.3521421Z 
2026-10-10T00:13:42.0478846Z 
2026-10-10T00:13:42.0589642Z > Task :expo-dev-client:preBuild UP-TO-DATE
2026-10-10T00:13:42.0618976Z > Task :expo-dev-launcher:preBuild UP-TO-DATE
2026-10-10T00:13:42.0679319Z > Task :expo-dev-menu:preBuild UP-TO-DATE
2026-10-10T00:13:42.0719263Z > Task :expo-dev-menu-interface:preBuild UP-TO-DATE
2026-10-10T00:13:42.0778930Z > Task :expo-json-utils:preBuild UP-TO-DATE
2026-10-10T00:13:42.0808895Z > Task :expo-log-box:preBuild UP-TO-DATE
2026-10-10T00:13:42.0838957Z > Task :expo-manifests:preBuild UP-TO-DATE
2026-10-10T00:13:42.0868849Z > Task :expo:generatePackagesList
2026-10-10T00:13:42.0881866Z > Task :expo:preBuild
2026-10-10T00:13:42.0908938Z > Task :expo-sqlite:preBuild UP-TO-DATE
2026-10-10T00:13:42.0988993Z > Task :expo-updates-interface:preBuild UP-TO-DATE
2026-10-10T00:13:42.1006627Z > Task :expo-modules-core:preBuild UP-TO-DATE
2026-10-10T00:13:42.1015517Z > Task :app:generateAutolinkingNewArchitectureFiles
2026-10-10T00:13:42.1038999Z > Task :app:generateAutolinkingPackageList
2026-10-10T00:13:42.1060872Z > Task :app:generateCodegenSchemaFromJavaScript SKIPPED
2026-10-10T00:13:42.1149058Z > Task :app:generateCodegenArtifactsFromSchema SKIPPED
2026-10-10T00:13:42.1176642Z > Task :app:generateReactNativeEntryPoint
2026-10-10T00:13:42.1208906Z > Task :expo:preReleaseBuild
2026-10-10T00:13:42.1479350Z > Task :expo:mergeReleaseJniLibFolders
2026-10-10T00:13:42.1480135Z > Task :expo:mergeReleaseNativeLibs NO-SOURCE
2026-10-10T00:13:42.1508826Z > Task :expo:copyReleaseJniLibsProjectOnly
2026-10-10T00:13:42.2499532Z > Task :expo-dev-client:preReleaseBuild UP-TO-DATE
2026-10-10T00:13:42.2528916Z > Task :expo-dev-client:mergeReleaseJniLibFolders
2026-10-10T00:13:42.2559002Z > Task :expo-dev-client:mergeReleaseNativeLibs NO-SOURCE
2026-10-10T00:13:42.2619068Z > Task :expo-dev-client:copyReleaseJniLibsProjectOnly
2026-10-10T00:13:42.2648937Z > Task :expo-dev-launcher:preReleaseBuild UP-TO-DATE
2026-10-10T00:13:42.2678999Z > Task :expo-dev-launcher:mergeReleaseJniLibFolders
2026-10-10T00:13:42.2706010Z > Task :expo-dev-launcher:mergeReleaseNativeLibs NO-SOURCE
2026-10-10T00:13:42.2739089Z > Task :expo-dev-launcher:copyReleaseJniLibsProjectOnly
2026-10-10T00:13:42.2739935Z > Task :expo-dev-menu:preReleaseBuild UP-TO-DATE
2026-10-10T00:13:42.2740701Z > Task :expo-dev-menu:mergeReleaseJniLibFolders
2026-10-10T00:13:42.2741546Z > Task :expo-dev-menu:mergeReleaseNativeLibs NO-SOURCE
2026-10-10T00:13:42.2742363Z > Task :expo-dev-menu:copyReleaseJniLibsProjectOnly
2026-10-10T00:13:42.2743230Z > Task :expo-dev-menu-interface:preReleaseBuild UP-TO-DATE
2026-10-10T00:13:42.2744140Z > Task :expo-dev-menu-interface:mergeReleaseJniLibFolders
2026-10-10T00:13:42.2745050Z > Task :expo-dev-menu-interface:mergeReleaseNativeLibs NO-SOURCE
2026-10-10T00:13:42.2745988Z > Task :expo-dev-menu-interface:copyReleaseJniLibsProjectOnly
2026-10-10T00:13:42.2746814Z > Task :expo-json-utils:preReleaseBuild UP-TO-DATE
2026-10-10T00:13:42.2747552Z > Task :expo-json-utils:mergeReleaseJniLibFolders
2026-10-10T00:13:42.2748653Z > Task :expo-json-utils:mergeReleaseNativeLibs NO-SOURCE
2026-10-10T00:13:42.2749521Z > Task :expo-json-utils:copyReleaseJniLibsProjectOnly
2026-10-10T00:13:42.2750285Z > Task :expo-log-box:preReleaseBuild UP-TO-DATE
2026-10-10T00:13:42.2751005Z > Task :expo-log-box:mergeReleaseJniLibFolders
2026-10-10T00:13:42.2751769Z > Task :expo-log-box:mergeReleaseNativeLibs NO-SOURCE
2026-10-10T00:13:42.2752539Z > Task :expo-log-box:copyReleaseJniLibsProjectOnly
2026-10-10T00:13:42.2753311Z > Task :expo-manifests:preReleaseBuild UP-TO-DATE
2026-10-10T00:13:42.3474612Z > Task :expo-manifests:mergeReleaseJniLibFolders
2026-10-10T00:13:42.3586708Z > Task :expo-manifests:mergeReleaseNativeLibs NO-SOURCE
2026-10-10T00:13:42.3620917Z > Task :expo-manifests:copyReleaseJniLibsProjectOnly
2026-10-10T00:13:42.3644679Z > Task :expo-modules-core:preReleaseBuild UP-TO-DATE
2026-10-10T00:13:42.3719683Z > Task :react-native-async-storage_async-storage:generateCodegenSchemaFromJavaScript
2026-10-10T00:13:42.4480703Z The NODE_ENV environment variable is required but was not specified. Ensure the project is bundled with Expo CLI or NODE_ENV is set. Using only .env.local and .env
2026-10-10T00:13:42.4482382Z > Task :react-native-safe-area-context:generateCodegenSchemaFromJavaScript
2026-10-10T00:13:42.4538757Z 
2026-10-10T00:13:42.4569064Z > Task :expo-constants:createExpoConfig
2026-10-10T00:13:42.4569460Z 
2026-10-10T00:13:42.4569704Z > Task :expo-constants:preBuild
2026-10-10T00:13:42.4570283Z > Task :expo-constants:preReleaseBuild
2026-10-10T00:13:42.4570972Z > Task :expo-constants:mergeReleaseJniLibFolders
2026-10-10T00:13:42.4571772Z > Task :expo-constants:mergeReleaseNativeLibs NO-SOURCE
2026-10-10T00:13:42.4572551Z > Task :expo-constants:copyReleaseJniLibsProjectOnly
2026-10-10T00:13:42.4573341Z > Task :expo-sqlite:preReleaseBuild UP-TO-DATE
2026-10-10T00:13:42.7469863Z > Task :react-native-async-storage_async-storage:generateCodegenArtifactsFromSchema
2026-10-10T00:13:42.7471101Z > Task :react-native-async-storage_async-storage:preBuild
2026-10-10T00:13:42.7472021Z > Task :expo-updates-interface:preReleaseBuild UP-TO-DATE
2026-10-10T00:13:42.7472865Z > Task :expo-updates-interface:mergeReleaseJniLibFolders
2026-10-10T00:13:42.7473400Z > Task :expo-updates-interface:mergeReleaseNativeLibs NO-SOURCE
2026-10-10T00:13:42.7474313Z > Task :expo-updates-interface:copyReleaseJniLibsProjectOnly
2026-10-10T00:13:42.7474894Z > Task :react-native-async-storage_async-storage:preReleaseBuild
2026-10-10T00:13:42.7475528Z > Task :react-native-safe-area-context:generateCodegenArtifactsFromSchema
2026-10-10T00:13:42.7476075Z > Task :react-native-safe-area-context:preBuild
2026-10-10T00:13:42.7476457Z > Task :app:preBuild
2026-10-10T00:13:42.7476757Z > Task :app:preReleaseBuild
2026-10-10T00:13:42.7477240Z > Task :react-native-async-storage_async-storage:mergeReleaseJniLibFolders
2026-10-10T00:13:42.7477909Z > Task :react-native-async-storage_async-storage:mergeReleaseNativeLibs NO-SOURCE
2026-10-10T00:13:42.7478901Z > Task :react-native-async-storage_async-storage:copyReleaseJniLibsProjectOnly
2026-10-10T00:13:42.7479492Z > Task :react-native-safe-area-context:preReleaseBuild
2026-10-10T00:13:42.7480021Z > Task :react-native-safe-area-context:mergeReleaseJniLibFolders
2026-10-10T00:13:42.7480614Z > Task :react-native-safe-area-context:mergeReleaseNativeLibs NO-SOURCE
2026-10-10T00:13:42.7481229Z > Task :react-native-safe-area-context:copyReleaseJniLibsProjectOnly
2026-10-10T00:13:42.7481934Z > Task :react-native-safe-area-context:checkKotlinGradlePluginConfigurationErrors SKIPPED
2026-10-10T00:13:42.7482598Z > Task :react-native-safe-area-context:generateReleaseBuildConfig
2026-10-10T00:13:42.7483150Z > Task :react-native-safe-area-context:generateReleaseResValues
2026-10-10T00:13:42.7483685Z > Task :react-native-safe-area-context:generateReleaseResources
2026-10-10T00:13:42.7484607Z > Task :react-native-safe-area-context:packageReleaseResources
2026-10-10T00:13:43.7499614Z > Task :react-native-safe-area-context:parseReleaseLocalResources
2026-10-10T00:13:43.8465175Z > Task :react-native-safe-area-context:generateReleaseRFile
2026-10-10T00:13:44.3529365Z 
2026-10-10T00:13:44.3589864Z > Task :expo-modules-core:configureCMakeRelWithDebInfo[arm64-v8a]
2026-10-10T00:13:44.3629439Z Checking the license for package CMake 3.22.1 in /usr/local/lib/android/sdk/licenses
2026-10-10T00:13:44.3678905Z License for package CMake 3.22.1 accepted.
2026-10-10T00:13:44.3708909Z Preparing "Install CMake 3.22.1 v.3.22.1".
2026-10-10T00:13:44.3745363Z "Install CMake 3.22.1 v.3.22.1" ready.
2026-10-10T00:13:44.3799091Z Installing CMake 3.22.1 in /usr/local/lib/android/sdk/cmake/3.22.1
2026-10-10T00:13:44.3828887Z "Install CMake 3.22.1 v.3.22.1" complete.
2026-10-10T00:13:44.3888984Z "Install CMake 3.22.1 v.3.22.1" finished.
2026-10-10T00:13:52.0490684Z 
2026-10-10T00:13:52.0549625Z > Task :expo-sqlite:configureCMakeRelWithDebInfo[arm64-v8a]
2026-10-10T00:13:59.7488001Z 
2026-10-10T00:13:59.7510059Z > Task :react-native-safe-area-context:compileReleaseKotlin
2026-10-10T00:13:59.7551412Z w: file:///home/runner/work/movefield/movefield/mobile/node_modules/react-native-safe-area-context/android/src/main/java/com/th3rdwave/safeareacontext/SafeAreaProviderManager.kt:39:19 'fun getEventDispatcherForReactTag(context: ReactContext, reactTag: Int): EventDispatcher?' is deprecated. reactTag is no longer needed.
2026-10-10T00:13:59.7556426Z w: file:///home/runner/work/movefield/movefield/mobile/node_modules/react-native-safe-area-context/android/src/main/java/com/th3rdwave/safeareacontext/SafeAreaView.kt:9:8 'class UIManagerModule : ReactContextBaseJavaModule, LifecycleEventListener, UIManager' is deprecated. Deprecated in Java.
2026-10-10T00:13:59.7591221Z w: file:///home/runner/work/movefield/movefield/mobile/node_modules/react-native-safe-area-context/android/src/main/java/com/th3rdwave/safeareacontext/SafeAreaView.kt:50:54 'class UIManagerModule : ReactContextBaseJavaModule, LifecycleEventListener, UIManager' is deprecated. Deprecated in Java.
2026-10-10T00:13:59.7612063Z w: file:///home/runner/work/movefield/movefield/mobile/node_modules/react-native-safe-area-context/android/src/main/java/com/th3rdwave/safeareacontext/SafeAreaView.kt:59:23 'val uiImplementation: UIImplementation!' is deprecated. Deprecated in Java.
2026-10-10T00:13:59.7651151Z w: file:///home/runner/work/movefield/movefield/mobile/node_modules/react-native-safe-area-context/android/src/main/java/com/th3rdwave/safeareacontext/SafeAreaViewShadowNode.kt:9:32 'class LayoutShadowNode : ReactShadowNodeImpl' is deprecated. This class is part of Legacy Architecture and will be removed in a future release.
2026-10-10T00:13:59.7681597Z w: file:///home/runner/work/movefield/movefield/mobile/node_modules/react-native-safe-area-context/android/src/main/java/com/th3rdwave/safeareacontext/SafeAreaViewShadowNode.kt:110:61 'class NativeViewHierarchyOptimizer : Any' is deprecated. This class is part of Legacy Architecture and will be removed in a future release.
2026-10-10T00:13:59.8508779Z 
2026-10-10T00:13:59.8543167Z > Task :app:configureCMakeRelWithDebInfo[arm64-v8a]
2026-10-10T00:13:59.8593161Z > Task :react-native-safe-area-context:javaPreCompileRelease
2026-10-10T00:14:22.0466718Z > Task :expo-sqlite:buildCMakeRelWithDebInfo[arm64-v8a]
2026-10-10T00:14:29.8509784Z > Task :expo-modules-core:buildCMakeRelWithDebInfo[arm64-v8a]
2026-10-10T00:14:29.8525229Z > Task :app:buildCMakeRelWithDebInfo[arm64-v8a]
2026-10-10T00:14:29.8600004Z > Task :react-native-safe-area-context:compileReleaseJavaWithJavac
2026-10-10T00:14:31.7519786Z > Task :react-native-safe-area-context:bundleLibRuntimeToDirRelease
2026-10-10T00:14:41.1516534Z > Task :react-native-async-storage_async-storage:generateReleaseBuildConfig
2026-10-10T00:14:41.1559532Z > Task :react-native-async-storage_async-storage:generateReleaseResValues
2026-10-10T00:14:41.1619654Z > Task :react-native-async-storage_async-storage:generateReleaseResources
2026-10-10T00:14:41.1709606Z > Task :react-native-async-storage_async-storage:packageReleaseResources
2026-10-10T00:14:41.2549850Z > Task :react-native-async-storage_async-storage:parseReleaseLocalResources
2026-10-10T00:14:41.3479690Z > Task :react-native-async-storage_async-storage:generateReleaseRFile
2026-10-10T00:14:41.3505274Z > Task :react-native-async-storage_async-storage:javaPreCompileRelease
2026-10-10T00:14:43.0472429Z Note: Some input files use or override a deprecated API.
2026-10-10T00:14:43.0473000Z 
2026-10-10T00:14:43.0479136Z Note: Recompile with -Xlint:deprecation for details.
2026-10-10T00:14:43.0681048Z Note: /home/runner/work/movefield/movefield/mobile/node_modules/@react-native-async-storage/async-storage/android/src/javaPackage/java/com/reactnativecommunity/asyncstorage/AsyncStoragePackage.java uses unchecked or unsafe operations.
2026-10-10T00:14:43.0683354Z > Task :react-native-async-storage_async-storage:compileReleaseJavaWithJavac
2026-10-10T00:14:43.0689725Z Note: Recompile with -Xlint:unchecked for details.
2026-10-10T00:14:43.0719009Z 
2026-10-10T00:14:43.0779513Z > Task :react-native-async-storage_async-storage:bundleLibRuntimeToDirRelease
2026-10-10T00:14:44.8529674Z > Task :expo:checkKotlinGradlePluginConfigurationErrors SKIPPED
2026-10-10T00:14:44.8559132Z > Task :expo:generateReleaseBuildConfig
2026-10-10T00:14:44.8679348Z > Task :expo:generateReleaseResValues
2026-10-10T00:14:44.8759407Z > Task :expo:generateReleaseResources
2026-10-10T00:14:44.9509495Z > Task :expo:packageReleaseResources
2026-10-10T00:14:45.0491179Z > Task :expo:parseReleaseLocalResources
2026-10-10T00:14:45.1499627Z > Task :expo:generateReleaseRFile
2026-10-10T00:14:45.1589523Z > Task :expo-constants:checkKotlinGradlePluginConfigurationErrors SKIPPED
2026-10-10T00:14:45.1649292Z > Task :expo-constants:generateReleaseBuildConfig
2026-10-10T00:14:45.1679097Z > Task :expo-constants:generateReleaseResValues
2026-10-10T00:14:45.1760357Z > Task :expo-constants:generateReleaseResources
2026-10-10T00:14:45.2479587Z > Task :expo-constants:packageReleaseResources
2026-10-10T00:14:45.2529251Z > Task :expo-constants:parseReleaseLocalResources
2026-10-10T00:14:45.3464945Z > Task :expo-constants:generateReleaseRFile
2026-10-10T00:14:45.3519326Z > Task :expo-constants:javaPreCompileRelease
2026-10-10T00:14:45.3579573Z > Task :expo-dev-client:checkKotlinGradlePluginConfigurationErrors SKIPPED
2026-10-10T00:14:45.4519666Z > Task :expo-dev-client:dataBindingMergeDependencyArtifactsRelease
2026-10-10T00:14:45.4549272Z > Task :expo-dev-client:generateReleaseResValues
2026-10-10T00:14:45.4639357Z > Task :expo-dev-client:generateReleaseResources
2026-10-10T00:14:45.5464624Z > Task :expo-dev-client:packageReleaseResources
2026-10-10T00:14:45.5539535Z > Task :expo-dev-client:parseReleaseLocalResources
2026-10-10T00:14:45.8489586Z > Task :expo-dev-client:dataBindingGenBaseClassesRelease
2026-10-10T00:14:45.9464900Z > Task :expo-dev-client:generateReleaseBuildConfig
2026-10-10T00:14:45.9541039Z > Task :expo-dev-client:generateReleaseRFile
2026-10-10T00:14:45.9599150Z > Task :expo-dev-client:javaPreCompileRelease
2026-10-10T00:14:45.9659286Z > Task :expo-dev-launcher:checkKotlinGradlePluginConfigurationErrors SKIPPED
2026-10-10T00:14:51.4471094Z > Task :app:mergeReleaseJniLibFolders
2026-10-10T00:14:51.4559647Z > Task :expo-dev-menu:checkKotlinGradlePluginConfigurationErrors SKIPPED
2026-10-10T00:14:51.4590712Z > Task :expo-dev-menu:generateReleaseBuildConfig
2026-10-10T00:14:51.5490835Z > Task :expo-dev-menu:generateReleaseResValues
2026-10-10T00:14:51.5579619Z > Task :expo-dev-menu:generateReleaseResources
2026-10-10T00:14:51.5609093Z > Task :expo-dev-menu:packageReleaseResources
2026-10-10T00:14:52.0479894Z > Task :expo-dev-menu:parseReleaseLocalResources
2026-10-10T00:14:52.0569754Z > Task :expo-dev-menu:generateReleaseRFile
2026-10-10T00:14:52.0669505Z > Task :expo-dev-menu:javaPreCompileRelease
2026-10-10T00:14:52.0738678Z > Task :expo-dev-menu-interface:checkKotlinGradlePluginConfigurationErrors SKIPPED
2026-10-10T00:14:52.0803333Z > Task :expo-dev-menu-interface:generateReleaseBuildConfig
2026-10-10T00:14:52.0879901Z > Task :expo-dev-launcher:dataBindingMergeDependencyArtifactsRelease
2026-10-10T00:14:52.0959258Z > Task :expo-dev-menu-interface:generateReleaseResValues
2026-10-10T00:14:52.1029668Z > Task :expo-dev-launcher:generateReleaseResValues
2026-10-10T00:14:52.1089656Z > Task :expo-dev-menu-interface:generateReleaseResources
2026-10-10T00:14:52.1470239Z > Task :expo-dev-launcher:generateReleaseResources
2026-10-10T00:14:52.1534060Z > Task :expo-dev-menu-interface:packageReleaseResources
2026-10-10T00:14:52.1587607Z > Task :expo-dev-launcher:packageReleaseResources
2026-10-10T00:14:52.1610949Z > Task :expo-dev-menu-interface:parseReleaseLocalResources
2026-10-10T00:14:52.1651735Z > Task :expo-dev-launcher:parseReleaseLocalResources
2026-10-10T00:14:52.1659011Z > Task :expo-dev-launcher:generateReleaseBuildConfig
2026-10-10T00:14:52.2482004Z > Task :expo-dev-menu-interface:generateReleaseRFile
2026-10-10T00:14:52.5489681Z > Task :expo-dev-menu-interface:javaPreCompileRelease
2026-10-10T00:14:52.5539414Z > Task :expo-json-utils:checkKotlinGradlePluginConfigurationErrors SKIPPED
2026-10-10T00:14:52.5599497Z > Task :expo-json-utils:generateReleaseBuildConfig
2026-10-10T00:14:52.5600906Z > Task :expo-json-utils:generateReleaseResValues
2026-10-10T00:14:52.5629048Z > Task :expo-json-utils:generateReleaseResources
2026-10-10T00:14:52.5664767Z > Task :expo-json-utils:packageReleaseResources
2026-10-10T00:14:52.7482469Z > Task :expo-json-utils:parseReleaseLocalResources
2026-10-10T00:14:52.7527195Z > Task :expo-json-utils:generateReleaseRFile
2026-10-10T00:14:52.7559131Z > Task :expo-json-utils:javaPreCompileRelease
2026-10-10T00:14:52.7569780Z > Task :expo-log-box:checkKotlinGradlePluginConfigurationErrors SKIPPED
2026-10-10T00:14:52.7619174Z > Task :expo-log-box:generateReleaseBuildConfig
2026-10-10T00:14:52.7649365Z > Task :expo-log-box:generateReleaseResValues
2026-10-10T00:14:52.7679052Z > Task :expo-log-box:generateReleaseResources
2026-10-10T00:14:52.8496236Z > Task :expo-dev-launcher:dataBindingGenBaseClassesRelease
2026-10-10T00:14:52.8547285Z > Task :expo-log-box:packageReleaseResources
2026-10-10T00:14:52.8579089Z > Task :expo-log-box:parseReleaseLocalResources
2026-10-10T00:14:52.8580381Z > Task :expo-dev-launcher:javaPreCompileRelease
2026-10-10T00:14:52.8611136Z > Task :expo-dev-launcher:generateReleaseRFile
2026-10-10T00:14:52.8640162Z > Task :expo-manifests:checkKotlinGradlePluginConfigurationErrors SKIPPED
2026-10-10T00:14:52.8665397Z > Task :expo-manifests:generateReleaseBuildConfig
2026-10-10T00:14:52.8689359Z > Task :expo-log-box:javaPreCompileRelease
2026-10-10T00:14:52.8721613Z > Task :expo-log-box:generateReleaseRFile
2026-10-10T00:14:52.8750130Z > Task :expo-updates-interface:checkKotlinGradlePluginConfigurationErrors SKIPPED
2026-10-10T00:14:52.8779100Z > Task :expo-manifests:generateReleaseResValues
2026-10-10T00:14:52.9491192Z > Task :expo-updates-interface:generateReleaseBuildConfig
2026-10-10T00:14:52.9549167Z > Task :expo-updates-interface:generateReleaseResValues
2026-10-10T00:14:52.9559005Z > Task :expo-manifests:generateReleaseResources
2026-10-10T00:14:52.9619105Z > Task :expo-updates-interface:generateReleaseResources
2026-10-10T00:14:52.9679173Z > Task :expo-manifests:packageReleaseResources
2026-10-10T00:14:52.9730009Z > Task :expo-updates-interface:packageReleaseResources
2026-10-10T00:14:52.9759369Z > Task :expo-updates-interface:parseReleaseLocalResources
2026-10-10T00:14:52.9813567Z > Task :expo-manifests:parseReleaseLocalResources
2026-10-10T00:14:52.9871188Z > Task :expo-manifests:javaPreCompileRelease
2026-10-10T00:14:53.0539721Z > Task :expo-manifests:generateReleaseRFile
2026-10-10T00:14:53.0599254Z > Task :expo-updates-interface:generateReleaseRFile
2026-10-10T00:14:53.0629103Z > Task :expo-updates-interface:javaPreCompileRelease
2026-10-10T00:14:53.0689131Z > Task :expo:javaPreCompileRelease
2026-10-10T00:14:55.5478094Z > Task :expo:writeReleaseAarMetadata
2026-10-10T00:14:55.5509175Z > Task :expo-constants:writeReleaseAarMetadata
2026-10-10T00:14:55.5569271Z > Task :expo-dev-client:writeReleaseAarMetadata
2026-10-10T00:14:55.5599135Z > Task :expo-dev-launcher:writeReleaseAarMetadata
2026-10-10T00:14:55.5628951Z > Task :expo-dev-menu:writeReleaseAarMetadata
2026-10-10T00:14:56.3471719Z > Task :expo-dev-menu-interface:writeReleaseAarMetadata
2026-10-10T00:14:57.0529486Z > Task :expo-json-utils:writeReleaseAarMetadata
2026-10-10T00:14:57.0569089Z > Task :expo-log-box:writeReleaseAarMetadata
2026-10-10T00:14:57.0661132Z > Task :expo-manifests:writeReleaseAarMetadata
2026-10-10T00:14:57.0662074Z > Task :expo-updates-interface:writeReleaseAarMetadata
2026-10-10T00:14:57.0729209Z > Task :react-native-async-storage_async-storage:writeReleaseAarMetadata
2026-10-10T00:14:57.0761135Z > Task :react-native-safe-area-context:writeReleaseAarMetadata
2026-10-10T00:14:57.0809044Z > Task :expo:extractDeepLinksRelease
2026-10-10T00:14:57.1484811Z > Task :expo:processReleaseManifest
2026-10-10T00:14:57.1539180Z > Task :app:checkReleaseDuplicateClasses
2026-10-10T00:14:57.2479577Z > Task :expo-constants:extractDeepLinksRelease
2026-10-10T00:14:57.2505851Z > Task :expo-constants:processReleaseManifest
2026-10-10T00:14:57.2526486Z > Task :expo-dev-client:extractDeepLinksRelease
2026-10-10T00:14:57.2569031Z > Task :expo-dev-client:processReleaseManifest
2026-10-10T00:14:57.2628997Z > Task :expo-dev-launcher:extractDeepLinksRelease
2026-10-10T00:14:57.2658870Z > Task :app:buildKotlinToolingMetadata
2026-10-10T00:14:57.2673077Z > Task :app:checkKotlinGradlePluginConfigurationErrors SKIPPED
2026-10-10T00:14:57.2689013Z > Task :app:generateReleaseBuildConfig
2026-10-10T00:14:57.3469664Z > Task :expo-dev-launcher:processReleaseManifest
2026-10-10T00:14:57.3493148Z > Task :expo-dev-menu:extractDeepLinksRelease
2026-10-10T00:14:57.4469402Z > Task :expo-dev-menu:processReleaseManifest
2026-10-10T00:14:57.4499302Z > Task :expo-dev-menu-interface:extractDeepLinksRelease
2026-10-10T00:14:57.4504305Z > Task :expo-dev-menu-interface:processReleaseManifest
2026-10-10T00:14:57.4533990Z > Task :expo-json-utils:extractDeepLinksRelease
2026-10-10T00:14:57.4559809Z > Task :expo-json-utils:processReleaseManifest
2026-10-10T00:14:57.4588915Z > Task :expo-log-box:extractDeepLinksRelease
2026-10-10T00:14:57.4619216Z > Task :expo-log-box:processReleaseManifest
2026-10-10T00:14:57.5500283Z > Task :expo-manifests:extractDeepLinksRelease
2026-10-10T00:14:57.5529224Z > Task :expo-manifests:processReleaseManifest
2026-10-10T00:14:57.5539061Z > Task :expo-updates-interface:extractDeepLinksRelease
2026-10-10T00:14:57.5542064Z > Task :expo-updates-interface:processReleaseManifest
2026-10-10T00:14:57.5543450Z > Task :react-native-async-storage_async-storage:extractDeepLinksRelease
2026-10-10T00:14:57.5544163Z 
2026-10-10T00:14:57.5544828Z > Task :react-native-async-storage_async-storage:processReleaseManifest
2026-10-10T00:14:57.5547352Z package="com.reactnativecommunity.asyncstorage" found in source AndroidManifest.xml: /home/runner/work/movefield/movefield/mobile/node_modules/@react-native-async-storage/async-storage/android/src/main/AndroidManifest.xml.
2026-10-10T00:14:57.5579826Z Setting the namespace via the package attribute in the source AndroidManifest.xml is no longer supported, and the value is ignored.
2026-10-10T00:14:57.5600956Z Recommendation: remove package="com.reactnativecommunity.asyncstorage" from the source AndroidManifest.xml: /home/runner/work/movefield/movefield/mobile/node_modules/@react-native-async-storage/async-storage/android/src/main/AndroidManifest.xml.
2026-10-10T00:14:57.5628575Z 
2026-10-10T00:14:57.5639206Z > Task :react-native-safe-area-context:extractDeepLinksRelease
2026-10-10T00:14:57.5668778Z 
2026-10-10T00:14:57.5679425Z > Task :react-native-safe-area-context:processReleaseManifest
2026-10-10T00:14:57.5700513Z package="com.th3rdwave.safeareacontext" found in source AndroidManifest.xml: /home/runner/work/movefield/movefield/mobile/node_modules/react-native-safe-area-context/android/src/main/AndroidManifest.xml.
2026-10-10T00:14:57.5729738Z Setting the namespace via the package attribute in the source AndroidManifest.xml is no longer supported, and the value is ignored.
2026-10-10T00:14:57.5760406Z Recommendation: remove package="com.th3rdwave.safeareacontext" from the source AndroidManifest.xml: /home/runner/work/movefield/movefield/mobile/node_modules/react-native-safe-area-context/android/src/main/AndroidManifest.xml.
2026-10-10T00:14:57.5788530Z 
2026-10-10T00:14:57.5789329Z > Task :expo-modules-core:buildCMakeRelWithDebInfo[arm64-v8a]
2026-10-10T00:14:57.5820077Z C/C++: ninja: Entering directory `/home/runner/work/movefield/movefield/mobile/node_modules/expo-modules-core/android/.cxx/RelWithDebInfo/5a63o4e2/arm64-v8a'
2026-10-10T00:14:57.5830658Z C/C++: /home/runner/work/movefield/movefield/mobile/node_modules/expo-modules-core/android/src/main/cpp/fabric/ExpoComponentDescriptorFactory.cpp:17:5: warning: 'RawPropsParser' is deprecated [-Wdeprecated-declarations]
2026-10-10T00:14:57.5833592Z C/C++:    17 |     react::RawPropsParser(/*useRawPropsJsiValue=*/true)
2026-10-10T00:14:57.5835792Z C/C++:       |     ^
2026-10-10T00:14:57.5838505Z C/C++: /home/runner/.gradle/caches/9.3.1/transforms/2632d6d2d8d86a67264f1929d6ca7219/transformed/react-android-0.86.3-release/prefab/modules/reactnative/include/react/renderer/core/RawPropsParser.h:31:5: note: 'RawPropsParser' has been explicitly marked deprecated here
2026-10-10T00:14:57.5842422Z C/C++:    31 |   [[deprecated]] explicit RawPropsParser(bool /* ignored */) : RawPropsParser() {}
2026-10-10T00:14:57.5844282Z C/C++:       |     ^
2026-10-10T00:14:57.5847187Z C/C++: 1 warning generated.
2026-10-10T00:14:58.0465568Z 
2026-10-10T00:14:58.0485388Z > Task :expo-modules-core:mergeReleaseJniLibFolders
2026-10-10T00:14:58.0510622Z > Task :expo:compileReleaseLibraryResources
2026-10-10T00:14:58.1509641Z > Task :expo-constants:compileReleaseLibraryResources
2026-10-10T00:14:58.1537091Z > Task :expo-modules-core:checkKotlinGradlePluginConfigurationErrors SKIPPED
2026-10-10T00:14:58.1561958Z > Task :expo-modules-core:generateReleaseBuildConfig
2026-10-10T00:14:58.1588977Z > Task :expo-modules-core:generateReleaseResValues
2026-10-10T00:14:58.1589929Z > Task :expo-modules-core:generateReleaseResources
2026-10-10T00:14:58.1619037Z > Task :expo-modules-core:packageReleaseResources
2026-10-10T00:14:58.1638394Z > Task :expo-modules-core:mergeReleaseNativeLibs
2026-10-10T00:14:58.1639542Z > Task :expo-dev-client:compileReleaseLibraryResources
2026-10-10T00:14:58.1640898Z > Task :expo-modules-core:parseReleaseLocalResources
2026-10-10T00:14:58.2473646Z > Task :expo-modules-core:generateReleaseRFile
2026-10-10T00:14:58.2533469Z > Task :expo-modules-core:copyReleaseJniLibsProjectOnly
2026-10-10T00:14:58.2559286Z > Task :expo-dev-launcher:compileReleaseLibraryResources
2026-10-10T00:14:58.3489538Z > Task :expo-dev-menu:compileReleaseLibraryResources
2026-10-10T00:14:58.3519063Z > Task :expo-dev-menu-interface:compileReleaseLibraryResources
2026-10-10T00:14:58.3549074Z > Task :expo-json-utils:compileReleaseLibraryResources
2026-10-10T00:14:58.3579185Z > Task :expo-log-box:compileReleaseLibraryResources
2026-10-10T00:14:58.3580042Z > Task :expo-manifests:compileReleaseLibraryResources
2026-10-10T00:14:58.3608977Z > Task :expo-updates-interface:compileReleaseLibraryResources
2026-10-10T00:14:58.3639211Z > Task :react-native-async-storage_async-storage:compileReleaseLibraryResources
2026-10-10T00:14:58.3669197Z > Task :react-native-safe-area-context:compileReleaseLibraryResources
2026-10-10T00:14:58.5485637Z > Task :react-native-async-storage_async-storage:bundleLibCompileToJarRelease
2026-10-10T00:14:58.5510902Z > Task :react-native-safe-area-context:bundleLibCompileToJarRelease
2026-10-10T00:14:58.5558997Z > Task :expo:prepareReleaseArtProfile
2026-10-10T00:14:58.5679236Z > Task :expo-constants:prepareReleaseArtProfile
2026-10-10T00:14:58.5810371Z > Task :expo-dev-client:prepareReleaseArtProfile
2026-10-10T00:14:58.5909246Z > Task :expo-dev-launcher:prepareReleaseArtProfile
2026-10-10T00:14:58.6015834Z > Task :expo-dev-menu:prepareReleaseArtProfile
2026-10-10T00:14:58.6028147Z > Task :expo-dev-menu-interface:prepareReleaseArtProfile
2026-10-10T00:14:58.6036670Z > Task :expo-json-utils:prepareReleaseArtProfile
2026-10-10T00:14:58.6065420Z > Task :expo-log-box:prepareReleaseArtProfile
2026-10-10T00:14:58.6117490Z > Task :expo-manifests:prepareReleaseArtProfile
2026-10-10T00:14:58.6158987Z > Task :expo-updates-interface:prepareReleaseArtProfile
2026-10-10T00:14:58.6244814Z > Task :react-native-async-storage_async-storage:prepareReleaseArtProfile
2026-10-10T00:14:58.6246171Z > Task :react-native-safe-area-context:prepareReleaseArtProfile
2026-10-10T00:14:58.8503306Z > Task :react-native-safe-area-context:bundleLibRuntimeToJarRelease
2026-10-10T00:14:59.3472931Z 
2026-10-10T00:14:59.3509316Z > Task :app:createBundleReleaseJsAndAssets
2026-10-10T00:14:59.3529022Z Starting Metro Bundler
2026-10-10T00:14:59.3538708Z 
2026-10-10T00:14:59.5464513Z 
2026-10-10T00:14:59.5479927Z > Task :expo-modules-core:javaPreCompileRelease
2026-10-10T00:14:59.5509562Z > Task :expo-modules-core:writeReleaseAarMetadata
2026-10-10T00:14:59.5569409Z > Task :expo-modules-core:extractDeepLinksRelease
2026-10-10T00:14:59.6464516Z 
2026-10-10T00:14:59.6527795Z > Task :expo-modules-core:processReleaseManifest
2026-10-10T00:14:59.6530064Z /home/runner/work/movefield/movefield/mobile/node_modules/expo-modules-core/android/src/main/AndroidManifest.xml:8:9-11:45 Warning:
2026-10-10T00:14:59.6583061Z 	meta-data#com.facebook.soloader.enabled@android:value was tagged at AndroidManifest.xml:8 to replace other declarations but no other declaration present
2026-10-10T00:14:59.6584571Z 
2026-10-10T00:14:59.6639293Z > Task :expo-modules-core:compileReleaseLibraryResources
2026-10-10T00:14:59.6669214Z > Task :expo-modules-core:prepareReleaseArtProfile
2026-10-10T00:14:59.6729408Z > Task :react-native-async-storage_async-storage:bundleLibRuntimeToJarRelease
2026-10-10T00:15:00.2519983Z > Task :expo:mergeReleaseShaders
2026-10-10T00:15:00.2539708Z > Task :expo:compileReleaseShaders NO-SOURCE
2026-10-10T00:15:00.2579410Z > Task :expo:generateReleaseAssets UP-TO-DATE
2026-10-10T00:15:00.2639508Z > Task :expo:mergeReleaseAssets
2026-10-10T00:15:00.3472674Z > Task :expo-constants:mergeReleaseShaders
2026-10-10T00:15:00.3499481Z > Task :expo-constants:compileReleaseShaders NO-SOURCE
2026-10-10T00:15:00.3529125Z > Task :expo-constants:generateReleaseAssets UP-TO-DATE
2026-10-10T00:15:00.3559148Z > Task :expo-constants:mergeReleaseAssets
2026-10-10T00:15:00.3562794Z > Task :expo-dev-client:mergeReleaseShaders
2026-10-10T00:15:00.4471663Z > Task :expo-dev-client:compileReleaseShaders NO-SOURCE
2026-10-10T00:15:00.4479023Z > Task :expo-dev-client:generateReleaseAssets UP-TO-DATE
2026-10-10T00:15:00.4509573Z > Task :expo-dev-client:mergeReleaseAssets
2026-10-10T00:15:00.4529082Z > Task :expo-dev-launcher:mergeReleaseShaders
2026-10-10T00:15:00.4559034Z > Task :expo-dev-launcher:compileReleaseShaders NO-SOURCE
2026-10-10T00:15:00.4579568Z > Task :expo-dev-launcher:generateReleaseAssets UP-TO-DATE
2026-10-10T00:15:00.4618949Z > Task :expo-dev-launcher:mergeReleaseAssets
2026-10-10T00:15:00.5470574Z > Task :expo-dev-menu:mergeReleaseShaders
2026-10-10T00:15:00.5499262Z > Task :expo-dev-menu:compileReleaseShaders NO-SOURCE
2026-10-10T00:15:00.5519089Z > Task :expo-dev-menu:generateReleaseAssets UP-TO-DATE
2026-10-10T00:15:00.5529091Z > Task :expo-dev-menu:mergeReleaseAssets
2026-10-10T00:15:00.5559101Z > Task :expo-dev-menu-interface:mergeReleaseShaders
2026-10-10T00:15:00.5589102Z > Task :expo-dev-menu-interface:compileReleaseShaders NO-SOURCE
2026-10-10T00:15:00.5590360Z > Task :expo-dev-menu-interface:generateReleaseAssets UP-TO-DATE
2026-10-10T00:15:00.5619092Z > Task :expo-dev-menu-interface:mergeReleaseAssets
2026-10-10T00:15:00.5649035Z > Task :expo-json-utils:mergeReleaseShaders
2026-10-10T00:15:00.5678998Z > Task :expo-json-utils:compileReleaseShaders NO-SOURCE
2026-10-10T00:15:00.5680062Z > Task :expo-json-utils:generateReleaseAssets UP-TO-DATE
2026-10-10T00:15:00.6482439Z > Task :expo-json-utils:mergeReleaseAssets
2026-10-10T00:15:00.6509057Z > Task :expo-log-box:mergeReleaseShaders
2026-10-10T00:15:00.6515526Z > Task :expo-log-box:compileReleaseShaders NO-SOURCE
2026-10-10T00:15:00.6538979Z > Task :expo-log-box:generateReleaseAssets UP-TO-DATE
2026-10-10T00:15:00.6569093Z > Task :expo-log-box:mergeReleaseAssets
2026-10-10T00:15:00.6598896Z > Task :expo-manifests:mergeReleaseShaders
2026-10-10T00:15:00.6613504Z > Task :expo-manifests:compileReleaseShaders NO-SOURCE
2026-10-10T00:15:00.6629121Z > Task :expo-manifests:generateReleaseAssets UP-TO-DATE
2026-10-10T00:15:00.6655411Z > Task :expo-manifests:mergeReleaseAssets
2026-10-10T00:15:00.6678921Z > Task :expo-modules-core:mergeReleaseShaders
2026-10-10T00:15:00.6709087Z > Task :expo-modules-core:compileReleaseShaders NO-SOURCE
2026-10-10T00:15:00.6715442Z > Task :expo-modules-core:generateReleaseAssets UP-TO-DATE
2026-10-10T00:15:00.7482103Z > Task :expo-modules-core:mergeReleaseAssets
2026-10-10T00:15:00.7519446Z > Task :expo-updates-interface:mergeReleaseShaders
2026-10-10T00:15:00.7520563Z > Task :expo-updates-interface:compileReleaseShaders NO-SOURCE
2026-10-10T00:15:00.7549195Z > Task :expo-updates-interface:generateReleaseAssets UP-TO-DATE
2026-10-10T00:15:00.7579338Z > Task :expo-updates-interface:mergeReleaseAssets
2026-10-10T00:15:00.7609097Z > Task :react-native-async-storage_async-storage:mergeReleaseShaders
2026-10-10T00:15:00.7610345Z > Task :react-native-async-storage_async-storage:compileReleaseShaders NO-SOURCE
2026-10-10T00:15:00.7639452Z > Task :react-native-async-storage_async-storage:generateReleaseAssets UP-TO-DATE
2026-10-10T00:15:00.7669220Z > Task :react-native-async-storage_async-storage:mergeReleaseAssets
2026-10-10T00:15:00.7680192Z > Task :react-native-safe-area-context:mergeReleaseShaders
2026-10-10T00:15:00.7717884Z > Task :react-native-safe-area-context:compileReleaseShaders NO-SOURCE
2026-10-10T00:15:00.7727657Z > Task :react-native-safe-area-context:generateReleaseAssets UP-TO-DATE
2026-10-10T00:15:00.8492675Z > Task :react-native-safe-area-context:mergeReleaseAssets
2026-10-10T00:15:00.8519004Z > Task :expo:extractProguardFiles
2026-10-10T00:15:00.8548955Z > Task :expo-constants:extractProguardFiles
2026-10-10T00:15:00.8552240Z > Task :expo-modules-core:extractProguardFiles
2026-10-10T00:15:00.8579070Z > Task :expo-modules-core:prepareLintJarForPublish
2026-10-10T00:15:00.8608069Z > Task :expo-constants:prepareLintJarForPublish
2026-10-10T00:15:00.8638964Z > Task :expo-dev-client:extractProguardFiles
2026-10-10T00:15:00.9468486Z > Task :expo-dev-client:prepareLintJarForPublish
2026-10-10T00:15:00.9489243Z > Task :expo-dev-launcher:extractProguardFiles
2026-10-10T00:15:00.9529064Z > Task :expo-dev-launcher:prepareLintJarForPublish
2026-10-10T00:15:00.9530104Z > Task :expo-dev-menu:extractProguardFiles
2026-10-10T00:15:00.9588994Z > Task :expo-dev-menu:prepareLintJarForPublish
2026-10-10T00:15:00.9609077Z > Task :expo-dev-menu-interface:extractProguardFiles
2026-10-10T00:15:00.9650818Z > Task :expo-dev-menu-interface:prepareLintJarForPublish
2026-10-10T00:15:00.9717189Z > Task :expo-json-utils:extractProguardFiles
2026-10-10T00:15:00.9749096Z > Task :expo-json-utils:prepareLintJarForPublish
2026-10-10T00:15:00.9802514Z > Task :expo-log-box:extractProguardFiles
2026-10-10T00:15:00.9859126Z > Task :expo-log-box:prepareLintJarForPublish
2026-10-10T00:15:00.9908946Z > Task :expo-manifests:extractProguardFiles
2026-10-10T00:15:00.9941596Z > Task :expo-manifests:prepareLintJarForPublish
2026-10-10T00:15:00.9999059Z > Task :expo-updates-interface:extractProguardFiles
2026-10-10T00:15:01.0060951Z > Task :expo-updates-interface:prepareLintJarForPublish
2026-10-10T00:15:01.0139984Z > Task :expo:prepareLintJarForPublish
2026-10-10T00:15:01.0179257Z > Task :react-native-async-storage_async-storage:processReleaseJavaRes NO-SOURCE
2026-10-10T00:15:01.0180393Z > Task :react-native-async-storage_async-storage:createFullJarRelease
2026-10-10T00:15:01.0181418Z > Task :react-native-async-storage_async-storage:extractProguardFiles
2026-10-10T00:15:11.5464277Z > Task :react-native-async-storage_async-storage:generateReleaseLintModel
2026-10-10T00:15:11.5499274Z > Task :react-native-async-storage_async-storage:prepareLintJarForPublish
2026-10-10T00:15:11.6479846Z > Task :react-native-safe-area-context:processReleaseJavaRes
2026-10-10T00:15:11.6539236Z > Task :react-native-safe-area-context:createFullJarRelease
2026-10-10T00:15:11.6599775Z > Task :react-native-safe-area-context:extractProguardFiles
2026-10-10T00:15:11.7484117Z > Task :react-native-safe-area-context:generateReleaseLintModel
2026-10-10T00:15:11.7499618Z > Task :react-native-safe-area-context:prepareLintJarForPublish
2026-10-10T00:15:11.7522872Z > Task :react-native-safe-area-context:stripReleaseDebugSymbols NO-SOURCE
2026-10-10T00:15:11.7569370Z > Task :react-native-safe-area-context:copyReleaseJniLibsProjectAndLocalJars
2026-10-10T00:15:11.7612181Z > Task :react-native-safe-area-context:extractDeepLinksForAarRelease
2026-10-10T00:15:22.4510111Z > Task :react-native-safe-area-context:extractReleaseAnnotations
2026-10-10T00:15:22.4569356Z > Task :react-native-safe-area-context:mergeReleaseGeneratedProguardFiles
2026-10-10T00:15:22.4609370Z > Task :react-native-safe-area-context:mergeReleaseConsumerProguardFiles
2026-10-10T00:15:22.5479682Z > Task :react-native-safe-area-context:mergeReleaseJavaResource
2026-10-10T00:15:22.6519583Z > Task :react-native-safe-area-context:syncReleaseLibJars
2026-10-10T00:15:22.6549588Z > Task :react-native-safe-area-context:bundleReleaseLocalLintAar
2026-10-10T00:15:22.6551033Z > Task :react-native-async-storage_async-storage:stripReleaseDebugSymbols NO-SOURCE
2026-10-10T00:15:22.6579349Z > Task :react-native-async-storage_async-storage:copyReleaseJniLibsProjectAndLocalJars
2026-10-10T00:15:22.6609500Z > Task :react-native-async-storage_async-storage:extractDeepLinksForAarRelease
2026-10-10T00:15:22.6639304Z > Task :react-native-async-storage_async-storage:extractReleaseAnnotations
2026-10-10T00:15:22.6641243Z > Task :react-native-async-storage_async-storage:mergeReleaseGeneratedProguardFiles
2026-10-10T00:15:22.6689257Z > Task :react-native-async-storage_async-storage:mergeReleaseConsumerProguardFiles
2026-10-10T00:15:22.7465623Z > Task :react-native-async-storage_async-storage:mergeReleaseJavaResource
2026-10-10T00:15:22.7467202Z > Task :react-native-async-storage_async-storage:syncReleaseLibJars
2026-10-10T00:15:22.7499355Z > Task :react-native-async-storage_async-storage:bundleReleaseLocalLintAar
2026-10-10T00:15:22.7539171Z > Task :expo:stripReleaseDebugSymbols NO-SOURCE
2026-10-10T00:15:22.7569197Z > Task :expo:copyReleaseJniLibsProjectAndLocalJars
2026-10-10T00:15:22.7570282Z > Task :expo:extractDeepLinksForAarRelease
2026-10-10T00:15:22.7599146Z > Task :expo-log-box:stripReleaseDebugSymbols NO-SOURCE
2026-10-10T00:15:22.7629116Z > Task :expo-log-box:copyReleaseJniLibsProjectAndLocalJars
2026-10-10T00:15:22.8464812Z > Task :expo-log-box:extractDeepLinksForAarRelease
2026-10-10T00:15:22.8509422Z > Task :expo-dev-launcher:stripReleaseDebugSymbols NO-SOURCE
2026-10-10T00:15:22.8510446Z > Task :expo-dev-launcher:copyReleaseJniLibsProjectAndLocalJars
2026-10-10T00:15:22.8511378Z > Task :expo-dev-launcher:extractDeepLinksForAarRelease
2026-10-10T00:15:22.8512311Z > Task :expo-dev-menu-interface:stripReleaseDebugSymbols NO-SOURCE
2026-10-10T00:15:22.8513367Z > Task :expo-dev-menu-interface:copyReleaseJniLibsProjectAndLocalJars
2026-10-10T00:15:22.8514309Z > Task :expo-dev-menu-interface:extractDeepLinksForAarRelease
2026-10-10T00:15:22.9489493Z > Task :expo-modules-core:stripReleaseDebugSymbols
2026-10-10T00:15:22.9490733Z > Task :expo-modules-core:copyReleaseJniLibsProjectAndLocalJars
2026-10-10T00:15:22.9519185Z > Task :expo-modules-core:extractDeepLinksForAarRelease
2026-10-10T00:15:22.9549091Z > Task :expo-constants:stripReleaseDebugSymbols NO-SOURCE
2026-10-10T00:15:22.9574101Z > Task :expo-constants:copyReleaseJniLibsProjectAndLocalJars
2026-10-10T00:15:22.9630998Z > Task :expo-constants:extractDeepLinksForAarRelease
2026-10-10T00:15:22.9670184Z > Task :expo-dev-client:stripReleaseDebugSymbols NO-SOURCE
2026-10-10T00:15:23.0465659Z > Task :expo-dev-client:copyReleaseJniLibsProjectAndLocalJars
2026-10-10T00:15:23.0499516Z > Task :expo-dev-client:extractDeepLinksForAarRelease
2026-10-10T00:15:23.0559876Z > Task :expo-dev-menu:stripReleaseDebugSymbols NO-SOURCE
2026-10-10T00:15:23.0563213Z > Task :expo-dev-menu:copyReleaseJniLibsProjectAndLocalJars
2026-10-10T00:15:23.0619344Z > Task :expo-dev-menu:extractDeepLinksForAarRelease
2026-10-10T00:15:23.0662415Z > Task :expo-manifests:stripReleaseDebugSymbols NO-SOURCE
2026-10-10T00:15:23.0664868Z > Task :expo-manifests:copyReleaseJniLibsProjectAndLocalJars
2026-10-10T00:15:23.0665955Z > Task :expo-manifests:extractDeepLinksForAarRelease
2026-10-10T00:15:23.0666951Z > Task :expo-json-utils:stripReleaseDebugSymbols NO-SOURCE
2026-10-10T00:15:23.0668012Z > Task :expo-json-utils:copyReleaseJniLibsProjectAndLocalJars
2026-10-10T00:15:23.0669595Z > Task :expo-json-utils:extractDeepLinksForAarRelease
2026-10-10T00:15:23.0670612Z > Task :expo-updates-interface:stripReleaseDebugSymbols NO-SOURCE
2026-10-10T00:15:23.0671692Z > Task :expo-updates-interface:copyReleaseJniLibsProjectAndLocalJars
2026-10-10T00:15:23.0672744Z > Task :expo-updates-interface:extractDeepLinksForAarRelease
2026-10-10T00:15:23.0673665Z > Task :expo-constants:writeReleaseLintModelMetadata
2026-10-10T00:15:23.0674596Z > Task :expo-dev-client:writeReleaseLintModelMetadata
2026-10-10T00:15:23.0675564Z > Task :expo-dev-launcher:writeReleaseLintModelMetadata
2026-10-10T00:15:23.0676543Z > Task :expo-dev-menu:writeReleaseLintModelMetadata
2026-10-10T00:15:23.0677593Z > Task :expo-dev-menu-interface:writeReleaseLintModelMetadata
2026-10-10T00:15:23.0678819Z > Task :expo-json-utils:writeReleaseLintModelMetadata
2026-10-10T00:15:23.1480190Z > Task :expo-log-box:writeReleaseLintModelMetadata
2026-10-10T00:15:23.1487560Z > Task :expo-manifests:writeReleaseLintModelMetadata
2026-10-10T00:15:23.1488871Z > Task :expo-modules-core:writeReleaseLintModelMetadata
2026-10-10T00:15:23.1489941Z > Task :expo-updates-interface:writeReleaseLintModelMetadata
2026-10-10T00:15:23.1490881Z > Task :expo:writeReleaseLintModelMetadata
2026-10-10T00:15:23.8491345Z 
2026-10-10T00:15:23.8519345Z > Task :app:createBundleReleaseJsAndAssets
2026-10-10T00:15:23.8549079Z Android Bundled 24640ms index.ts (835 modules)
2026-10-10T00:15:23.8550507Z Writing bundle output to: /home/runner/work/movefield/movefield/mobile/android/app/build/generated/assets/react/release/index.android.bundle
2026-10-10T00:15:23.9490504Z Writing sourcemap output to: /home/runner/work/movefield/movefield/mobile/android/app/build/intermediates/sourcemaps/react/release/index.android.bundle.packager.map
2026-10-10T00:15:24.0469222Z Copying 12 asset files
2026-10-10T00:15:24.0508843Z Done writing bundle output
2026-10-10T00:15:24.0509453Z Done writing sourcemap output
2026-10-10T00:15:28.2478906Z 
2026-10-10T00:15:28.2509350Z > Task :expo-modules-core:compileReleaseKotlin
2026-10-10T00:15:43.7488705Z > Task :expo-sqlite:mergeReleaseJniLibFolders
2026-10-10T00:15:43.8473223Z > Task :expo-sqlite:mergeReleaseNativeLibs
2026-10-10T00:15:43.9489476Z > Task :expo-sqlite:copyReleaseJniLibsProjectOnly
2026-10-10T00:15:43.9539419Z > Task :expo-sqlite:checkKotlinGradlePluginConfigurationErrors SKIPPED
2026-10-10T00:15:43.9568971Z > Task :expo-sqlite:generateReleaseBuildConfig
2026-10-10T00:15:43.9643028Z > Task :expo-sqlite:generateReleaseResValues
2026-10-10T00:15:43.9668998Z > Task :expo-sqlite:generateReleaseResources
2026-10-10T00:15:44.0476614Z > Task :expo-sqlite:packageReleaseResources
2026-10-10T00:15:44.0539241Z > Task :expo-sqlite:parseReleaseLocalResources
2026-10-10T00:15:44.0566538Z > Task :expo-sqlite:generateReleaseRFile
2026-10-10T00:15:44.0577156Z > Task :expo-sqlite:javaPreCompileRelease
2026-10-10T00:15:44.0622787Z > Task :expo-sqlite:writeReleaseAarMetadata
2026-10-10T00:15:44.0628852Z > Task :expo-sqlite:extractDeepLinksRelease
2026-10-10T00:15:44.0683105Z > Task :expo-sqlite:processReleaseManifest
2026-10-10T00:15:44.0718987Z > Task :expo-sqlite:compileReleaseLibraryResources
2026-10-10T00:15:44.1489389Z > Task :expo-sqlite:prepareReleaseArtProfile
2026-10-10T00:15:44.1508830Z > Task :expo-sqlite:mergeReleaseShaders
2026-10-10T00:15:44.1528889Z > Task :expo-sqlite:compileReleaseShaders NO-SOURCE
2026-10-10T00:15:44.1544981Z > Task :expo-sqlite:generateReleaseAssets UP-TO-DATE
2026-10-10T00:15:44.1589241Z > Task :expo-sqlite:mergeReleaseAssets
2026-10-10T00:15:44.1615418Z > Task :expo-sqlite:extractProguardFiles
2026-10-10T00:15:44.1618896Z > Task :expo-sqlite:prepareLintJarForPublish
2026-10-10T00:15:44.1689059Z > Task :expo-sqlite:stripReleaseDebugSymbols
2026-10-10T00:15:44.2469516Z > Task :expo-sqlite:copyReleaseJniLibsProjectAndLocalJars
2026-10-10T00:15:44.2525512Z > Task :expo-sqlite:extractDeepLinksForAarRelease
2026-10-10T00:15:44.2549006Z > Task :expo-sqlite:writeReleaseLintModelMetadata
2026-10-10T00:15:44.2584791Z > Task :react-native-async-storage_async-storage:writeReleaseLintModelMetadata
2026-10-10T00:15:44.2619068Z > Task :react-native-async-storage_async-storage:lintVitalAnalyzeRelease
2026-10-10T00:15:44.3489689Z > Task :react-native-async-storage_async-storage:generateReleaseLintVitalModel
2026-10-10T00:15:44.3509392Z > Task :react-native-safe-area-context:writeReleaseLintModelMetadata
2026-10-10T00:15:44.4489646Z > Task :react-native-safe-area-context:generateReleaseLintVitalModel
2026-10-10T00:15:47.1489330Z > Task :app:mergeReleaseNativeLibs
2026-10-10T00:15:48.9499450Z > Task :app:stripReleaseDebugSymbols
2026-10-10T00:15:49.4463790Z > Task :app:extractReleaseNativeSymbolTables
2026-10-10T00:15:51.0487197Z > Task :app:mergeReleaseNativeDebugMetadata
2026-10-10T00:15:51.5499583Z > Task :app:checkReleaseAarMetadata
2026-10-10T00:15:51.6529288Z > Task :app:generateReleaseResValues
2026-10-10T00:15:52.2476268Z > Task :app:mapReleaseSourceSetPaths
2026-10-10T00:15:52.2570378Z > Task :app:generateReleaseResources
2026-10-10T00:15:52.5468760Z 
2026-10-10T00:15:52.5499290Z > Task :expo-modules-core:compileReleaseKotlin
2026-10-10T00:15:52.5560396Z w: file:///home/runner/work/movefield/movefield/mobile/node_modules/expo-modules-core/android/src/main/java/expo/modules/apploader/AppLoaderProvider.kt:34:52 Unchecked cast of 'Class<*>!' to 'Class<out HeadlessAppLoader>'.
2026-10-10T00:15:52.5651125Z w: file:///home/runner/work/movefield/movefield/mobile/node_modules/expo-modules-core/android/src/main/java/expo/modules/kotlin/AppContext.kt:14:8 'class UIManagerModule : ReactContextBaseJavaModule, LifecycleEventListener, UIManager' is deprecated. Deprecated in Java.
2026-10-10T00:15:52.5740952Z w: file:///home/runner/work/movefield/movefield/mobile/node_modules/expo-modules-core/android/src/main/java/expo/modules/kotlin/AppContext.kt:22:8 'typealias ErrorManagerModule = JSLoggerModule' is deprecated. Use JSLoggerModule instead.
2026-10-10T00:15:52.5770568Z w: file:///home/runner/work/movefield/movefield/mobile/node_modules/expo-modules-core/android/src/main/java/expo/modules/kotlin/AppContext.kt:61:13 'val hostingRuntimeContext: MainRuntime' is deprecated. Use AppContext.runtimeContext instead.
2026-10-10T00:15:52.5830592Z w: file:///home/runner/work/movefield/movefield/mobile/node_modules/expo-modules-core/android/src/main/java/expo/modules/kotlin/AppContext.kt:271:21 'typealias ErrorManagerModule = JSLoggerModule' is deprecated. Use JSLoggerModule instead.
2026-10-10T00:15:52.5884776Z w: file:///home/runner/work/movefield/movefield/mobile/node_modules/expo-modules-core/android/src/main/java/expo/modules/kotlin/AppContext.kt:380:21 'val DEFAULT: Int' is deprecated. UIManagerType.DEFAULT will be deleted in the next release of React Native. Use [LEGACY] instead.
2026-10-10T00:15:52.5940849Z w: file:///home/runner/work/movefield/movefield/mobile/node_modules/expo-modules-core/android/src/main/java/expo/modules/kotlin/AppContext.kt:381:10 'class UIManagerModule : ReactContextBaseJavaModule, LifecycleEventListener, UIManager' is deprecated. Deprecated in Java.
2026-10-10T00:15:52.5985880Z w: file:///home/runner/work/movefield/movefield/mobile/node_modules/expo-modules-core/android/src/main/java/expo/modules/kotlin/defaultmodules/NativeModulesProxyModule.kt:16:5 'fun Constants(legacyConstantsProvider: () -> Map<String, Any?>): Unit' is deprecated. Use `Constant` or `Property` instead.
2026-10-10T00:15:52.6061220Z w: file:///home/runner/work/movefield/movefield/mobile/node_modules/expo-modules-core/android/src/main/java/expo/modules/kotlin/events/KModuleEventEmitterWrapper.kt:99:21 'fun getEventDispatcherForReactTag(context: ReactContext, reactTag: Int): EventDispatcher?' is deprecated. reactTag is no longer needed.
2026-10-10T00:15:52.6121189Z w: file:///home/runner/work/movefield/movefield/mobile/node_modules/expo-modules-core/android/src/main/java/expo/modules/kotlin/events/KModuleEventEmitterWrapper.kt:108:21 'fun getEventDispatcherForReactTag(context: ReactContext, reactTag: Int): EventDispatcher?' is deprecated. reactTag is no longer needed.
2026-10-10T00:15:52.6125759Z w: file:///home/runner/work/movefield/movefield/mobile/node_modules/expo-modules-core/android/src/main/java/expo/modules/kotlin/views/ViewDefinitionBuilder.kt:470:16 'val errorManager: JSLoggerModule?' is deprecated. Use AppContext.jsLogger instead.
2026-10-10T00:15:52.6160936Z w: file:///home/runner/work/movefield/movefield/mobile/node_modules/expo-modules-core/android/src/main/java/expo/modules/kotlin/views/ViewDefinitionBuilder.kt:470:30 'fun reportExceptionToLogBox(codedException: CodedException): Unit' is deprecated. Use appContext.jsLogger.error(...) instead.
2026-10-10T00:15:52.6187083Z w: file:///home/runner/work/movefield/movefield/mobile/node_modules/expo-modules-core/android/src/main/java/expo/modules/kotlin/views/ViewManagerDefinition.kt:41:16 'val errorManager: JSLoggerModule?' is deprecated. Use AppContext.jsLogger instead.
2026-10-10T00:15:52.6191429Z w: file:///home/runner/work/movefield/movefield/mobile/node_modules/expo-modules-core/android/src/main/java/expo/modules/kotlin/views/ViewManagerDefinition.kt:41:30 'fun reportExceptionToLogBox(codedException: CodedException): Unit' is deprecated. Use appContext.jsLogger.error(...) instead.
2026-10-10T00:15:55.0469328Z Note: Some input files use or override a deprecated API.
2026-10-10T00:15:55.0469826Z 
2026-10-10T00:15:55.0519767Z > Task :expo-modules-core:compileReleaseJavaWithJavac
2026-10-10T00:15:55.0556641Z Note: Recompile with -Xlint:deprecation for details.
2026-10-10T00:15:57.8463989Z 
2026-10-10T00:15:57.8479574Z > Task :expo-modules-core:bundleLibCompileToJarRelease
2026-10-10T00:15:58.4464491Z > Task :app:mergeReleaseResources
2026-10-10T00:15:58.5509573Z > Task :expo-dev-client:compileReleaseKotlin NO-SOURCE
2026-10-10T00:15:59.0499418Z > Task :expo-dev-client:compileReleaseJavaWithJavac
2026-10-10T00:15:59.0579147Z > Task :expo-dev-client:bundleLibCompileToJarRelease
2026-10-10T00:15:59.7463860Z 
2026-10-10T00:15:59.7513175Z > Task :expo-constants:compileReleaseKotlin
2026-10-10T00:15:59.7550548Z w: file:///home/runner/work/movefield/movefield/mobile/node_modules/expo-constants/android/src/main/java/expo/modules/constants/ConstantsModule.kt:13:5 'fun Constants(legacyConstantsProvider: () -> Map<String, Any?>): Unit' is deprecated. Use `Constant` or `Property` instead.
2026-10-10T00:15:59.7558902Z 
2026-10-10T00:15:59.7559397Z > Task :react-native-async-storage_async-storage:lintAnalyzeRelease
2026-10-10T00:16:00.6469375Z > Task :expo-constants:compileReleaseJavaWithJavac
2026-10-10T00:16:00.7496248Z > Task :expo-constants:bundleLibCompileToJarRelease
2026-10-10T00:16:00.7549403Z > Task :expo-dev-menu-interface:compileReleaseKotlin NO-SOURCE
2026-10-10T00:16:01.0470147Z > Task :expo-dev-menu-interface:compileReleaseJavaWithJavac
2026-10-10T00:16:01.0513753Z > Task :expo-dev-menu-interface:bundleLibCompileToJarRelease
2026-10-10T00:16:01.7519649Z > Task :expo-json-utils:compileReleaseKotlin
2026-10-10T00:16:02.0469426Z > Task :expo-json-utils:compileReleaseJavaWithJavac
2026-10-10T00:16:02.1464482Z > Task :expo-json-utils:bundleLibCompileToJarRelease
2026-10-10T00:16:02.1549269Z > Task :expo-dev-menu:compileReleaseKotlin
2026-10-10T00:16:02.3498795Z 
2026-10-10T00:16:02.3583034Z > Task :expo-dev-launcher:compileReleaseKotlin
2026-10-10T00:16:02.3671358Z w: file:///home/runner/work/movefield/movefield/mobile/node_modules/expo-dev-launcher/android/src/main/java/expo/modules/devlauncher/DevLauncherPackage.kt:15:16 This declaration overrides a deprecated member but is not marked as deprecated itself. Add the '@Deprecated' annotation or suppress the diagnostic.
2026-10-10T00:16:06.1466181Z 
2026-10-10T00:16:06.1503611Z > Task :expo-log-box:compileReleaseKotlin
2026-10-10T00:16:06.2519707Z > Task :expo-dev-launcher:compileReleaseJavaWithJavac
2026-10-10T00:16:06.2559534Z The Daemon will expire after the build after running out of JVM Metaspace.
2026-10-10T00:16:06.2589998Z The project memory settings are likely not configured or are configured to an insufficient value.
2026-10-10T00:16:06.2595273Z The daemon will restart for the next build, which may increase subsequent build times.
2026-10-10T00:16:06.2605549Z These settings can be adjusted by setting 'org.gradle.jvmargs' in 'gradle.properties'.
2026-10-10T00:16:06.2607248Z The currently configured max heap space is '2 GiB' and the configured max metaspace is '512 MiB'.
2026-10-10T00:16:06.2609675Z For more information on how to set these values, please refer to https://docs.gradle.org/9.3.1/userguide/build_environment.html#sec:configuring_jvm_memory in the Gradle documentation.
2026-10-10T00:16:06.2611589Z To disable this warning, set 'org.gradle.daemon.performance.disable-logging=true'.
2026-10-10T00:16:06.2614235Z > Task :expo-dev-launcher:bundleLibCompileToJarRelease
2026-10-10T00:16:06.3464986Z > Task :expo-dev-menu:compileReleaseJavaWithJavac
2026-10-10T00:16:06.3508994Z > Task :expo-dev-menu:bundleLibCompileToJarRelease
2026-10-10T00:16:07.4470155Z > Task :react-native-safe-area-context:lintVitalAnalyzeRelease
2026-10-10T00:16:07.6479337Z > Task :expo-log-box:compileReleaseJavaWithJavac
2026-10-10T00:16:07.6519229Z > Task :expo-log-box:bundleLibCompileToJarRelease
2026-10-10T00:16:07.6569171Z > Task :expo-log-box:bundleLibRuntimeToDirRelease
2026-10-10T00:16:07.7548821Z 
2026-10-10T00:16:07.7669392Z > Task :expo-manifests:compileReleaseKotlin
2026-10-10T00:16:07.7731331Z w: file:///home/runner/work/movefield/movefield/mobile/node_modules/expo-manifests/android/src/main/java/expo/modules/manifests/core/EmbeddedManifest.kt:19:16 This declaration overrides a deprecated member but is not marked as deprecated itself. Add the '@Deprecated' annotation or suppress the diagnostic.
2026-10-10T00:16:07.7790860Z w: file:///home/runner/work/movefield/movefield/mobile/node_modules/expo-manifests/android/src/main/java/expo/modules/manifests/core/EmbeddedManifest.kt:19:86 'fun getLegacyID(): String' is deprecated. Prefer scopeKey or projectId depending on use case.
2026-10-10T00:16:07.7851277Z w: file:///home/runner/work/movefield/movefield/mobile/node_modules/expo-manifests/android/src/main/java/expo/modules/manifests/core/ExpoUpdatesManifest.kt:16:16 This declaration overrides a deprecated member but is not marked as deprecated itself. Add the '@Deprecated' annotation or suppress the diagnostic.
2026-10-10T00:16:07.7940662Z w: file:///home/runner/work/movefield/movefield/mobile/node_modules/expo-manifests/android/src/main/java/expo/modules/manifests/core/Manifest.kt:13:3 Deprecations and opt-ins on a method overridden from 'Any' may not be reported.
2026-10-10T00:16:07.8000439Z w: file:///home/runner/work/movefield/movefield/mobile/node_modules/expo-manifests/android/src/main/java/expo/modules/manifests/core/Manifest.kt:15:12 'fun getRawJson(): JSONObject' is deprecated. Prefer to use specific field getters.
2026-10-10T00:16:08.0466305Z 
2026-10-10T00:16:08.0490257Z > Task :expo-manifests:compileReleaseJavaWithJavac
2026-10-10T00:16:08.0519077Z > Task :expo-manifests:bundleLibCompileToJarRelease
2026-10-10T00:16:08.1529537Z > Task :expo-dev-launcher:bundleLibRuntimeToDirRelease
2026-10-10T00:16:08.1571435Z > Task :expo-dev-menu-interface:bundleLibRuntimeToDirRelease
2026-10-10T00:16:08.3489491Z > Task :expo-updates-interface:compileReleaseKotlin
2026-10-10T00:16:08.3569354Z > Task :expo-constants:bundleLibRuntimeToDirRelease
2026-10-10T00:16:08.6473972Z > Task :expo-dev-client:bundleLibRuntimeToDirRelease
2026-10-10T00:16:08.6501745Z > Task :expo-updates-interface:compileReleaseJavaWithJavac
2026-10-10T00:16:08.6578588Z > Task :expo-dev-menu:bundleLibRuntimeToDirRelease
2026-10-10T00:16:08.6579529Z > Task :expo-updates-interface:bundleLibCompileToJarRelease
2026-10-10T00:16:08.7521061Z > Task :expo-manifests:bundleLibRuntimeToDirRelease
2026-10-10T00:16:08.7563466Z > Task :expo-json-utils:bundleLibRuntimeToDirRelease
2026-10-10T00:16:08.8469578Z > Task :expo-updates-interface:bundleLibRuntimeToDirRelease
2026-10-10T00:16:09.1529489Z > Task :expo-modules-core:bundleLibRuntimeToDirRelease
2026-10-10T00:16:09.6466432Z > Task :app:packageReleaseResources
2026-10-10T00:16:09.6478889Z > Task :app:parseReleaseLocalResources
2026-10-10T00:16:09.6542509Z > Task :app:createReleaseCompatibleScreenManifests
2026-10-10T00:16:09.7479344Z > Task :app:extractDeepLinksRelease
2026-10-10T00:16:10.2463929Z > Task :expo-log-box:bundleLibRuntimeToJarRelease
2026-10-10T00:16:10.5479570Z > Task :expo-dev-launcher:bundleLibRuntimeToJarRelease
2026-10-10T00:16:10.6470890Z > Task :expo-dev-menu-interface:bundleLibRuntimeToJarRelease
2026-10-10T00:16:10.8464030Z > Task :expo-modules-core:bundleLibRuntimeToJarRelease
2026-10-10T00:16:10.9488856Z 
2026-10-10T00:16:10.9519346Z > Task :app:processReleaseMainManifest
2026-10-10T00:16:10.9569722Z /home/runner/work/movefield/movefield/mobile/android/app/src/main/AndroidManifest.xml:3:3-142 Warning:
2026-10-10T00:16:10.9609531Z 	uses-permission#android.permission.CAMERA was tagged at AndroidManifest.xml:3 to remove other declarations but no other declaration present
2026-10-10T00:16:10.9651164Z /home/runner/work/movefield/movefield/mobile/android/app/src/main/AndroidManifest.xml:7:3-88 Warning:
2026-10-10T00:16:10.9699682Z 	uses-permission#android.permission.RECORD_AUDIO was tagged at AndroidManifest.xml:7 to remove other declarations but no other declaration present
2026-10-10T00:16:10.9701653Z /home/runner/work/movefield/movefield/mobile/android/app/src/main/AndroidManifest.xml:8:3-95 Warning:
2026-10-10T00:16:10.9739628Z 	uses-permission#android.permission.SYSTEM_ALERT_WINDOW was tagged at AndroidManifest.xml:8 to remove other declarations but no other declaration present
2026-10-10T00:16:10.9769368Z /home/runner/work/movefield/movefield/mobile/android/app/src/main/AndroidManifest.xml Warning:
2026-10-10T00:16:10.9799854Z 	provider#expo.modules.filesystem.FileSystemFileProvider@android:authorities was tagged at AndroidManifest.xml:0 to replace other declarations but no other declaration present
2026-10-10T00:16:10.9858603Z 
2026-10-10T00:16:10.9889015Z > Task :app:expoReleaseOverrideMaxSdkConflicts
2026-10-10T00:16:10.9890732Z [33m---------- Expo Max Sdk Override Plugin ----------[0m
2026-10-10T00:16:10.9992063Z [32m>>> No 'android:maxSdkVersion' conflicts found[0m
2026-10-10T00:16:11.0059101Z [33m--------------------------------------------------[0m
2026-10-10T00:16:11.3479570Z 
2026-10-10T00:16:11.3489237Z > Task :app:processReleaseManifest
2026-10-10T00:16:11.3518966Z > Task :app:processReleaseManifestForPackage
2026-10-10T00:16:15.0464446Z > Task :expo-sqlite:compileReleaseKotlin
2026-10-10T00:16:15.4489470Z > Task :expo-sqlite:compileReleaseJavaWithJavac
2026-10-10T00:16:15.4549110Z > Task :expo-sqlite:bundleLibCompileToJarRelease
2026-10-10T00:16:16.2464363Z > Task :app:processReleaseResources
2026-10-10T00:16:16.4489493Z > Task :expo-sqlite:bundleLibRuntimeToDirRelease
2026-10-10T00:16:20.5488686Z 
2026-10-10T00:16:20.5549351Z > Task :expo:compileReleaseKotlin
2026-10-10T00:16:20.5552352Z w: file:///home/runner/work/movefield/movefield/mobile/node_modules/expo/android/src/main/java/expo/modules/ExpoModulesPackage.kt:34:16 This declaration overrides a deprecated member but is not marked as deprecated itself. Add the '@Deprecated' annotation or suppress the diagnostic.
2026-10-10T00:16:20.5580422Z w: file:///home/runner/work/movefield/movefield/mobile/node_modules/expo/android/src/main/java/expo/modules/ReactActivityDelegateWrapper.kt:22:8 'class ReactInstanceManager : Any' is deprecated. Deprecated in Java.
2026-10-10T00:16:20.5606746Z w: file:///home/runner/work/movefield/movefield/mobile/node_modules/expo/android/src/main/java/expo/modules/ReactActivityDelegateWrapper.kt:102:16 This declaration overrides a deprecated member but is not marked as deprecated itself. Add the '@Deprecated' annotation or suppress the diagnostic.
2026-10-10T00:16:20.5640343Z w: file:///home/runner/work/movefield/movefield/mobile/node_modules/expo/android/src/main/java/expo/modules/ReactActivityDelegateWrapper.kt:102:43 'class ReactInstanceManager : Any' is deprecated. Deprecated in Java.
2026-10-10T00:16:20.5670819Z w: file:///home/runner/work/movefield/movefield/mobile/node_modules/expo/android/src/main/java/expo/modules/ReactActivityDelegateWrapper.kt:103:21 'val reactInstanceManager: ReactInstanceManager' is deprecated. Deprecated in Java.
2026-10-10T00:16:20.5700484Z w: file:///home/runner/work/movefield/movefield/mobile/node_modules/expo/android/src/main/java/expo/modules/fetch/ExpoFetchModule.kt:33:39 'constructor(reactContext: ReactContext): ForwardingCookieHandler' is deprecated. Use the default constructor.
2026-10-10T00:16:20.5704605Z w: file:///home/runner/work/movefield/movefield/mobile/node_modules/expo/android/src/main/java/expo/modules/fetch/NativeResponse.kt:44:16 This declaration overrides a deprecated member but is not marked as deprecated itself. Add the '@Deprecated' annotation or suppress the diagnostic.
2026-10-10T00:16:20.5730734Z w: file:///home/runner/work/movefield/movefield/mobile/node_modules/expo/android/src/main/java/expo/modules/fetch/NativeResponse.kt:46:11 'fun deallocate(): Unit' is deprecated. Use sharedObjectDidRelease() instead.
2026-10-10T00:16:22.7468894Z 
2026-10-10T00:16:22.7489588Z > Task :expo:compileReleaseJavaWithJavac
2026-10-10T00:16:22.8464207Z > Task :expo:bundleLibRuntimeToDirRelease
2026-10-10T00:16:24.4464072Z > Task :expo:bundleLibCompileToJarRelease
2026-10-10T00:16:26.8486854Z > Task :app:compileReleaseKotlin
2026-10-10T00:16:26.8539120Z > Task :app:javaPreCompileRelease
2026-10-10T00:16:27.3499272Z > Task :expo:bundleLibRuntimeToJarRelease
2026-10-10T00:16:27.4490123Z > Task :app:compileReleaseJavaWithJavac
2026-10-10T00:16:28.7464088Z > Task :app:dexBuilderRelease
2026-10-10T00:16:28.7562126Z > Task :expo-constants:bundleLibRuntimeToJarRelease
2026-10-10T00:16:28.7590641Z > Task :expo-dev-client:bundleLibRuntimeToJarRelease
2026-10-10T00:16:28.7629004Z > Task :app:desugarReleaseFileDependencies
2026-10-10T00:16:28.7638999Z > Task :app:mergeReleaseStartupProfile
2026-10-10T00:16:28.8490877Z > Task :expo-manifests:bundleLibRuntimeToJarRelease
2026-10-10T00:16:29.2469532Z > Task :expo-dev-menu:bundleLibRuntimeToJarRelease
2026-10-10T00:16:29.3469381Z > Task :expo-sqlite:bundleLibRuntimeToJarRelease
2026-10-10T00:16:37.8479346Z > Task :expo:processReleaseJavaRes
2026-10-10T00:16:37.8508961Z > Task :expo:createFullJarRelease
2026-10-10T00:16:37.9489449Z > Task :expo-constants:processReleaseJavaRes
2026-10-10T00:16:37.9490247Z > Task :expo-constants:createFullJarRelease
2026-10-10T00:16:38.0464032Z > Task :expo-modules-core:processReleaseJavaRes
2026-10-10T00:16:38.0479028Z > Task :expo-modules-core:createFullJarRelease
2026-10-10T00:16:38.3464574Z > Task :expo-json-utils:bundleLibRuntimeToJarRelease
2026-10-10T00:16:38.3474629Z > Task :expo-dev-client:processReleaseJavaRes NO-SOURCE
2026-10-10T00:16:38.3500535Z > Task :expo-dev-client:createFullJarRelease
2026-10-10T00:16:38.3529139Z > Task :expo-dev-launcher:processReleaseJavaRes
2026-10-10T00:16:38.3548953Z > Task :expo-dev-launcher:createFullJarRelease
2026-10-10T00:16:38.3559130Z > Task :expo-dev-menu:processReleaseJavaRes
2026-10-10T00:16:38.3582958Z > Task :expo-dev-menu:createFullJarRelease
2026-10-10T00:16:38.4465069Z > Task :expo-dev-menu-interface:processReleaseJavaRes NO-SOURCE
2026-10-10T00:16:38.4499054Z > Task :expo-dev-menu-interface:createFullJarRelease
2026-10-10T00:16:38.4499835Z > Task :expo-json-utils:processReleaseJavaRes
2026-10-10T00:16:38.4528954Z > Task :expo-json-utils:createFullJarRelease
2026-10-10T00:16:38.4558938Z > Task :expo-log-box:processReleaseJavaRes
2026-10-10T00:16:38.4559641Z > Task :expo-log-box:createFullJarRelease
2026-10-10T00:16:38.4560304Z > Task :expo-manifests:processReleaseJavaRes
2026-10-10T00:16:38.4560990Z > Task :expo-manifests:createFullJarRelease
2026-10-10T00:16:38.4561616Z > Task :expo-sqlite:processReleaseJavaRes
2026-10-10T00:16:38.4562206Z > Task :expo-sqlite:createFullJarRelease
2026-10-10T00:16:38.5464388Z > Task :expo-updates-interface:processReleaseJavaRes
2026-10-10T00:16:38.5479017Z > Task :expo:extractReleaseAnnotations
2026-10-10T00:16:38.5508980Z > Task :expo:mergeReleaseGeneratedProguardFiles
2026-10-10T00:16:38.5519088Z > Task :expo:mergeReleaseConsumerProguardFiles
2026-10-10T00:16:38.5549696Z > Task :expo-updates-interface:bundleLibRuntimeToJarRelease
2026-10-10T00:16:38.6519595Z > Task :expo-updates-interface:createFullJarRelease
2026-10-10T00:16:38.6559177Z > Task :expo-log-box:extractReleaseAnnotations
2026-10-10T00:16:38.6560136Z > Task :expo-log-box:mergeReleaseGeneratedProguardFiles
2026-10-10T00:16:38.6619252Z > Task :expo-log-box:mergeReleaseConsumerProguardFiles
2026-10-10T00:16:38.7482492Z > Task :expo-log-box:mergeReleaseJavaResource
2026-10-10T00:16:38.7509273Z > Task :expo-log-box:syncReleaseLibJars
2026-10-10T00:16:38.7539056Z > Task :expo-log-box:bundleReleaseLocalLintAar
2026-10-10T00:16:38.7555477Z > Task :expo-dev-launcher:extractReleaseAnnotations
2026-10-10T00:16:38.7569171Z > Task :expo-dev-launcher:mergeReleaseGeneratedProguardFiles
2026-10-10T00:16:38.7599136Z > Task :expo-dev-launcher:mergeReleaseConsumerProguardFiles
2026-10-10T00:16:38.8464627Z > Task :expo-modules-core:generateReleaseLintModel
2026-10-10T00:16:38.9489585Z > Task :expo-constants:generateReleaseLintModel
2026-10-10T00:16:38.9519124Z > Task :expo-dev-client:generateReleaseLintModel
2026-10-10T00:16:39.9479703Z > Task :expo-dev-launcher:mergeReleaseJavaResource
2026-10-10T00:16:40.7479606Z > Task :expo-dev-launcher:generateReleaseLintModel
2026-10-10T00:16:40.8469509Z > Task :expo-dev-menu-interface:generateReleaseLintModel
2026-10-10T00:16:40.8529052Z > Task :expo-json-utils:generateReleaseLintModel
2026-10-10T00:16:41.1489298Z > Task :expo-dev-menu:generateReleaseLintModel
2026-10-10T00:16:41.2469795Z > Task :expo-manifests:generateReleaseLintModel
2026-10-10T00:16:41.4469398Z > Task :expo-sqlite:generateReleaseLintModel
2026-10-10T00:16:41.4493290Z > Task :expo-updates-interface:generateReleaseLintModel
2026-10-10T00:16:41.4518993Z > Task :expo-dev-launcher:syncReleaseLibJars
2026-10-10T00:16:41.4548988Z > Task :expo-dev-launcher:bundleReleaseLocalLintAar
2026-10-10T00:16:41.4579034Z > Task :expo-dev-menu-interface:extractReleaseAnnotations
2026-10-10T00:16:41.4600644Z > Task :expo-dev-menu-interface:mergeReleaseGeneratedProguardFiles
2026-10-10T00:16:41.4609105Z > Task :expo-dev-menu-interface:mergeReleaseConsumerProguardFiles
2026-10-10T00:16:41.4669055Z > Task :expo-dev-menu-interface:mergeReleaseJavaResource
2026-10-10T00:16:41.5470066Z > Task :expo-dev-menu-interface:syncReleaseLibJars
2026-10-10T00:16:41.5493441Z > Task :expo-dev-menu-interface:bundleReleaseLocalLintAar
2026-10-10T00:16:41.5539017Z > Task :expo-modules-core:extractReleaseAnnotations
2026-10-10T00:16:41.5569072Z > Task :expo-modules-core:mergeReleaseGeneratedProguardFiles
2026-10-10T00:16:41.5598980Z > Task :expo-modules-core:mergeReleaseConsumerProguardFiles
2026-10-10T00:16:41.6497249Z > Task :expo-modules-core:mergeReleaseJavaResource
2026-10-10T00:16:42.2489535Z > Task :expo-modules-core:syncReleaseLibJars
2026-10-10T00:16:42.2499069Z > Task :expo-modules-core:bundleReleaseLocalLintAar
2026-10-10T00:16:42.4479405Z > Task :expo-constants:extractReleaseAnnotations
2026-10-10T00:16:42.4509080Z > Task :expo-constants:mergeReleaseGeneratedProguardFiles
2026-10-10T00:16:42.4539008Z > Task :expo-constants:mergeReleaseConsumerProguardFiles
2026-10-10T00:16:42.4568934Z > Task :expo-constants:mergeReleaseJavaResource
2026-10-10T00:16:42.4659225Z > Task :expo-constants:syncReleaseLibJars
2026-10-10T00:16:42.4684605Z > Task :expo-constants:bundleReleaseLocalLintAar
2026-10-10T00:16:42.5469341Z > Task :expo-dev-client:extractReleaseAnnotations
2026-10-10T00:16:42.5499103Z > Task :expo-dev-client:mergeReleaseGeneratedProguardFiles
2026-10-10T00:16:42.5512867Z > Task :expo-dev-client:mergeReleaseConsumerProguardFiles
2026-10-10T00:16:58.7471583Z > Task :app:mergeExtDexRelease
2026-10-10T00:17:06.5479465Z > Task :expo:mergeReleaseJavaResource
2026-10-10T00:17:06.5499092Z > Task :expo:syncReleaseLibJars
2026-10-10T00:17:06.5549876Z > Task :expo:bundleReleaseLocalLintAar
2026-10-10T00:17:06.6472052Z > Task :expo-dev-menu:extractReleaseAnnotations
2026-10-10T00:17:06.6496708Z > Task :expo-dev-menu:mergeReleaseGeneratedProguardFiles
2026-10-10T00:17:06.6509468Z > Task :expo-dev-menu:mergeReleaseConsumerProguardFiles
2026-10-10T00:17:06.6539971Z > Task :expo-dev-client:mergeReleaseJavaResource
2026-10-10T00:17:06.6561730Z > Task :expo-dev-client:syncReleaseLibJars
2026-10-10T00:17:06.6570671Z > Task :expo-dev-client:bundleReleaseLocalLintAar
2026-10-10T00:17:06.6619055Z > Task :expo-manifests:extractReleaseAnnotations
2026-10-10T00:17:06.6629206Z > Task :expo-manifests:mergeReleaseGeneratedProguardFiles
2026-10-10T00:17:06.6659109Z > Task :expo-manifests:mergeReleaseConsumerProguardFiles
2026-10-10T00:17:06.7489765Z > Task :expo-dev-menu:mergeReleaseJavaResource
2026-10-10T00:17:06.7499248Z > Task :expo-dev-menu:syncReleaseLibJars
2026-10-10T00:17:06.8509486Z > Task :expo-dev-menu:bundleReleaseLocalLintAar
2026-10-10T00:17:06.8555729Z > Task :expo-json-utils:extractReleaseAnnotations
2026-10-10T00:17:06.8599099Z > Task :expo-json-utils:mergeReleaseGeneratedProguardFiles
2026-10-10T00:17:06.8629013Z > Task :expo-json-utils:mergeReleaseConsumerProguardFiles
2026-10-10T00:17:06.9479497Z > Task :expo-log-box:generateReleaseLintModel
2026-10-10T00:17:07.3473169Z > Task :expo-json-utils:mergeReleaseJavaResource
2026-10-10T00:17:07.3497960Z > Task :expo-json-utils:syncReleaseLibJars
2026-10-10T00:17:07.3551317Z > Task :expo-json-utils:bundleReleaseLocalLintAar
2026-10-10T00:17:07.4464585Z > Task :expo-sqlite:extractReleaseAnnotations
2026-10-10T00:17:07.4479027Z > Task :expo-sqlite:mergeReleaseGeneratedProguardFiles
2026-10-10T00:17:07.4479905Z > Task :expo-sqlite:mergeReleaseConsumerProguardFiles
2026-10-10T00:17:07.4509032Z > Task :expo-sqlite:mergeReleaseJavaResource
2026-10-10T00:17:07.5479341Z > Task :expo-sqlite:syncReleaseLibJars
2026-10-10T00:17:07.5539001Z > Task :expo-sqlite:bundleReleaseLocalLintAar
2026-10-10T00:17:07.6481631Z > Task :expo-updates-interface:extractReleaseAnnotations
2026-10-10T00:17:07.6519208Z > Task :expo-updates-interface:mergeReleaseGeneratedProguardFiles
2026-10-10T00:17:07.6548948Z > Task :expo-updates-interface:mergeReleaseConsumerProguardFiles
2026-10-10T00:17:07.6578852Z > Task :expo-updates-interface:mergeReleaseJavaResource
2026-10-10T00:17:07.6608761Z > Task :expo-updates-interface:syncReleaseLibJars
2026-10-10T00:17:07.6638972Z > Task :expo-updates-interface:bundleReleaseLocalLintAar
2026-10-10T00:17:07.7482932Z > Task :expo-manifests:mergeReleaseJavaResource
2026-10-10T00:17:07.7506708Z > Task :expo-manifests:syncReleaseLibJars
2026-10-10T00:17:07.8489586Z > Task :expo-manifests:bundleReleaseLocalLintAar
2026-10-10T00:17:09.4489340Z > Task :expo:generateReleaseLintModel
2026-10-10T00:17:09.5464131Z > Task :expo-constants:lintVitalAnalyzeRelease
2026-10-10T00:17:10.3469480Z > Task :expo-dev-client:lintVitalAnalyzeRelease
2026-10-10T00:17:14.4492461Z > Task :expo-dev-launcher:lintVitalAnalyzeRelease
2026-10-10T00:17:14.4539082Z > Task :app:mergeReleaseArtProfile
2026-10-10T00:17:16.1479808Z > Task :expo-dev-menu:lintVitalAnalyzeRelease
2026-10-10T00:17:16.1539177Z > Task :app:mergeReleaseShaders
2026-10-10T00:17:16.1559176Z > Task :app:compileReleaseShaders NO-SOURCE
2026-10-10T00:17:16.1629282Z > Task :app:generateReleaseAssets UP-TO-DATE
2026-10-10T00:17:16.2469545Z > Task :app:mergeReleaseGlobalSynthetics
2026-10-10T00:17:16.9489282Z > Task :app:mergeReleaseAssets
2026-10-10T00:17:16.9549425Z > Task :expo-dev-menu-interface:lintVitalAnalyzeRelease
2026-10-10T00:17:17.0519262Z > Task :app:compressReleaseAssets
2026-10-10T00:17:17.3482309Z > Task :app:extractReleaseVersionControlInfo
2026-10-10T00:17:17.3499001Z > Task :app:extractProguardFiles
2026-10-10T00:17:18.3499453Z > Task :expo-json-utils:lintVitalAnalyzeRelease
2026-10-10T00:17:20.1464105Z > Task :app:generateReleaseLintVitalReportModel
2026-10-10T00:17:21.7490872Z > Task :expo-manifests:lintVitalAnalyzeRelease
2026-10-10T00:17:24.3489431Z > Task :expo:lintVitalAnalyzeRelease
2026-10-10T00:17:26.0470145Z > Task :expo-log-box:lintVitalAnalyzeRelease
2026-10-10T00:17:27.4469230Z > Task :app:mergeDexRelease
2026-10-10T00:17:28.1481429Z > Task :expo-updates-interface:lintVitalAnalyzeRelease
2026-10-10T00:17:28.2479690Z > Task :expo:generateReleaseLintVitalModel
2026-10-10T00:17:28.2489200Z > Task :expo-constants:generateReleaseLintVitalModel
2026-10-10T00:17:28.2519243Z > Task :expo-dev-client:generateReleaseLintVitalModel
2026-10-10T00:17:28.3489650Z > Task :expo-dev-launcher:generateReleaseLintVitalModel
2026-10-10T00:17:28.3490797Z > Task :expo-dev-menu:generateReleaseLintVitalModel
2026-10-10T00:17:28.3529254Z > Task :expo-dev-menu-interface:generateReleaseLintVitalModel
2026-10-10T00:17:28.4482188Z > Task :expo-json-utils:generateReleaseLintVitalModel
2026-10-10T00:17:28.4539203Z > Task :expo-log-box:generateReleaseLintVitalModel
2026-10-10T00:17:28.4570183Z > Task :expo-manifests:generateReleaseLintVitalModel
2026-10-10T00:17:28.5464120Z > Task :expo-modules-core:generateReleaseLintVitalModel
2026-10-10T00:17:28.5519279Z > Task :expo-sqlite:generateReleaseLintVitalModel
2026-10-10T00:17:28.6490959Z > Task :expo-updates-interface:generateReleaseLintVitalModel
2026-10-10T00:17:28.6509014Z > Task :app:processReleaseJavaRes
2026-10-10T00:17:29.2469306Z > Task :app:compileReleaseArtProfile
2026-10-10T00:17:32.1465194Z > Task :expo-sqlite:lintVitalAnalyzeRelease
2026-10-10T00:17:32.9509273Z > Task :app:optimizeReleaseResources
2026-10-10T00:17:32.9538912Z > Task :app:mergeReleaseJavaResource
2026-10-10T00:17:33.3479316Z > Task :app:collectReleaseDependencies
2026-10-10T00:17:33.4479309Z > Task :app:sdkReleaseDependencyData
2026-10-10T00:17:33.4509083Z > Task :app:validateSigningRelease
2026-10-10T00:17:33.4568958Z > Task :app:writeReleaseAppMetadata
2026-10-10T00:17:33.4629052Z > Task :app:writeReleaseSigningConfigVersions
2026-10-10T00:17:33.5503922Z > Task :app:generateReleaseLintReportModel
2026-10-10T00:17:33.5529169Z > Task :app:bundleReleaseClassesToCompileJar
2026-10-10T00:17:33.5559164Z > Task :app:preReleaseUnitTestBuild
2026-10-10T00:17:33.6489584Z > Task :app:generateReleaseUnitTestLintModel
2026-10-10T00:17:33.6490567Z > Task :expo:preReleaseUnitTestBuild
2026-10-10T00:17:43.4464314Z > Task :expo:generateReleaseUnitTestLintModel
2026-10-10T00:17:43.4509912Z > Task :expo-constants:preReleaseUnitTestBuild
2026-10-10T00:17:43.5469554Z > Task :expo-constants:generateReleaseUnitTestLintModel
2026-10-10T00:17:43.5497166Z > Task :expo-dev-client:preReleaseUnitTestBuild UP-TO-DATE
2026-10-10T00:17:43.5519181Z > Task :expo-dev-client:generateReleaseUnitTestLintModel
2026-10-10T00:17:43.5549160Z > Task :expo-dev-launcher:preReleaseUnitTestBuild UP-TO-DATE
2026-10-10T00:17:49.9464396Z > Task :react-native-safe-area-context:lintAnalyzeRelease
2026-10-10T00:17:50.4479318Z > Task :app:lintAnalyzeReleaseUnitTest
2026-10-10T00:17:51.7470512Z > Task :expo-modules-core:lintVitalAnalyzeRelease
2026-10-10T00:17:52.9468629Z > Task :expo-dev-launcher:generateReleaseUnitTestLintModel
2026-10-10T00:17:52.9531501Z > Task :expo-dev-menu:preReleaseUnitTestBuild UP-TO-DATE
2026-10-10T00:17:53.0489527Z > Task :expo-dev-menu:generateReleaseUnitTestLintModel
2026-10-10T00:17:53.0519343Z > Task :expo-dev-menu-interface:preReleaseUnitTestBuild UP-TO-DATE
2026-10-10T00:17:53.0540522Z > Task :expo-dev-menu-interface:generateReleaseUnitTestLintModel
2026-10-10T00:17:53.0579153Z > Task :expo-json-utils:preReleaseUnitTestBuild UP-TO-DATE
2026-10-10T00:17:53.9479411Z > Task :expo-json-utils:generateReleaseUnitTestLintModel
2026-10-10T00:17:53.9480308Z > Task :expo-log-box:preReleaseUnitTestBuild UP-TO-DATE
2026-10-10T00:17:53.9528477Z > Task :expo-log-box:generateReleaseUnitTestLintModel
2026-10-10T00:17:53.9589342Z > Task :expo-manifests:preReleaseUnitTestBuild UP-TO-DATE
2026-10-10T00:17:54.4479717Z > Task :expo-manifests:generateReleaseUnitTestLintModel
2026-10-10T00:17:54.4519200Z > Task :expo-modules-core:preReleaseUnitTestBuild UP-TO-DATE
2026-10-10T00:17:56.4467891Z > Task :expo-modules-core:generateReleaseUnitTestLintModel
2026-10-10T00:17:56.4509123Z > Task :expo-sqlite:preReleaseUnitTestBuild UP-TO-DATE
2026-10-10T00:17:56.4559203Z > Task :expo-sqlite:generateReleaseUnitTestLintModel
2026-10-10T00:17:56.4568646Z > Task :expo-updates-interface:preReleaseUnitTestBuild UP-TO-DATE
2026-10-10T00:17:56.4612212Z > Task :expo-updates-interface:generateReleaseUnitTestLintModel
2026-10-10T00:17:56.4636027Z > Task :react-native-async-storage_async-storage:preReleaseUnitTestBuild
2026-10-10T00:17:56.5464652Z > Task :react-native-async-storage_async-storage:generateReleaseUnitTestLintModel
2026-10-10T00:17:56.5489218Z > Task :react-native-safe-area-context:preReleaseUnitTestBuild
2026-10-10T00:17:56.5515578Z > Task :react-native-safe-area-context:generateReleaseUnitTestLintModel
2026-10-10T00:17:56.6469398Z > Task :app:bundleReleaseClassesToRuntimeJar
2026-10-10T00:17:56.6489177Z > Task :app:compileReleaseUnitTestKotlin NO-SOURCE
2026-10-10T00:17:56.6519004Z > Task :app:javaPreCompileReleaseUnitTest
2026-10-10T00:17:56.6529002Z > Task :app:compileReleaseUnitTestJavaWithJavac NO-SOURCE
2026-10-10T00:17:56.6556834Z > Task :app:processReleaseUnitTestJavaRes NO-SOURCE
2026-10-10T00:17:56.6579028Z > Task :app:testReleaseUnitTest NO-SOURCE
2026-10-10T00:17:58.3469491Z > Task :expo:lintAnalyzeReleaseUnitTest
2026-10-10T00:17:58.4469693Z > Task :expo-constants:lintAnalyzeReleaseUnitTest
2026-10-10T00:17:58.5529472Z > Task :expo-dev-client:lintAnalyzeReleaseUnitTest
2026-10-10T00:17:59.2479464Z > Task :expo-modules-core:lintAnalyzeRelease
2026-10-10T00:18:00.0469394Z > Task :expo-dev-launcher:lintAnalyzeReleaseUnitTest
2026-10-10T00:18:00.8479574Z > Task :expo-dev-menu:lintAnalyzeReleaseUnitTest
2026-10-10T00:18:00.9489677Z > Task :expo-dev-menu-interface:lintAnalyzeReleaseUnitTest
2026-10-10T00:18:01.1464309Z > Task :expo-json-utils:lintAnalyzeReleaseUnitTest
2026-10-10T00:18:01.3464086Z > Task :expo-log-box:lintAnalyzeReleaseUnitTest
2026-10-10T00:18:01.5489715Z > Task :expo-manifests:lintAnalyzeReleaseUnitTest
2026-10-10T00:18:03.7479541Z > Task :expo-modules-core:lintAnalyzeReleaseUnitTest
2026-10-10T00:18:04.0469337Z > Task :expo-sqlite:lintAnalyzeReleaseUnitTest
2026-10-10T00:18:04.2479586Z > Task :expo-updates-interface:lintAnalyzeReleaseUnitTest
2026-10-10T00:18:05.8489878Z > Task :react-native-async-storage_async-storage:lintAnalyzeReleaseUnitTest
2026-10-10T00:18:06.3469612Z > Task :react-native-safe-area-context:lintAnalyzeReleaseUnitTest
2026-10-10T00:18:21.1489682Z > Task :app:lintVitalAnalyzeRelease
2026-10-10T00:18:21.1519745Z > Task :app:lintVitalReportRelease SKIPPED
2026-10-10T00:18:21.1549397Z > Task :app:lintVitalRelease SKIPPED
2026-10-10T00:18:22.4472236Z > Task :app:packageRelease
2026-10-10T00:18:22.4499328Z > Task :app:createReleaseApkListingFileRedirect
2026-10-10T00:18:22.4517173Z > Task :app:assembleRelease
2026-10-10T00:18:49.0470707Z > Task :expo-constants:lintAnalyzeRelease
2026-10-10T00:18:49.6489445Z > Task :expo-dev-client:lintAnalyzeRelease
2026-10-10T00:18:50.3469353Z > Task :expo-dev-menu:lintAnalyzeRelease
2026-10-10T00:18:50.8479625Z > Task :expo-dev-menu-interface:lintAnalyzeRelease
2026-10-10T00:18:50.8498801Z > Task :expo-dev-launcher:lintAnalyzeRelease
2026-10-10T00:18:51.5510568Z > Task :expo-json-utils:lintAnalyzeRelease
2026-10-10T00:18:52.4469361Z > Task :expo-updates-interface:lintAnalyzeRelease
2026-10-10T00:18:55.0489459Z > Task :expo-manifests:lintAnalyzeRelease
2026-10-10T00:18:55.1464186Z > Task :expo-sqlite:lintAnalyzeRelease
2026-10-10T00:18:56.5464192Z > Task :expo-log-box:lintAnalyzeRelease
2026-10-10T00:19:02.3469356Z > Task :expo:lintAnalyzeRelease
2026-10-10T00:19:05.3479522Z > Task :app:lintAnalyzeRelease
2026-10-10T00:19:05.6463596Z 
2026-10-10T00:19:05.6489594Z > Task :app:lintReportRelease
2026-10-10T00:19:05.6509732Z Wrote HTML report to file:///home/runner/work/movefield/movefield/mobile/android/app/build/reports/lint-results-release.html
2026-10-10T00:19:05.6538813Z 
2026-10-10T00:19:05.6539252Z > Task :app:lintRelease
2026-10-10T00:19:05.6539730Z 
2026-10-10T00:19:05.6540920Z [Incubating] Problems report is available at: file:///home/runner/work/movefield/movefield/mobile/android/build/reports/problems/problems-report.html
2026-10-10T00:19:05.6542031Z 
2026-10-10T00:19:05.6543264Z Deprecated Gradle features were used in this build, making it incompatible with Gradle 10.
2026-10-10T00:19:05.6544038Z 
2026-10-10T00:19:05.6545102Z You can use '--warning-mode all' to show the individual deprecation warnings and determine if they come from your own scripts or plugins.
2026-10-10T00:19:05.6546065Z 
2026-10-10T00:19:05.6547242Z For more on this, please refer to https://docs.gradle.org/9.3.1/userguide/command_line_interface.html#sec:command_line_warnings in the Gradle documentation.
2026-10-10T00:19:05.6548540Z 
2026-10-10T00:19:05.6548897Z BUILD SUCCESSFUL in 8m 33s
2026-10-10T00:19:05.6549532Z 669 actionable tasks: 669 executed
2026-10-10T00:19:06.1429879Z ##[group]Run mkdir -p native-evidence/android
2026-10-10T00:19:06.1430464Z [36;1mmkdir -p native-evidence/android[0m
2026-10-10T00:19:06.1431510Z [36;1m"$ANDROID_HOME/cmdline-tools/latest/bin/apkanalyzer" manifest print mobile/android/app/build/outputs/apk/release/app-release.apk > native-evidence/android/manifest.xml[0m
2026-10-10T00:19:06.1432751Z [36;1m"$ANDROID_HOME/build-tools/36.0.0/aapt2" dump resources mobile/android/app/build/outputs/apk/release/app-release.apk > native-evidence/android/resources.txt[0m
2026-10-10T00:19:06.1434564Z [36;1mpython3 scripts/extract-apk-rules.py mobile/android/app/build/outputs/apk/release/app-release.apk native-evidence/android/manifest.xml native-evidence/android/resources.txt "$ANDROID_HOME/cmdline-tools/latest/bin/apkanalyzer" native-evidence/android[0m
2026-10-10T00:19:06.1436180Z [36;1m"$ANDROID_HOME/build-tools/36.0.0/apksigner" verify --print-certs mobile/android/app/build/outputs/apk/release/app-release.apk > native-evidence/android/signing.txt[0m
2026-10-10T00:19:06.1437958Z [36;1mpython3 scripts/inspect-native-artifacts.py android native-evidence/android/manifest.xml native-evidence/android/backup.xml native-evidence/android/extraction.xml native-evidence/android/resources.txt > native-evidence/android/inspection.json[0m
2026-10-10T00:19:06.1439619Z [36;1msha256sum mobile/android/app/build/outputs/apk/release/app-release.apk > native-evidence/android/apk.sha256[0m
2026-10-10T00:19:06.1588825Z shell: /usr/bin/bash -e {0}
2026-10-10T00:19:06.1589087Z env:
2026-10-10T00:19:06.1589282Z   CI: 1
2026-10-10T00:19:06.1589479Z   EXPO_NO_TELEMETRY: 1
2026-10-10T00:19:06.1589825Z   JAVA_HOME: /opt/hostedtoolcache/Java_Temurin-Hotspot_jdk/17.0.20-1/x64
2026-10-10T00:19:06.1590350Z   JAVA_HOME_17_X64: /opt/hostedtoolcache/Java_Temurin-Hotspot_jdk/17.0.20-1/x64
2026-10-10T00:19:06.1590750Z   MAVEN_ARGS: -ntp
2026-10-10T00:19:06.1590978Z ##[endgroup]
2026-10-10T00:19:11.3558014Z {
2026-10-10T00:19:11.3559297Z   "apkSHA256": "04fcca479f14746e94daca41b0f6ff007f470b592a8a964112dfb46cf96dbe38",
2026-10-10T00:19:11.3560169Z   "manifestSHA256": "b3bd4fa452a9ba8053ca8d4d2c2ae0ec24a6a337b96de5b69f33920ee227e73c",
2026-10-10T00:19:11.3561049Z   "resourceTableSHA256": "5db3914f428768172386e2f6cb73f8749d8a3ab0eb0fb86cef2cbea10d23287b",
2026-10-10T00:19:11.3561625Z   "rules": [
2026-10-10T00:19:11.3561864Z     {
2026-10-10T00:19:11.3562177Z       "name": "movefield_backup_rules",
2026-10-10T00:19:11.3562561Z       "identifier": 2132017157,
2026-10-10T00:19:11.3562877Z       "file": "res/r1.xml",
2026-10-10T00:19:11.3563218Z       "decodedFile": "backup.xml",
2026-10-10T00:19:11.3563813Z       "decodedSHA256": "4d7c79acb6045b86b7aa2c04ccb35663d3ed45154b2b2dea01ca69a477eb07ff"
2026-10-10T00:19:11.3564404Z     },
2026-10-10T00:19:11.3564630Z     {
2026-10-10T00:19:11.3564936Z       "name": "movefield_data_extraction_rules",
2026-10-10T00:19:11.3565343Z       "identifier": 2132017158,
2026-10-10T00:19:11.3565647Z       "file": "res/zk.xml",
2026-10-10T00:19:11.3565991Z       "decodedFile": "extraction.xml",
2026-10-10T00:19:11.3566583Z       "decodedSHA256": "60fcfa7ac685d16e5a307e1107e68eeaaf6f56a61253470973191eea6e67b032"
2026-10-10T00:19:11.3567112Z     }
2026-10-10T00:19:11.3567325Z   ]
2026-10-10T00:19:11.3567536Z }
2026-10-10T00:19:11.9194313Z ##[group]Run mkdir -p build
2026-10-10T00:19:11.9194859Z [36;1mmkdir -p build[0m
2026-10-10T00:19:11.9196610Z [36;1m./gradlew :app:dependencies --configuration releaseRuntimeClasspath --console=plain --no-daemon -PreactNativeArchitectures=arm64-v8a -Porg.gradle.jvmargs="-Xmx5g -XX:MaxMetaspaceSize=1g" > build/release-runtime-classpath.raw.txt[0m
2026-10-10T00:19:11.9199033Z [36;1mpython3 ../../scripts/collect-native-build-evidence.py android ../.. ../../native-evidence/android[0m
2026-10-10T00:19:11.9269523Z shell: /usr/bin/bash -e {0}
2026-10-10T00:19:11.9269778Z env:
2026-10-10T00:19:11.9269970Z   CI: 1
2026-10-10T00:19:11.9270152Z   EXPO_NO_TELEMETRY: 1
2026-10-10T00:19:11.9270497Z   JAVA_HOME: /opt/hostedtoolcache/Java_Temurin-Hotspot_jdk/17.0.20-1/x64
2026-10-10T00:19:11.9271002Z   JAVA_HOME_17_X64: /opt/hostedtoolcache/Java_Temurin-Hotspot_jdk/17.0.20-1/x64
2026-10-10T00:19:11.9271391Z   MAVEN_ARGS: -ntp
2026-10-10T00:19:11.9271590Z ##[endgroup]
2026-10-10T00:19:33.2682017Z ##[group]Run mkdir -p native-preview/android
2026-10-10T00:19:33.2682426Z [36;1mmkdir -p native-preview/android[0m
2026-10-10T00:19:33.2683028Z [36;1mcp mobile/android/app/build/outputs/apk/release/app-release.apk native-preview/android/Movefield-arm64-test.apk[0m
2026-10-10T00:19:33.2683769Z [36;1mcp native-evidence/android/source.txt native-preview/android/source.txt[0m
2026-10-10T00:19:33.2684350Z [36;1mcp native-evidence/android/signing.txt native-preview/android/signing.txt[0m
2026-10-10T00:19:33.2684968Z [36;1mcp native-evidence/android/inspection.json native-preview/android/inspection.json[0m
2026-10-10T00:19:33.2685880Z [36;1mcp native-evidence/android/build-route-evidence.json native-preview/android/build-route-evidence.json[0m
2026-10-10T00:19:33.2686446Z [36;1mcd native-preview/android[0m
2026-10-10T00:19:33.2686769Z [36;1msha256sum Movefield-arm64-test.apk > SHA256SUMS[0m
2026-10-10T00:19:33.2749088Z shell: /usr/bin/bash -e {0}
2026-10-10T00:19:33.2749368Z env:
2026-10-10T00:19:33.2749549Z   CI: 1
2026-10-10T00:19:33.2749730Z   EXPO_NO_TELEMETRY: 1
2026-10-10T00:19:33.2750083Z   JAVA_HOME: /opt/hostedtoolcache/Java_Temurin-Hotspot_jdk/17.0.20-1/x64
2026-10-10T00:19:33.2750620Z   JAVA_HOME_17_X64: /opt/hostedtoolcache/Java_Temurin-Hotspot_jdk/17.0.20-1/x64
2026-10-10T00:19:33.2751019Z   MAVEN_ARGS: -ntp
2026-10-10T00:19:33.2751220Z ##[endgroup]
2026-10-10T00:19:33.3347532Z ##[group]Run actions/upload-artifact@ea165f8d65b6e75b540449e92b4886f43607fa02
2026-10-10T00:19:33.3347961Z with:
2026-10-10T00:19:33.3348403Z   name: android-arm64-preview-test-only
2026-10-10T00:19:33.3348725Z   path: native-preview/android
2026-10-10T00:19:33.3348972Z   if-no-files-found: error
2026-10-10T00:19:33.3349193Z   retention-days: 30
2026-10-10T00:19:33.3349398Z   compression-level: 6
2026-10-10T00:19:33.3349607Z   overwrite: false
2026-10-10T00:19:33.3349812Z   include-hidden-files: false
2026-10-10T00:19:33.3350033Z env:
2026-10-10T00:19:33.3350202Z   CI: 1
2026-10-10T00:19:33.3350372Z   EXPO_NO_TELEMETRY: 1
2026-10-10T00:19:33.3350685Z   JAVA_HOME: /opt/hostedtoolcache/Java_Temurin-Hotspot_jdk/17.0.20-1/x64
2026-10-10T00:19:33.3351162Z   JAVA_HOME_17_X64: /opt/hostedtoolcache/Java_Temurin-Hotspot_jdk/17.0.20-1/x64
2026-10-10T00:19:33.3351535Z   MAVEN_ARGS: -ntp
2026-10-10T00:19:33.3351727Z ##[endgroup]
2026-10-10T00:19:33.6910611Z (node:4830) [DEP0040] DeprecationWarning: The `punycode` module is deprecated. Please use a userland alternative instead.
2026-10-10T00:19:33.6912108Z (Use `node --trace-deprecation ...` to show where the warning was created)
2026-10-10T00:19:33.7011025Z With the provided path, there will be 6 files uploaded
2026-10-10T00:19:33.7015581Z Artifact name is valid!
2026-10-10T00:19:33.7017647Z Root directory input is valid!
2026-10-10T00:19:33.9359847Z Beginning upload of artifact content to blob storage
2026-10-10T00:19:34.2215652Z (node:4830) [DEP0169] DeprecationWarning: `url.parse()` behavior is not standardized and prone to errors that have security implications. Use the WHATWG URL API instead. CVEs are not issued for `url.parse()` vulnerabilities.
2026-10-10T00:19:34.3640598Z Uploaded bytes 8388608
2026-10-10T00:19:34.9051615Z Uploaded bytes 16777216
2026-10-10T00:19:34.9502653Z Uploaded bytes 18823784
2026-10-10T00:19:34.9643032Z Finished uploading artifact content to blob storage!
2026-10-10T00:19:34.9644791Z SHA256 digest of uploaded artifact zip is cd63f88a00a22096fe7b46df44364e5235a403b2ea624c0a2a1c80c74a141330
2026-10-10T00:19:34.9646850Z Finalizing artifact upload
2026-10-10T00:19:35.1972933Z Artifact android-arm64-preview-test-only.zip successfully finalized. Artifact ID 11652690887
2026-10-10T00:19:35.1975076Z Artifact android-arm64-preview-test-only has been successfully uploaded! Final size is 18823784 bytes. Artifact ID is 11652690887
2026-10-10T00:19:35.1981311Z Artifact download URL: https://github.com/ghinz32-cloud/movefield/actions/runs/38007809566/artifacts/11652690887
2026-10-10T00:19:35.2165692Z ##[group]Run actions/upload-artifact@ea165f8d65b6e75b540449e92b4886f43607fa02
2026-10-10T00:19:35.2166113Z with:
2026-10-10T00:19:35.2166352Z   name: android-release-compilation-test-only
2026-10-10T00:19:35.2166747Z   path: native-evidence/android
mobile/android/app/build/reports

2026-10-10T00:19:35.2167117Z   if-no-files-found: warn
2026-10-10T00:19:35.2167352Z   compression-level: 6
2026-10-10T00:19:35.2167567Z   overwrite: false
2026-10-10T00:19:35.2167779Z   include-hidden-files: false
2026-10-10T00:19:35.2168014Z env:
2026-10-10T00:19:35.2168484Z   CI: 1
2026-10-10T00:19:35.2168676Z   EXPO_NO_TELEMETRY: 1
2026-10-10T00:19:35.2169000Z   JAVA_HOME: /opt/hostedtoolcache/Java_Temurin-Hotspot_jdk/17.0.20-1/x64
2026-10-10T00:19:35.2169681Z   JAVA_HOME_17_X64: /opt/hostedtoolcache/Java_Temurin-Hotspot_jdk/17.0.20-1/x64
2026-10-10T00:19:35.2170072Z   MAVEN_ARGS: -ntp
2026-10-10T00:19:35.2170272Z ##[endgroup]
2026-10-10T00:19:35.3864596Z (node:4844) [DEP0040] DeprecationWarning: The `punycode` module is deprecated. Please use a userland alternative instead.
2026-10-10T00:19:35.3865964Z (Use `node --trace-deprecation ...` to show where the warning was created)
2026-10-10T00:19:35.3970712Z Multiple search paths detected. Calculating the least common ancestor of all paths
2026-10-10T00:19:35.3980799Z The least common ancestor is /home/runner/work/movefield/movefield. This will be the root directory of the artifact
2026-10-10T00:19:35.3982072Z With the provided path, there will be 15 files uploaded
2026-10-10T00:19:35.3983002Z Artifact name is valid!
2026-10-10T00:19:35.3983529Z Root directory input is valid!
2026-10-10T00:19:35.5876228Z Beginning upload of artifact content to blob storage
2026-10-10T00:19:35.6597098Z (node:4844) [DEP0169] DeprecationWarning: `url.parse()` behavior is not standardized and prone to errors that have security implications. Use the WHATWG URL API instead. CVEs are not issued for `url.parse()` vulnerabilities.
2026-10-10T00:19:35.6912862Z Uploaded bytes 344391
2026-10-10T00:19:35.7049066Z Finished uploading artifact content to blob storage!
2026-10-10T00:19:35.7050481Z SHA256 digest of uploaded artifact zip is ff2849f9940bdf206b3f2d24858588f9346c74c69bdf6a14051121c72dbd260a
2026-10-10T00:19:35.7052317Z Finalizing artifact upload
2026-10-10T00:19:35.9104597Z Artifact android-release-compilation-test-only.zip successfully finalized. Artifact ID 11652750621
2026-10-10T00:19:35.9106460Z Artifact android-release-compilation-test-only has been successfully uploaded! Final size is 344391 bytes. Artifact ID is 11652750621
2026-10-10T00:19:35.9113351Z Artifact download URL: https://github.com/ghinz32-cloud/movefield/actions/runs/38007809566/artifacts/11652750621
2026-10-10T00:19:35.9312637Z Post job cleanup.
2026-10-10T00:19:36.1400730Z Post job cleanup.
2026-10-10T00:19:36.3092409Z (node:4864) [DEP0040] DeprecationWarning: The `punycode` module is deprecated. Please use a userland alternative instead.
2026-10-10T00:19:36.3093482Z (Use `node --trace-deprecation ...` to show where the warning was created)
2026-10-10T00:19:36.3320536Z Post job cleanup.
2026-10-10T00:19:36.5089222Z [command]/usr/bin/git version
2026-10-10T00:19:36.5138031Z git version 2.55.0
2026-10-10T00:19:36.5180961Z Temporarily overriding HOME='/home/runner/work/_temp/cb5e8a48-51cb-444b-a3fb-ebc6da7d4e51' before making global git config changes
2026-10-10T00:19:36.5182882Z Adding repository directory to the temporary git global config as a safe directory
2026-10-10T00:19:36.5187406Z [command]/usr/bin/git config --global --add safe.directory /home/runner/work/movefield/movefield
2026-10-10T00:19:36.5229693Z [command]/usr/bin/git config --local --name-only --get-regexp core\.sshCommand
2026-10-10T00:19:36.5272851Z [command]/usr/bin/git submodule foreach --recursive sh -c "git config --local --name-only --get-regexp 'core\.sshCommand' && git config --local --unset-all 'core.sshCommand' || :"
2026-10-10T00:19:36.5806379Z [command]/usr/bin/git config --local --name-only --get-regexp http\.https\:\/\/github\.com\/\.extraheader
2026-10-10T00:19:36.5849177Z [command]/usr/bin/git submodule foreach --recursive sh -c "git config --local --name-only --get-regexp 'http\.https\:\/\/github\.com\/\.extraheader' && git config --local --unset-all 'http.https://github.com/.extraheader' || :"
2026-10-10T00:19:36.6110158Z [command]/usr/bin/git config --local --name-only --get-regexp ^includeIf\.gitdir:
2026-10-10T00:19:36.6145872Z [command]/usr/bin/git submodule foreach --recursive git config --local --show-origin --name-only --get-regexp remote.origin.url
2026-10-10T00:19:36.6521468Z Cleaning up orphan processes
2026-10-10T00:19:36.8049088Z ##[warning]Node.js 20 is deprecated. The following actions target Node.js 20 but are being forced to run on Node.js 24: actions/upload-artifact@ea165f8d65b6e75b540449e92b4886f43607fa02. For more information see: https://github.blog/changelog/2025-09-19-deprecation-of-node-20-on-github-actions-runners/
