2026-10-10T00:09:33.1807725Z Current runner version: '2.337.0'
2026-10-10T00:09:33.1834466Z ##[group]Runner Image Provisioner
2026-10-10T00:09:33.1835405Z Hosted Compute Agent
2026-10-10T00:09:33.1836013Z Version: 20261002.596
2026-10-10T00:09:33.1836777Z Commit: c3d12f3313a95f25162a1503be624f3b0617f8c0
2026-10-10T00:09:33.1837599Z Build Date: 2026-10-02T22:28:27Z
2026-10-10T00:09:33.1838397Z Worker ID: {880f2442-21e8-4d93-9b53-de075926a74b}
2026-10-10T00:09:33.1839147Z Region: eastus2
2026-10-10T00:09:33.1839720Z Cloud: Azure
2026-10-10T00:09:33.1840366Z ##[endgroup]
2026-10-10T00:09:33.1841625Z ##[group]Operating System
2026-10-10T00:09:33.1842354Z Ubuntu
2026-10-10T00:09:33.1842926Z 24.04.5
2026-10-10T00:09:33.1843640Z LTS
2026-10-10T00:09:33.1844235Z ##[endgroup]
2026-10-10T00:09:33.1844818Z ##[group]Runner Image
2026-10-10T00:09:33.1845555Z Image: ubuntu-24.04
2026-10-10T00:09:33.1846167Z Version: 20261004.327.1
2026-10-10T00:09:33.1847498Z Included Software: https://github.com/actions/runner-images/blob/ubuntu24/20261004.327/images/ubuntu/Ubuntu2404-Readme.md
2026-10-10T00:09:33.1849155Z Image Release: https://github.com/actions/runner-images/releases/tag/ubuntu24%2F20261004.327
2026-10-10T00:09:33.1850248Z ##[endgroup]
2026-10-10T00:09:33.1851381Z ##[group]GITHUB_TOKEN Permissions
2026-10-10T00:09:33.1853668Z Contents: read
2026-10-10T00:09:33.1854322Z Metadata: read
2026-10-10T00:09:33.1854947Z ##[endgroup]
2026-10-10T00:09:33.1857110Z Secret source: Actions
2026-10-10T00:09:33.1858101Z Cache mode: write
2026-10-10T00:09:33.1858900Z Prepare workflow directory
2026-10-10T00:09:33.2248501Z Prepare all required actions
2026-10-10T00:09:33.2296517Z Getting action download info
2026-10-10T00:09:33.4427501Z Download action repository 'actions/checkout@fbc6f3992d24b796d5a048ff273f7fcc4a7b6c09' (SHA:fbc6f3992d24b796d5a048ff273f7fcc4a7b6c09)
2026-10-10T00:09:33.5338663Z Download action repository 'actions/setup-node@a0853c24544627f65ddf259abe73b1d18a591444' (SHA:a0853c24544627f65ddf259abe73b1d18a591444)
2026-10-10T00:09:33.7102706Z Download action repository 'actions/upload-artifact@ea165f8d65b6e75b540449e92b4886f43607fa02' (SHA:ea165f8d65b6e75b540449e92b4886f43607fa02)
2026-10-10T00:09:33.9082727Z Complete job name: quality
2026-10-10T00:09:33.9866650Z ##[group]Run actions/checkout@fbc6f3992d24b796d5a048ff273f7fcc4a7b6c09
2026-10-10T00:09:33.9867674Z with:
2026-10-10T00:09:33.9868124Z   persist-credentials: false
2026-10-10T00:09:33.9868669Z   repository: ghinz32-cloud/movefield
2026-10-10T00:09:33.9872864Z   token: ***
2026-10-10T00:09:33.9873518Z   ssh-strict: true
2026-10-10T00:09:33.9873966Z   ssh-user: git
2026-10-10T00:09:33.9874390Z   clean: true
2026-10-10T00:09:33.9874853Z   sparse-checkout-cone-mode: true
2026-10-10T00:09:33.9875375Z   fetch-depth: 1
2026-10-10T00:09:33.9875808Z   fetch-tags: false
2026-10-10T00:09:33.9876262Z   show-progress: true
2026-10-10T00:09:33.9876713Z   lfs: false
2026-10-10T00:09:33.9877124Z   submodules: false
2026-10-10T00:09:33.9877573Z   set-safe-directory: true
2026-10-10T00:09:33.9878073Z   allow-unsafe-pr-checkout: false
2026-10-10T00:09:33.9878820Z env:
2026-10-10T00:09:33.9879240Z   WRANGLER_SEND_METRICS: false
2026-10-10T00:09:33.9879726Z   CI: true
2026-10-10T00:09:33.9880158Z ##[endgroup]
2026-10-10T00:09:34.0904993Z Syncing repository: ghinz32-cloud/movefield
2026-10-10T00:09:34.0906797Z ##[group]Getting Git version info
2026-10-10T00:09:34.0907694Z Working directory is '/home/runner/work/movefield/movefield'
2026-10-10T00:09:34.0908848Z [command]/usr/bin/git version
2026-10-10T00:09:34.0943848Z git version 2.55.0
2026-10-10T00:09:34.0995401Z ##[endgroup]
2026-10-10T00:09:34.1026159Z Temporarily overriding HOME='/home/runner/work/_temp/636bba0e-6d93-41f6-b747-70970397c39b' before making global git config changes
2026-10-10T00:09:34.1028677Z Adding repository directory to the temporary git global config as a safe directory
2026-10-10T00:09:34.1031657Z [command]/usr/bin/git config --global --add safe.directory /home/runner/work/movefield/movefield
2026-10-10T00:09:34.1080455Z Deleting the contents of '/home/runner/work/movefield/movefield'
2026-10-10T00:09:34.1085842Z ##[group]Initializing the repository
2026-10-10T00:09:34.1089213Z [command]/usr/bin/git init /home/runner/work/movefield/movefield
2026-10-10T00:09:34.1177720Z hint: Using 'master' as the name for the initial branch. This default branch name
2026-10-10T00:09:34.1179731Z hint: will change to "main" in Git 3.0. To configure the initial branch name
2026-10-10T00:09:34.1181794Z hint: to use in all of your new repositories, which will suppress this warning,
2026-10-10T00:09:34.1183642Z hint: call:
2026-10-10T00:09:34.1184712Z hint:
2026-10-10T00:09:34.1185855Z hint: 	git config --global init.defaultBranch <name>
2026-10-10T00:09:34.1187116Z hint:
2026-10-10T00:09:34.1188295Z hint: Names commonly chosen instead of 'master' are 'main', 'trunk' and
2026-10-10T00:09:34.1190233Z hint: 'development'. The just-created branch can be renamed via this command:
2026-10-10T00:09:34.1191855Z hint:
2026-10-10T00:09:34.1192837Z hint: 	git branch -m <name>
2026-10-10T00:09:34.1194323Z hint:
2026-10-10T00:09:34.1195667Z hint: Disable this message with "git config set advice.defaultBranchName false"
2026-10-10T00:09:34.1197758Z Initialized empty Git repository in /home/runner/work/movefield/movefield/.git/
2026-10-10T00:09:34.1200502Z [command]/usr/bin/git remote add origin https://github.com/ghinz32-cloud/movefield
2026-10-10T00:09:34.1241941Z ##[endgroup]
2026-10-10T00:09:34.1243268Z ##[group]Disabling automatic garbage collection
2026-10-10T00:09:34.1246105Z [command]/usr/bin/git config --local gc.auto 0
2026-10-10T00:09:34.1280511Z ##[endgroup]
2026-10-10T00:09:34.1281652Z ##[group]Setting up auth
2026-10-10T00:09:34.1287031Z [command]/usr/bin/git config --local --name-only --get-regexp core\.sshCommand
2026-10-10T00:09:34.1320918Z [command]/usr/bin/git submodule foreach --recursive sh -c "git config --local --name-only --get-regexp 'core\.sshCommand' && git config --local --unset-all 'core.sshCommand' || :"
2026-10-10T00:09:34.1668540Z [command]/usr/bin/git config --local --name-only --get-regexp http\.https\:\/\/github\.com\/\.extraheader
2026-10-10T00:09:34.1711124Z [command]/usr/bin/git submodule foreach --recursive sh -c "git config --local --name-only --get-regexp 'http\.https\:\/\/github\.com\/\.extraheader' && git config --local --unset-all 'http.https://github.com/.extraheader' || :"
2026-10-10T00:09:34.1999737Z [command]/usr/bin/git config --local --name-only --get-regexp ^includeIf\.gitdir:
2026-10-10T00:09:34.2039994Z [command]/usr/bin/git submodule foreach --recursive git config --local --show-origin --name-only --get-regexp remote.origin.url
2026-10-10T00:09:34.2300043Z [command]/usr/bin/git config --local http.https://github.com/.extraheader AUTHORIZATION: basic ***
2026-10-10T00:09:34.2441976Z ##[endgroup]
2026-10-10T00:09:34.2442922Z ##[group]Fetching the repository
2026-10-10T00:09:34.2444780Z [command]/usr/bin/git -c protocol.version=2 fetch --no-tags --prune --no-recurse-submodules --depth=1 origin +15984c56ca851a9f80ea7b8ad96f84d00f7ea390:refs/remotes/pull/1/merge
2026-10-10T00:09:35.2208062Z From https://github.com/ghinz32-cloud/movefield
2026-10-10T00:09:35.2209917Z  * [new ref]         15984c56ca851a9f80ea7b8ad96f84d00f7ea390 -> pull/1/merge
2026-10-10T00:09:35.2213365Z ##[endgroup]
2026-10-10T00:09:35.2224908Z ##[group]Determining the checkout info
2026-10-10T00:09:35.2226399Z ##[endgroup]
2026-10-10T00:09:35.2227486Z [command]/usr/bin/git sparse-checkout disable
2026-10-10T00:09:35.2282134Z [command]/usr/bin/git config --local --unset-all extensions.worktreeConfig
2026-10-10T00:09:35.2322034Z ##[group]Checking out the ref
2026-10-10T00:09:35.2324568Z [command]/usr/bin/git checkout --progress --force refs/remotes/pull/1/merge
2026-10-10T00:09:35.3869073Z Note: switching to 'refs/remotes/pull/1/merge'.
2026-10-10T00:09:35.3870326Z 
2026-10-10T00:09:35.3871244Z You are in 'detached HEAD' state. You can look around, make experimental
2026-10-10T00:09:35.3873509Z changes and commit them, and you can discard any commits you make in this
2026-10-10T00:09:35.3875902Z state without impacting any branches by switching back to a branch.
2026-10-10T00:09:35.3876969Z 
2026-10-10T00:09:35.3877940Z If you want to create a new branch to retain commits you create, you may
2026-10-10T00:09:35.3879840Z do so (now or later) by using -c with the switch command. Example:
2026-10-10T00:09:35.3880931Z 
2026-10-10T00:09:35.3881556Z   git switch -c <new-branch-name>
2026-10-10T00:09:35.3882203Z 
2026-10-10T00:09:35.3882669Z Or undo this operation with:
2026-10-10T00:09:35.3883425Z 
2026-10-10T00:09:35.3883811Z   git switch -
2026-10-10T00:09:35.3884303Z 
2026-10-10T00:09:35.3885186Z Turn off this advice by setting config variable advice.detachedHead to false
2026-10-10T00:09:35.3886519Z 
2026-10-10T00:09:35.3887767Z HEAD is now at 15984c5 Merge 9cdcec081bee3525838ac334da1bb48de6690f13 into 80e6ea26437f0aeaa1d8f816ace464da81fe0a81
2026-10-10T00:09:35.3892028Z ##[endgroup]
2026-10-10T00:09:35.3934587Z [command]/usr/bin/git log -1 --format=%H
2026-10-10T00:09:35.3963280Z 15984c56ca851a9f80ea7b8ad96f84d00f7ea390
2026-10-10T00:09:35.3972831Z ##[group]Removing auth
2026-10-10T00:09:35.3976573Z [command]/usr/bin/git config --local --name-only --get-regexp core\.sshCommand
2026-10-10T00:09:35.4013509Z [command]/usr/bin/git submodule foreach --recursive sh -c "git config --local --name-only --get-regexp 'core\.sshCommand' && git config --local --unset-all 'core.sshCommand' || :"
2026-10-10T00:09:35.4254885Z [command]/usr/bin/git config --local --name-only --get-regexp http\.https\:\/\/github\.com\/\.extraheader
2026-10-10T00:09:35.4283981Z http.https://github.com/.extraheader
2026-10-10T00:09:35.4292837Z [command]/usr/bin/git config --local --unset-all http.https://github.com/.extraheader
2026-10-10T00:09:35.4330512Z [command]/usr/bin/git submodule foreach --recursive sh -c "git config --local --name-only --get-regexp 'http\.https\:\/\/github\.com\/\.extraheader' && git config --local --unset-all 'http.https://github.com/.extraheader' || :"
2026-10-10T00:09:35.4567561Z [command]/usr/bin/git config --local --name-only --get-regexp ^includeIf\.gitdir:
2026-10-10T00:09:35.4601367Z [command]/usr/bin/git submodule foreach --recursive git config --local --show-origin --name-only --get-regexp remote.origin.url
2026-10-10T00:09:35.4836433Z ##[endgroup]
2026-10-10T00:09:35.5101921Z ##[group]Run git rev-parse HEAD HEAD^{tree} > .sites-runtime-quality-source.txt
2026-10-10T00:09:35.5104460Z [36;1mgit rev-parse HEAD HEAD^{tree} > .sites-runtime-quality-source.txt[0m
2026-10-10T00:09:35.5329888Z shell: /usr/bin/bash -e {0}
2026-10-10T00:09:35.5331110Z env:
2026-10-10T00:09:35.5332154Z   WRANGLER_SEND_METRICS: false
2026-10-10T00:09:35.5333577Z   CI: true
2026-10-10T00:09:35.5334561Z ##[endgroup]
2026-10-10T00:09:35.5668720Z ##[group]Run actions/setup-node@a0853c24544627f65ddf259abe73b1d18a591444
2026-10-10T00:09:35.5670199Z with:
2026-10-10T00:09:35.5671055Z   node-version: 24
2026-10-10T00:09:35.5672021Z   package-manager-cache: false
2026-10-10T00:09:35.5673059Z   always-auth: false
2026-10-10T00:09:35.5674185Z   check-latest: false
2026-10-10T00:09:35.5682697Z   token: ***
2026-10-10T00:09:35.5683793Z env:
2026-10-10T00:09:35.5684651Z   WRANGLER_SEND_METRICS: false
2026-10-10T00:09:35.5685678Z   CI: true
2026-10-10T00:09:35.5686525Z ##[endgroup]
2026-10-10T00:09:35.7165348Z Found in cache @ /opt/hostedtoolcache/node/24.21.0/x64
2026-10-10T00:09:35.7169725Z (node:2448) [DEP0040] DeprecationWarning: The `punycode` module is deprecated. Please use a userland alternative instead.
2026-10-10T00:09:35.7172916Z (Use `node --trace-deprecation ...` to show where the warning was created)
2026-10-10T00:09:35.7175707Z ##[group]Environment details
2026-10-10T00:09:36.0464115Z node: v24.21.0
2026-10-10T00:09:36.0464885Z npm: 11.19.0
2026-10-10T00:09:36.0465341Z yarn: 1.22.22
2026-10-10T00:09:36.0466158Z ##[endgroup]
2026-10-10T00:09:36.0658635Z ##[group]Run npm install --global pnpm@11.25.0 --ignore-scripts --no-audit --no-fund
2026-10-10T00:09:36.0659318Z [36;1mnpm install --global pnpm@11.25.0 --ignore-scripts --no-audit --no-fund[0m
2026-10-10T00:09:36.0734300Z shell: /usr/bin/bash -e {0}
2026-10-10T00:09:36.0734645Z env:
2026-10-10T00:09:36.0734936Z   WRANGLER_SEND_METRICS: false
2026-10-10T00:09:36.0735256Z   CI: true
2026-10-10T00:09:36.0735523Z ##[endgroup]
2026-10-10T00:09:37.2394230Z 
2026-10-10T00:09:37.2402408Z added 1 package in 1s
2026-10-10T00:09:37.2850433Z ##[group]Run npm run install:ci
2026-10-10T00:09:37.2850780Z [36;1mnpm run install:ci[0m
2026-10-10T00:09:37.2924003Z shell: /usr/bin/bash -e {0}
2026-10-10T00:09:37.2924274Z env:
2026-10-10T00:09:37.2924503Z   WRANGLER_SEND_METRICS: false
2026-10-10T00:09:37.2924758Z   CI: true
2026-10-10T00:09:37.2924957Z ##[endgroup]
2026-10-10T00:09:37.3936224Z 
2026-10-10T00:09:37.3937006Z > site-creator-vinext-starter@0.1.0 install:ci
2026-10-10T00:09:37.3937740Z > bash scripts/install-pnpm.sh
2026-10-10T00:09:37.3937947Z 
2026-10-10T00:09:40.5974718Z Lockfile is up to date, resolution step is skipped
2026-10-10T00:09:40.6770975Z Unsupported platform for @next/swc-darwin-arm64@16.3.8: wanted {"cpu":["arm64"],"os":["darwin"],"libc":["any"]} (current: {"os":"linux","cpu":"x64","libc":"glibc"})
2026-10-10T00:09:40.6773817Z Unsupported platform for @next/swc-darwin-x64@16.3.8: wanted {"cpu":["x64"],"os":["darwin"],"libc":["any"]} (current: {"os":"linux","cpu":"x64","libc":"glibc"})
2026-10-10T00:09:40.6776138Z Unsupported platform for @next/swc-linux-arm64-gnu@16.3.8: wanted {"cpu":["arm64"],"os":["linux"],"libc":["glibc"]} (current: {"os":"linux","cpu":"x64","libc":"glibc"})
2026-10-10T00:09:40.6778441Z Unsupported platform for @next/swc-linux-arm64-musl@16.3.8: wanted {"cpu":["arm64"],"os":["linux"],"libc":["musl"]} (current: {"os":"linux","cpu":"x64","libc":"glibc"})
2026-10-10T00:09:40.6780706Z Unsupported platform for @next/swc-linux-x64-musl@16.3.8: wanted {"cpu":["x64"],"os":["linux"],"libc":["musl"]} (current: {"os":"linux","cpu":"x64","libc":"glibc"})
2026-10-10T00:09:40.6782910Z Unsupported platform for @next/swc-win32-arm64-msvc@16.3.8: wanted {"cpu":["arm64"],"os":["win32"],"libc":["any"]} (current: {"os":"linux","cpu":"x64","libc":"glibc"})
2026-10-10T00:09:40.6785261Z Unsupported platform for @next/swc-win32-x64-msvc@16.3.8: wanted {"cpu":["x64"],"os":["win32"],"libc":["any"]} (current: {"os":"linux","cpu":"x64","libc":"glibc"})
2026-10-10T00:09:40.6787388Z Unsupported platform for fsevents@2.3.3: wanted {"cpu":["any"],"os":["darwin"],"libc":["any"]} (current: {"os":"linux","cpu":"x64","libc":"glibc"})
2026-10-10T00:09:40.6789505Z Unsupported platform for @img/sharp-darwin-arm64@0.35.5: wanted {"cpu":["arm64"],"os":["darwin"],"libc":["any"]} (current: {"os":"linux","cpu":"x64","libc":"glibc"})
2026-10-10T00:09:40.6791640Z Unsupported platform for @img/sharp-darwin-x64@0.35.5: wanted {"cpu":["x64"],"os":["darwin"],"libc":["any"]} (current: {"os":"linux","cpu":"x64","libc":"glibc"})
2026-10-10T00:09:40.6794047Z Unsupported platform for @img/sharp-freebsd-wasm32@0.35.5: wanted {"cpu":["wasm32"],"os":["freebsd"],"libc":["any"]} (current: {"os":"linux","cpu":"x64","libc":"glibc"})
2026-10-10T00:09:40.6796463Z Unsupported platform for @img/sharp-libvips-darwin-arm64@1.3.4: wanted {"cpu":["arm64"],"os":["darwin"],"libc":["any"]} (current: {"os":"linux","cpu":"x64","libc":"glibc"})
2026-10-10T00:09:40.6798729Z Unsupported platform for @img/sharp-libvips-darwin-x64@1.3.4: wanted {"cpu":["x64"],"os":["darwin"],"libc":["any"]} (current: {"os":"linux","cpu":"x64","libc":"glibc"})
2026-10-10T00:09:40.6801033Z Unsupported platform for @img/sharp-libvips-linux-arm@1.3.4: wanted {"cpu":["arm"],"os":["linux"],"libc":["glibc"]} (current: {"os":"linux","cpu":"x64","libc":"glibc"})
2026-10-10T00:09:40.6803434Z Unsupported platform for @img/sharp-libvips-linux-arm64@1.3.4: wanted {"cpu":["arm64"],"os":["linux"],"libc":["glibc"]} (current: {"os":"linux","cpu":"x64","libc":"glibc"})
2026-10-10T00:09:40.6805830Z Unsupported platform for @img/sharp-libvips-linux-ppc64@1.3.4: wanted {"cpu":["ppc64"],"os":["linux"],"libc":["glibc"]} (current: {"os":"linux","cpu":"x64","libc":"glibc"})
2026-10-10T00:09:40.6808632Z Unsupported platform for @img/sharp-libvips-linux-riscv64@1.3.4: wanted {"cpu":["riscv64"],"os":["linux"],"libc":["glibc"]} (current: {"os":"linux","cpu":"x64","libc":"glibc"})
2026-10-10T00:09:40.6811258Z Unsupported platform for @img/sharp-libvips-linux-s390x@1.3.4: wanted {"cpu":["s390x"],"os":["linux"],"libc":["glibc"]} (current: {"os":"linux","cpu":"x64","libc":"glibc"})
2026-10-10T00:09:40.6813864Z Unsupported platform for @img/sharp-libvips-linuxmusl-arm64@1.3.4: wanted {"cpu":["arm64"],"os":["linux"],"libc":["musl"]} (current: {"os":"linux","cpu":"x64","libc":"glibc"})
2026-10-10T00:09:40.6816336Z Unsupported platform for @img/sharp-libvips-linuxmusl-x64@1.3.4: wanted {"cpu":["x64"],"os":["linux"],"libc":["musl"]} (current: {"os":"linux","cpu":"x64","libc":"glibc"})
2026-10-10T00:09:40.6818593Z Unsupported platform for @img/sharp-linux-arm@0.35.5: wanted {"cpu":["arm"],"os":["linux"],"libc":["glibc"]} (current: {"os":"linux","cpu":"x64","libc":"glibc"})
2026-10-10T00:09:40.6820854Z Unsupported platform for @img/sharp-linux-arm64@0.35.5: wanted {"cpu":["arm64"],"os":["linux"],"libc":["glibc"]} (current: {"os":"linux","cpu":"x64","libc":"glibc"})
2026-10-10T00:09:40.6823373Z Unsupported platform for @img/sharp-linux-ppc64@0.35.5: wanted {"cpu":["ppc64"],"os":["linux"],"libc":["glibc"]} (current: {"os":"linux","cpu":"x64","libc":"glibc"})
2026-10-10T00:09:40.6825686Z Unsupported platform for @img/sharp-linux-riscv64@0.35.5: wanted {"cpu":["riscv64"],"os":["linux"],"libc":["glibc"]} (current: {"os":"linux","cpu":"x64","libc":"glibc"})
2026-10-10T00:09:40.6828077Z Unsupported platform for @img/sharp-linux-s390x@0.35.5: wanted {"cpu":["s390x"],"os":["linux"],"libc":["glibc"]} (current: {"os":"linux","cpu":"x64","libc":"glibc"})
2026-10-10T00:09:40.6830422Z Unsupported platform for @img/sharp-linuxmusl-arm64@0.35.5: wanted {"cpu":["arm64"],"os":["linux"],"libc":["musl"]} (current: {"os":"linux","cpu":"x64","libc":"glibc"})
2026-10-10T00:09:40.6832702Z Unsupported platform for @img/sharp-linuxmusl-x64@0.35.5: wanted {"cpu":["x64"],"os":["linux"],"libc":["musl"]} (current: {"os":"linux","cpu":"x64","libc":"glibc"})
2026-10-10T00:09:40.6835204Z Unsupported platform for @img/sharp-webcontainers-wasm32@0.35.5: wanted {"cpu":["wasm32"],"os":["any"],"libc":["any"]} (current: {"os":"linux","cpu":"x64","libc":"glibc"})
2026-10-10T00:09:40.6837605Z Unsupported platform for @img/sharp-win32-arm64@0.35.5: wanted {"cpu":["arm64"],"os":["win32"],"libc":["any"]} (current: {"os":"linux","cpu":"x64","libc":"glibc"})
2026-10-10T00:09:40.6839846Z Unsupported platform for @img/sharp-win32-ia32@0.35.5: wanted {"cpu":["ia32"],"os":["win32"],"libc":["any"]} (current: {"os":"linux","cpu":"x64","libc":"glibc"})
2026-10-10T00:09:40.6842005Z Unsupported platform for @img/sharp-win32-x64@0.35.5: wanted {"cpu":["x64"],"os":["win32"],"libc":["any"]} (current: {"os":"linux","cpu":"x64","libc":"glibc"})
2026-10-10T00:09:40.6844393Z Unsupported platform for @tailwindcss/oxide-android-arm64@4.2.1: wanted {"cpu":["arm64"],"os":["android"],"libc":["any"]} (current: {"os":"linux","cpu":"x64","libc":"glibc"})
2026-10-10T00:09:40.6846797Z Unsupported platform for @tailwindcss/oxide-darwin-arm64@4.2.1: wanted {"cpu":["arm64"],"os":["darwin"],"libc":["any"]} (current: {"os":"linux","cpu":"x64","libc":"glibc"})
2026-10-10T00:09:40.6849049Z Unsupported platform for @tailwindcss/oxide-darwin-x64@4.2.1: wanted {"cpu":["x64"],"os":["darwin"],"libc":["any"]} (current: {"os":"linux","cpu":"x64","libc":"glibc"})
2026-10-10T00:09:40.6850590Z Unsupported platform for @tailwindcss/oxide-freebsd-x64@4.2.1: wanted {"cpu":["x64"],"os":["freebsd"],"libc":["any"]} (current: {"os":"linux","cpu":"x64","libc":"glibc"})
2026-10-10T00:09:40.6852047Z Unsupported platform for @tailwindcss/oxide-linux-arm-gnueabihf@4.2.1: wanted {"cpu":["arm"],"os":["linux"],"libc":["glibc"]} (current: {"os":"linux","cpu":"x64","libc":"glibc"})
2026-10-10T00:09:40.6853707Z Unsupported platform for @tailwindcss/oxide-linux-arm64-gnu@4.2.1: wanted {"cpu":["arm64"],"os":["linux"],"libc":["glibc"]} (current: {"os":"linux","cpu":"x64","libc":"glibc"})
2026-10-10T00:09:40.6855940Z Unsupported platform for @tailwindcss/oxide-linux-arm64-musl@4.2.1: wanted {"cpu":["arm64"],"os":["linux"],"libc":["musl"]} (current: {"os":"linux","cpu":"x64","libc":"glibc"})
2026-10-10T00:09:40.6858173Z Unsupported platform for @tailwindcss/oxide-linux-x64-musl@4.2.1: wanted {"cpu":["x64"],"os":["linux"],"libc":["musl"]} (current: {"os":"linux","cpu":"x64","libc":"glibc"})
2026-10-10T00:09:40.6860193Z Unsupported platform for @tailwindcss/oxide-wasm32-wasi@4.2.1: wanted {"cpu":["wasm32"],"os":["any"],"libc":["any"]} (current: {"os":"linux","cpu":"x64","libc":"glibc"})
2026-10-10T00:09:40.6862176Z Unsupported platform for @tailwindcss/oxide-win32-arm64-msvc@4.2.1: wanted {"cpu":["arm64"],"os":["win32"],"libc":["any"]} (current: {"os":"linux","cpu":"x64","libc":"glibc"})
2026-10-10T00:09:40.6864317Z Unsupported platform for @tailwindcss/oxide-win32-x64-msvc@4.2.1: wanted {"cpu":["x64"],"os":["win32"],"libc":["any"]} (current: {"os":"linux","cpu":"x64","libc":"glibc"})
2026-10-10T00:09:40.6866271Z Unsupported platform for @esbuild/aix-ppc64@0.25.12: wanted {"cpu":["ppc64"],"os":["aix"],"libc":["any"]} (current: {"os":"linux","cpu":"x64","libc":"glibc"})
2026-10-10T00:09:40.6868123Z Unsupported platform for @esbuild/android-arm@0.25.12: wanted {"cpu":["arm"],"os":["android"],"libc":["any"]} (current: {"os":"linux","cpu":"x64","libc":"glibc"})
2026-10-10T00:09:40.6869412Z Unsupported platform for @esbuild/android-arm64@0.25.12: wanted {"cpu":["arm64"],"os":["android"],"libc":["any"]} (current: {"os":"linux","cpu":"x64","libc":"glibc"})
2026-10-10T00:09:40.6870845Z Unsupported platform for @esbuild/android-x64@0.25.12: wanted {"cpu":["x64"],"os":["android"],"libc":["any"]} (current: {"os":"linux","cpu":"x64","libc":"glibc"})
2026-10-10T00:09:40.6872517Z Unsupported platform for @esbuild/darwin-arm64@0.25.12: wanted {"cpu":["arm64"],"os":["darwin"],"libc":["any"]} (current: {"os":"linux","cpu":"x64","libc":"glibc"})
2026-10-10T00:09:40.6874469Z Unsupported platform for @esbuild/darwin-x64@0.25.12: wanted {"cpu":["x64"],"os":["darwin"],"libc":["any"]} (current: {"os":"linux","cpu":"x64","libc":"glibc"})
2026-10-10T00:09:40.6876320Z Unsupported platform for @esbuild/freebsd-arm64@0.25.12: wanted {"cpu":["arm64"],"os":["freebsd"],"libc":["any"]} (current: {"os":"linux","cpu":"x64","libc":"glibc"})
2026-10-10T00:09:40.6878192Z Unsupported platform for @esbuild/freebsd-x64@0.25.12: wanted {"cpu":["x64"],"os":["freebsd"],"libc":["any"]} (current: {"os":"linux","cpu":"x64","libc":"glibc"})
2026-10-10T00:09:40.6880038Z Unsupported platform for @esbuild/linux-arm@0.25.12: wanted {"cpu":["arm"],"os":["linux"],"libc":["any"]} (current: {"os":"linux","cpu":"x64","libc":"glibc"})
2026-10-10T00:09:40.6881846Z Unsupported platform for @esbuild/linux-arm64@0.25.12: wanted {"cpu":["arm64"],"os":["linux"],"libc":["any"]} (current: {"os":"linux","cpu":"x64","libc":"glibc"})
2026-10-10T00:09:40.6884591Z Unsupported platform for @esbuild/linux-ia32@0.25.12: wanted {"cpu":["ia32"],"os":["linux"],"libc":["any"]} (current: {"os":"linux","cpu":"x64","libc":"glibc"})
2026-10-10T00:09:40.6886495Z Unsupported platform for @esbuild/linux-loong64@0.25.12: wanted {"cpu":["loong64"],"os":["linux"],"libc":["any"]} (current: {"os":"linux","cpu":"x64","libc":"glibc"})
2026-10-10T00:09:40.6888822Z Unsupported platform for @esbuild/linux-mips64el@0.25.12: wanted {"cpu":["mips64el"],"os":["linux"],"libc":["any"]} (current: {"os":"linux","cpu":"x64","libc":"glibc"})
2026-10-10T00:09:40.6890701Z Unsupported platform for @esbuild/linux-ppc64@0.25.12: wanted {"cpu":["ppc64"],"os":["linux"],"libc":["any"]} (current: {"os":"linux","cpu":"x64","libc":"glibc"})
2026-10-10T00:09:40.6892150Z Unsupported platform for @esbuild/linux-riscv64@0.25.12: wanted {"cpu":["riscv64"],"os":["linux"],"libc":["any"]} (current: {"os":"linux","cpu":"x64","libc":"glibc"})
2026-10-10T00:09:40.6893509Z Unsupported platform for @esbuild/linux-s390x@0.25.12: wanted {"cpu":["s390x"],"os":["linux"],"libc":["any"]} (current: {"os":"linux","cpu":"x64","libc":"glibc"})
2026-10-10T00:09:40.6895564Z Unsupported platform for @esbuild/netbsd-arm64@0.25.12: wanted {"cpu":["arm64"],"os":["netbsd"],"libc":["any"]} (current: {"os":"linux","cpu":"x64","libc":"glibc"})
2026-10-10T00:09:40.6897712Z Unsupported platform for @esbuild/netbsd-x64@0.25.12: wanted {"cpu":["x64"],"os":["netbsd"],"libc":["any"]} (current: {"os":"linux","cpu":"x64","libc":"glibc"})
2026-10-10T00:09:40.6899702Z Unsupported platform for @esbuild/openbsd-arm64@0.25.12: wanted {"cpu":["arm64"],"os":["openbsd"],"libc":["any"]} (current: {"os":"linux","cpu":"x64","libc":"glibc"})
2026-10-10T00:09:40.6901680Z Unsupported platform for @esbuild/openbsd-x64@0.25.12: wanted {"cpu":["x64"],"os":["openbsd"],"libc":["any"]} (current: {"os":"linux","cpu":"x64","libc":"glibc"})
2026-10-10T00:09:40.6903954Z Unsupported platform for @esbuild/openharmony-arm64@0.25.12: wanted {"cpu":["arm64"],"os":["openharmony"],"libc":["any"]} (current: {"os":"linux","cpu":"x64","libc":"glibc"})
2026-10-10T00:09:40.6905952Z Unsupported platform for @esbuild/sunos-x64@0.25.12: wanted {"cpu":["x64"],"os":["sunos"],"libc":["any"]} (current: {"os":"linux","cpu":"x64","libc":"glibc"})
2026-10-10T00:09:40.6907827Z Unsupported platform for @esbuild/win32-arm64@0.25.12: wanted {"cpu":["arm64"],"os":["win32"],"libc":["any"]} (current: {"os":"linux","cpu":"x64","libc":"glibc"})
2026-10-10T00:09:40.6909605Z Unsupported platform for @esbuild/win32-ia32@0.25.12: wanted {"cpu":["ia32"],"os":["win32"],"libc":["any"]} (current: {"os":"linux","cpu":"x64","libc":"glibc"})
2026-10-10T00:09:40.6910720Z Unsupported platform for @esbuild/win32-x64@0.25.12: wanted {"cpu":["x64"],"os":["win32"],"libc":["any"]} (current: {"os":"linux","cpu":"x64","libc":"glibc"})
2026-10-10T00:09:40.6911849Z Unsupported platform for lightningcss-android-arm64@1.32.0: wanted {"cpu":["arm64"],"os":["android"],"libc":["any"]} (current: {"os":"linux","cpu":"x64","libc":"glibc"})
2026-10-10T00:09:40.6913034Z Unsupported platform for lightningcss-darwin-arm64@1.32.0: wanted {"cpu":["arm64"],"os":["darwin"],"libc":["any"]} (current: {"os":"linux","cpu":"x64","libc":"glibc"})
2026-10-10T00:09:40.6914800Z Unsupported platform for lightningcss-darwin-x64@1.32.0: wanted {"cpu":["x64"],"os":["darwin"],"libc":["any"]} (current: {"os":"linux","cpu":"x64","libc":"glibc"})
2026-10-10T00:09:40.6916770Z Unsupported platform for lightningcss-freebsd-x64@1.32.0: wanted {"cpu":["x64"],"os":["freebsd"],"libc":["any"]} (current: {"os":"linux","cpu":"x64","libc":"glibc"})
2026-10-10T00:09:40.6918822Z Unsupported platform for lightningcss-linux-arm-gnueabihf@1.32.0: wanted {"cpu":["arm"],"os":["linux"],"libc":["glibc"]} (current: {"os":"linux","cpu":"x64","libc":"glibc"})
2026-10-10T00:09:40.6920945Z Unsupported platform for lightningcss-linux-arm64-gnu@1.32.0: wanted {"cpu":["arm64"],"os":["linux"],"libc":["glibc"]} (current: {"os":"linux","cpu":"x64","libc":"glibc"})
2026-10-10T00:09:40.6922408Z Unsupported platform for lightningcss-linux-arm64-musl@1.32.0: wanted {"cpu":["arm64"],"os":["linux"],"libc":["musl"]} (current: {"os":"linux","cpu":"x64","libc":"glibc"})
2026-10-10T00:09:40.6923871Z Unsupported platform for lightningcss-linux-x64-musl@1.32.0: wanted {"cpu":["x64"],"os":["linux"],"libc":["musl"]} (current: {"os":"linux","cpu":"x64","libc":"glibc"})
2026-10-10T00:09:40.6925037Z Unsupported platform for lightningcss-win32-arm64-msvc@1.32.0: wanted {"cpu":["arm64"],"os":["win32"],"libc":["any"]} (current: {"os":"linux","cpu":"x64","libc":"glibc"})
2026-10-10T00:09:40.6926185Z Unsupported platform for lightningcss-win32-x64-msvc@1.32.0: wanted {"cpu":["x64"],"os":["win32"],"libc":["any"]} (current: {"os":"linux","cpu":"x64","libc":"glibc"})
2026-10-10T00:09:40.6927355Z Unsupported platform for @rolldown/binding-android-arm64@1.0.3: wanted {"cpu":["arm64"],"os":["android"],"libc":["any"]} (current: {"os":"linux","cpu":"x64","libc":"glibc"})
2026-10-10T00:09:40.6928532Z Unsupported platform for @rolldown/binding-darwin-arm64@1.0.3: wanted {"cpu":["arm64"],"os":["darwin"],"libc":["any"]} (current: {"os":"linux","cpu":"x64","libc":"glibc"})
2026-10-10T00:09:40.6929902Z Unsupported platform for @rolldown/binding-darwin-x64@1.0.3: wanted {"cpu":["x64"],"os":["darwin"],"libc":["any"]} (current: {"os":"linux","cpu":"x64","libc":"glibc"})
2026-10-10T00:09:40.6931196Z Unsupported platform for @rolldown/binding-freebsd-x64@1.0.3: wanted {"cpu":["x64"],"os":["freebsd"],"libc":["any"]} (current: {"os":"linux","cpu":"x64","libc":"glibc"})
2026-10-10T00:09:40.6932400Z Unsupported platform for @rolldown/binding-linux-arm-gnueabihf@1.0.3: wanted {"cpu":["arm"],"os":["linux"],"libc":["glibc"]} (current: {"os":"linux","cpu":"x64","libc":"glibc"})
2026-10-10T00:09:40.6933815Z Unsupported platform for @rolldown/binding-linux-arm64-gnu@1.0.3: wanted {"cpu":["arm64"],"os":["linux"],"libc":["glibc"]} (current: {"os":"linux","cpu":"x64","libc":"glibc"})
2026-10-10T00:09:40.6935033Z Unsupported platform for @rolldown/binding-linux-arm64-musl@1.0.3: wanted {"cpu":["arm64"],"os":["linux"],"libc":["musl"]} (current: {"os":"linux","cpu":"x64","libc":"glibc"})
2026-10-10T00:09:40.6936224Z Unsupported platform for @rolldown/binding-linux-ppc64-gnu@1.0.3: wanted {"cpu":["ppc64"],"os":["linux"],"libc":["glibc"]} (current: {"os":"linux","cpu":"x64","libc":"glibc"})
2026-10-10T00:09:40.6937408Z Unsupported platform for @rolldown/binding-linux-s390x-gnu@1.0.3: wanted {"cpu":["s390x"],"os":["linux"],"libc":["glibc"]} (current: {"os":"linux","cpu":"x64","libc":"glibc"})
2026-10-10T00:09:40.6938630Z Unsupported platform for @rolldown/binding-linux-x64-musl@1.0.3: wanted {"cpu":["x64"],"os":["linux"],"libc":["musl"]} (current: {"os":"linux","cpu":"x64","libc":"glibc"})
2026-10-10T00:09:40.6940779Z Unsupported platform for @rolldown/binding-openharmony-arm64@1.0.3: wanted {"cpu":["arm64"],"os":["openharmony"],"libc":["any"]} (current: {"os":"linux","cpu":"x64","libc":"glibc"})
2026-10-10T00:09:40.6942891Z Unsupported platform for @rolldown/binding-wasm32-wasi@1.0.3: wanted {"cpu":["wasm32"],"os":["any"],"libc":["any"]} (current: {"os":"linux","cpu":"x64","libc":"glibc"})
2026-10-10T00:09:40.6945201Z Unsupported platform for @rolldown/binding-win32-arm64-msvc@1.0.3: wanted {"cpu":["arm64"],"os":["win32"],"libc":["any"]} (current: {"os":"linux","cpu":"x64","libc":"glibc"})
2026-10-10T00:09:40.6947308Z Unsupported platform for @rolldown/binding-win32-x64-msvc@1.0.3: wanted {"cpu":["x64"],"os":["win32"],"libc":["any"]} (current: {"os":"linux","cpu":"x64","libc":"glibc"})
2026-10-10T00:09:40.6949275Z Unsupported platform for @esbuild/aix-ppc64@0.28.1: wanted {"cpu":["ppc64"],"os":["aix"],"libc":["any"]} (current: {"os":"linux","cpu":"x64","libc":"glibc"})
2026-10-10T00:09:40.6950903Z Unsupported platform for @esbuild/android-arm@0.28.1: wanted {"cpu":["arm"],"os":["android"],"libc":["any"]} (current: {"os":"linux","cpu":"x64","libc":"glibc"})
2026-10-10T00:09:40.6952092Z Unsupported platform for @esbuild/android-arm64@0.28.1: wanted {"cpu":["arm64"],"os":["android"],"libc":["any"]} (current: {"os":"linux","cpu":"x64","libc":"glibc"})
2026-10-10T00:09:40.6953664Z Unsupported platform for @esbuild/android-x64@0.28.1: wanted {"cpu":["x64"],"os":["android"],"libc":["any"]} (current: {"os":"linux","cpu":"x64","libc":"glibc"})
2026-10-10T00:09:40.6954923Z Unsupported platform for @esbuild/darwin-arm64@0.28.1: wanted {"cpu":["arm64"],"os":["darwin"],"libc":["any"]} (current: {"os":"linux","cpu":"x64","libc":"glibc"})
2026-10-10T00:09:40.6956026Z Unsupported platform for @esbuild/darwin-x64@0.28.1: wanted {"cpu":["x64"],"os":["darwin"],"libc":["any"]} (current: {"os":"linux","cpu":"x64","libc":"glibc"})
2026-10-10T00:09:40.6957131Z Unsupported platform for @esbuild/freebsd-arm64@0.28.1: wanted {"cpu":["arm64"],"os":["freebsd"],"libc":["any"]} (current: {"os":"linux","cpu":"x64","libc":"glibc"})
2026-10-10T00:09:40.6958223Z Unsupported platform for @esbuild/freebsd-x64@0.28.1: wanted {"cpu":["x64"],"os":["freebsd"],"libc":["any"]} (current: {"os":"linux","cpu":"x64","libc":"glibc"})
2026-10-10T00:09:40.6959286Z Unsupported platform for @esbuild/linux-arm@0.28.1: wanted {"cpu":["arm"],"os":["linux"],"libc":["any"]} (current: {"os":"linux","cpu":"x64","libc":"glibc"})
2026-10-10T00:09:40.6960775Z Unsupported platform for @esbuild/linux-arm64@0.28.1: wanted {"cpu":["arm64"],"os":["linux"],"libc":["any"]} (current: {"os":"linux","cpu":"x64","libc":"glibc"})
2026-10-10T00:09:40.6961832Z Unsupported platform for @esbuild/linux-ia32@0.28.1: wanted {"cpu":["ia32"],"os":["linux"],"libc":["any"]} (current: {"os":"linux","cpu":"x64","libc":"glibc"})
2026-10-10T00:09:40.6962914Z Unsupported platform for @esbuild/linux-loong64@0.28.1: wanted {"cpu":["loong64"],"os":["linux"],"libc":["any"]} (current: {"os":"linux","cpu":"x64","libc":"glibc"})
2026-10-10T00:09:40.6964290Z Unsupported platform for @esbuild/linux-mips64el@0.28.1: wanted {"cpu":["mips64el"],"os":["linux"],"libc":["any"]} (current: {"os":"linux","cpu":"x64","libc":"glibc"})
2026-10-10T00:09:40.6965406Z Unsupported platform for @esbuild/linux-ppc64@0.28.1: wanted {"cpu":["ppc64"],"os":["linux"],"libc":["any"]} (current: {"os":"linux","cpu":"x64","libc":"glibc"})
2026-10-10T00:09:40.6966489Z Unsupported platform for @esbuild/linux-riscv64@0.28.1: wanted {"cpu":["riscv64"],"os":["linux"],"libc":["any"]} (current: {"os":"linux","cpu":"x64","libc":"glibc"})
2026-10-10T00:09:40.6967565Z Unsupported platform for @esbuild/linux-s390x@0.28.1: wanted {"cpu":["s390x"],"os":["linux"],"libc":["any"]} (current: {"os":"linux","cpu":"x64","libc":"glibc"})
2026-10-10T00:09:40.6968879Z Unsupported platform for @esbuild/netbsd-arm64@0.28.1: wanted {"cpu":["arm64"],"os":["netbsd"],"libc":["any"]} (current: {"os":"linux","cpu":"x64","libc":"glibc"})
2026-10-10T00:09:40.6969987Z Unsupported platform for @esbuild/netbsd-x64@0.28.1: wanted {"cpu":["x64"],"os":["netbsd"],"libc":["any"]} (current: {"os":"linux","cpu":"x64","libc":"glibc"})
2026-10-10T00:09:40.6971056Z Unsupported platform for @esbuild/openbsd-arm64@0.28.1: wanted {"cpu":["arm64"],"os":["openbsd"],"libc":["any"]} (current: {"os":"linux","cpu":"x64","libc":"glibc"})
2026-10-10T00:09:40.6972140Z Unsupported platform for @esbuild/openbsd-x64@0.28.1: wanted {"cpu":["x64"],"os":["openbsd"],"libc":["any"]} (current: {"os":"linux","cpu":"x64","libc":"glibc"})
2026-10-10T00:09:40.6973502Z Unsupported platform for @esbuild/openharmony-arm64@0.28.1: wanted {"cpu":["arm64"],"os":["openharmony"],"libc":["any"]} (current: {"os":"linux","cpu":"x64","libc":"glibc"})
2026-10-10T00:09:40.6974610Z Unsupported platform for @esbuild/sunos-x64@0.28.1: wanted {"cpu":["x64"],"os":["sunos"],"libc":["any"]} (current: {"os":"linux","cpu":"x64","libc":"glibc"})
2026-10-10T00:09:40.6975663Z Unsupported platform for @esbuild/win32-arm64@0.28.1: wanted {"cpu":["arm64"],"os":["win32"],"libc":["any"]} (current: {"os":"linux","cpu":"x64","libc":"glibc"})
2026-10-10T00:09:40.6976721Z Unsupported platform for @esbuild/win32-ia32@0.28.1: wanted {"cpu":["ia32"],"os":["win32"],"libc":["any"]} (current: {"os":"linux","cpu":"x64","libc":"glibc"})
2026-10-10T00:09:40.6977754Z Unsupported platform for @esbuild/win32-x64@0.28.1: wanted {"cpu":["x64"],"os":["win32"],"libc":["any"]} (current: {"os":"linux","cpu":"x64","libc":"glibc"})
2026-10-10T00:09:40.6978900Z Unsupported platform for @cloudflare/workerd-darwin-64@1.20260515.1: wanted {"cpu":["x64"],"os":["darwin"],"libc":["any"]} (current: {"os":"linux","cpu":"x64","libc":"glibc"})
2026-10-10T00:09:40.6980178Z Unsupported platform for @cloudflare/workerd-darwin-arm64@1.20260515.1: wanted {"cpu":["arm64"],"os":["darwin"],"libc":["any"]} (current: {"os":"linux","cpu":"x64","libc":"glibc"})
2026-10-10T00:09:40.6981843Z Unsupported platform for @cloudflare/workerd-linux-arm64@1.20260515.1: wanted {"cpu":["arm64"],"os":["linux"],"libc":["any"]} (current: {"os":"linux","cpu":"x64","libc":"glibc"})
2026-10-10T00:09:40.6983447Z Unsupported platform for @cloudflare/workerd-windows-64@1.20260515.1: wanted {"cpu":["x64"],"os":["win32"],"libc":["any"]} (current: {"os":"linux","cpu":"x64","libc":"glibc"})
2026-10-10T00:09:40.6985004Z Unsupported platform for lightningcss-android-arm64@1.31.1: wanted {"cpu":["arm64"],"os":["android"],"libc":["any"]} (current: {"os":"linux","cpu":"x64","libc":"glibc"})
2026-10-10T00:09:40.6986478Z Unsupported platform for lightningcss-darwin-arm64@1.31.1: wanted {"cpu":["arm64"],"os":["darwin"],"libc":["any"]} (current: {"os":"linux","cpu":"x64","libc":"glibc"})
2026-10-10T00:09:40.6987608Z Unsupported platform for lightningcss-darwin-x64@1.31.1: wanted {"cpu":["x64"],"os":["darwin"],"libc":["any"]} (current: {"os":"linux","cpu":"x64","libc":"glibc"})
2026-10-10T00:09:40.6988711Z Unsupported platform for lightningcss-freebsd-x64@1.31.1: wanted {"cpu":["x64"],"os":["freebsd"],"libc":["any"]} (current: {"os":"linux","cpu":"x64","libc":"glibc"})
2026-10-10T00:09:40.6989879Z Unsupported platform for lightningcss-linux-arm-gnueabihf@1.31.1: wanted {"cpu":["arm"],"os":["linux"],"libc":["glibc"]} (current: {"os":"linux","cpu":"x64","libc":"glibc"})
2026-10-10T00:09:40.6991230Z Unsupported platform for lightningcss-linux-arm64-gnu@1.31.1: wanted {"cpu":["arm64"],"os":["linux"],"libc":["glibc"]} (current: {"os":"linux","cpu":"x64","libc":"glibc"})
2026-10-10T00:09:40.6992406Z Unsupported platform for lightningcss-linux-arm64-musl@1.31.1: wanted {"cpu":["arm64"],"os":["linux"],"libc":["musl"]} (current: {"os":"linux","cpu":"x64","libc":"glibc"})
2026-10-10T00:09:40.6993825Z Unsupported platform for lightningcss-linux-x64-musl@1.31.1: wanted {"cpu":["x64"],"os":["linux"],"libc":["musl"]} (current: {"os":"linux","cpu":"x64","libc":"glibc"})
2026-10-10T00:09:40.6994972Z Unsupported platform for lightningcss-win32-arm64-msvc@1.31.1: wanted {"cpu":["arm64"],"os":["win32"],"libc":["any"]} (current: {"os":"linux","cpu":"x64","libc":"glibc"})
2026-10-10T00:09:40.6996105Z Unsupported platform for lightningcss-win32-x64-msvc@1.31.1: wanted {"cpu":["x64"],"os":["win32"],"libc":["any"]} (current: {"os":"linux","cpu":"x64","libc":"glibc"})
2026-10-10T00:09:40.7019982Z Unsupported platform for @unrs/resolver-binding-android-arm-eabi@1.11.1: wanted {"cpu":["arm"],"os":["android"],"libc":["any"]} (current: {"os":"linux","cpu":"x64","libc":"glibc"})
2026-10-10T00:09:40.7022066Z Unsupported platform for @unrs/resolver-binding-android-arm64@1.11.1: wanted {"cpu":["arm64"],"os":["android"],"libc":["any"]} (current: {"os":"linux","cpu":"x64","libc":"glibc"})
2026-10-10T00:09:40.7024120Z Unsupported platform for @unrs/resolver-binding-darwin-arm64@1.11.1: wanted {"cpu":["arm64"],"os":["darwin"],"libc":["any"]} (current: {"os":"linux","cpu":"x64","libc":"glibc"})
2026-10-10T00:09:40.7026043Z Unsupported platform for @unrs/resolver-binding-darwin-x64@1.11.1: wanted {"cpu":["x64"],"os":["darwin"],"libc":["any"]} (current: {"os":"linux","cpu":"x64","libc":"glibc"})
2026-10-10T00:09:40.7028053Z Unsupported platform for @unrs/resolver-binding-freebsd-x64@1.11.1: wanted {"cpu":["x64"],"os":["freebsd"],"libc":["any"]} (current: {"os":"linux","cpu":"x64","libc":"glibc"})
2026-10-10T00:09:40.7030254Z Unsupported platform for @unrs/resolver-binding-linux-arm-gnueabihf@1.11.1: wanted {"cpu":["arm"],"os":["linux"],"libc":["glibc"]} (current: {"os":"linux","cpu":"x64","libc":"glibc"})
2026-10-10T00:09:40.7033978Z Unsupported platform for @unrs/resolver-binding-linux-arm-musleabihf@1.11.1: wanted {"cpu":["arm"],"os":["linux"],"libc":["musl"]} (current: {"os":"linux","cpu":"x64","libc":"glibc"})
2026-10-10T00:09:40.7036213Z Unsupported platform for @unrs/resolver-binding-linux-arm64-gnu@1.11.1: wanted {"cpu":["arm64"],"os":["linux"],"libc":["glibc"]} (current: {"os":"linux","cpu":"x64","libc":"glibc"})
2026-10-10T00:09:40.7038342Z Unsupported platform for @unrs/resolver-binding-linux-arm64-musl@1.11.1: wanted {"cpu":["arm64"],"os":["linux"],"libc":["musl"]} (current: {"os":"linux","cpu":"x64","libc":"glibc"})
2026-10-10T00:09:40.7041173Z Unsupported platform for @unrs/resolver-binding-linux-ppc64-gnu@1.11.1: wanted {"cpu":["ppc64"],"os":["linux"],"libc":["glibc"]} (current: {"os":"linux","cpu":"x64","libc":"glibc"})
2026-10-10T00:09:40.7044758Z Unsupported platform for @unrs/resolver-binding-linux-riscv64-gnu@1.11.1: wanted {"cpu":["riscv64"],"os":["linux"],"libc":["glibc"]} (current: {"os":"linux","cpu":"x64","libc":"glibc"})
2026-10-10T00:09:40.7047988Z Unsupported platform for @unrs/resolver-binding-linux-riscv64-musl@1.11.1: wanted {"cpu":["riscv64"],"os":["linux"],"libc":["musl"]} (current: {"os":"linux","cpu":"x64","libc":"glibc"})
2026-10-10T00:09:40.7050559Z Unsupported platform for @unrs/resolver-binding-linux-s390x-gnu@1.11.1: wanted {"cpu":["s390x"],"os":["linux"],"libc":["glibc"]} (current: {"os":"linux","cpu":"x64","libc":"glibc"})
2026-10-10T00:09:40.7052716Z Unsupported platform for @unrs/resolver-binding-linux-x64-musl@1.11.1: wanted {"cpu":["x64"],"os":["linux"],"libc":["musl"]} (current: {"os":"linux","cpu":"x64","libc":"glibc"})
2026-10-10T00:09:40.7055282Z Unsupported platform for @unrs/resolver-binding-wasm32-wasi@1.11.1: wanted {"cpu":["wasm32"],"os":["any"],"libc":["any"]} (current: {"os":"linux","cpu":"x64","libc":"glibc"})
2026-10-10T00:09:40.7057304Z Unsupported platform for @unrs/resolver-binding-win32-arm64-msvc@1.11.1: wanted {"cpu":["arm64"],"os":["win32"],"libc":["any"]} (current: {"os":"linux","cpu":"x64","libc":"glibc"})
2026-10-10T00:09:40.7058666Z Unsupported platform for @unrs/resolver-binding-win32-ia32-msvc@1.11.1: wanted {"cpu":["ia32"],"os":["win32"],"libc":["any"]} (current: {"os":"linux","cpu":"x64","libc":"glibc"})
2026-10-10T00:09:40.7060482Z Unsupported platform for @unrs/resolver-binding-win32-x64-msvc@1.11.1: wanted {"cpu":["x64"],"os":["win32"],"libc":["any"]} (current: {"os":"linux","cpu":"x64","libc":"glibc"})
2026-10-10T00:09:40.7140413Z Unsupported platform for @next/swc-darwin-arm64@16.3.8: wanted {"cpu":["arm64"],"os":["darwin"],"libc":["any"]} (current: {"os":"linux","cpu":"x64","libc":"glibc"})
2026-10-10T00:09:40.7142873Z Unsupported platform for @next/swc-darwin-x64@16.3.8: wanted {"cpu":["x64"],"os":["darwin"],"libc":["any"]} (current: {"os":"linux","cpu":"x64","libc":"glibc"})
2026-10-10T00:09:40.7145472Z Unsupported platform for @next/swc-linux-arm64-gnu@16.3.8: wanted {"cpu":["arm64"],"os":["linux"],"libc":["glibc"]} (current: {"os":"linux","cpu":"x64","libc":"glibc"})
2026-10-10T00:09:40.7147752Z Unsupported platform for @next/swc-linux-arm64-musl@16.3.8: wanted {"cpu":["arm64"],"os":["linux"],"libc":["musl"]} (current: {"os":"linux","cpu":"x64","libc":"glibc"})
2026-10-10T00:09:40.7149917Z Unsupported platform for @next/swc-linux-x64-musl@16.3.8: wanted {"cpu":["x64"],"os":["linux"],"libc":["musl"]} (current: {"os":"linux","cpu":"x64","libc":"glibc"})
2026-10-10T00:09:40.7152200Z Unsupported platform for @next/swc-win32-arm64-msvc@16.3.8: wanted {"cpu":["arm64"],"os":["win32"],"libc":["any"]} (current: {"os":"linux","cpu":"x64","libc":"glibc"})
2026-10-10T00:09:40.7154679Z Unsupported platform for @next/swc-win32-x64-msvc@16.3.8: wanted {"cpu":["x64"],"os":["win32"],"libc":["any"]} (current: {"os":"linux","cpu":"x64","libc":"glibc"})
2026-10-10T00:09:40.7156902Z Unsupported platform for fsevents@2.3.3: wanted {"cpu":["any"],"os":["darwin"],"libc":["any"]} (current: {"os":"linux","cpu":"x64","libc":"glibc"})
2026-10-10T00:09:40.7159205Z Unsupported platform for @img/sharp-darwin-arm64@0.35.5: wanted {"cpu":["arm64"],"os":["darwin"],"libc":["any"]} (current: {"os":"linux","cpu":"x64","libc":"glibc"})
2026-10-10T00:09:40.7161516Z Unsupported platform for @img/sharp-darwin-x64@0.35.5: wanted {"cpu":["x64"],"os":["darwin"],"libc":["any"]} (current: {"os":"linux","cpu":"x64","libc":"glibc"})
2026-10-10T00:09:40.7163996Z Unsupported platform for @img/sharp-freebsd-wasm32@0.35.5: wanted {"cpu":["wasm32"],"os":["freebsd"],"libc":["any"]} (current: {"os":"linux","cpu":"x64","libc":"glibc"})
2026-10-10T00:09:40.7166473Z Unsupported platform for @img/sharp-libvips-darwin-arm64@1.3.4: wanted {"cpu":["arm64"],"os":["darwin"],"libc":["any"]} (current: {"os":"linux","cpu":"x64","libc":"glibc"})
2026-10-10T00:09:40.7168880Z Unsupported platform for @img/sharp-libvips-darwin-x64@1.3.4: wanted {"cpu":["x64"],"os":["darwin"],"libc":["any"]} (current: {"os":"linux","cpu":"x64","libc":"glibc"})
2026-10-10T00:09:40.7171660Z Unsupported platform for @img/sharp-libvips-linux-arm@1.3.4: wanted {"cpu":["arm"],"os":["linux"],"libc":["glibc"]} (current: {"os":"linux","cpu":"x64","libc":"glibc"})
2026-10-10T00:09:40.7174405Z Unsupported platform for @img/sharp-libvips-linux-arm64@1.3.4: wanted {"cpu":["arm64"],"os":["linux"],"libc":["glibc"]} (current: {"os":"linux","cpu":"x64","libc":"glibc"})
2026-10-10T00:09:40.7176906Z Unsupported platform for @img/sharp-libvips-linux-ppc64@1.3.4: wanted {"cpu":["ppc64"],"os":["linux"],"libc":["glibc"]} (current: {"os":"linux","cpu":"x64","libc":"glibc"})
2026-10-10T00:09:40.7179350Z Unsupported platform for @img/sharp-libvips-linux-riscv64@1.3.4: wanted {"cpu":["riscv64"],"os":["linux"],"libc":["glibc"]} (current: {"os":"linux","cpu":"x64","libc":"glibc"})
2026-10-10T00:09:40.7181749Z Unsupported platform for @img/sharp-libvips-linux-s390x@1.3.4: wanted {"cpu":["s390x"],"os":["linux"],"libc":["glibc"]} (current: {"os":"linux","cpu":"x64","libc":"glibc"})
2026-10-10T00:09:40.7184356Z Unsupported platform for @img/sharp-libvips-linuxmusl-arm64@1.3.4: wanted {"cpu":["arm64"],"os":["linux"],"libc":["musl"]} (current: {"os":"linux","cpu":"x64","libc":"glibc"})
2026-10-10T00:09:40.7186747Z Unsupported platform for @img/sharp-libvips-linuxmusl-x64@1.3.4: wanted {"cpu":["x64"],"os":["linux"],"libc":["musl"]} (current: {"os":"linux","cpu":"x64","libc":"glibc"})
2026-10-10T00:09:40.7188899Z Unsupported platform for @img/sharp-linux-arm@0.35.5: wanted {"cpu":["arm"],"os":["linux"],"libc":["glibc"]} (current: {"os":"linux","cpu":"x64","libc":"glibc"})
2026-10-10T00:09:40.7191130Z Unsupported platform for @img/sharp-linux-arm64@0.35.5: wanted {"cpu":["arm64"],"os":["linux"],"libc":["glibc"]} (current: {"os":"linux","cpu":"x64","libc":"glibc"})
2026-10-10T00:09:40.7193576Z Unsupported platform for @img/sharp-linux-ppc64@0.35.5: wanted {"cpu":["ppc64"],"os":["linux"],"libc":["glibc"]} (current: {"os":"linux","cpu":"x64","libc":"glibc"})
2026-10-10T00:09:40.7195910Z Unsupported platform for @img/sharp-linux-riscv64@0.35.5: wanted {"cpu":["riscv64"],"os":["linux"],"libc":["glibc"]} (current: {"os":"linux","cpu":"x64","libc":"glibc"})
2026-10-10T00:09:40.7198204Z Unsupported platform for @img/sharp-linux-s390x@0.35.5: wanted {"cpu":["s390x"],"os":["linux"],"libc":["glibc"]} (current: {"os":"linux","cpu":"x64","libc":"glibc"})
2026-10-10T00:09:40.7200552Z Unsupported platform for @img/sharp-linuxmusl-arm64@0.35.5: wanted {"cpu":["arm64"],"os":["linux"],"libc":["musl"]} (current: {"os":"linux","cpu":"x64","libc":"glibc"})
2026-10-10T00:09:40.7204026Z Unsupported platform for @img/sharp-linuxmusl-x64@0.35.5: wanted {"cpu":["x64"],"os":["linux"],"libc":["musl"]} (current: {"os":"linux","cpu":"x64","libc":"glibc"})
2026-10-10T00:09:40.7206516Z Unsupported platform for @img/sharp-webcontainers-wasm32@0.35.5: wanted {"cpu":["wasm32"],"os":["any"],"libc":["any"]} (current: {"os":"linux","cpu":"x64","libc":"glibc"})
2026-10-10T00:09:40.7208787Z Unsupported platform for @img/sharp-win32-arm64@0.35.5: wanted {"cpu":["arm64"],"os":["win32"],"libc":["any"]} (current: {"os":"linux","cpu":"x64","libc":"glibc"})
2026-10-10T00:09:40.7211074Z Unsupported platform for @img/sharp-win32-ia32@0.35.5: wanted {"cpu":["ia32"],"os":["win32"],"libc":["any"]} (current: {"os":"linux","cpu":"x64","libc":"glibc"})
2026-10-10T00:09:40.7213377Z Unsupported platform for @img/sharp-win32-x64@0.35.5: wanted {"cpu":["x64"],"os":["win32"],"libc":["any"]} (current: {"os":"linux","cpu":"x64","libc":"glibc"})
2026-10-10T00:09:40.7215684Z Unsupported platform for @tailwindcss/oxide-android-arm64@4.2.1: wanted {"cpu":["arm64"],"os":["android"],"libc":["any"]} (current: {"os":"linux","cpu":"x64","libc":"glibc"})
2026-10-10T00:09:40.7218042Z Unsupported platform for @tailwindcss/oxide-darwin-arm64@4.2.1: wanted {"cpu":["arm64"],"os":["darwin"],"libc":["any"]} (current: {"os":"linux","cpu":"x64","libc":"glibc"})
2026-10-10T00:09:40.7220321Z Unsupported platform for @tailwindcss/oxide-darwin-x64@4.2.1: wanted {"cpu":["x64"],"os":["darwin"],"libc":["any"]} (current: {"os":"linux","cpu":"x64","libc":"glibc"})
2026-10-10T00:09:40.7222920Z Unsupported platform for @tailwindcss/oxide-freebsd-x64@4.2.1: wanted {"cpu":["x64"],"os":["freebsd"],"libc":["any"]} (current: {"os":"linux","cpu":"x64","libc":"glibc"})
2026-10-10T00:09:40.7225833Z Unsupported platform for @tailwindcss/oxide-linux-arm-gnueabihf@4.2.1: wanted {"cpu":["arm"],"os":["linux"],"libc":["glibc"]} (current: {"os":"linux","cpu":"x64","libc":"glibc"})
2026-10-10T00:09:40.7228386Z Unsupported platform for @tailwindcss/oxide-linux-arm64-gnu@4.2.1: wanted {"cpu":["arm64"],"os":["linux"],"libc":["glibc"]} (current: {"os":"linux","cpu":"x64","libc":"glibc"})
2026-10-10T00:09:40.7230904Z Unsupported platform for @tailwindcss/oxide-linux-arm64-musl@4.2.1: wanted {"cpu":["arm64"],"os":["linux"],"libc":["musl"]} (current: {"os":"linux","cpu":"x64","libc":"glibc"})
2026-10-10T00:09:40.7233430Z Unsupported platform for @tailwindcss/oxide-linux-x64-musl@4.2.1: wanted {"cpu":["x64"],"os":["linux"],"libc":["musl"]} (current: {"os":"linux","cpu":"x64","libc":"glibc"})
2026-10-10T00:09:40.7235702Z Unsupported platform for @tailwindcss/oxide-wasm32-wasi@4.2.1: wanted {"cpu":["wasm32"],"os":["any"],"libc":["any"]} (current: {"os":"linux","cpu":"x64","libc":"glibc"})
2026-10-10T00:09:40.7237965Z Unsupported platform for @tailwindcss/oxide-win32-arm64-msvc@4.2.1: wanted {"cpu":["arm64"],"os":["win32"],"libc":["any"]} (current: {"os":"linux","cpu":"x64","libc":"glibc"})
2026-10-10T00:09:40.7240200Z Unsupported platform for @tailwindcss/oxide-win32-x64-msvc@4.2.1: wanted {"cpu":["x64"],"os":["win32"],"libc":["any"]} (current: {"os":"linux","cpu":"x64","libc":"glibc"})
2026-10-10T00:09:40.7242280Z Unsupported platform for @esbuild/aix-ppc64@0.25.12: wanted {"cpu":["ppc64"],"os":["aix"],"libc":["any"]} (current: {"os":"linux","cpu":"x64","libc":"glibc"})
2026-10-10T00:09:40.7244493Z Unsupported platform for @esbuild/android-arm@0.25.12: wanted {"cpu":["arm"],"os":["android"],"libc":["any"]} (current: {"os":"linux","cpu":"x64","libc":"glibc"})
2026-10-10T00:09:40.7246646Z Unsupported platform for @esbuild/android-arm64@0.25.12: wanted {"cpu":["arm64"],"os":["android"],"libc":["any"]} (current: {"os":"linux","cpu":"x64","libc":"glibc"})
2026-10-10T00:09:40.7248849Z Unsupported platform for @esbuild/android-x64@0.25.12: wanted {"cpu":["x64"],"os":["android"],"libc":["any"]} (current: {"os":"linux","cpu":"x64","libc":"glibc"})
2026-10-10T00:09:40.7251019Z Unsupported platform for @esbuild/darwin-arm64@0.25.12: wanted {"cpu":["arm64"],"os":["darwin"],"libc":["any"]} (current: {"os":"linux","cpu":"x64","libc":"glibc"})
2026-10-10T00:09:40.7253432Z Unsupported platform for @esbuild/darwin-x64@0.25.12: wanted {"cpu":["x64"],"os":["darwin"],"libc":["any"]} (current: {"os":"linux","cpu":"x64","libc":"glibc"})
2026-10-10T00:09:40.7255627Z Unsupported platform for @esbuild/freebsd-arm64@0.25.12: wanted {"cpu":["arm64"],"os":["freebsd"],"libc":["any"]} (current: {"os":"linux","cpu":"x64","libc":"glibc"})
2026-10-10T00:09:40.7257816Z Unsupported platform for @esbuild/freebsd-x64@0.25.12: wanted {"cpu":["x64"],"os":["freebsd"],"libc":["any"]} (current: {"os":"linux","cpu":"x64","libc":"glibc"})
2026-10-10T00:09:40.7259980Z Unsupported platform for @esbuild/linux-arm@0.25.12: wanted {"cpu":["arm"],"os":["linux"],"libc":["any"]} (current: {"os":"linux","cpu":"x64","libc":"glibc"})
2026-10-10T00:09:40.7262137Z Unsupported platform for @esbuild/linux-arm64@0.25.12: wanted {"cpu":["arm64"],"os":["linux"],"libc":["any"]} (current: {"os":"linux","cpu":"x64","libc":"glibc"})
2026-10-10T00:09:40.7264558Z Unsupported platform for @esbuild/linux-ia32@0.25.12: wanted {"cpu":["ia32"],"os":["linux"],"libc":["any"]} (current: {"os":"linux","cpu":"x64","libc":"glibc"})
2026-10-10T00:09:40.7266870Z Unsupported platform for @esbuild/linux-loong64@0.25.12: wanted {"cpu":["loong64"],"os":["linux"],"libc":["any"]} (current: {"os":"linux","cpu":"x64","libc":"glibc"})
2026-10-10T00:09:40.7269176Z Unsupported platform for @esbuild/linux-mips64el@0.25.12: wanted {"cpu":["mips64el"],"os":["linux"],"libc":["any"]} (current: {"os":"linux","cpu":"x64","libc":"glibc"})
2026-10-10T00:09:40.7271968Z Unsupported platform for @esbuild/linux-ppc64@0.25.12: wanted {"cpu":["ppc64"],"os":["linux"],"libc":["any"]} (current: {"os":"linux","cpu":"x64","libc":"glibc"})
2026-10-10T00:09:40.7274513Z Unsupported platform for @esbuild/linux-riscv64@0.25.12: wanted {"cpu":["riscv64"],"os":["linux"],"libc":["any"]} (current: {"os":"linux","cpu":"x64","libc":"glibc"})
2026-10-10T00:09:40.7276787Z Unsupported platform for @esbuild/linux-s390x@0.25.12: wanted {"cpu":["s390x"],"os":["linux"],"libc":["any"]} (current: {"os":"linux","cpu":"x64","libc":"glibc"})
2026-10-10T00:09:40.7279049Z Unsupported platform for @esbuild/netbsd-arm64@0.25.12: wanted {"cpu":["arm64"],"os":["netbsd"],"libc":["any"]} (current: {"os":"linux","cpu":"x64","libc":"glibc"})
2026-10-10T00:09:40.7281327Z Unsupported platform for @esbuild/netbsd-x64@0.25.12: wanted {"cpu":["x64"],"os":["netbsd"],"libc":["any"]} (current: {"os":"linux","cpu":"x64","libc":"glibc"})
2026-10-10T00:09:40.7283735Z Unsupported platform for @esbuild/openbsd-arm64@0.25.12: wanted {"cpu":["arm64"],"os":["openbsd"],"libc":["any"]} (current: {"os":"linux","cpu":"x64","libc":"glibc"})
2026-10-10T00:09:40.7285977Z Unsupported platform for @esbuild/openbsd-x64@0.25.12: wanted {"cpu":["x64"],"os":["openbsd"],"libc":["any"]} (current: {"os":"linux","cpu":"x64","libc":"glibc"})
2026-10-10T00:09:40.7288216Z Unsupported platform for @esbuild/openharmony-arm64@0.25.12: wanted {"cpu":["arm64"],"os":["openharmony"],"libc":["any"]} (current: {"os":"linux","cpu":"x64","libc":"glibc"})
2026-10-10T00:09:40.7290552Z Unsupported platform for @esbuild/sunos-x64@0.25.12: wanted {"cpu":["x64"],"os":["sunos"],"libc":["any"]} (current: {"os":"linux","cpu":"x64","libc":"glibc"})
2026-10-10T00:09:40.7292754Z Unsupported platform for @esbuild/win32-arm64@0.25.12: wanted {"cpu":["arm64"],"os":["win32"],"libc":["any"]} (current: {"os":"linux","cpu":"x64","libc":"glibc"})
2026-10-10T00:09:40.7295188Z Unsupported platform for @esbuild/win32-ia32@0.25.12: wanted {"cpu":["ia32"],"os":["win32"],"libc":["any"]} (current: {"os":"linux","cpu":"x64","libc":"glibc"})
2026-10-10T00:09:40.7299314Z Unsupported platform for @esbuild/win32-x64@0.25.12: wanted {"cpu":["x64"],"os":["win32"],"libc":["any"]} (current: {"os":"linux","cpu":"x64","libc":"glibc"})
2026-10-10T00:09:40.7302080Z Unsupported platform for lightningcss-android-arm64@1.32.0: wanted {"cpu":["arm64"],"os":["android"],"libc":["any"]} (current: {"os":"linux","cpu":"x64","libc":"glibc"})
2026-10-10T00:09:40.7304834Z Unsupported platform for lightningcss-darwin-arm64@1.32.0: wanted {"cpu":["arm64"],"os":["darwin"],"libc":["any"]} (current: {"os":"linux","cpu":"x64","libc":"glibc"})
2026-10-10T00:09:40.7307254Z Unsupported platform for lightningcss-darwin-x64@1.32.0: wanted {"cpu":["x64"],"os":["darwin"],"libc":["any"]} (current: {"os":"linux","cpu":"x64","libc":"glibc"})
2026-10-10T00:09:40.7309636Z Unsupported platform for lightningcss-freebsd-x64@1.32.0: wanted {"cpu":["x64"],"os":["freebsd"],"libc":["any"]} (current: {"os":"linux","cpu":"x64","libc":"glibc"})
2026-10-10T00:09:40.7312122Z Unsupported platform for lightningcss-linux-arm-gnueabihf@1.32.0: wanted {"cpu":["arm"],"os":["linux"],"libc":["glibc"]} (current: {"os":"linux","cpu":"x64","libc":"glibc"})
2026-10-10T00:09:40.7314809Z Unsupported platform for lightningcss-linux-arm64-gnu@1.32.0: wanted {"cpu":["arm64"],"os":["linux"],"libc":["glibc"]} (current: {"os":"linux","cpu":"x64","libc":"glibc"})
2026-10-10T00:09:40.7317469Z Unsupported platform for lightningcss-linux-arm64-musl@1.32.0: wanted {"cpu":["arm64"],"os":["linux"],"libc":["musl"]} (current: {"os":"linux","cpu":"x64","libc":"glibc"})
2026-10-10T00:09:40.7319993Z Unsupported platform for lightningcss-linux-x64-musl@1.32.0: wanted {"cpu":["x64"],"os":["linux"],"libc":["musl"]} (current: {"os":"linux","cpu":"x64","libc":"glibc"})
2026-10-10T00:09:40.7322415Z Unsupported platform for lightningcss-win32-arm64-msvc@1.32.0: wanted {"cpu":["arm64"],"os":["win32"],"libc":["any"]} (current: {"os":"linux","cpu":"x64","libc":"glibc"})
2026-10-10T00:09:40.7325626Z Unsupported platform for lightningcss-win32-x64-msvc@1.32.0: wanted {"cpu":["x64"],"os":["win32"],"libc":["any"]} (current: {"os":"linux","cpu":"x64","libc":"glibc"})
2026-10-10T00:09:40.7328128Z Unsupported platform for @rolldown/binding-android-arm64@1.0.3: wanted {"cpu":["arm64"],"os":["android"],"libc":["any"]} (current: {"os":"linux","cpu":"x64","libc":"glibc"})
2026-10-10T00:09:40.7332071Z Unsupported platform for @rolldown/binding-darwin-arm64@1.0.3: wanted {"cpu":["arm64"],"os":["darwin"],"libc":["any"]} (current: {"os":"linux","cpu":"x64","libc":"glibc"})
2026-10-10T00:09:40.7334801Z Unsupported platform for @rolldown/binding-darwin-x64@1.0.3: wanted {"cpu":["x64"],"os":["darwin"],"libc":["any"]} (current: {"os":"linux","cpu":"x64","libc":"glibc"})
2026-10-10T00:09:40.7337230Z Unsupported platform for @rolldown/binding-freebsd-x64@1.0.3: wanted {"cpu":["x64"],"os":["freebsd"],"libc":["any"]} (current: {"os":"linux","cpu":"x64","libc":"glibc"})
2026-10-10T00:09:40.7339748Z Unsupported platform for @rolldown/binding-linux-arm-gnueabihf@1.0.3: wanted {"cpu":["arm"],"os":["linux"],"libc":["glibc"]} (current: {"os":"linux","cpu":"x64","libc":"glibc"})
2026-10-10T00:09:40.7342269Z Unsupported platform for @rolldown/binding-linux-arm64-gnu@1.0.3: wanted {"cpu":["arm64"],"os":["linux"],"libc":["glibc"]} (current: {"os":"linux","cpu":"x64","libc":"glibc"})
2026-10-10T00:09:40.7345000Z Unsupported platform for @rolldown/binding-linux-arm64-musl@1.0.3: wanted {"cpu":["arm64"],"os":["linux"],"libc":["musl"]} (current: {"os":"linux","cpu":"x64","libc":"glibc"})
2026-10-10T00:09:40.7347516Z Unsupported platform for @rolldown/binding-linux-ppc64-gnu@1.0.3: wanted {"cpu":["ppc64"],"os":["linux"],"libc":["glibc"]} (current: {"os":"linux","cpu":"x64","libc":"glibc"})
2026-10-10T00:09:40.7350096Z Unsupported platform for @rolldown/binding-linux-s390x-gnu@1.0.3: wanted {"cpu":["s390x"],"os":["linux"],"libc":["glibc"]} (current: {"os":"linux","cpu":"x64","libc":"glibc"})
2026-10-10T00:09:40.7352529Z Unsupported platform for @rolldown/binding-linux-x64-musl@1.0.3: wanted {"cpu":["x64"],"os":["linux"],"libc":["musl"]} (current: {"os":"linux","cpu":"x64","libc":"glibc"})
2026-10-10T00:09:40.7355308Z Unsupported platform for @rolldown/binding-openharmony-arm64@1.0.3: wanted {"cpu":["arm64"],"os":["openharmony"],"libc":["any"]} (current: {"os":"linux","cpu":"x64","libc":"glibc"})
2026-10-10T00:09:40.7357815Z Unsupported platform for @rolldown/binding-wasm32-wasi@1.0.3: wanted {"cpu":["wasm32"],"os":["any"],"libc":["any"]} (current: {"os":"linux","cpu":"x64","libc":"glibc"})
2026-10-10T00:09:40.7360250Z Unsupported platform for @rolldown/binding-win32-arm64-msvc@1.0.3: wanted {"cpu":["arm64"],"os":["win32"],"libc":["any"]} (current: {"os":"linux","cpu":"x64","libc":"glibc"})
2026-10-10T00:09:40.7362686Z Unsupported platform for @rolldown/binding-win32-x64-msvc@1.0.3: wanted {"cpu":["x64"],"os":["win32"],"libc":["any"]} (current: {"os":"linux","cpu":"x64","libc":"glibc"})
2026-10-10T00:09:40.7365219Z Unsupported platform for @esbuild/aix-ppc64@0.28.1: wanted {"cpu":["ppc64"],"os":["aix"],"libc":["any"]} (current: {"os":"linux","cpu":"x64","libc":"glibc"})
2026-10-10T00:09:40.7367633Z Unsupported platform for @esbuild/android-arm@0.28.1: wanted {"cpu":["arm"],"os":["android"],"libc":["any"]} (current: {"os":"linux","cpu":"x64","libc":"glibc"})
2026-10-10T00:09:40.7369983Z Unsupported platform for @esbuild/android-arm64@0.28.1: wanted {"cpu":["arm64"],"os":["android"],"libc":["any"]} (current: {"os":"linux","cpu":"x64","libc":"glibc"})
2026-10-10T00:09:40.7372325Z Unsupported platform for @esbuild/android-x64@0.28.1: wanted {"cpu":["x64"],"os":["android"],"libc":["any"]} (current: {"os":"linux","cpu":"x64","libc":"glibc"})
2026-10-10T00:09:40.7374849Z Unsupported platform for @esbuild/darwin-arm64@0.28.1: wanted {"cpu":["arm64"],"os":["darwin"],"libc":["any"]} (current: {"os":"linux","cpu":"x64","libc":"glibc"})
2026-10-10T00:09:40.7377581Z Unsupported platform for @esbuild/darwin-x64@0.28.1: wanted {"cpu":["x64"],"os":["darwin"],"libc":["any"]} (current: {"os":"linux","cpu":"x64","libc":"glibc"})
2026-10-10T00:09:40.7380119Z Unsupported platform for @esbuild/freebsd-arm64@0.28.1: wanted {"cpu":["arm64"],"os":["freebsd"],"libc":["any"]} (current: {"os":"linux","cpu":"x64","libc":"glibc"})
2026-10-10T00:09:40.7382513Z Unsupported platform for @esbuild/freebsd-x64@0.28.1: wanted {"cpu":["x64"],"os":["freebsd"],"libc":["any"]} (current: {"os":"linux","cpu":"x64","libc":"glibc"})
2026-10-10T00:09:40.7385061Z Unsupported platform for @esbuild/linux-arm@0.28.1: wanted {"cpu":["arm"],"os":["linux"],"libc":["any"]} (current: {"os":"linux","cpu":"x64","libc":"glibc"})
2026-10-10T00:09:40.7387318Z Unsupported platform for @esbuild/linux-arm64@0.28.1: wanted {"cpu":["arm64"],"os":["linux"],"libc":["any"]} (current: {"os":"linux","cpu":"x64","libc":"glibc"})
2026-10-10T00:09:40.7389574Z Unsupported platform for @esbuild/linux-ia32@0.28.1: wanted {"cpu":["ia32"],"os":["linux"],"libc":["any"]} (current: {"os":"linux","cpu":"x64","libc":"glibc"})
2026-10-10T00:09:40.7391895Z Unsupported platform for @esbuild/linux-loong64@0.28.1: wanted {"cpu":["loong64"],"os":["linux"],"libc":["any"]} (current: {"os":"linux","cpu":"x64","libc":"glibc"})
2026-10-10T00:09:40.7394433Z Unsupported platform for @esbuild/linux-mips64el@0.28.1: wanted {"cpu":["mips64el"],"os":["linux"],"libc":["any"]} (current: {"os":"linux","cpu":"x64","libc":"glibc"})
2026-10-10T00:09:40.7396765Z Unsupported platform for @esbuild/linux-ppc64@0.28.1: wanted {"cpu":["ppc64"],"os":["linux"],"libc":["any"]} (current: {"os":"linux","cpu":"x64","libc":"glibc"})
2026-10-10T00:09:40.7399052Z Unsupported platform for @esbuild/linux-riscv64@0.28.1: wanted {"cpu":["riscv64"],"os":["linux"],"libc":["any"]} (current: {"os":"linux","cpu":"x64","libc":"glibc"})
2026-10-10T00:09:40.7401310Z Unsupported platform for @esbuild/linux-s390x@0.28.1: wanted {"cpu":["s390x"],"os":["linux"],"libc":["any"]} (current: {"os":"linux","cpu":"x64","libc":"glibc"})
2026-10-10T00:09:40.7403792Z Unsupported platform for @esbuild/netbsd-arm64@0.28.1: wanted {"cpu":["arm64"],"os":["netbsd"],"libc":["any"]} (current: {"os":"linux","cpu":"x64","libc":"glibc"})
2026-10-10T00:09:40.7406096Z Unsupported platform for @esbuild/netbsd-x64@0.28.1: wanted {"cpu":["x64"],"os":["netbsd"],"libc":["any"]} (current: {"os":"linux","cpu":"x64","libc":"glibc"})
2026-10-10T00:09:40.7408347Z Unsupported platform for @esbuild/openbsd-arm64@0.28.1: wanted {"cpu":["arm64"],"os":["openbsd"],"libc":["any"]} (current: {"os":"linux","cpu":"x64","libc":"glibc"})
2026-10-10T00:09:40.7410755Z Unsupported platform for @esbuild/openbsd-x64@0.28.1: wanted {"cpu":["x64"],"os":["openbsd"],"libc":["any"]} (current: {"os":"linux","cpu":"x64","libc":"glibc"})
2026-10-10T00:09:40.7413323Z Unsupported platform for @esbuild/openharmony-arm64@0.28.1: wanted {"cpu":["arm64"],"os":["openharmony"],"libc":["any"]} (current: {"os":"linux","cpu":"x64","libc":"glibc"})
2026-10-10T00:09:40.7415683Z Unsupported platform for @esbuild/sunos-x64@0.28.1: wanted {"cpu":["x64"],"os":["sunos"],"libc":["any"]} (current: {"os":"linux","cpu":"x64","libc":"glibc"})
2026-10-10T00:09:40.7417514Z Unsupported platform for @esbuild/win32-arm64@0.28.1: wanted {"cpu":["arm64"],"os":["win32"],"libc":["any"]} (current: {"os":"linux","cpu":"x64","libc":"glibc"})
2026-10-10T00:09:40.7418801Z Unsupported platform for @esbuild/win32-ia32@0.28.1: wanted {"cpu":["ia32"],"os":["win32"],"libc":["any"]} (current: {"os":"linux","cpu":"x64","libc":"glibc"})
2026-10-10T00:09:40.7420020Z Unsupported platform for @esbuild/win32-x64@0.28.1: wanted {"cpu":["x64"],"os":["win32"],"libc":["any"]} (current: {"os":"linux","cpu":"x64","libc":"glibc"})
2026-10-10T00:09:40.7421372Z Unsupported platform for @cloudflare/workerd-darwin-64@1.20260515.1: wanted {"cpu":["x64"],"os":["darwin"],"libc":["any"]} (current: {"os":"linux","cpu":"x64","libc":"glibc"})
2026-10-10T00:09:40.7423001Z Unsupported platform for @cloudflare/workerd-darwin-arm64@1.20260515.1: wanted {"cpu":["arm64"],"os":["darwin"],"libc":["any"]} (current: {"os":"linux","cpu":"x64","libc":"glibc"})
2026-10-10T00:09:40.7425853Z Unsupported platform for @cloudflare/workerd-linux-arm64@1.20260515.1: wanted {"cpu":["arm64"],"os":["linux"],"libc":["any"]} (current: {"os":"linux","cpu":"x64","libc":"glibc"})
2026-10-10T00:09:40.7428419Z Unsupported platform for @cloudflare/workerd-windows-64@1.20260515.1: wanted {"cpu":["x64"],"os":["win32"],"libc":["any"]} (current: {"os":"linux","cpu":"x64","libc":"glibc"})
2026-10-10T00:09:40.7430894Z Unsupported platform for lightningcss-android-arm64@1.31.1: wanted {"cpu":["arm64"],"os":["android"],"libc":["any"]} (current: {"os":"linux","cpu":"x64","libc":"glibc"})
2026-10-10T00:09:40.7433478Z Unsupported platform for lightningcss-darwin-arm64@1.31.1: wanted {"cpu":["arm64"],"os":["darwin"],"libc":["any"]} (current: {"os":"linux","cpu":"x64","libc":"glibc"})
2026-10-10T00:09:40.7435872Z Unsupported platform for lightningcss-darwin-x64@1.31.1: wanted {"cpu":["x64"],"os":["darwin"],"libc":["any"]} (current: {"os":"linux","cpu":"x64","libc":"glibc"})
2026-10-10T00:09:40.7438260Z Unsupported platform for lightningcss-freebsd-x64@1.31.1: wanted {"cpu":["x64"],"os":["freebsd"],"libc":["any"]} (current: {"os":"linux","cpu":"x64","libc":"glibc"})
2026-10-10T00:09:40.7440727Z Unsupported platform for lightningcss-linux-arm-gnueabihf@1.31.1: wanted {"cpu":["arm"],"os":["linux"],"libc":["glibc"]} (current: {"os":"linux","cpu":"x64","libc":"glibc"})
2026-10-10T00:09:40.7443379Z Unsupported platform for lightningcss-linux-arm64-gnu@1.31.1: wanted {"cpu":["arm64"],"os":["linux"],"libc":["glibc"]} (current: {"os":"linux","cpu":"x64","libc":"glibc"})
2026-10-10T00:09:40.7445891Z Unsupported platform for lightningcss-linux-arm64-musl@1.31.1: wanted {"cpu":["arm64"],"os":["linux"],"libc":["musl"]} (current: {"os":"linux","cpu":"x64","libc":"glibc"})
2026-10-10T00:09:40.7448290Z Unsupported platform for lightningcss-linux-x64-musl@1.31.1: wanted {"cpu":["x64"],"os":["linux"],"libc":["musl"]} (current: {"os":"linux","cpu":"x64","libc":"glibc"})
2026-10-10T00:09:40.7450719Z Unsupported platform for lightningcss-win32-arm64-msvc@1.31.1: wanted {"cpu":["arm64"],"os":["win32"],"libc":["any"]} (current: {"os":"linux","cpu":"x64","libc":"glibc"})
2026-10-10T00:09:40.7453276Z Unsupported platform for lightningcss-win32-x64-msvc@1.31.1: wanted {"cpu":["x64"],"os":["win32"],"libc":["any"]} (current: {"os":"linux","cpu":"x64","libc":"glibc"})
2026-10-10T00:09:40.7455798Z Unsupported platform for @unrs/resolver-binding-android-arm-eabi@1.11.1: wanted {"cpu":["arm"],"os":["android"],"libc":["any"]} (current: {"os":"linux","cpu":"x64","libc":"glibc"})
2026-10-10T00:09:40.7458380Z Unsupported platform for @unrs/resolver-binding-android-arm64@1.11.1: wanted {"cpu":["arm64"],"os":["android"],"libc":["any"]} (current: {"os":"linux","cpu":"x64","libc":"glibc"})
2026-10-10T00:09:40.7460860Z Unsupported platform for @unrs/resolver-binding-darwin-arm64@1.11.1: wanted {"cpu":["arm64"],"os":["darwin"],"libc":["any"]} (current: {"os":"linux","cpu":"x64","libc":"glibc"})
2026-10-10T00:09:40.7463399Z Unsupported platform for @unrs/resolver-binding-darwin-x64@1.11.1: wanted {"cpu":["x64"],"os":["darwin"],"libc":["any"]} (current: {"os":"linux","cpu":"x64","libc":"glibc"})
2026-10-10T00:09:40.7465378Z Unsupported platform for @unrs/resolver-binding-freebsd-x64@1.11.1: wanted {"cpu":["x64"],"os":["freebsd"],"libc":["any"]} (current: {"os":"linux","cpu":"x64","libc":"glibc"})
2026-10-10T00:09:40.7466666Z Unsupported platform for @unrs/resolver-binding-linux-arm-gnueabihf@1.11.1: wanted {"cpu":["arm"],"os":["linux"],"libc":["glibc"]} (current: {"os":"linux","cpu":"x64","libc":"glibc"})
2026-10-10T00:09:40.7467950Z Unsupported platform for @unrs/resolver-binding-linux-arm-musleabihf@1.11.1: wanted {"cpu":["arm"],"os":["linux"],"libc":["musl"]} (current: {"os":"linux","cpu":"x64","libc":"glibc"})
2026-10-10T00:09:40.7469206Z Unsupported platform for @unrs/resolver-binding-linux-arm64-gnu@1.11.1: wanted {"cpu":["arm64"],"os":["linux"],"libc":["glibc"]} (current: {"os":"linux","cpu":"x64","libc":"glibc"})
2026-10-10T00:09:40.7470797Z Unsupported platform for @unrs/resolver-binding-linux-arm64-musl@1.11.1: wanted {"cpu":["arm64"],"os":["linux"],"libc":["musl"]} (current: {"os":"linux","cpu":"x64","libc":"glibc"})
2026-10-10T00:09:40.7472012Z Unsupported platform for @unrs/resolver-binding-linux-ppc64-gnu@1.11.1: wanted {"cpu":["ppc64"],"os":["linux"],"libc":["glibc"]} (current: {"os":"linux","cpu":"x64","libc":"glibc"})
2026-10-10T00:09:40.7473548Z Unsupported platform for @unrs/resolver-binding-linux-riscv64-gnu@1.11.1: wanted {"cpu":["riscv64"],"os":["linux"],"libc":["glibc"]} (current: {"os":"linux","cpu":"x64","libc":"glibc"})
2026-10-10T00:09:40.7475820Z Unsupported platform for @unrs/resolver-binding-linux-riscv64-musl@1.11.1: wanted {"cpu":["riscv64"],"os":["linux"],"libc":["musl"]} (current: {"os":"linux","cpu":"x64","libc":"glibc"})
2026-10-10T00:09:40.7478040Z Unsupported platform for @unrs/resolver-binding-linux-s390x-gnu@1.11.1: wanted {"cpu":["s390x"],"os":["linux"],"libc":["glibc"]} (current: {"os":"linux","cpu":"x64","libc":"glibc"})
2026-10-10T00:09:40.7480242Z Unsupported platform for @unrs/resolver-binding-linux-x64-musl@1.11.1: wanted {"cpu":["x64"],"os":["linux"],"libc":["musl"]} (current: {"os":"linux","cpu":"x64","libc":"glibc"})
2026-10-10T00:09:40.7482358Z Unsupported platform for @unrs/resolver-binding-wasm32-wasi@1.11.1: wanted {"cpu":["wasm32"],"os":["any"],"libc":["any"]} (current: {"os":"linux","cpu":"x64","libc":"glibc"})
2026-10-10T00:09:40.7484671Z Unsupported platform for @unrs/resolver-binding-win32-arm64-msvc@1.11.1: wanted {"cpu":["arm64"],"os":["win32"],"libc":["any"]} (current: {"os":"linux","cpu":"x64","libc":"glibc"})
2026-10-10T00:09:40.7486777Z Unsupported platform for @unrs/resolver-binding-win32-ia32-msvc@1.11.1: wanted {"cpu":["ia32"],"os":["win32"],"libc":["any"]} (current: {"os":"linux","cpu":"x64","libc":"glibc"})
2026-10-10T00:09:40.7488915Z Unsupported platform for @unrs/resolver-binding-win32-x64-msvc@1.11.1: wanted {"cpu":["x64"],"os":["win32"],"libc":["any"]} (current: {"os":"linux","cpu":"x64","libc":"glibc"})
2026-10-10T00:10:11.5251896Z [sites] pnpm reused 0 packages and downloaded 642
2026-10-10T00:10:11.5253270Z [sites] dependency setup passed
2026-10-10T00:10:11.5419181Z ##[group]Run npm run check
2026-10-10T00:10:11.5419491Z [36;1mnpm run check[0m
2026-10-10T00:10:11.5419723Z [36;1mnpm run lint[0m
2026-10-10T00:10:11.5489790Z shell: /usr/bin/bash -e {0}
2026-10-10T00:10:11.5490048Z env:
2026-10-10T00:10:11.5490267Z   WRANGLER_SEND_METRICS: false
2026-10-10T00:10:11.5490519Z   CI: true
2026-10-10T00:10:11.5490720Z ##[endgroup]
2026-10-10T00:10:11.6528416Z 
2026-10-10T00:10:11.6529186Z > site-creator-vinext-starter@0.1.0 check
2026-10-10T00:10:11.6529722Z > tsc --noEmit
2026-10-10T00:10:11.6529923Z 
2026-10-10T00:10:21.6496590Z 
2026-10-10T00:10:21.6499790Z > site-creator-vinext-starter@0.1.0 lint
2026-10-10T00:10:21.6501182Z > eslint app components lib hooks db vite.config.ts next.config.ts mobile/App.tsx mobile/src --ignore-pattern mobile/src/shared
2026-10-10T00:10:21.6501979Z 
2026-10-10T00:10:37.5519830Z ##[group]Run npm ci --no-audit --no-fund --ignore-scripts
2026-10-10T00:10:37.5520280Z [36;1mnpm ci --no-audit --no-fund --ignore-scripts[0m
2026-10-10T00:10:37.5587780Z shell: /usr/bin/bash -e {0}
2026-10-10T00:10:37.5588041Z env:
2026-10-10T00:10:37.5588259Z   WRANGLER_SEND_METRICS: false
2026-10-10T00:10:37.5588508Z   CI: true
2026-10-10T00:10:37.5588707Z ##[endgroup]
2026-10-10T00:10:47.4033616Z 
2026-10-10T00:10:47.4034141Z added 514 packages in 10s
2026-10-10T00:10:47.4471486Z ##[group]Run npm run test:regression
2026-10-10T00:10:47.4471841Z [36;1mnpm run test:regression[0m
2026-10-10T00:10:47.4472183Z [36;1mpython3 scripts/test-native-artifact-inspector.py[0m
2026-10-10T00:10:47.4472570Z [36;1mpython3 scripts/test-apk-rule-extractor.py[0m
2026-10-10T00:10:47.4472923Z [36;1mpython3 scripts/test-native-change-gate.py[0m
2026-10-10T00:10:47.4541734Z shell: /usr/bin/bash -e {0}
2026-10-10T00:10:47.4542003Z env:
2026-10-10T00:10:47.4542217Z   WRANGLER_SEND_METRICS: false
2026-10-10T00:10:47.4542482Z   CI: true
2026-10-10T00:10:47.4542679Z ##[endgroup]
2026-10-10T00:10:47.5594361Z 
2026-10-10T00:10:47.5595094Z > site-creator-vinext-starter@0.1.0 test:regression
2026-10-10T00:10:47.5595756Z > node scripts/check-all.cjs
2026-10-10T00:10:47.5596032Z 
2026-10-10T00:10:47.5934076Z Checking check-audit.cjs
2026-10-10T00:10:48.2212448Z PASS New competition blocks an existing jump session before start
2026-10-10T00:10:48.2232097Z PASS Cascade rejects new competition proximity without moving any dates
2026-10-10T00:10:48.2242768Z PASS Unchanged jump sessions are rechecked when another workout moves
2026-10-10T00:10:48.2293924Z PASS Restore cannot create a workout collision
2026-10-10T00:10:48.2313744Z PASS Restore rejects an existing fixed commitment
2026-10-10T00:10:48.2352823Z PASS Long machine labels and unbounded timed additions fail before mutation
2026-10-10T00:10:48.2353799Z PASS Non-finite target ranges are rejected
2026-10-10T00:10:48.2356031Z PASS Full archive rejects new block without deleting existing plans
2026-10-10T00:10:48.2402886Z PASS Return preview clears old accepted weights and leaves history intact
2026-10-10T00:10:48.2404562Z PASS Prerequisites use the latest timestamp regardless of array ordering
2026-10-10T00:10:48.2415448Z PASS Unknown side values are rejected; alternating data cannot suggest loads
2026-10-10T00:10:48.2416174Z 11 deep-audit regression checks passed
2026-10-10T00:10:48.2546687Z Checking check-backend.cjs
2026-10-10T00:10:49.4442957Z PASS Anonymous and synthetic native credentials cannot access account rows
2026-10-10T00:10:49.4512090Z PASS CSRF, cross-site fetch, missing origin and invalid methods are denied
2026-10-10T00:10:49.5041348Z PASS Account-bound reads and writes fail before database access when signed-in identity changes
2026-10-10T00:10:49.5230809Z PASS Malformed, plaintext, secret-bearing and duplicate identities are rejected before any save
2026-10-10T00:10:49.5292677Z PASS Declared and streaming payload limits reject oversized and invalid UTF-8 bodies
2026-10-10T00:10:49.6100319Z PASS Atomic encrypted record batch commits once and reads exact receipt
2026-10-10T00:10:49.6901490Z PASS Tenant identities scope all pulls, writes, receipts and account revisions
2026-10-10T00:10:49.7657453Z PASS Concurrent same-base clients preserve one committed revision and reject the loser
2026-10-10T00:10:49.8446283Z PASS Concurrent identical mutation retries commit once and identify replay
2026-10-10T00:10:49.9474027Z PASS D1 failure midway through batch rolls back records, account revision and receipt
2026-10-10T00:10:50.3569363Z PASS Pagination preserves tied revisions and tombstones with bounded opaque cursors
2026-10-10T00:10:50.3766191Z PASS Feedback provider absence and unapproved host fail unavailable without saving jobs
2026-10-10T00:10:50.3863884Z PASS Feedback accepts only consented adult completed metric arrays without notes or profile
2026-10-10T00:10:50.4492351Z PASS Generated text is absent from accepted response and visible only after actual database save
2026-10-10T00:10:50.4712372Z PASS Feedback idempotency returns persisted completion and protects tenants and payload identity
2026-10-10T00:10:50.6197606Z PASS Provider malformed or unsafe output fails closed and never returns generated text
2026-10-10T00:10:58.7209857Z PASS Timeout aborts provider fetch, persists backoff and prevents simultaneous lease claims
2026-10-10T00:10:58.8037212Z PASS Expired final attempt becomes terminal rather than a permanently processing job
2026-10-10T00:10:58.8735776Z PASS Failed result persistence exposes no generated string and remains safely retryable
2026-10-10T00:10:58.8824202Z PASS Sensitive APIs always return private no-store and no provider secrets in errors
2026-10-10T00:10:59.1615372Z PASS Outstanding job limits are tenant-scoped and abandoned jobs release capacity explicitly
2026-10-10T00:10:59.7610609Z PASS Rolling daily feedback limits reject new jobs without deleting completed results
2026-10-10T00:10:59.7611249Z 22 backend D1 integration groups passed
2026-10-10T00:10:59.7923009Z Checking check-backup.cjs
2026-10-10T00:11:00.4740440Z PASS Backup preserves exact history, unknown and zero loads, Unicode notes and optional measurements
2026-10-10T00:11:00.4815057Z PASS Unknown future fields refuse export and import without altering original records
2026-10-10T00:11:00.4895785Z PASS Restore rejects a stale preview and leaves current records unchanged
2026-10-10T00:11:00.4968923Z PASS Restore protects an in-progress workout
2026-10-10T00:11:00.5150408Z PASS Restored proposals need review; concern holds and logged actuals stay intact
2026-10-10T00:11:00.5380740Z PASS Malformed, prototype-polluting, oversized and invalid-record backups fail before replacement
2026-10-10T00:11:00.5383513Z PASS Assisted or one-sided sets cannot create an adult strength estimate
2026-10-10T00:11:00.5384205Z 7 backup and measurement checks passed.
2026-10-10T00:11:00.5557867Z Checking check-browser-history.cjs
2026-10-10T00:11:03.8110805Z PASS 5000 histories save in individually encrypted rows and fresh vault reopens exact profile above the old ceiling
2026-10-10T00:11:07.2244665Z PASS Warm profile edit reads and writes no history rows; one completion changes exactly one entity
2026-10-10T00:11:07.2768738Z PASS Plain and whole-ciphertext legacy profiles migrate with unchanged key and source survives aborted entity transaction
2026-10-10T00:11:10.5014668Z PASS Head/entity/outbox rollback is atomic and stale cross-tab saves preserve the installed generation
2026-10-10T00:11:10.5245081Z PASS Missing/corrupt entity and missing/replaced key are detected; recovery copy includes every retained encrypted row
2026-10-10T00:11:10.5500684Z PASS Explicit restore/reset retires all owned orphan rows, including missing-key orphans; unrelated records survive
2026-10-10T00:11:10.5572183Z PASS Reviewed account rebase atomically compares full outbox and preserves unrelated accounts and stale receipts
2026-10-10T00:11:10.5580317Z {"passed":true,"checks":53,"scenarios":["5000 histories save in individually encrypted rows and fresh vault reopens exact profile above the old ceiling","Warm profile edit reads and writes no history rows; one completion changes exactly one entity","Plain and whole-ciphertext legacy profiles migrate with unchanged key and source survives aborted entity transaction","Head/entity/outbox rollback is atomic and stale cross-tab saves preserve the installed generation","Missing/corrupt entity and missing/replaced key are detected; recovery copy includes every retained encrypted row","Explicit restore/reset retires all owned orphan rows, including missing-key orphans; unrelated records survive","Reviewed account rebase atomically compares full outbox and preserves unrelated accounts and stale receipts"],"historyCount":5000,"plainChars":8664825,"scope":"Actual IndexedDB transaction adapter with fake-indexeddb, real WebCrypto, strict schema and fresh-vault reopen. No physical-browser/device memory, latency or OS restart acceptance."}
2026-10-10T00:11:10.6492136Z Checking check-browser-qwen-cache.cjs
2026-10-10T00:11:11.4213665Z PASS browser Qwen IndexedDB transactions: 74 assertions; fake-indexeddb, no browser/OS durability claim.
2026-10-10T00:11:11.4352300Z Checking check-browser-record-store.cjs
2026-10-10T00:11:11.9124787Z PASS browser record store: 76 checks (actual fake-indexeddb transactions, real WebCrypto)
2026-10-10T00:11:11.9351646Z Checking check-browser-storage-ui.cjs
2026-10-10T00:11:14.5265208Z PASS browser storage UI: 8 real compiled callback scenarios (simulated hooks/DOM and vault, not browser acceptance)
2026-10-10T00:11:14.5621054Z Checking check-browser-vault.cjs
2026-10-10T00:11:15.2574418Z PASS browser vault: 133 checks
2026-10-10T00:11:15.2742232Z Checking check-calendar-ui.cjs
2026-10-10T00:11:16.6796905Z PASS Fresh profile renders Today with no active workout or coaching event
2026-10-10T00:11:17.0460623Z PASS Today date click opens yesterday records and Back to today restores the live view without saving
2026-10-10T00:11:17.4286866Z PASS An unscheduled past day opens as a day off and returns to Today
2026-10-10T00:11:17.7547754Z PASS Sidebar Today clears the selected historical date after visiting Calendar
2026-10-10T00:11:18.1166977Z PASS Past-day browsing preserves the current active draft and Today still resumes it
2026-10-10T00:11:18.4378777Z PASS Full Calendar exposes historical dates even when absent from the current plan
2026-10-10T00:11:18.4380861Z PASS calendar UI: 6/6 scenarios, 51 assertions (actual compiled Home callbacks and real day/state projection; simulated hooks, DOM and encrypted-vault interface, shallow child components; no CSS, browser or device acceptance).
2026-10-10T00:11:18.4749355Z Checking check-catalog.cjs
2026-10-10T00:11:19.2421566Z PASS All catalog program types start at slot A and preserve safe groups during cascade
2026-10-10T00:11:19.2492241Z PASS Powerlifting includes SBD, contains no endurance, and rejects missing gym
2026-10-10T00:11:19.2499301Z PASS Catalog IDs unique; equipment subdivisions and core present
2026-10-10T00:11:19.2520987Z PASS Customization adds recurring sets without changing history; duplicate and stale writes fail
2026-10-10T00:11:19.2537050Z PASS Added loaded exercise uses its own configured range history for progression
2026-10-10T00:11:19.2546692Z PASS Heavy bench cannot become practice starting load
2026-10-10T00:11:19.2556515Z PASS Volume counts per-hand/per-side multipliers, partial actuals and excludes unknowns
2026-10-10T00:11:19.2712879Z PASS Generated sample gives 34 logs, one partial and nonempty exercise/volume/index charts
2026-10-10T00:11:19.2827397Z PASS Strength index expires each component against today and youth has none
2026-10-10T00:11:19.2828302Z 9 catalog and progress checks passed
2026-10-10T00:11:19.2986772Z Checking check-cloud-client-ui.cjs
2026-10-10T00:11:19.5778649Z PASS Compiled cloud transport keeps routes and credentials same-origin and never creates identity headers
2026-10-10T00:11:19.6050107Z PASS Compiled transport aborts its documented timeout and respects external cancellation
2026-10-10T00:11:19.6172467Z PASS Compiled transport binds account-bound GET and POST requests without selecting server identity
2026-10-10T00:11:19.6256922Z PASS Malformed null account/API JSON returns a controlled CloudError
2026-10-10T00:11:19.6353309Z PASS Oversized streamed responses are cancelled before unbounded buffering
2026-10-10T00:11:19.7125973Z PASS Feedback mount and ineligible callbacks never transmit metrics
2026-10-10T00:11:19.7327235Z PASS Rapid feedback presses create one UUID and send only the completed metric array
2026-10-10T00:11:19.7562016Z PASS Accepted pending feedback is withheld until identity-matched saved completion
2026-10-10T00:11:19.7738979Z PASS Feedback complete response for another workout/request is never displayed
2026-10-10T00:11:19.7913009Z PASS Replacing latest workout cancels old feedback and suppresses its late completion
2026-10-10T00:11:19.8112135Z PASS A new safety hold cancels pending feedback and clears previously shown text
2026-10-10T00:11:19.8315465Z PASS Failed feedback retry preserves its idempotency key for the same saved workout
2026-10-10T00:11:19.8494015Z PASS Stopping feedback polling retains the workout and ignores late server text
2026-10-10T00:11:19.8602227Z PASS Account password never goes into transport calls during compiled UI selection
2026-10-10T00:11:19.8692356Z PASS Repeated account selection callbacks cannot replace local training twice
2026-10-10T00:11:19.8786285Z PASS Unsaved changes made during account review block a stale copy selection
2026-10-10T00:11:19.9247703Z PASS Feedback UUID survives remount and binds account plus completed workout
2026-10-10T00:11:19.9367168Z PASS Backend retry timing is respected and account changes stop polling
2026-10-10T00:11:19.9498417Z PASS Unmount cancels pending feedback and suppresses all late state updates
2026-10-10T00:11:19.9981999Z PASS Compiled sync activation atomically discards reviewed account queue and preserves other tenants
2026-10-10T00:11:20.0408355Z PASS Compiled sync disconnect during activation prevents late reactivation and duplicate activation
2026-10-10T00:11:20.1238788Z PASS Failed reconciliation and changed account/revision never activate or silently clear queue
2026-10-10T00:11:20.1382933Z PASS Cancelling remote replacement suppresses activation after its late durable completion
2026-10-10T00:11:20.1446542Z PASS Locking active cloud sync retries retained local saving without another upload
2026-10-10T00:11:20.1447871Z PASS cloud client UI: 24/24 scenarios, 91 assertions (actual compiled callbacks; mocked network and hook lifecycle, no device/deployment claim)
2026-10-10T00:11:20.1629592Z Checking check-cloud-encryption.cjs
2026-10-10T00:11:22.5499188Z 16 cloud encryption/account binding/incomplete snapshot checks passed.
2026-10-10T00:11:22.5826161Z Checking check-coaching-backend.cjs
2026-10-10T00:11:23.7205201Z PASS Additive migration preserves persisted v1 feedback and adds constrained coaching jobs
2026-10-10T00:11:23.9501276Z PASS Coaching reads/writes require trusted same-origin owner and expected-account binding before D1
2026-10-10T00:11:24.1967934Z PASS Absent or unapproved provider fails explicitly without fabricating saved coaching
2026-10-10T00:11:24.4017084Z PASS Explicit consent, strict minimized context, canonical digest and stable owner identity are enforced
2026-10-10T00:11:24.9269862Z PASS Completed-workout and fully logged lift contracts produce only persisted identity-bound selection
2026-10-10T00:11:25.9165718Z PASS Provider request uses bounded model-specific reasoning controls only on documented Groq models
2026-10-10T00:11:26.1483737Z PASS Simultaneous identical requests and reopening share one receipt and processor lease
2026-10-10T00:11:27.3990199Z PASS Unknown selections, prose, stale identities and truncated/tool output fail closed
2026-10-10T00:11:27.5885777Z PASS Provider streamed response is bounded and cancelled before unbounded buffering
2026-10-10T00:11:27.8452341Z PASS Generated selection cannot escape a failed database save
2026-10-10T00:11:28.0615775Z PASS Account isolation and changed context protect result polling and cancellation
2026-10-10T00:11:28.2918849Z PASS Cancellation clears context and prevents a late provider result from being saved
2026-10-10T00:11:28.5982897Z PASS Explicit resumption preserves receipt and attempts while an old provider lease cannot overwrite it
2026-10-10T00:11:28.9884894Z PASS Cancelled receipt resumption is bounded by attempts, original provider, age and shared outstanding quota
2026-10-10T00:11:29.2131066Z PASS Corrupted saved pending context fails terminally before a provider request
2026-10-10T00:11:37.4024420Z PASS Real provider timeout aborts at eight seconds and persists bounded retry timing
2026-10-10T00:11:37.9537489Z PASS Retry attempts and expired final leases fail terminally and clear pending context
2026-10-10T00:11:38.1257544Z PASS Provider configuration is fixed per accepted job without storing secrets
2026-10-10T00:11:40.1866198Z PASS V1 and coaching share atomic concurrent outstanding and rolling daily quotas
2026-10-10T00:11:40.6058325Z PASS Abandoned jobs across both versions release capacity without deleting completed receipts
2026-10-10T00:11:40.8118949Z PASS Result framing is private, secret-free and refuses corrupted saved JSON
2026-10-10T00:11:40.8119986Z 21 coaching backend integration groups passed (actual ephemeral D1; mocked provider, real timeout; no deployment/model-quality claim)
2026-10-10T00:11:40.8797094Z Checking check-coaching-client.cjs
2026-10-10T00:11:41.7393624Z PASS Canonical digest and UUIDv8 identity survive reopening and bind owner and context
2026-10-10T00:11:41.9395584Z PASS Import performs no remote action and stale caller digest is refused before account lookup
2026-10-10T00:11:42.1157366Z PASS Explicit consent sends minimized context and returns only a persisted validated result
2026-10-10T00:11:42.3059226Z PASS Pending and processing responses wait the bounded server retry intervals before polling
2026-10-10T00:11:42.4581671Z PASS Signed-in owner change prevents polling another account
2026-10-10T00:11:44.1125178Z PASS Saved response identity, status bounds, object keys and selected facts are checked
2026-10-10T00:11:44.3808570Z PASS Unavailable provider and old account capability response produce no mutation
2026-10-10T00:11:44.7763849Z PASS Failed or cancelled persisted receipts cannot produce coaching
2026-10-10T00:11:44.9061419Z PASS Already aborted caller starts no job
2026-10-10T00:11:45.0342082Z PASS View cancellation uses fresh bounded cancellation signal and the same owner/context receipt
2026-10-10T00:11:45.1785357Z PASS Total request deadline aborts and best-effort cancellation failure does not replace original error
2026-10-10T00:11:45.3112356Z PASS Best-effort cancellation has its own three-second deadline
2026-10-10T00:11:45.5786887Z PASS Reopening and retrying reuse one deterministic receipt
2026-10-10T00:11:46.0903506Z PASS Explicit retry after cancellation reuses the receipt and exhausted or expired receipts stay blocked
2026-10-10T00:11:46.1208333Z PASS Actual same-origin transport binds coaching GET and POST without native or provider credentials
2026-10-10T00:11:46.1209613Z 15 compiled coaching client lifecycle groups passed (bounded timers; no actual provider/deployment claim)
2026-10-10T00:11:46.1674631Z Checking check-creator-state.cjs
2026-10-10T00:11:46.7979964Z PASS Tracking ranges survive save/readback for coach and manual plans
2026-10-10T00:11:46.7988602Z PASS One owner defines limits for each matching web/native workflow
2026-10-10T00:11:46.8002954Z PASS A retained set reference edits the same set after reordering
2026-10-10T00:11:46.8016418Z PASS Removed or replacement-workout set references reject without touching another set
2026-10-10T00:11:46.8084068Z PASS Structured superset metadata survives save and replacement even when notes change
2026-10-10T00:11:46.8093464Z PASS Imported note wording cannot create pairing or change replacement dose
2026-10-10T00:11:46.8170700Z PASS Malformed structured pairs are rejected; legacy records retain existing targets
2026-10-10T00:11:46.8731698Z PASS native editor keeps ranges and prevents duplicate same-render keep/save
2026-10-10T00:11:46.8960011Z PASS native editor retries refused saves and rejects stale plans without crashing
2026-10-10T00:11:46.9191866Z PASS native stale Remove callback never removes a different exercise after indices shift
2026-10-10T00:11:46.9397206Z PASS native editing follows exercise identity when moving the draft
2026-10-10T00:11:46.9663703Z PASS web editor keeps ranges and prevents duplicate same-render keep/save
2026-10-10T00:11:46.9884096Z PASS web editor retries refused saves and rejects stale plans without crashing
2026-10-10T00:11:47.0107238Z PASS web stale Remove callback never removes a different exercise after indices shift
2026-10-10T00:11:47.0312220Z PASS web editing follows exercise identity when moving the draft
2026-10-10T00:11:47.0626562Z PASS Web customizer prevents duplicate acceptance and keeps refused reviews retryable
2026-10-10T00:11:47.0627471Z 16 creator and stable-set scenario groups passed
2026-10-10T00:11:47.0811698Z Checking check-current-log-controls.cjs
2026-10-10T00:11:48.5288212Z PASS web finalization preserves same-tick latest metrics, feedback and unrelated changes
2026-10-10T00:11:48.9519871Z PASS web retained finish callback is idempotent and keeps an existing history entry
2026-10-10T00:11:49.2987402Z PASS web stale rendered rep callback edits its stable set after array reorder
2026-10-10T00:11:49.6236734Z PASS web stale rendered rep/log controls cannot edit a replacement workout
2026-10-10T00:11:49.9522331Z PASS web retained log control logs its stable set once and preserves original rest on repeat
2026-10-10T00:11:50.6129265Z PASS web account preparation failures disconnect sync and still acknowledge the latest local save
2026-10-10T00:11:50.8814175Z PASS web full account queue rolls back its combined save and retries locally without committing an upload
2026-10-10T00:11:51.2065196Z PASS native rendered rep and log callbacks keep set identity after reordering and ignore duplicates
2026-10-10T00:11:51.5284915Z PASS native rendered rep and log callbacks cannot mutate a replacement workout
2026-10-10T00:11:51.8847517Z PASS native transient save failures retry twice then acknowledge only the successful save
2026-10-10T00:11:52.1899012Z PASS native retries are bounded and open changes remain exportable after three failures
2026-10-10T00:11:52.7682234Z PASS native queued retry is superseded by a newer edit and cannot write after unmount
2026-10-10T00:11:53.0404591Z PASS native capacity errors do not retry the unchanged oversized payload
2026-10-10T00:11:53.0596646Z PASS late rest alarm sends permitted notification when hidden and does not play a stale chime
2026-10-10T00:11:53.0712488Z PASS late rest alarm sends permitted notification when visible and does not play a stale chime
2026-10-10T00:11:53.0813392Z PASS rest alarm respects denied notification permission and cleans pending callbacks
2026-10-10T00:11:53.0827067Z 16/16 current log/save/alarm scenarios passed. Actual compiled TSX callbacks and real shared validators; simulated hooks, storage, DOM, notifications and timers. No browser throttling, OS interruption or physical-device acceptance.
2026-10-10T00:11:53.1275691Z Checking check-dependency-policy.cjs
2026-10-10T00:11:53.1561270Z PASS Known findings permit temporary CI work and always block release
2026-10-10T00:11:53.1565454Z PASS Temporary exception fails exactly at expiry and cannot return after it
2026-10-10T00:11:53.1569536Z PASS Additional high issue, critical escalation and lookalike identities fail CI
2026-10-10T00:11:53.1573853Z PASS npm propagated framework entries retain only their exact advisory roots
2026-10-10T00:11:53.1575894Z PASS Both actual audit formats accept clean reports and preserve moderate threshold
2026-10-10T00:11:53.1580037Z PASS Audit error, invalid report, broken chain and misleading counts fail closed
2026-10-10T00:11:53.1581742Z PASS Process failure, unknown mode and invalid clock cannot waive a finding
2026-10-10T00:11:53.1582388Z 7 dependency release-boundary scenarios passed.
2026-10-10T00:11:53.1614168Z Checking check-equipment-capacity.cjs
2026-10-10T00:11:53.7353266Z PASS Dumbbell capacity is per hand, independent of the volume multiplier
2026-10-10T00:11:53.7366728Z PASS Machine capacity needs a label and remains isolated by exact setup and exercise
2026-10-10T00:11:53.7470817Z PASS Unknown capacity permits a supported next step; zero means unavailable
2026-10-10T00:11:53.7485416Z PASS Invalid limits and unsupported exercises are rejected without mutating state
2026-10-10T00:11:53.7500204Z PASS Lower capacity suppresses accepted and historical loads without clamping or deleting records
2026-10-10T00:11:53.7508530Z PASS Both reaching the maximum and an increment overshooting it suppress nextKg
2026-10-10T00:11:53.7554131Z PASS Capacity readiness requires two comparable comfortable exposures
2026-10-10T00:11:53.7576337Z PASS Changing machine setup does not carry comparable load or capacity readiness across
2026-10-10T00:11:53.7693266Z PASS Canonical kilogram limits survive persistence and display-unit changes
2026-10-10T00:11:53.7730921Z PASS Changing a limit stales pending and queued previews, including a load increase
2026-10-10T00:11:53.7820747Z PASS A wider range changes matching future work only and requires explicit acceptance
2026-10-10T00:11:53.7854604Z PASS Tampered capacity patches and capacity changes after preview are rejected
2026-10-10T00:11:53.7898631Z PASS Youth, pure powerlifting, general strength and coach-owned plans do not widen ranges
2026-10-10T00:11:53.7961763Z PASS Wider ranges stop at 20 after new comparable evidence for each accepted range
2026-10-10T00:11:53.7980288Z PASS Capacity progression respects time throughout a 5-week block
2026-10-10T00:11:53.8000239Z PASS Capacity progression respects time throughout a 8-week block
2026-10-10T00:11:53.8021382Z PASS Offline capacity acceptance queues the change without changing targets
2026-10-10T00:11:53.8022159Z 17 equipment-capacity checks passed; 0 failed
2026-10-10T00:11:53.8167175Z Checking check-export-cancellation.cjs
2026-10-10T00:11:54.0995134Z {
2026-10-10T00:11:54.0995424Z   "passed": 3,
2026-10-10T00:11:54.0995668Z   "total": 3,
2026-10-10T00:11:54.0995886Z   "results": [
2026-10-10T00:11:54.0996094Z     {
2026-10-10T00:11:54.0996517Z       "name": "Cancel before async encryption completes prevents any later download",
2026-10-10T00:11:54.0996936Z       "pass": true
2026-10-10T00:11:54.0997144Z     },
2026-10-10T00:11:54.0997327Z     {
2026-10-10T00:11:54.0997732Z       "name": "Unmount before async encryption completes prevents any later download",
2026-10-10T00:11:54.0998143Z       "pass": true
2026-10-10T00:11:54.0998352Z     },
2026-10-10T00:11:54.0998532Z     {
2026-10-10T00:11:54.0998854Z       "name": "An open successful transfer still downloads exactly once",
2026-10-10T00:11:54.0999265Z       "pass": true
2026-10-10T00:11:54.0999484Z     }
2026-10-10T00:11:54.0999670Z   ]
2026-10-10T00:11:54.0999873Z }
2026-10-10T00:11:54.1076777Z Checking check-fitness-evaluation.cjs
2026-10-10T00:12:02.6729363Z PASS evaluation report grading: 21 assertions. All inputs are synthetic; zero actual model evaluations or qualified devices.
2026-10-10T00:12:02.6904799Z Checking check-fitness-grounding.cjs
2026-10-10T00:12:03.5081041Z PASS fitness provenance, bounded retrieval, current-context/output gates and 22 held-out fixture checks: 256 assertions (13 prompts, 9 blocked). Model accuracy: NOT MEASURED.
2026-10-10T00:12:03.5237676Z Checking check-focus.cjs
2026-10-10T00:12:04.0544718Z PASS All four compatible add-ons preserve dates and fit the hard time window
2026-10-10T00:12:04.0579141Z PASS The central buildPlan path applies focus choices
2026-10-10T00:12:04.0579972Z PASS No spare time rejects add-ons without trimming primary work
2026-10-10T00:12:04.0580848Z PASS Jump dose is small, first after warm-up, and capped once per week
2026-10-10T00:12:04.0581829Z PASS Nearby practices can make jump selection unavailable; no date is moved
2026-10-10T00:12:04.0582741Z PASS New jump users need supervision even with self-reported readiness
2026-10-10T00:12:04.0583723Z PASS Youth jump work has one set and needs supervision
2026-10-10T00:12:04.0584608Z PASS Youth weight-management and superset selections cannot add adult doses
2026-10-10T00:12:04.0585202Z PASS Coach and manual tracking remain free of automatic prescriptions
2026-10-10T00:12:04.0629049Z PASS Supersets preserve primary lift dose and combine only assistance rest
2026-10-10T00:12:04.0630009Z PASS Powerlifting main lifts are never forced into a superset
2026-10-10T00:12:04.0630843Z PASS Activity focus does not silently increase a run-only program
2026-10-10T00:12:04.0632832Z PASS Applied focus plans are idempotent
2026-10-10T00:12:04.0633457Z 13 focus checks passed
2026-10-10T00:12:04.0762824Z Checking check-goals.cjs
2026-10-10T00:12:04.3346413Z PASS Empty, unrelated and ignored text suggest nothing
2026-10-10T00:12:04.3361715Z PASS Lifting words map to the specific weight-training goal
2026-10-10T00:12:04.3364688Z PASS Running and mixed goals resolve in a fixed order, with alternatives shown
2026-10-10T00:12:04.3366212Z PASS Sport wins over lifting words and carries a jump hint when jumping is named
2026-10-10T00:12:04.3367669Z PASS Calisthenics, general and beginner wording map to their goals
2026-10-10T00:12:04.3370053Z PASS Every suggested goal has a plain label
2026-10-10T00:12:04.3373774Z PASS Demonstration links: curated video first, then the source page, and only https links
2026-10-10T00:12:04.3375708Z PASS First-time exercises: not logged in any saved workout and not dismissed
2026-10-10T00:12:04.3499245Z PASS Every plan evidence key has a Sources entry, and plans cite the right families
2026-10-10T00:12:04.3500368Z 9 groups, 418 checks passed.
2026-10-10T00:12:04.3586246Z Checking check-history-capacity.cjs
2026-10-10T00:12:16.0968117Z {"passed":true,"checks":30,"historyCount":5000,"plainChars":8664825,"plainUTF8Bytes":8665143,"protectedFileChars":17330671,"scope":"Actual validators, cryptography and SQLite host harness. Fresh module reads are not process/phone restarts; no physical throughput or capacity qualification."}
2026-10-10T00:12:16.1755178Z Checking check-library.cjs
2026-10-10T00:12:16.7776441Z PASS Every shipped catalog entry has a complete movement guide and logging convention
2026-10-10T00:12:16.7908081Z   1726 candidate photo references withheld
2026-10-10T00:12:16.7908930Z PASS Unverified photo candidates are withheld; guide and source coverage stays complete
2026-10-10T00:12:16.7911636Z PASS Multiword and common abbreviation searches work regardless of word order
2026-10-10T00:12:16.8025209Z PASS Optional measurements survive a validated save and invalid values are rejected
2026-10-10T00:12:16.8106184Z PASS One-sided and assisted records do not drive load or maximum suggestions
2026-10-10T00:12:16.8180287Z PASS Unsupported timed and skill movements do not produce estimated 1RM points
2026-10-10T00:12:16.8181118Z 6 full-library and measurement checks passed
2026-10-10T00:12:16.8374103Z Checking check-mobile-package.cjs
2026-10-10T00:12:16.9545664Z PASS Current tracked working-tree source ships without requiring a commit
2026-10-10T00:12:17.0338718Z PASS Untracked source, native output, photos and credentials never enter the public starter
2026-10-10T00:12:17.0786544Z PASS Repeated packaging is byte-identical
2026-10-10T00:12:17.2793694Z PASS A referenced local Expo plugin must be tracked and packaged
2026-10-10T00:12:17.8345329Z PASS Local plugin traversal, absolute paths and untracked references fail closed
2026-10-10T00:12:17.9322324Z PASS Tracked generated native output and photo directories remain excluded
2026-10-10T00:12:19.0974896Z PASS Accidentally tracked credential filenames fail closed and preserve the prior archive
2026-10-10T00:12:19.3186558Z PASS Credential content hidden in a tracked source file fails without replacing the archive
2026-10-10T00:12:19.4373021Z PASS Tracked source symlinks cannot expose a file outside the starter
2026-10-10T00:12:19.5478509Z PASS Replacing a tracked source directory with a symlink fails closed
2026-10-10T00:12:19.6590031Z PASS Missing required tracked source fails and keeps the last usable download
2026-10-10T00:12:19.7694428Z PASS A source copy without its Git index cannot silently fall back to scanning local files
2026-10-10T00:12:19.7725722Z 12 mobile source packaging security scenarios passed.
2026-10-10T00:12:19.7770223Z Checking check-named-programs.cjs
2026-10-10T00:12:20.5515862Z PASS 3582 named-template, cross-week cycle, seven-start-day, duration/equipment/age, saved-state, event and manual-authority assertions.
2026-10-10T00:12:20.5697523Z Checking check-native-build-evidence.cjs
2026-10-10T00:12:20.9155743Z test_android_aggregate_actual_source_and_output_checks_remain_strict (__main__.Evidence.test_android_aggregate_actual_source_and_output_checks_remain_strict) ... ok
2026-10-10T00:12:20.9158005Z test_android_aggregate_and_per_abi_copies_bind_one_actual_cache_and_object (__main__.Evidence.test_android_aggregate_and_per_abi_copies_bind_one_actual_cache_and_object) ... ok
2026-10-10T00:12:20.9159920Z test_android_aggregate_only_binds_actual_entry_directory_cache (__main__.Evidence.test_android_aggregate_only_binds_actual_entry_directory_cache) ... ok
2026-10-10T00:12:20.9161606Z test_android_aggregate_wrong_actual_cache_abi_refused (__main__.Evidence.test_android_aggregate_wrong_actual_cache_abi_refused) ... ok
2026-10-10T00:12:20.9164392Z test_android_argument_vector_supported_and_metadata_not_retained (__main__.Evidence.test_android_argument_vector_supported_and_metadata_not_retained) ... ok
2026-10-10T00:12:20.9166712Z test_android_conflicting_aggregate_macro_is_not_ignored_or_deduplicated (__main__.Evidence.test_android_conflicting_aggregate_macro_is_not_ignored_or_deduplicated) ... ok
2026-10-10T00:12:20.9168770Z test_android_cpp_entry_or_mismatched_actual_c_input_refused (__main__.Evidence.test_android_cpp_entry_or_mismatched_actual_c_input_refused) ... ok
2026-10-10T00:12:20.9170890Z test_android_debug_only_and_wrong_or_conflicting_abi_refused (__main__.Evidence.test_android_debug_only_and_wrong_or_conflicting_abi_refused) ... ok
2026-10-10T00:12:20.9172914Z test_android_declared_cache_home_and_cache_directory_bind_exact_module (__main__.Evidence.test_android_declared_cache_home_and_cache_directory_bind_exact_module) ... ok
2026-10-10T00:12:20.9176235Z test_android_duplicate_release_databases_refused (__main__.Evidence.test_android_duplicate_release_databases_refused) ... ok
2026-10-10T00:12:20.9177948Z test_android_entry_directory_outside_module_staging_refused (__main__.Evidence.test_android_entry_directory_outside_module_staging_refused) ... ok
2026-10-10T00:12:20.9179668Z test_android_identical_repeated_invocation_rows_deduplicate (__main__.Evidence.test_android_identical_repeated_invocation_rows_deduplicate) ... ok
2026-10-10T00:12:20.9181682Z test_android_missing_actual_cache_cannot_use_aggregate_parent_cache (__main__.Evidence.test_android_missing_actual_cache_cannot_use_aggregate_parent_cache) ... ok
2026-10-10T00:12:20.9183499Z test_android_missing_empty_or_outside_object_refused (__main__.Evidence.test_android_missing_empty_or_outside_object_refused) ... ok
2026-10-10T00:12:20.9185296Z test_android_multiple_distinct_release_objects_in_one_cache_refused (__main__.Evidence.test_android_multiple_distinct_release_objects_in_one_cache_refused) ... ok
2026-10-10T00:12:20.9187303Z test_android_positive_relwithdebinfo_source_object_and_dependency_receipts (__main__.Evidence.test_android_positive_relwithdebinfo_source_object_and_dependency_receipts) ... ok
2026-10-10T00:12:20.9189176Z test_android_same_object_different_valid_invocations_refused (__main__.Evidence.test_android_same_object_different_valid_invocations_refused) ... ok
2026-10-10T00:12:20.9191036Z test_android_sqlcipher_vendor_route_supported_without_invented_codec_claim (__main__.Evidence.test_android_sqlcipher_vendor_route_supported_without_invented_codec_claim) ... ok
2026-10-10T00:12:20.9193532Z test_android_unresolved_empty_or_signed_dependency_receipts_refused_and_not_copied (__main__.Evidence.test_android_unresolved_empty_or_signed_dependency_receipts_refused_and_not_copied) ... ok
2026-10-10T00:12:20.9195402Z test_exact_macro_spellings_and_distinct_prefix (__main__.Evidence.test_exact_macro_spellings_and_distinct_prefix) ... ok
2026-10-10T00:12:20.9196956Z test_ios_copied_source_or_release_object_absence_refused (__main__.Evidence.test_ios_copied_source_or_release_object_absence_refused) ... ok
2026-10-10T00:12:20.9198818Z test_ios_original_info_or_privacy_inspection_hash_mismatch_refused (__main__.Evidence.test_ios_original_info_or_privacy_inspection_hash_mismatch_refused) ... ok
2026-10-10T00:12:20.9200865Z test_ios_positive_filtered_flags_objects_and_complete_privacy_locations (__main__.Evidence.test_ios_positive_filtered_flags_objects_and_complete_privacy_locations) ... ok
2026-10-10T00:12:20.9202812Z test_ios_string_or_array_flags_are_supported_without_mutating_input (__main__.Evidence.test_ios_string_or_array_flags_are_supported_without_mutating_input) ... ok
2026-10-10T00:12:20.9205171Z test_ios_wrong_target_configuration_platform_or_duplicate_target_refused (__main__.Evidence.test_ios_wrong_target_configuration_platform_or_duplicate_target_refused) ... ok
2026-10-10T00:12:20.9207047Z test_ios_xcconfig_or_gcc_definition_conflicts_refused (__main__.Evidence.test_ios_xcconfig_or_gcc_definition_conflicts_refused) ... ok
2026-10-10T00:12:20.9209081Z test_missing_conflicting_duplicate_or_response_flags_refused (__main__.Evidence.test_missing_conflicting_duplicate_or_response_flags_refused) ... ok
2026-10-10T00:12:20.9210537Z test_privacy_directory_link_cannot_hide_external_sdk_manifest (__main__.Evidence.test_privacy_directory_link_cannot_hide_external_sdk_manifest) ... ok
2026-10-10T00:12:20.9211783Z test_privacy_only_traversed_symlinks_refused_unrelated_code_link_allowed (__main__.Evidence.test_privacy_only_traversed_symlinks_refused_unrelated_code_link_allowed) ... ok
2026-10-10T00:12:20.9213748Z test_privacy_replay_destination_must_be_fresh (__main__.Evidence.test_privacy_replay_destination_must_be_fresh) ... ok
2026-10-10T00:12:20.9214713Z test_source_identity_requires_exact_commit_tree_receipt (__main__.Evidence.test_source_identity_requires_exact_commit_tree_receipt) ... ok
2026-10-10T00:12:20.9215204Z 
2026-10-10T00:12:20.9215442Z ----------------------------------------------------------------------
2026-10-10T00:12:20.9215849Z Ran 31 tests in 0.214s
2026-10-10T00:12:20.9215998Z 
2026-10-10T00:12:20.9216092Z OK
2026-10-10T00:12:20.9216665Z {"passed":true,"scope":"Portable reader fixtures; actual native builds and evidence remain CI qualifications"}
2026-10-10T00:12:20.9217225Z Checking check-native-history.cjs
2026-10-10T00:12:22.3338928Z PASS saved-workout corrections atomically replace one encrypted entity and survive reopen
2026-10-10T00:12:22.7454372Z PASS Whole snapshot migration: plaintext legacy
2026-10-10T00:12:23.1416623Z PASS Whole snapshot migration: encrypted legacy
2026-10-10T00:12:23.5252713Z PASS Whole snapshot migration: encrypted SQL snapshot
2026-10-10T00:12:24.0894674Z PASS Head-only saves preserve exact completed ciphertext; append writes only one new entity
2026-10-10T00:12:24.6217698Z PASS Two modules serialize first key creation and preserve the final readable history
2026-10-10T00:12:25.0352258Z PASS Concurrent second-module reads and locked exports wait for a prepared restore
2026-10-10T00:12:25.5247265Z PASS Completed history edit/delete/reorder update only affected entities
2026-10-10T00:12:26.4358284Z PASS Full restore rotates secure key and all entities; reset retires complete history
2026-10-10T00:12:27.0134713Z PASS Locked raw recovery bundle retains the head and every encrypted entity after key loss
2026-10-10T00:12:27.3667979Z PASS Corrupted history refuses reads/saves: missing entity
2026-10-10T00:12:27.7238849Z PASS Corrupted history refuses reads/saves: damaged chunk
2026-10-10T00:12:28.0686600Z PASS Corrupted history refuses reads/saves: authenticated digest mismatch
2026-10-10T00:12:28.6329568Z PASS Stale module compare-and-commit refuses saves after restore
2026-10-10T00:12:29.2223798Z PASS Stale module compare-and-commit refuses saves after reset
2026-10-10T00:12:29.6059458Z PASS Stale replacement refuses before preparing a key ring after other module save
2026-10-10T00:12:30.0138722Z PASS Stale replacement refuses before preparing a key ring after other module restore
2026-10-10T00:12:30.3578448Z PASS Stale replacement refuses before preparing a key ring after other module reset
2026-10-10T00:12:30.7498122Z PASS Repeated current-session edits have bounded persistence work with 3 completed workouts
2026-10-10T00:12:33.0203490Z PASS Repeated current-session edits have bounded persistence work with 2000 completed workouts
2026-10-10T00:12:33.0220396Z EVIDENCE cached current-session persistence [{"history":3,"selects":19,"secureReads":3},{"history":3,"selects":19,"secureReads":3},{"history":2000,"selects":19,"secureReads":3},{"history":2000,"selects":19,"secureReads":3}]
2026-10-10T00:12:33.5494285Z PASS Batch write rollback preserves head, unchanged entities and prior history after SQLITE_FULL
2026-10-10T00:12:33.9120497Z PASS Postcommit readback ambiguity reports failure but retains a complete reopenable generation
2026-10-10T00:12:34.2515008Z PASS Ambiguous migration retains the whole encrypted legacy source and reopens committed entities
2026-10-10T00:12:34.6202108Z PASS Ambiguous restore retains new encrypted entities and both keys until fresh recovery
2026-10-10T00:12:34.9791052Z PASS Interrupted restore secure-key activation retains all entities and both recoverable keys
2026-10-10T00:12:35.3712146Z PASS Same module cannot overwrite installed restore with old UI state after failed acknowledgment
2026-10-10T00:12:35.7248783Z PASS Reset interruption while deleting movefield.restoreKeys.v1 still reopens empty history
2026-10-10T00:12:36.0891003Z PASS Reset interruption while deleting movefield.dataKey.v1 still reopens empty history
2026-10-10T00:12:36.0898032Z PASS native history: 28 scenarios, 205 assertions (actual SQLite/storage/history/crypto; injected OS APIs; no physical-device proof)
2026-10-10T00:12:36.1488641Z Checking check-native-privacy-cleanup.cjs
2026-10-10T00:12:37.5906201Z PASS Validated plaintext migration acknowledges encrypted persistence while denied cleanup is durably pending after reopen
2026-10-10T00:12:38.5569618Z PASS Read-only status and raw recovery retain matching copies; authenticated reopened read retires them without changing revision
2026-10-10T00:12:38.9320998Z PASS Explicit retry authenticates stored records and retires the exact receipted value
2026-10-10T00:12:39.6732277Z PASS Changed legacy copies are preserved and subsequent saves never replace the oldest cleanup fingerprint
2026-10-10T00:12:40.2517142Z PASS Different literal lone UTF-16 surrogates in valid legacy JSON never match the captured copy
2026-10-10T00:12:40.9578283Z PASS Untracked historical copies are reported but never adopted by a later successful save or retry
2026-10-10T00:12:41.6679131Z PASS Unreadable legacy storage cannot fail a valid SQL read/save or supply a cleanup fingerprint
2026-10-10T00:12:41.7269330Z PASS Every first-migration SQL write and precommit fault rolls back the cleanup receipt with the generation
2026-10-10T00:12:42.4474736Z PASS Postcommit readback ambiguity preserves original plaintext and journal until a fresh authenticated read
2026-10-10T00:12:43.1348716Z PASS Missing keys preserve matching pending copies; raw recovery and explicit retry cannot authorize deletion
2026-10-10T00:12:43.6483723Z PASS Ciphertext with valid SQL integrity but failed authentication preserves matching legacy plaintext
2026-10-10T00:12:44.3518720Z PASS Corrupted SQL tombstone is never treated as reset proof and cannot retire a retained copy
2026-10-10T00:12:44.7056651Z PASS Successful but ineffective legacy removal remains pending across restart
2026-10-10T00:12:45.2270321Z PASS Failed cleanup-metadata retirement never reverses durable acknowledgement; missing legacy can be pruned on restart
2026-10-10T00:12:48.0782084Z PASS Malformed cleanup metadata yields unavailable status without blocking encrypted reads or deleting legacy
2026-10-10T00:12:48.7561200Z PASS Status inspection SQL failure cannot turn an acknowledged training save into a save error
2026-10-10T00:12:48.7711624Z PASS Bounded lossless fingerprint preserves Unicode code units across chunk boundaries and stores no plaintext
2026-10-10T00:12:48.7806533Z PASS Oversized old copies are preserved without a hash receipt or deletion, while new encrypted records remain usable
2026-10-10T00:12:48.7929089Z PASS Exact SQL proof is rechecked before legacy deletion and unowned slots are refused
2026-10-10T00:12:49.6556843Z PASS Reset retires current encrypted records and keys but honestly reports retained matching copies; retry later removes them
2026-10-10T00:12:51.0900086Z PASS Reset preserves changed or untracked historical copies and reports attention instead of complete erasure
2026-10-10T00:12:51.7758659Z PASS Setup migration uses the same durable receipt and explicit retry validates its encrypted draft
2026-10-10T00:12:51.7759490Z {
2026-10-10T00:12:51.7759780Z   "checks": 22,
2026-10-10T00:12:51.7760101Z   "evidence": [
2026-10-10T00:12:51.7761025Z     "Validated plaintext migration acknowledges encrypted persistence while denied cleanup is durably pending after reopen",
2026-10-10T00:12:51.7762558Z     "Read-only status and raw recovery retain matching copies; authenticated reopened read retires them without changing revision",
2026-10-10T00:12:51.7764418Z     "Explicit retry authenticates stored records and retires the exact receipted value",
2026-10-10T00:12:51.7765535Z     "Changed legacy copies are preserved and subsequent saves never replace the oldest cleanup fingerprint",
2026-10-10T00:12:51.7766595Z     "Different literal lone UTF-16 surrogates in valid legacy JSON never match the captured copy",
2026-10-10T00:12:51.7767871Z     "Untracked historical copies are reported but never adopted by a later successful save or retry",
2026-10-10T00:12:51.7768876Z     "Unreadable legacy storage cannot fail a valid SQL read/save or supply a cleanup fingerprint",
2026-10-10T00:12:51.7769849Z     "Every first-migration SQL write and precommit fault rolls back the cleanup receipt with the generation",
2026-10-10T00:12:51.7770898Z     "Postcommit readback ambiguity preserves original plaintext and journal until a fresh authenticated read",
2026-10-10T00:12:51.7771951Z     "Missing keys preserve matching pending copies; raw recovery and explicit retry cannot authorize deletion",
2026-10-10T00:12:51.7772982Z     "Ciphertext with valid SQL integrity but failed authentication preserves matching legacy plaintext",
2026-10-10T00:12:51.7774258Z     "Corrupted SQL tombstone is never treated as reset proof and cannot retire a retained copy",
2026-10-10T00:12:51.7775213Z     "Successful but ineffective legacy removal remains pending across restart",
2026-10-10T00:12:51.7776329Z     "Failed cleanup-metadata retirement never reverses durable acknowledgement; missing legacy can be pruned on restart",
2026-10-10T00:12:51.7777608Z     "Malformed cleanup metadata yields unavailable status without blocking encrypted reads or deleting legacy",
2026-10-10T00:12:51.7778624Z     "Status inspection SQL failure cannot turn an acknowledged training save into a save error",
2026-10-10T00:12:51.7779678Z     "Bounded lossless fingerprint preserves Unicode code units across chunk boundaries and stores no plaintext",
2026-10-10T00:12:51.7780929Z     "Oversized old copies are preserved without a hash receipt or deletion, while new encrypted records remain usable",
2026-10-10T00:12:51.7781921Z     "Exact SQL proof is rechecked before legacy deletion and unowned slots are refused",
2026-10-10T00:12:51.7782957Z     "Reset retires current encrypted records and keys but honestly reports retained matching copies; retry later removes them",
2026-10-10T00:12:51.7784284Z     "Reset preserves changed or untracked historical copies and reports attention instead of complete erasure",
2026-10-10T00:12:51.7785306Z     "Setup migration uses the same durable receipt and explicit retry validates its encrypted draft"
2026-10-10T00:12:51.7785932Z   ],
2026-10-10T00:12:51.7786969Z   "limits": "Actual source modules, real node:sqlite transactions and crypto; injected legacy/SecureStore APIs. No OS/process/device or forensic-erasure qualification."
2026-10-10T00:12:51.7788150Z }
2026-10-10T00:12:51.8274857Z Checking check-native-privacy-ui.cjs
2026-10-10T00:12:52.5083338Z PASS Pending cleanup warning is independent and requires an explicit retry
2026-10-10T00:12:52.5340426Z PASS clear status describes older copies honestly
2026-10-10T00:12:52.5631159Z PASS attention status describes older copies honestly
2026-10-10T00:12:52.5982193Z PASS unavailable status describes older copies honestly
2026-10-10T00:12:52.6197781Z PASS Busy retry is disabled and guarded even through its retained callback
2026-10-10T00:12:52.6416859Z PASS Compact global status exposes warnings and keeps clear status quiet
2026-10-10T00:12:52.6640083Z PASS Settings receives privacy status and links without changing it
2026-10-10T00:12:52.7036053Z PASS Privacy and support links open only from accessible user actions
2026-10-10T00:12:52.7247378Z PASS Failed public link is visible, later link supersedes old failure, unmount suppresses results
2026-10-10T00:12:52.8416436Z PASS Startup reads older-copy status even when saved training cannot open
2026-10-10T00:12:52.9577822Z PASS Privacy read failure cannot change a durable save to failure
2026-10-10T00:12:53.0435674Z PASS Save failure and privacy attention remain independent
2026-10-10T00:12:53.1504689Z PASS Newer privacy status suppresses older pending read after a save
2026-10-10T00:12:53.2565416Z PASS Successful restore refreshes privacy without turning status failure into restore failure
2026-10-10T00:12:53.3375744Z PASS stale restore preserves a pending save saved result
2026-10-10T00:12:53.4283845Z PASS stale restore preserves a pending save failed result
2026-10-10T00:12:53.5035074Z PASS failed restore preserves a pending save saved result
2026-10-10T00:12:53.5914576Z PASS failed restore preserves a pending save failed result
2026-10-10T00:12:53.6598306Z PASS failed reset preserves a pending save saved result
2026-10-10T00:12:53.7393555Z PASS failed reset preserves a pending save failed result
2026-10-10T00:12:53.8078048Z PASS Unmount suppresses rejected restore and never refreshes privacy afterward
2026-10-10T00:12:53.8897847Z PASS Reset preserves a truthful older-copy warning and saves an empty current state
2026-10-10T00:12:53.9614393Z PASS Denied retry stays a privacy issue and cannot trigger a training save
2026-10-10T00:12:54.0451048Z PASS Repeated retry clicks make one request and later save invalidates old cleanup status
2026-10-10T00:12:54.1127508Z PASS Unmount suppresses pending privacy, save and cleanup callbacks
2026-10-10T00:12:54.1128904Z PASS native privacy UI: 25/25 scenarios, 80 assertions (actual compiled TSX callbacks; mocked storage/native hooks, not physical-device acceptance)
2026-10-10T00:12:54.1453014Z Checking check-native-qwen-files.cjs
2026-10-10T00:12:54.7411708Z PASS catalog, frozen exact consent and no automatic network
2026-10-10T00:12:54.8793508Z PASS actual Expo adapter, bounded hashes, real SQLite commit and reopen
2026-10-10T00:12:54.9428727Z PASS integrity rejects mutate
2026-10-10T00:12:55.0096051Z PASS integrity rejects truncate
2026-10-10T00:12:55.0687990Z PASS integrity rejects extra
2026-10-10T00:12:55.1330395Z PASS integrity rejects bad-progress
2026-10-10T00:12:55.2171141Z PASS same-size damage is detected before runtime callback or reuse
2026-10-10T00:12:55.3028858Z PASS cache eviction reports unavailable and explicit retry repairs it
2026-10-10T00:12:55.3495677Z PASS free space includes complete new files and platform temporary space
2026-10-10T00:12:55.4070033Z PASS cancel before start and while hashing never publishes
2026-10-10T00:12:55.4748885Z PASS hung native cancel, late completion quarantine, bounded retries and delete
2026-10-10T00:12:55.5525240Z PASS idle timeout isolates a hung native writer and no background resume claim
2026-10-10T00:12:55.6835012Z PASS atomic replacement rollback preserves old model files
2026-10-10T00:12:55.7471214Z PASS committed pointer survives failed readback acknowledgement
2026-10-10T00:12:55.8177795Z PASS Cancel after atomic commit reports actual completed files
2026-10-10T00:12:55.9632296Z PASS startup cleanup before and after pointer publication
2026-10-10T00:12:56.0449466Z PASS load lease blocks same-runtime reload, download and deletion
2026-10-10T00:12:56.1934731Z PASS metadata damage is preserved automatically and explicit Delete repairs it
2026-10-10T00:12:56.2581726Z PASS bounded native read errors and cleanup failure remain recoverable
2026-10-10T00:12:56.3556797Z PASS attempt identifier collision never replaces a previous model
2026-10-10T00:12:56.4303461Z PASS explicit delete tombstone survives disk cleanup failure
2026-10-10T00:12:56.4769414Z PASS unknown filesystem entries preserved, no model weights fetched by tests
2026-10-10T00:12:56.5620677Z PASS existing WAL model metadata migrates without receipt or file rewrite
2026-10-10T00:12:56.6399687Z PASS unqualified fresh model transaction refuses before pointer or existing file deletion
2026-10-10T00:12:56.7832457Z PASS different model jobs preserve generations through rollback-journal contention and qualified retry
2026-10-10T00:12:56.7835342Z {"status":"passed","scenarios":25,"assertions":1364,"actualModelDownloads":0,"inferenceRuns":0,"physicalDevicesQualified":0,"adapter":"actual compiled Expo adapter + mock filesystem/transport + real node:sqlite + real SHA-256"}
2026-10-10T00:12:56.8317888Z Checking check-native-qwen-ui.cjs
2026-10-10T00:12:57.1323759Z PASS Mount/open/status/review perform no implicit download or profile access
2026-10-10T00:12:57.1629144Z PASS Review consent is deeply frozen and repeated confirmation starts only one request
2026-10-10T00:12:57.1836413Z PASS A canceled review invalidates its retained confirmation callback
2026-10-10T00:12:57.2074412Z PASS A replacement review cannot authorize an older different confirmation tuple
2026-10-10T00:12:57.2337940Z PASS Completed confirmation cannot restart a download without a new review
2026-10-10T00:12:57.2534403Z PASS Off blocks review and invalidates an already reviewed confirmation
2026-10-10T00:12:57.2724360Z PASS Cancel download suppresses late progress/results and supports a new explicit retry
2026-10-10T00:12:57.2894630Z PASS Close native model files suppresses late progress/results and supports a new explicit retry
2026-10-10T00:12:57.3031111Z PASS Unmount aborts request and suppresses every late state update
2026-10-10T00:12:57.3177155Z PASS background aborts an active request without accepting a late successful receipt
2026-10-10T00:12:57.3313554Z PASS off aborts an active request without accepting a late successful receipt
2026-10-10T00:12:57.3484811Z PASS Late status after close cannot install a stale receipt
2026-10-10T00:12:57.3587704Z PASS Explicit status recheck identifies already finished files after cancellation without retrying network
2026-10-10T00:12:57.4031425Z PASS Download/offer/status errors remain visible and never claim success
2026-10-10T00:12:57.4149184Z PASS Deleting files requires explicit confirmation, preserves profile isolation and saved status on failure
2026-10-10T00:12:57.4255329Z PASS Keep model files invalidates a retained stale delete confirmation
2026-10-10T00:12:57.4379137Z PASS Successful explicit deletion clears only model status and consumes confirmation
2026-10-10T00:12:57.4534348Z PASS Committed deletion with pending temporary cleanup reports retired files accurately
2026-10-10T00:12:57.4635813Z PASS Unreadable local model status still permits explicit file-only deletion recovery
2026-10-10T00:12:57.4746779Z PASS Unmount revokes retained download review confirmation before a request starts
2026-10-10T00:12:57.4847062Z PASS Unmount revokes retained delete review confirmation before a request starts
2026-10-10T00:12:57.4848563Z PASS native Qwen UI: 21/21 scenarios, 96 assertions (actual compiled TSX callbacks; mocked file client/native hooks, not physical-device or inference acceptance)
2026-10-10T00:12:57.4994510Z Checking check-native-record-batches.cjs
2026-10-10T00:12:57.8963864Z PASS Bounded Unicode workout IDs produce private, fixed-width history slot identities
2026-10-10T00:12:57.9155541Z PASS Legacy fixed-slot values remain outside SQL until encrypted head and workout batch verifies
2026-10-10T00:12:57.9244668Z PASS Unknown namespaces, plaintext, invalid revisions and incomplete expected batches mutate no records
2026-10-10T00:12:57.9347200Z PASS Queued batch detaches validated records and expected guards from mutable caller maps
2026-10-10T00:12:57.9520064Z PASS Two independent stores enforce ciphertext CAS and revision guards including empty/reset ABA
2026-10-10T00:12:58.1438484Z PASS Every batch write/precommit failure rolls back head, workouts, revision and legacy cleanup together
2026-10-10T00:12:58.1563350Z PASS Postcommit verification failure reports ambiguity and retains migration input; fresh reopen sees complete new batch
2026-10-10T00:12:58.1687299Z PASS Changed or denied legacy cleanup retains input after committed readback
2026-10-10T00:12:58.1777905Z PASS Changed migration input during the transaction aborts the encrypted install
2026-10-10T00:12:58.1963888Z PASS Restore/reset tombstones all retired owned entities and orphan chunks atomically
2026-10-10T00:12:58.2080863Z PASS Corrupted entity integrity never silently falls back or rewrites a committed head
2026-10-10T00:12:58.7144379Z PASS 2,000 independently encrypted workouts reopen; one active-set head edit rewrites zero historical rows
2026-10-10T00:12:58.7688951Z PASS Owned history enumeration enforces the supported 5,000-record bound
2026-10-10T00:12:58.7689642Z {
2026-10-10T00:12:58.7689917Z   "checks": 13,
2026-10-10T00:12:58.7690205Z   "evidence": [
2026-10-10T00:12:58.7690801Z     "Bounded Unicode workout IDs produce private, fixed-width history slot identities",
2026-10-10T00:12:58.7692137Z     "Legacy fixed-slot values remain outside SQL until encrypted head and workout batch verifies",
2026-10-10T00:12:58.7693522Z     "Unknown namespaces, plaintext, invalid revisions and incomplete expected batches mutate no records",
2026-10-10T00:12:58.7694525Z     "Queued batch detaches validated records and expected guards from mutable caller maps",
2026-10-10T00:12:58.7695556Z     "Two independent stores enforce ciphertext CAS and revision guards including empty/reset ABA",
2026-10-10T00:12:58.7696765Z     "Every batch write/precommit failure rolls back head, workouts, revision and legacy cleanup together",
2026-10-10T00:12:58.7697946Z     "Postcommit verification failure reports ambiguity and retains migration input; fresh reopen sees complete new batch",
2026-10-10T00:12:58.7699050Z     "Changed or denied legacy cleanup retains input after committed readback",
2026-10-10T00:12:58.7699980Z     "Changed migration input during the transaction aborts the encrypted install",
2026-10-10T00:12:58.7700963Z     "Restore/reset tombstones all retired owned entities and orphan chunks atomically",
2026-10-10T00:12:58.7702001Z     "Corrupted entity integrity never silently falls back or rewrites a committed head",
2026-10-10T00:12:58.7702696Z     {
2026-10-10T00:12:58.7703026Z       "workouts": 2000,
2026-10-10T00:12:58.7703584Z       "loggedSets": 24000,
2026-10-10T00:12:58.7704005Z       "activeEditSqlWrites": 4,
2026-10-10T00:12:58.7704452Z       "historyRowsRewritten": 0
2026-10-10T00:12:58.7704829Z     },
2026-10-10T00:12:58.7705589Z     "2,000 independently encrypted workouts reopen; one active-set head edit rewrites zero historical rows",
2026-10-10T00:12:58.7706631Z     "Owned history enumeration enforces the supported 5,000-record bound"
2026-10-10T00:12:58.7707202Z   ],
2026-10-10T00:12:58.7708058Z   "limits": "Real node:sqlite transactions with injected storage failure; no physical phone, OS-kill or power acceptance."
2026-10-10T00:12:58.7708911Z }
2026-10-10T00:12:58.7864696Z Checking check-native-reminder-cleanup.cjs
2026-10-10T00:12:59.0700010Z {
2026-10-10T00:12:59.0700390Z   "passed": 4,
2026-10-10T00:12:59.0700724Z   "total": 4,
2026-10-10T00:12:59.0701027Z   "results": [
2026-10-10T00:12:59.0701327Z     {
2026-10-10T00:12:59.0701982Z       "name": "Off attempts every owned cancellation and dismissal even if the first fails",
2026-10-10T00:12:59.0702671Z       "pass": true
2026-10-10T00:12:59.0702975Z     },
2026-10-10T00:12:59.0703381Z     {
2026-10-10T00:12:59.0704120Z       "name": "A presented-alert enumeration failure still cancels all known scheduled alerts",
2026-10-10T00:12:59.0704604Z       "pass": true
2026-10-10T00:12:59.0704826Z     },
2026-10-10T00:12:59.0705028Z     {
2026-10-10T00:12:59.0705438Z       "name": "Failed cleanup does not create additional schedules or foreground authorization",
2026-10-10T00:12:59.0705944Z       "pass": true
2026-10-10T00:12:59.0706192Z     },
2026-10-10T00:12:59.0706407Z     {
2026-10-10T00:12:59.0706904Z       "name": "Successful cleanup refreshes the selected day and reports true schedule status",
2026-10-10T00:12:59.0707370Z       "pass": true
2026-10-10T00:12:59.0707598Z     }
2026-10-10T00:12:59.0707799Z   ]
2026-10-10T00:12:59.0708021Z }
2026-10-10T00:12:59.0782160Z Checking check-native-security-config.cjs
2026-10-10T00:13:02.5672069Z {"ok":true,"checks":275,"kind":"isolated-expo-prebuild","nativeCompilation":false,"storeAcceptance":false,"physicalDevices":false,"files":{"manifest":"b8bd1f9d9b272855acf3b617d55258181cfc84b9ff5c7c40757b5d99a6a57600","legacyBackup":"b6d25f2b96cdd6b451a701a01ec246934538f89635a534d679e0825dd2f555ee","extraction":"9c0680166f549a448ff3b4acc76af3c08b854ccbb0e9278062fcf8f788504f1b","privacy":"8645807a79663255e71b973dc700b9aa53a471ca7958183bcb8d4107f7ee89b1","sqlite":{"androidCustomBuildFlags":"expo.sqlite.customBuildFlags=-DSQLITE_DEFAULT_SYNCHRONOUS=3","iosCustomBuildFlags":"-DSQLITE_DEFAULT_SYNCHRONOUS=3","gradlePropertiesSha256":"464e15f84ec5d6494c7cb43a7a75997619592e797488a7199221e411b2c18936","podPropertiesSha256":"8e162f4dbba33704fb2ae0291f47f0e86d6f484080431433d98e86344e7895fa"}}}
2026-10-10T00:13:02.5797945Z Checking check-native-sqlite-policy.cjs
2026-10-10T00:13:02.9958190Z PASS Existing real WAL ciphertext migrates to DELETE without row, envelope or key changes; fresh store reads it
2026-10-10T00:13:03.0061698Z PASS Real locked WAL conversion rejects before schema/application writes; original ciphertext and legacy stay readable after retry
2026-10-10T00:13:03.0293713Z PASS Returned non-DELETE, absent and malformed conversion results fail closed before schema SQL
2026-10-10T00:13:03.0469028Z PASS Base mode readback failure preserves data and rejects before schema/application writes
2026-10-10T00:13:03.0603850Z PASS Fresh real SQLite default2 connection is refused despite base3; ciphertext, legacy and revision are unchanged
2026-10-10T00:13:03.0857173Z PASS Fresh transaction non-DELETE/malformed mode refuses application SQL and leaves original generation
2026-10-10T00:13:03.0907495Z PASS Mode assertions are read-only within a real begun transaction and rollback callback failure
2026-10-10T00:13:03.0908257Z {
2026-10-10T00:13:03.0908468Z   "status": "passed",
2026-10-10T00:13:03.0908713Z   "scenarios": 7,
2026-10-10T00:13:03.0908926Z   "evidence": [
2026-10-10T00:13:03.0909446Z     "Existing real WAL ciphertext migrates to DELETE without row, envelope or key changes; fresh store reads it",
2026-10-10T00:13:03.0910771Z     "Real locked WAL conversion rejects before schema/application writes; original ciphertext and legacy stay readable after retry",
2026-10-10T00:13:03.0912054Z     "Returned non-DELETE, absent and malformed conversion results fail closed before schema SQL",
2026-10-10T00:13:03.0913286Z     "Base mode readback failure preserves data and rejects before schema/application writes",
2026-10-10T00:13:03.0914432Z     "Fresh real SQLite default2 connection is refused despite base3; ciphertext, legacy and revision are unchanged",
2026-10-10T00:13:03.0915672Z     "Fresh transaction non-DELETE/malformed mode refuses application SQL and leaves original generation",
2026-10-10T00:13:03.0916820Z     "Mode assertions are read-only within a real begun transaction and rollback callback failure"
2026-10-10T00:13:03.0917503Z   ],
2026-10-10T00:13:03.0919019Z   "limits": "Real host node:sqlite file/locking/rollback checks; native compile default3 is modeled in the transaction harness. No actual corruption reproduction, power-cut, Expo Go, Android/iOS device or store qualification."
2026-10-10T00:13:03.0920425Z }
2026-10-10T00:13:03.1150512Z Checking check-native-sqlite.cjs
2026-10-10T00:13:03.6016975Z PASS Opaque encrypted snapshot is chunked, committed, hashed and readable after fresh store open
2026-10-10T00:13:03.6135440Z PASS Plaintext and unknown slots are refused before database mutation; legacy plaintext remains outside SQL
2026-10-10T00:13:03.6431334Z PASS Legacy cleanup failure never resurrects state or journal after transactional tombstones
2026-10-10T00:13:03.8027120Z PASS Every SQL write/precommit failure rolls back ciphertext and manifest to the previous readable generation
2026-10-10T00:13:03.8244937Z PASS In-transaction corrupted readback aborts update; old generation and retained legacy remain
2026-10-10T00:13:03.8348103Z PASS Postcommit readback failure is surfaced and keeps legacy; persisted new snapshot remains reopenable
2026-10-10T00:13:03.9741835Z PASS Missing, damaged or false-tombstone chunks are rejected without legacy fallback or replacement
2026-10-10T00:13:07.2291762Z PASS 2,000 workouts with 24,000 logged sets and Unicode notes save, decrypt and reopen through real SQLite
2026-10-10T00:13:07.6648854Z PASS Validated plaintext legacy migration seals before SQL persistence and is idempotent
2026-10-10T00:13:08.0784428Z PASS Encrypted legacy without its SecureStore key is retained, never imported or overwritten
2026-10-10T00:13:08.4699997Z PASS Migration failure retains exact legacy ciphertext and existing key; retry succeeds
2026-10-10T00:13:08.4823755Z PASS Partial multi-slot deletion failure rolls back every tombstone and ciphertext together
2026-10-10T00:13:08.9641401Z PASS Interrupted secure-key activation recovers installed SQLite restore from a fresh module
2026-10-10T00:13:09.5680773Z PASS Protected native restore/reset key lifecycle survives SQLite persistence and tombstones
2026-10-10T00:13:09.5681300Z {
2026-10-10T00:13:09.5681518Z   "checks": 14,
2026-10-10T00:13:09.5681744Z   "evidence": [
2026-10-10T00:13:09.5682218Z     "Opaque encrypted snapshot is chunked, committed, hashed and readable after fresh store open",
2026-10-10T00:13:09.5683015Z     "Plaintext and unknown slots are refused before database mutation; legacy plaintext remains outside SQL",
2026-10-10T00:13:09.5683893Z     "Legacy cleanup failure never resurrects state or journal after transactional tombstones",
2026-10-10T00:13:09.5684634Z     "Every SQL write/precommit failure rolls back ciphertext and manifest to the previous readable generation",
2026-10-10T00:13:09.5685395Z     "In-transaction corrupted readback aborts update; old generation and retained legacy remain",
2026-10-10T00:13:09.5686106Z     "Postcommit readback failure is surfaced and keeps legacy; persisted new snapshot remains reopenable",
2026-10-10T00:13:09.5686815Z     "Missing, damaged or false-tombstone chunks are rejected without legacy fallback or replacement",
2026-10-10T00:13:09.5687257Z     {
2026-10-10T00:13:09.5687461Z       "jsonChars": 2525825,
2026-10-10T00:13:09.5687730Z       "encryptedBytes": 5084420,
2026-10-10T00:13:09.5688015Z       "maximumChunkChars": 131072
2026-10-10T00:13:09.5688261Z     },
2026-10-10T00:13:09.5688716Z     "2,000 workouts with 24,000 logged sets and Unicode notes save, decrypt and reopen through real SQLite",
2026-10-10T00:13:09.5689380Z     "Validated plaintext legacy migration seals before SQL persistence and is idempotent",
2026-10-10T00:13:09.5690019Z     "Encrypted legacy without its SecureStore key is retained, never imported or overwritten",
2026-10-10T00:13:09.5690644Z     "Migration failure retains exact legacy ciphertext and existing key; retry succeeds",
2026-10-10T00:13:09.5691273Z     "Partial multi-slot deletion failure rolls back every tombstone and ciphertext together",
2026-10-10T00:13:09.5692359Z     "Interrupted secure-key activation recovers installed SQLite restore from a fresh module",
2026-10-10T00:13:09.5693435Z     "Protected native restore/reset key lifecycle survives SQLite persistence and tombstones"
2026-10-10T00:13:09.5693996Z   ],
2026-10-10T00:13:09.5694768Z   "limits": "Real node:sqlite persistence; injected SecureStore/crypto APIs. No iOS/Android OS/process/power/device acceptance."
2026-10-10T00:13:09.5695429Z }
2026-10-10T00:13:09.6271604Z Checking check-native-storage.cjs
2026-10-10T00:13:17.3349351Z PASS native storage: eight fresh-module restore boundaries, key-loss/legacy privacy, 312-session capacity (1658824 encrypted bytes), Unicode above legacy capacity/low-storage recovery and custom timed/load conventions. Physical-device capacity: NOT MEASURED.
2026-10-10T00:13:17.4051442Z Checking check-native-sync-outbox.cjs
2026-10-10T00:13:17.8944294Z PASS Encrypted head and split outbox commit together with bounded SQLite rows and exact fresh-store readback
2026-10-10T00:13:18.0684889Z PASS Every outbox write and precommit failure rolls back local head, outbox, revision and original queue
2026-10-10T00:13:18.0985245Z PASS Concurrent store leases, stale receipts and retries preserve newer locally queued generations
2026-10-10T00:13:18.1097727Z PASS Unqualified transaction modes refuse outbox claims and synced writes before application SQL
2026-10-10T00:13:18.1293569Z PASS Restore/reset replace pending sync atomically and retain CAS revision; main tombstones never upload old work
2026-10-10T00:13:18.1631861Z PASS Missing, modified and false outbox manifests fail closed without replacing committed training
2026-10-10T00:13:18.1632672Z {
2026-10-10T00:13:18.1632955Z   "checks": 54,
2026-10-10T00:13:18.1633891Z   "scenarios": [
2026-10-10T00:13:18.1634769Z     "Encrypted head and split outbox commit together with bounded SQLite rows and exact fresh-store readback",
2026-10-10T00:13:18.1650165Z     "Every outbox write and precommit failure rolls back local head, outbox, revision and original queue",
2026-10-10T00:13:18.1651473Z     "Concurrent store leases, stale receipts and retries preserve newer locally queued generations",
2026-10-10T00:13:18.1652659Z     "Unqualified transaction modes refuse outbox claims and synced writes before application SQL",
2026-10-10T00:13:18.1654143Z     "Restore/reset replace pending sync atomically and retain CAS revision; main tombstones never upload old work",
2026-10-10T00:13:18.1655422Z     "Missing, modified and false outbox manifests fail closed without replacing committed training"
2026-10-10T00:13:18.1656159Z   ],
2026-10-10T00:13:18.1657704Z   "limits": "Real host node:sqlite transactions, file reopen, chunk integrity and injected disk failures. Expo native compile default3 modeled; no Android/iOS physical process/power or account-service acceptance."
2026-10-10T00:13:18.1659099Z }
2026-10-10T00:13:18.1782457Z Checking check-native-workflows.cjs
2026-10-10T00:13:19.3499964Z PASS finish uses previously entered feedback and saves partial work once
2026-10-10T00:13:19.8126054Z PASS finish supports explicitly skipping effort without clearing concern hold
2026-10-10T00:13:19.8143950Z PASS finish rejects stale workout check-ins and empty non-concern work
2026-10-10T00:13:20.1630768Z PASS partial finish must be confirmed and cancel keeps the active workout
2026-10-10T00:13:20.5107852Z PASS saved workout corrections replace the same record while another workout stays active
2026-10-10T00:13:20.8594140Z PASS canceling saved corrections preserves records and a reopened editor refuses old callbacks
2026-10-10T00:13:21.2556316Z PASS saved partial corrections require confirmation and retain unfinished sets
2026-10-10T00:13:21.5750403Z PASS paused imported plan resumes without changing dates/history or lifting holds
2026-10-10T00:13:21.5769873Z PASS pause invalidates pending proposals and prevents active-workout changes
2026-10-10T00:13:21.8904509Z PASS only selected new exercise prompts; external link errors remain visible
2026-10-10T00:13:22.2158348Z PASS exercise overview opens only selected fields and logging advances through remaining work
2026-10-10T00:13:22.6354506Z PASS finishing the bottom exercise shows earlier unfinished exercises then the done screen
2026-10-10T00:13:22.9442954Z PASS library searches imported custom exercises and exposes their equipment
2026-10-10T00:13:23.2538304Z PASS overdue primary action stages a reviewed date change without starting
2026-10-10T00:13:23.8384639Z PASS history order is newest first for both imported storage conventions
2026-10-10T00:13:24.1769553Z PASS backfilled history follows workout dates before import timestamps
2026-10-10T00:13:25.0328955Z PASS numeric fields accept decimal comma and retain integer/range restrictions
2026-10-10T00:13:25.3144581Z PASS tools disclosure starts collapsed and responds to its action
2026-10-10T00:13:25.3146320Z {"scenarios":18,"scope":"Actual compiled native App TSX callbacks and real planning/workout helpers; mocked hook scheduler and device I/O. No physical-device, React Native layout, or OS acceptance claim."}
2026-10-10T00:13:25.3605927Z Checking check-offline.cjs
2026-10-10T00:13:25.6042688Z {
2026-10-10T00:13:25.6042983Z   "passed": 34,
2026-10-10T00:13:25.6043501Z   "total": 34,
2026-10-10T00:13:25.6043811Z   "results": [
2026-10-10T00:13:25.6044012Z     {
2026-10-10T00:13:25.6044803Z       "name": "Generator is deterministic and contains every lazy public app feature without private files",
2026-10-10T00:13:25.6045315Z       "pass": true
2026-10-10T00:13:25.6045586Z     },
2026-10-10T00:13:25.6045835Z     {
2026-10-10T00:13:25.6046304Z       "name": "First completed install immediately supports offline root and unopened lazy tools/research",
2026-10-10T00:13:25.6046782Z       "pass": true
2026-10-10T00:13:25.6047152Z     },
2026-10-10T00:13:25.6047329Z     {
2026-10-10T00:13:25.6047725Z       "name": "An old tab can read an old hashed chunk and unrelated caches remain untouched",
2026-10-10T00:13:25.6048237Z       "pass": true
2026-10-10T00:13:25.6048444Z     },
2026-10-10T00:13:25.6048620Z     {
2026-10-10T00:13:25.6048987Z       "name": "Worker policy metadata participates in the current cache identity",
2026-10-10T00:13:25.6049370Z       "pass": true
2026-10-10T00:13:25.6049567Z     },
2026-10-10T00:13:25.6049741Z     {
2026-10-10T00:13:25.6050146Z       "name": "Current controller serves its immutable manifest only after complete installation",
2026-10-10T00:13:25.6050585Z       "pass": true
2026-10-10T00:13:25.6050781Z     },
2026-10-10T00:13:25.6050952Z     {
2026-10-10T00:13:25.6051379Z       "name": "Current verified runtime entries and dependencies gain only the canonical worker CSP",
2026-10-10T00:13:25.6051815Z       "pass": true
2026-10-10T00:13:25.6052002Z     },
2026-10-10T00:13:25.6052170Z     {
2026-10-10T00:13:25.6052629Z       "name": "Runtime cache mutation after activation fails closed before a CSP-bearing response",
2026-10-10T00:13:25.6053078Z       "pass": true
2026-10-10T00:13:25.6053498Z     },
2026-10-10T00:13:25.6053679Z     {
2026-10-10T00:13:25.6054068Z       "name": "Evicted current runtime never falls back to a prior stable worker or library",
2026-10-10T00:13:25.6054481Z       "pass": true
2026-10-10T00:13:25.6054674Z     },
2026-10-10T00:13:25.6054845Z     {
2026-10-10T00:13:25.6055305Z       "name": "Evicted runtime rejects a newer mismatching network asset instead of replacing the current build",
2026-10-10T00:13:25.6055829Z       "pass": true
2026-10-10T00:13:25.6056032Z     },
2026-10-10T00:13:25.6056206Z     {
2026-10-10T00:13:25.6056597Z       "name": "Unlisted and queried runtime paths fail closed without fetching arbitrary code",
2026-10-10T00:13:25.6057034Z       "pass": true
2026-10-10T00:13:25.6057236Z     },
2026-10-10T00:13:25.6057406Z     {
2026-10-10T00:13:25.6057862Z       "name": "Lost current completion marker prevents both trusted manifest and runtime responses",
2026-10-10T00:13:25.6058348Z       "pass": true
2026-10-10T00:13:25.6058538Z     },
2026-10-10T00:13:25.6058709Z     {
2026-10-10T00:13:25.6059095Z       "name": "Changed asset bytes reject activation and preserve the previous working cache",
2026-10-10T00:13:25.6059540Z       "pass": true
2026-10-10T00:13:25.6059732Z     },
2026-10-10T00:13:25.6059902Z     {
2026-10-10T00:13:25.6060397Z       "name": "Cache quota failure rejects partial installation without deleting the previous build",
2026-10-10T00:13:25.6060848Z       "pass": true
2026-10-10T00:13:25.6061058Z     },
2026-10-10T00:13:25.6061251Z     {
2026-10-10T00:13:25.6061629Z       "name": "Same-length corruption during cache readback rejects activation",
2026-10-10T00:13:25.6062023Z       "pass": true
2026-10-10T00:13:25.6062209Z     },
2026-10-10T00:13:25.6062398Z     {
2026-10-10T00:13:25.6062699Z       "name": "A lost staged cache entry rejects activation",
2026-10-10T00:13:25.6063026Z       "pass": true
2026-10-10T00:13:25.6063457Z     },
2026-10-10T00:13:25.6063648Z     {
2026-10-10T00:13:25.6064055Z       "name": "A replaced staged shell cannot count as a working app shell",
2026-10-10T00:13:25.6064448Z       "pass": true
2026-10-10T00:13:25.6064656Z     },
2026-10-10T00:13:25.6064827Z     {
2026-10-10T00:13:25.6065184Z       "name": "A corrupt completed marker cannot count as a completed build",
2026-10-10T00:13:25.6065557Z       "pass": true
2026-10-10T00:13:25.6065761Z     },
2026-10-10T00:13:25.6065947Z     {
2026-10-10T00:13:25.6066656Z       "name": "Activation rechecks staged bytes before claiming clients or deleting previous caches",
2026-10-10T00:13:25.6067112Z       "pass": true
2026-10-10T00:13:25.6067322Z     },
2026-10-10T00:13:25.6067512Z     {
2026-10-10T00:13:25.6067909Z       "name": "Unsafe redirect asset rejects installation without deleting the old cache",
2026-10-10T00:13:25.6068358Z       "pass": true
2026-10-10T00:13:25.6068557Z     },
2026-10-10T00:13:25.6068871Z     {
2026-10-10T00:13:25.6069350Z       "name": "Unsafe redirect response after cache eviction is neither returned as trusted code nor cached",
2026-10-10T00:13:25.6069847Z       "pass": true
2026-10-10T00:13:25.6070036Z     },
2026-10-10T00:13:25.6070227Z     {
2026-10-10T00:13:25.6070612Z       "name": "Unsafe private asset rejects installation without deleting the old cache",
2026-10-10T00:13:25.6071044Z       "pass": true
2026-10-10T00:13:25.6071268Z     },
2026-10-10T00:13:25.6071493Z     {
2026-10-10T00:13:25.6071980Z       "name": "Unsafe private response after cache eviction is neither returned as trusted code nor cached",
2026-10-10T00:13:25.6072496Z       "pass": true
2026-10-10T00:13:25.6072720Z     },
2026-10-10T00:13:25.6072917Z     {
2026-10-10T00:13:25.6073484Z       "name": "Unsafe no-store asset rejects installation without deleting the old cache",
2026-10-10T00:13:25.6073935Z       "pass": true
2026-10-10T00:13:25.6074151Z     },
2026-10-10T00:13:25.6074351Z     {
2026-10-10T00:13:25.6074815Z       "name": "Unsafe no-store response after cache eviction is neither returned as trusted code nor cached",
2026-10-10T00:13:25.6075303Z       "pass": true
2026-10-10T00:13:25.6075508Z     },
2026-10-10T00:13:25.6075682Z     {
2026-10-10T00:13:25.6076073Z       "name": "Unsafe cookie asset rejects installation without deleting the old cache",
2026-10-10T00:13:25.6076490Z       "pass": true
2026-10-10T00:13:25.6076693Z     },
2026-10-10T00:13:25.6076868Z     {
2026-10-10T00:13:25.6077334Z       "name": "Unsafe cookie response after cache eviction is neither returned as trusted code nor cached",
2026-10-10T00:13:25.6077828Z       "pass": true
2026-10-10T00:13:25.6078026Z     },
2026-10-10T00:13:25.6078221Z     {
2026-10-10T00:13:25.6078602Z       "name": "Unsafe error asset rejects installation without deleting the old cache",
2026-10-10T00:13:25.6079035Z       "pass": true
2026-10-10T00:13:25.6079227Z     },
2026-10-10T00:13:25.6079424Z     {
2026-10-10T00:13:25.6079893Z       "name": "Unsafe error response after cache eviction is neither returned as trusted code nor cached",
2026-10-10T00:13:25.6080362Z       "pass": true
2026-10-10T00:13:25.6080570Z     },
2026-10-10T00:13:25.6080768Z     {
2026-10-10T00:13:25.6081148Z       "name": "Unsafe opaque asset rejects installation without deleting the old cache",
2026-10-10T00:13:25.6081581Z       "pass": true
2026-10-10T00:13:25.6081780Z     },
2026-10-10T00:13:25.6081976Z     {
2026-10-10T00:13:25.6082439Z       "name": "Unsafe opaque response after cache eviction is neither returned as trusted code nor cached",
2026-10-10T00:13:25.6082915Z       "pass": true
2026-10-10T00:13:25.6083293Z     },
2026-10-10T00:13:25.6083518Z     {
2026-10-10T00:13:25.6083957Z       "name": "A root shell from a different deployment is never paired with mismatched chunks",
2026-10-10T00:13:25.6084421Z       "pass": true
2026-10-10T00:13:25.6084615Z     },
2026-10-10T00:13:25.6084809Z     {
2026-10-10T00:13:25.6085240Z       "name": "Inline RSC references and a generic login page cannot overwrite a usable shell",
2026-10-10T00:13:25.6085686Z       "pass": true
2026-10-10T00:13:25.6085894Z     },
2026-10-10T00:13:25.6086086Z     {
2026-10-10T00:13:25.6086545Z       "name": "A network navigation into a newer uninstalled build retains the last working offline shell",
2026-10-10T00:13:25.6087033Z       "pass": true
2026-10-10T00:13:25.6087244Z     },
2026-10-10T00:13:25.6087417Z     {
2026-10-10T00:13:25.6087933Z       "name": "Protected requests, private routes, downloads, arbitrary queries and foreign origins remain uncached",
2026-10-10T00:13:25.6088463Z       "pass": true
2026-10-10T00:13:25.6088672Z     }
2026-10-10T00:13:25.6089011Z   ],
2026-10-10T00:13:25.6089223Z   "limits": [
2026-10-10T00:13:25.6089809Z     "VM fixture validates lifecycle/content boundaries, not real-browser worker registration or physical-device behavior."
2026-10-10T00:13:25.6090382Z   ]
2026-10-10T00:13:25.6090593Z }
2026-10-10T00:13:25.6134335Z Checking check-onboarding.cjs
2026-10-10T00:13:26.1831983Z PASS Fresh journey starts without an accepted or seeded plan
2026-10-10T00:13:26.2002808Z PASS Choosing a plan does not mutate current plan or history
2026-10-10T00:13:26.2049739Z PASS Accepting a different block replaces all current plan references and preserves actuals
2026-10-10T00:13:26.2068836Z PASS Active workout prevents replacement without mutating anything
2026-10-10T00:13:26.2086756Z PASS Offline acceptance remains blocked
2026-10-10T00:13:26.2108400Z PASS Changed choices cannot accept a stale preview
2026-10-10T00:13:26.2140188Z PASS Added commitment is revalidated at acceptance
2026-10-10T00:13:26.2141409Z PASS Youth in-season app route cannot sneak through final acceptance
2026-10-10T00:13:26.2142595Z PASS Underage, past and invalid date inputs have explicit errors
2026-10-10T00:13:26.2152414Z PASS Coach plan remains tracking and accepts without hidden exercise doses
2026-10-10T00:13:26.2156466Z PASS A schedule that cannot support a template offers a tracking option
2026-10-10T00:13:26.2183506Z PASS A stale commitment snapshot cannot overwrite newer calendar events
2026-10-10T00:13:26.2230355Z PASS Generated durations override stale catalog times in fit notes and ranking
2026-10-10T00:13:26.2276913Z PASS Fit uses the full block and does not claim unavailable drafts fit
2026-10-10T00:13:26.2277578Z 14 onboarding checks passed
2026-10-10T00:13:26.2413827Z Checking check-preferences.cjs
2026-10-10T00:13:26.8084468Z PASS Damaged and unsafe preferences fall back without changing training records
2026-10-10T00:13:26.8085454Z PASS Model selection requires measured qualification and falls back without downloads
2026-10-10T00:13:26.8197579Z PASS Reminder schedule deduplicates days and respects plan and workout state
2026-10-10T00:13:26.8201321Z PASS Calendar export contains timed reminders and no workout or personal details
2026-10-10T00:13:26.8264457Z PASS Every palette passes light and dark text and control contrast
2026-10-10T00:13:26.8265415Z PASS Smallest and smaller text, spacing density and the added palettes are accepted; unknown values fall back
2026-10-10T00:13:26.8266297Z 6 groups, 98 checks passed.
2026-10-10T00:13:26.8416206Z Checking check-program-depth.cjs
2026-10-10T00:13:32.7211729Z 75 plan variants; 4437 scenarios; 2572195 assertions passed
2026-10-10T00:13:32.7627260Z Checking check-program-design.cjs
2026-10-10T00:13:33.3413027Z ID        goal         days min  major group sets (chest back quads hams glutes shoulders biceps triceps), week 1
2026-10-10T00:13:33.3414474Z PL3       powerlifting 3    65   9 10 7 6 4.5 3 4.5
2026-10-10T00:13:33.3415271Z PL4       powerlifting 4    65   7 13 5 9 7.5 6 8.5
2026-10-10T00:13:33.3415947Z PB3       powerbuilding3    75   10 10 10 10 11 10 10
2026-10-10T00:13:33.3416581Z PB4       powerbuilding4    70   10 10 10 10 11.5 10 11.5
2026-10-10T00:13:33.3417199Z BB3       hypertrophy  3    70   10 10 10 10 12 11 10
2026-10-10T00:13:33.3417807Z BB4       hypertrophy  4    75   10 10 10 10 14 10 11.5
2026-10-10T00:13:33.3418369Z HY4       hybrid       4    45   2 4 4 2 2 2 2
2026-10-10T00:13:33.3418926Z HY5       hybrid       5    60   3 6 3 2 4.5 2 3
2026-10-10T00:13:33.3419511Z BBPPL6    hypertrophy  6    70   16 17 12 12 17 13 15.5
2026-10-10T00:13:33.3420099Z BBARN6    hypertrophy  6    80   14 16 10 10 21 12.5 16.5
2026-10-10T00:13:33.3420666Z PLTX3     powerlifting 3    70   6 9 9 3 6 4 4.5
2026-10-10T00:13:33.3421198Z PLSL3     powerlifting 3    65   10 11 15 1 10 5 7.5
2026-10-10T00:13:33.3421773Z PLU3      powerlifting 3    80   10 7 7 5 5 1 5
2026-10-10T00:13:33.3422390Z PBPH4     powerbuilding4    90   10 10 10 10 11.5 10 10.5
2026-10-10T00:13:33.3423821Z PBT4      powerbuilding4    75   10 10 10 13 11 10.5 11.5
2026-10-10T00:13:33.3424483Z ST2       strength     2    55   2 4 4 4 2 2 2
2026-10-10T00:13:33.3425026Z ST3       strength     3    70   6 9 8 7 6 3 4.5
2026-10-10T00:13:33.3425554Z GF2       general      2    50   2 4 4 4 2 2 2
2026-10-10T00:13:33.3426064Z GFHOME2   general      2    45   4 4 4 2 0 2 2
2026-10-10T00:13:33.3426783Z CAL2      calisthenics 2    45   4 4 4 1 0 2 2
2026-10-10T00:13:33.3427300Z CAL3      calisthenics 3    45   6 6 6 1 0 3 3
2026-10-10T00:13:33.3427812Z RNEASY3   running      3    40   0 0 0 0 0 0 0
2026-10-10T00:13:33.3428325Z PL2       powerlifting 2    80   6 9 5 5 3 2 3
2026-10-10T00:13:33.3428863Z PBSTART2  powerbuilding2    75   6 8 6 4 5 5 3
2026-10-10T00:13:33.3429488Z PBSTART3  powerbuilding3    70   11 11 10 10 10 10.5 10
2026-10-10T00:13:33.3433847Z PBDB3     powerbuilding3    75   11 10 10 10 12.5 13 11.5
2026-10-10T00:13:33.3434566Z BB2       hypertrophy  2    85   6 6 6 5 5 5 5
2026-10-10T00:13:33.3435162Z BBDB3     hypertrophy  3    75   11 10 10 10 12.5 13 11.5
2026-10-10T00:13:33.3435815Z BBM3      hypertrophy  3    80   10 10 11 10 11 10 10
2026-10-10T00:13:33.3436434Z STGYM2    strength     2    65   6 6 6 4 5 3 3
2026-10-10T00:13:33.3437076Z STDB3     strength     3    75   6 9 8 7 8 6.5 4.5
2026-10-10T00:13:33.3437638Z GF3       general      3    75   4 6 6 6 6 5 3
2026-10-10T00:13:33.3438211Z GFM2      general      2    65   6 6 6 4 5 3 3
2026-10-10T00:13:33.3438760Z CALBUILD3 calisthenics 3    70   9 9 9 4.5 0 4.5 4.5
2026-10-10T00:13:33.3439330Z CALBUILD2 calisthenics 2    70   6 6 6 3 0 3 3
2026-10-10T00:13:33.3439785Z HYHOME4   hybrid       4    60   4 4 4 2 0 2 2
2026-10-10T00:13:33.3440148Z HYDB4     hybrid       4    75   3 6 5 5 4.5 5 3
2026-10-10T00:13:33.3440518Z RNBASE4   running      4    40   0 0 0 0 0 0 0
2026-10-10T00:13:33.3440906Z BBHOME3   hypertrophy  3    70   10 10 10 11.5 10 5 11
2026-10-10T00:13:33.3441318Z BBADV4    hypertrophy  4    100  11 14 14 14 13 13 13
2026-10-10T00:13:33.3441732Z PLW4      powerlifting 4    90   7 13 5 9 7.5 6 8.5
2026-10-10T00:13:33.3442149Z PBW4      powerbuilding4    90   10 10 10 10 11.5 10 11.5
2026-10-10T00:13:33.3442562Z ST4       strength     4    90   7 13 5 9 7.5 6 8.5
2026-10-10T00:13:33.3442938Z QG2       general      2    30   2 4 2 2 1 2 1
2026-10-10T00:13:33.3443531Z QG3       general      3    30   2 4 4 2 3 2 2
2026-10-10T00:13:33.3443902Z QS2       strength     2    30   2 4 2 2 1 2 1
2026-10-10T00:13:33.3444246Z QM2       hypertrophy  2    30   2 4 2 2 1 2 1
2026-10-10T00:13:33.3444563Z QC2       calisthenics 2    30   2 4 2 1 0 2 1
2026-10-10T00:13:33.3444914Z QPB2      powerbuilding2    30   2 4 2 2 3 2 2
2026-10-10T00:13:33.3445237Z QSP2      sport        2    30   2 4 2 2 1 2 1
2026-10-10T00:13:33.3445571Z QS3       strength     3    30   2 4 4 2 3 2 2
2026-10-10T00:13:33.3445925Z QM3       hypertrophy  3    30   2 4 4 2 3 2 2
2026-10-10T00:13:33.3446264Z QPB3      powerbuilding3    30   4 4 4 2 4 2 3
2026-10-10T00:13:33.3446619Z QC3       calisthenics 3    30   4 4 4 1 0 2 2
2026-10-10T00:13:33.3446964Z QSP3      sport        3    30   2 4 4 2 3 2 2
2026-10-10T00:13:33.3447310Z QPL3      powerlifting 3    30   2 2 2 2 1 0 1
2026-10-10T00:13:33.3447647Z QHY4      hybrid       4    30   2 4 2 2 3 2 2
2026-10-10T00:13:33.3447999Z QR3       running      3    15   0 0 0 0 0 0 0
2026-10-10T00:13:33.3448362Z SP2       sport        2    60   2 4 4 4 3 2 2
2026-10-10T00:13:33.3448762Z QHY3      hybrid       3    30   2 4 2 2 3 2 2
2026-10-10T00:13:33.3449186Z HY3       hybrid       3    45   2 4 4 2 2 2 2
2026-10-10T00:13:33.3449565Z QR2       running      2    15   0 0 0 0 0 0 0
2026-10-10T00:13:33.3449975Z PLSTART3  powerlifting 3    30   2 4 2 2 1 1 1
2026-10-10T00:13:33.3450399Z GFSTAND2  general      2    50   4 4 2 2 0 2 2
2026-10-10T00:13:33.3450765Z STSTAND2  strength     2    50   4 4 2 2 0 2 2
2026-10-10T00:13:33.3451141Z GFNOGROUND2general      2    50   4 4 4 2 2 2 2
2026-10-10T00:13:33.3451507Z GFNONE2   general      2    15   4 0 4 0 0 0 2
2026-10-10T00:13:33.3452070Z STDBST2   strength     2    55   2 4 4 4 2 2 2
2026-10-10T00:13:33.3452417Z GFDBST2   general      2    55   2 4 4 4 2 2 2
2026-10-10T00:13:33.3452767Z BBDBST2   hypertrophy  2    55   2 4 4 4 2 2 2
2026-10-10T00:13:33.3453301Z PBDBST2   powerbuilding2    55   2 4 4 4 2 2 2
2026-10-10T00:13:33.3453683Z SPDBST2   sport        2    55   2 4 4 4 2 2 2
2026-10-10T00:13:33.3454185Z CALDB2    calisthenics 2    45   4 4 4 0 0 2 2
2026-10-10T00:13:33.3454561Z HYDB2     hybrid       2    60   2 4 4 4 2 2 2
2026-10-10T00:13:33.3454905Z HYHOME2   hybrid       2    60   4 4 4 2 0 2 2
2026-10-10T00:13:33.3455092Z 
2026-10-10T00:13:33.3455098Z 
2026-10-10T00:13:33.3455280Z Programs checked: 75. Rule failures: 0.
2026-10-10T00:13:33.3456239Z Known gap BB2: Two sessions a week cannot give each major group 10 weighted sets at this session length. The description says the plan has less volume than a three- or four-day plan.
2026-10-10T00:13:33.3457548Z Known gap BBDBST2: Two dumbbell sessions cannot give each major group 10 weighted sets at this session length. Use a three-day dumbbell plan for the full guide.
2026-10-10T00:13:33.3458760Z Known gap PBDBST2: Two dumbbell sessions cannot give each major group 10 weighted sets at this session length. Use a three-day dumbbell plan for the full guide.
2026-10-10T00:13:33.3460101Z Known gap PBSTART2: Two sessions a week cannot give each major group 10 weighted sets at this session length. The description says each group gets less weekly work than a three- or four-day plan.
2026-10-10T00:13:33.3461765Z Allowance BBHOME3 biceps: The exercise library has no curl that needs only bodyweight or bands, so biceps get indirect pulling work (band rows, about 5 weighted sets a week). The description tells the user to add a dumbbell or band curl.
2026-10-10T00:13:33.3464454Z Allowance RNBASE4 R7: an easy-only run base may pair back-to-back easy days, at most runs minus three per week (four runs in seven days force one pair).
2026-10-10T00:13:33.3466356Z Exemption PLSTART3 R5: Learning block: one competition lift a day, started light while the setup is learned. Heavy sets belong in the build blocks.
2026-10-10T00:13:33.3557370Z Checking check-program-selection.cjs
2026-10-10T00:13:33.9085452Z PASS Weight parent tile retains every selected lifting discipline
2026-10-10T00:13:33.9615378Z PASS Every goal offers only matching app-led plans; recommendations must fit
2026-10-10T00:13:33.9641862Z PASS Powerlifting and powerbuilding have multiple complete discipline-specific choices
2026-10-10T00:13:33.9643019Z PASS Unknown or mismatched goals and app program IDs do not fall into other plans
2026-10-10T00:13:33.9664325Z PASS Unavailable first option is not recommended over a fitting home plan
2026-10-10T00:13:33.9859230Z PASS Named references keep manual identity, source targets or empty calendars, and partial-block limits
2026-10-10T00:13:33.9966730Z PASS Accepted powerlifting updates current plan, profile and next workout without changing past logs
2026-10-10T00:13:33.9977263Z PASS Curated alternatives use exact known movements and same primary metric
2026-10-10T00:13:34.0000238Z PASS Equipment substitute resets load, uses its own targets and preserves history and dates
2026-10-10T00:13:34.0008730Z PASS Competition substitutions require explicit specificity acknowledgement
2026-10-10T00:13:34.0019691Z PASS Unknown, incompatible, duplicate and missing machine setup substitutions are rejected
2026-10-10T00:13:34.0029006Z PASS Recurring change touches only future repetitions of the chosen workout
2026-10-10T00:13:34.0043817Z PASS Active substitution preserves other logged exercises, but cannot erase source reps
2026-10-10T00:13:34.0066059Z PASS Substitution rejects stale history, paused plans, offline writes and saved sessions
2026-10-10T00:13:34.0093750Z PASS Superset substitution preserves pair labels, set counts and rest
2026-10-10T00:13:34.0135609Z PASS Active actual measurements, load, effort and new setup cannot be silently discarded
2026-10-10T00:13:34.0149354Z PASS Active workout can continue across midnight; unstarted overdue workout cannot
2026-10-10T00:13:34.0159170Z PASS Older generic squat-swap previews cannot bypass reviewed alternatives
2026-10-10T00:13:34.0160220Z 18 program selection and substitution checks passed
2026-10-10T00:13:34.0314810Z Checking check-progression-regressions.cjs
2026-10-10T00:13:34.6370674Z PASS RNBASE4 original pattern and seven-day cascade remain valid
2026-10-10T00:13:34.6397611Z PASS RNBASE4 one bounded adjacent pair is allowed but a three-day run streak is refused
2026-10-10T00:13:34.6494449Z PASS RNBASE4 direct schedule validation rejects four consecutive runs
2026-10-10T00:13:34.6524104Z PASS RNBASE4 recovery uses a completed workout actual date instead of only its old planned date
2026-10-10T00:13:34.6553724Z PASS RNBASE4 recovery includes an active workout actual date
2026-10-10T00:13:34.6554775Z PASS Bilateral plate load wording does not double exercise execution time
2026-10-10T00:13:34.6580399Z PASS Substitution preview and committed estimate match canonical time for equal bilateral work
2026-10-10T00:13:34.6581372Z PASS Plate addition preview agrees with canonical estimate and permits a fitting tight budget
2026-10-10T00:13:34.6582249Z PASS Substitution preserves separately allocated focus time when changing canonical work time
2026-10-10T00:13:34.6583324Z PASS Seconds recorded per side include both sides and keep five-minute estimate rounding
2026-10-10T00:13:34.6584344Z PASS Minutes recorded per side include both sides
2026-10-10T00:13:34.6585227Z PASS Timed per-side addition matches canonical time and rejects an insufficient budget
2026-10-10T00:13:34.6651307Z PASS Capacity range progression retains A1 superset instructions and paired rest
2026-10-10T00:13:34.6668475Z PASS Capacity range progression retains A2 superset instructions and paired rest
2026-10-10T00:13:34.6691083Z PASS Continuation preview targets only one review flag and preserves displayed targets
2026-10-10T00:13:34.6707765Z PASS Accepted continuation review clears one flag without changing loads/items/history/dates/dependencies
2026-10-10T00:13:34.6716675Z PASS Continuation review cannot bypass a still-unfinished later dependency
2026-10-10T00:13:34.6727261Z PASS Continuation constructor refuses paused state
2026-10-10T00:13:34.6735758Z PASS Continuation constructor refuses hold state
2026-10-10T00:13:34.6744099Z PASS Continuation constructor refuses active state
2026-10-10T00:13:34.6764187Z PASS Continuation refuses missing prerequisite evidence
2026-10-10T00:13:34.6772004Z PASS Continuation refuses partial prerequisite evidence
2026-10-10T00:13:34.6784790Z PASS Continuation refuses unfinished prerequisite evidence
2026-10-10T00:13:34.6795715Z PASS Continuation refuses unknown-load prerequisite evidence
2026-10-10T00:13:34.6803635Z PASS Continuation refuses an ordinary unflagged or already recorded workout
2026-10-10T00:13:34.6812044Z PASS Continuation acceptance rejects a stale plan snapshot
2026-10-10T00:13:34.6822517Z PASS Continuation acceptance rejects a stale history snapshot
2026-10-10T00:13:34.6832776Z PASS Continuation acceptance rechecks missing prerequisites even when history count stays the same
2026-10-10T00:13:34.6848929Z PASS Continuation acceptance rejects forged loads/dates/dependencies/status and multiple review targets
2026-10-10T00:13:34.6909511Z PASS Continuation proposals survive saved-state validation and reopen for review
2026-10-10T00:13:34.6920428Z 30/30 desired-behavior regression cases passed. Report: /home/runner/work/movefield/movefield/.sites-runtime/a03-progression-checks.json
2026-10-10T00:13:34.7076185Z Checking check-qwen-assets.cjs
2026-10-10T00:13:34.9579386Z PASS Qwen pinned artifact metadata and exact-build qualification: 1675 checks; zero actual devices qualified.
2026-10-10T00:13:34.9666241Z Checking check-qwen-controls.cjs
2026-10-10T00:13:35.3287930Z PASS optional Qwen controls/policy: 132 assertions; synthetic jobs/network only.
2026-10-10T00:13:35.3522140Z Checking check-qwen-download.cjs
2026-10-10T00:13:35.9677126Z PASS Qwen download/cancel/cache lifecycle: 190 assertions; synthetic assets only, no devices qualified.
2026-10-10T00:13:35.9838529Z Checking check-qwen-runtime.cjs
2026-10-10T00:13:36.6085193Z PASS Qwen runtime contracts/cache/loading/cancellation/context gates: 91 assertions. Worker responses are synthetic; no model inference measured.
2026-10-10T00:13:36.6227745Z Checking check-qwen-training.cjs
2026-10-10T00:13:37.2366171Z Prepared original Qwen training data: 162 train, 44 validation cases. Training has not run.
2026-10-10T00:13:45.1992478Z PASS original Qwen dataset/provenance/separation/targets/fingerprints: 650 assertions. No training or model-accuracy claim from these checks.
2026-10-10T00:13:45.2904479Z ....
2026-10-10T00:13:45.2905098Z ----------------------------------------------------------------------
2026-10-10T00:13:45.2905549Z Ran 4 tests in 0.014s
2026-10-10T00:13:45.2905707Z 
2026-10-10T00:13:45.2905801Z OK
2026-10-10T00:13:45.3030254Z Checking check-research-library.cjs
2026-10-10T00:13:45.5557122Z PASS 855 unique bounded metadata records, 18 source queries, review fingerprints and on-device search. No corpus/training approval inferred.
2026-10-10T00:13:45.5727410Z Checking check-review-reconciliation.cjs
2026-10-10T00:13:46.6563073Z PASS sample profiles clear invented age; actual details preserved; web/native replacement requires confirmation; stale repeated accept is ignored; accepted setup is discarded once. Compiled TSX harness, not device acceptance.
2026-10-10T00:13:46.6806294Z Checking check-revision-10.cjs
2026-10-10T00:13:47.3261025Z PASS Blank or fractional reps cannot log a set or start rest
2026-10-10T00:13:47.3272918Z PASS Valid set starts one timer; a duplicate tap leaves its deadline unchanged
2026-10-10T00:13:47.3288227Z PASS Optional notes preserve rest and Done; reps, load and Undo cancel their own timer
2026-10-10T00:13:47.3297276Z PASS Editing a different set preserves current rest
2026-10-10T00:13:47.3315623Z PASS Last workout set and no-rest superset member do not start an alarm
2026-10-10T00:13:47.3317598Z PASS Pause, extend, resume and expiration use deadline arithmetic
2026-10-10T00:13:47.3386136Z PASS Reload retains a valid timer and discards missing or undone source sets
2026-10-10T00:13:47.3387348Z PASS Malformed/far-future timers are ignored without discarding workouts
2026-10-10T00:13:47.3391373Z PASS A delayed native schedule is canceled after End rest
2026-10-10T00:13:47.3393972Z PASS Only the newest queued rest may be scheduled
2026-10-10T00:13:47.3397844Z PASS A failed OS call does not poison future notification requests
2026-10-10T00:13:47.3423371Z PASS Reject malformed saved workout/calendar case 1
2026-10-10T00:13:47.3446542Z PASS Reject malformed saved workout/calendar case 2
2026-10-10T00:13:47.3465858Z PASS Reject malformed saved workout/calendar case 3
2026-10-10T00:13:47.3484862Z PASS Reject malformed saved workout/calendar case 4
2026-10-10T00:13:47.3503467Z PASS Reject malformed saved workout/calendar case 5
2026-10-10T00:13:47.3519912Z PASS Reject malformed saved workout/calendar case 6
2026-10-10T00:13:47.3535777Z PASS Reject malformed saved workout/calendar case 7
2026-10-10T00:13:47.3550395Z PASS New three-day hybrid, two-day running and novice SBD plans are complete
2026-10-10T00:13:47.3558966Z PASS Powerlifting never changes to powerbuilding to fit equipment
2026-10-10T00:13:47.3576580Z PASS A week of vacation pauses draft dates, preserves order/targets/gaps and extends finish
2026-10-10T00:13:47.3592379Z PASS Competition protection remains effective after adding events and moving dates
2026-10-10T00:13:47.3640407Z PASS No-equipment and floor-free paths do not add floor core work
2026-10-10T00:13:47.3738630Z PASS Malformed optional rest data clears only the timer and preserves active work
2026-10-10T00:13:47.3741342Z PASS Failed old-alert cancellation attempts every ID, prevents replacement and recovers
2026-10-10T00:13:47.3745060Z PASS Pause or extend invalidates a delayed native schedule before it can become current
2026-10-10T00:13:47.3767065Z PASS Legacy active workout without a target snapshot remains valid and has session targets
2026-10-10T00:13:47.3772302Z PASS Supervised youth legacy foundation respects unavailable dumbbells
2026-10-10T00:13:47.3796708Z PASS Run-only eligibility uses recent running readiness independent of lifting experience
2026-10-10T00:13:47.3807944Z PASS Coach tracking targets enable a complete session without adding automated work or dates
2026-10-10T00:13:47.3814157Z PASS Tracking target replacement can reorder, edit and remove draft work, without touching other sessions
2026-10-10T00:13:47.3821791Z PASS Stale, empty, duplicate, fractional and unknown tracking targets reject atomically
2026-10-10T00:13:47.3827333Z PASS Tracking editor cannot rewrite app-directed, active, completed or offline work
2026-10-10T00:13:47.3840814Z PASS Long tracking work needs reviewed extra time; rep ranges persist and untrusted loads/notes are stripped
2026-10-10T00:13:47.3845752Z PASS Custom timed tracking exercises contribute their full actual-unit time
2026-10-10T00:13:47.3846470Z 35 revision 10 scenario groups passed
2026-10-10T00:13:47.3994913Z Checking check-revision-11.cjs
2026-10-10T00:13:49.0369273Z PASS Standing dumbbell plans match adult goals, experience, sex, starts and full block lengths
2026-10-10T00:13:49.0996822Z PASS Two-day hybrid keeps full strength plus timed walk/jog and does not duplicate cardio add-ons
2026-10-10T00:13:49.1128138Z PASS Boundaries stay explicit: no counterfeit SBD, no unsupported youth prescriptions, no invisible fallback
2026-10-10T00:13:49.1141540Z PASS Same-weekday tracking copies targets atomically without touching dates or completed work
2026-10-10T00:13:49.1188289Z PASS Reviewed return block resolves the dependency chain without restoring old volume
2026-10-10T00:13:49.1218623Z PASS Coarse equipment increments offer reviewed reps for muscle work with unchanged rest and sets
2026-10-10T00:13:49.1240379Z PASS Long custom timed actuals, feedback drafts, machine context and timers survive save/reopen
2026-10-10T00:13:49.1248140Z 7 groups; 428582 assertions passed
2026-10-10T00:13:49.1454176Z Checking check-saved-compatibility.cjs
2026-10-10T00:13:49.8615431Z PASS 1087 schema compatibility, preserved legacy identities, UTC/zone and UUID assertions.
2026-10-10T00:13:49.8784965Z Checking check-security.cjs
2026-10-10T00:13:50.5813950Z pass initial state round trips without changed data 
2026-10-10T00:13:50.5815438Z pass fresh state round trips without changed data 
2026-10-10T00:13:50.5816337Z pass experienced sample state round trips without changed data 
2026-10-10T00:13:50.5817099Z pass valid active workout and rest timers round trip 
2026-10-10T00:13:50.5817690Z pass mismatched active session rejected 
2026-10-10T00:13:50.5818242Z pass active workout without a plan rejected 
2026-10-10T00:13:50.5818988Z pass unknown root, profile and workout fields rejected without a lossy save 
2026-10-10T00:13:50.5819710Z pass __proto__ in nested raw JSON rejected 
2026-10-10T00:13:50.5820265Z pass constructor in nested raw JSON rejected 
2026-10-10T00:13:50.5820818Z pass prototype in nested raw JSON rejected 
2026-10-10T00:13:50.5821305Z pass invalid state "" rejected 
2026-10-10T00:13:50.5821760Z pass invalid state "null" rejected 
2026-10-10T00:13:50.5822221Z pass invalid state "[]" rejected 
2026-10-10T00:13:50.5822739Z pass invalid state "{\"schema\":2}" rejected 
2026-10-10T00:13:50.5823754Z pass invalid state "{\"schema\":2,\"profile\":{\"age\":1e400,\"goal\":\"strength\",\"e" rejected 
2026-10-10T00:13:50.5824355Z pass oversized raw input rejected before parsing 
2026-10-10T00:13:50.5824713Z pass too many weekdays rejected 
2026-10-10T00:13:50.5825024Z pass invalid calendar date rejected 
2026-10-10T00:13:50.5825383Z pass invalid nested set value rejected 
2026-10-10T00:13:50.5825702Z pass oversized set count rejected 
2026-10-10T00:13:50.5826020Z pass normal unfinished setup round trips 
2026-10-10T00:13:50.5826414Z pass cleared numeric inputs persist in unfinished setup 
2026-10-10T00:13:50.5826779Z pass negative draft step rejected 
2026-10-10T00:13:50.5827366Z pass unfinished blank date survives reload 
2026-10-10T00:13:50.5827740Z pass legacy setup draft forces calendar review 
2026-10-10T00:13:50.5828149Z pass oversized import does not parse or create exercises 
2026-10-10T00:13:50.5828658Z pass request nonce cannot be supplied by a client and changes every request 
2026-10-10T00:13:50.5829131Z pass unused write and internal routes are closed 
2026-10-10T00:13:50.5829753Z pass response hardening preserves status and prevents nonce caching 
2026-10-10T00:13:50.5830155Z 29/29 security checks passed
2026-10-10T00:13:50.5979706Z Checking check-setup-hydration.cjs
2026-10-10T00:13:51.4511770Z PASS web: rejected hydration retains draft through field edits and step changes
2026-10-10T00:13:51.6839916Z PASS web: empty hydration enables normal saving and later edits
2026-10-10T00:13:51.9221392Z PASS web: valid hydration restores answers and permits future autosaves
2026-10-10T00:13:52.0658227Z PASS native: rejected hydration retains draft through field edits and step changes
2026-10-10T00:13:52.2144812Z PASS native: empty hydration enables normal saving and later edits
2026-10-10T00:13:52.3649811Z PASS native: valid hydration restores answers and permits future autosaves
2026-10-10T00:13:52.5293390Z PASS web: validation failure after a successful vault read blocks replacement saves
2026-10-10T00:13:52.8645322Z PASS web: nonresume entry checks unreadable saved draft and keeps later answers visit-only
2026-10-10T00:13:52.9926779Z PASS native: source-template entry checks unreadable existing draft and never overwrites it
2026-10-10T00:13:53.1215329Z PASS native: source-template entry checks readable draft without applying old profile
2026-10-10T00:13:53.1217763Z {
2026-10-10T00:13:53.1218040Z   "scenarios": 10,
2026-10-10T00:13:53.1218319Z   "passed": [
2026-10-10T00:13:53.1218844Z     "web: rejected hydration retains draft through field edits and step changes",
2026-10-10T00:13:53.1219578Z     "web: empty hydration enables normal saving and later edits",
2026-10-10T00:13:53.1220348Z     "web: valid hydration restores answers and permits future autosaves",
2026-10-10T00:13:53.1221113Z     "native: rejected hydration retains draft through field edits and step changes",
2026-10-10T00:13:53.1221769Z     "native: empty hydration enables normal saving and later edits",
2026-10-10T00:13:53.1222295Z     "native: valid hydration restores answers and permits future autosaves",
2026-10-10T00:13:53.1222871Z     "web: validation failure after a successful vault read blocks replacement saves",
2026-10-10T00:13:53.1223702Z     "web: nonresume entry checks unreadable saved draft and keeps later answers visit-only",
2026-10-10T00:13:53.1224340Z     "native: source-template entry checks unreadable existing draft and never overwrites it",
2026-10-10T00:13:53.1224939Z     "native: source-template entry checks readable draft without applying old profile"
2026-10-10T00:13:53.1225336Z   ],
2026-10-10T00:13:53.1226216Z   "scope": "Compiled actual TSX with real training/onboarding/saved-data helpers and actual field/step callbacks; simulated hook scheduler, mocked UI/vault/native I/O. Not React DOM or device acceptance."
2026-10-10T00:13:53.1227033Z }
2026-10-10T00:13:53.1579884Z Checking check-shared.cjs
2026-10-10T00:13:53.1989872Z PASS 49 canonical web/native shared files and snapshot hashes.
2026-10-10T00:13:53.2036630Z Checking check-sync-outbox.cjs
2026-10-10T00:13:53.5711660Z PASS Strict metadata schema rejects plaintext, keys, duplicate identifiers and unknown fields before storage
2026-10-10T00:13:53.7190737Z PASS All 5,000 history entities and final head split atomically into bounded immutable requests
2026-10-10T00:13:53.7382605Z PASS Opaque local ciphertext and queued sync commit together; post-request abort or quota rolls back both
2026-10-10T00:13:53.7442212Z PASS Cross-tab leases serialize requests; stale ack and old failure cannot clear newer queued saves
2026-10-10T00:13:53.7593468Z PASS Timeouts, response loss and dead zones retain exact UUID/body with bounded exponential retry
2026-10-10T00:13:53.7599580Z PASS Never-dispatched edits coalesce without publishing heads before newly staged histories
2026-10-10T00:13:53.7656136Z PASS Account changes, reset and restored keys invalidate pending work without clearing newer unrelated accounts
2026-10-10T00:13:53.7692031Z PASS Conflicts pause for explicit resolution; expired auth can resume after account reauthentication
2026-10-10T00:13:53.7730037Z PASS Runner sends only after durable claim and verifies server receipt; cancellation retains pending data
2026-10-10T00:13:53.7730923Z {
2026-10-10T00:13:53.7731200Z   "checks": 68,
2026-10-10T00:13:53.7731575Z   "scenarios": [
2026-10-10T00:13:53.7732364Z     "Strict metadata schema rejects plaintext, keys, duplicate identifiers and unknown fields before storage",
2026-10-10T00:13:53.7733719Z     "All 5,000 history entities and final head split atomically into bounded immutable requests",
2026-10-10T00:13:53.7734967Z     "Opaque local ciphertext and queued sync commit together; post-request abort or quota rolls back both",
2026-10-10T00:13:53.7736285Z     "Cross-tab leases serialize requests; stale ack and old failure cannot clear newer queued saves",
2026-10-10T00:13:53.7737512Z     "Timeouts, response loss and dead zones retain exact UUID/body with bounded exponential retry",
2026-10-10T00:13:53.7738794Z     "Never-dispatched edits coalesce without publishing heads before newly staged histories",
2026-10-10T00:13:53.7740214Z     "Account changes, reset and restored keys invalidate pending work without clearing newer unrelated accounts",
2026-10-10T00:13:53.7741534Z     "Conflicts pause for explicit resolution; expired auth can resume after account reauthentication",
2026-10-10T00:13:53.7742809Z     "Runner sends only after durable claim and verifies server receipt; cancellation retains pending data"
2026-10-10T00:13:53.7743801Z   ],
2026-10-10T00:13:53.7745275Z   "limits": "Actual fake-indexeddb transactions, WebCrypto local ciphertext, deterministic server-response transport. Native/physical device and backend deployment acceptance separate."
2026-10-10T00:13:53.7746621Z }
2026-10-10T00:13:53.7867774Z Checking check-tools-boundaries.cjs
2026-10-10T00:13:54.3683403Z {
2026-10-10T00:13:54.3684130Z   "passed": 14,
2026-10-10T00:13:54.3684632Z   "total": 14,
2026-10-10T00:13:54.3685075Z   "results": [
2026-10-10T00:13:54.3685550Z     {
2026-10-10T00:13:54.3686406Z       "name": "Timed loaded movements do not create estimated strength bests",
2026-10-10T00:13:54.3687289Z       "pass": true
2026-10-10T00:13:54.3713863Z     },
2026-10-10T00:13:54.3714186Z     {
2026-10-10T00:13:54.3714893Z       "name": "Progression-disabled rep movements do not create estimated strength bests",
2026-10-10T00:13:54.3715632Z       "pass": true
2026-10-10T00:13:54.3715971Z     },
2026-10-10T00:13:54.3716278Z     {
2026-10-10T00:13:54.3716955Z       "name": "Unknown and whitespace-only machine setups do not establish comparability",
2026-10-10T00:13:54.3717662Z       "pass": true
2026-10-10T00:13:54.3717989Z     },
2026-10-10T00:13:54.3718276Z     {
2026-10-10T00:13:54.3718906Z       "name": "Different known setups do not create a cross-machine estimated best",
2026-10-10T00:13:54.3719588Z       "pass": true
2026-10-10T00:13:54.3719909Z     },
2026-10-10T00:13:54.3720169Z     {
2026-10-10T00:13:54.3720787Z       "name": "Same known eligible machine setup still reports a new estimated best",
2026-10-10T00:13:54.3721467Z       "pass": true
2026-10-10T00:13:54.3721790Z     },
2026-10-10T00:13:54.3722079Z     {
2026-10-10T00:13:54.3722735Z       "name": "Eligible free-weight adult comparison still reports a new estimated best",
2026-10-10T00:13:54.3723608Z       "pass": true
2026-10-10T00:13:54.3723924Z     },
2026-10-10T00:13:54.3724183Z     {
2026-10-10T00:13:54.3724641Z       "name": "Youth still receives no estimated bests",
2026-10-10T00:13:54.3725132Z       "pass": true
2026-10-10T00:13:54.3725446Z     },
2026-10-10T00:13:54.3725730Z     {
2026-10-10T00:13:54.3726289Z       "name": "Explicit 2.5 lb dumbbell steps remain supported below 37.5 lb",
2026-10-10T00:13:54.3727400Z       "pass": true
2026-10-10T00:13:54.3727725Z     },
2026-10-10T00:13:54.3728007Z     {
2026-10-10T00:13:54.3728648Z       "name": "A light dumbbell does not produce zero-load or heavier-than-work warm-ups",
2026-10-10T00:13:54.3729345Z       "pass": true
2026-10-10T00:13:54.3729658Z     },
2026-10-10T00:13:54.3730128Z     {
2026-10-10T00:13:54.3730743Z       "name": "Default light dumbbell calculation contains no zero or excessive loads",
2026-10-10T00:13:54.3731396Z       "pass": true
2026-10-10T00:13:54.3731715Z     },
2026-10-10T00:13:54.3731996Z     {
2026-10-10T00:13:54.3732626Z       "name": "Barbell grids are relative to the selected bar, including odd bar weights",
2026-10-10T00:13:54.3733468Z       "pass": true
2026-10-10T00:13:54.3733769Z     },
2026-10-10T00:13:54.3734030Z     {
2026-10-10T00:13:54.3734667Z       "name": "Metric custom increments stay on their grid without exceeding working load",
2026-10-10T00:13:54.3735352Z       "pass": true
2026-10-10T00:13:54.3735682Z     },
2026-10-10T00:13:54.3735940Z     {
2026-10-10T00:13:54.3736518Z       "name": "Invalid explicit increments do not silently generate misleading loads",
2026-10-10T00:13:54.3737228Z       "pass": true
2026-10-10T00:13:54.3737504Z     },
2026-10-10T00:13:54.3737786Z     {
2026-10-10T00:13:54.3738355Z       "name": "Unknown input and supervised youth behavior remain unchanged",
2026-10-10T00:13:54.3738949Z       "pass": true
2026-10-10T00:13:54.3739260Z     }
2026-10-10T00:13:54.3739550Z   ]
2026-10-10T00:13:54.3739834Z }
2026-10-10T00:13:54.3822629Z Checking check-tools.cjs
2026-10-10T00:13:54.9377935Z PASS Plates: unknown stays unknown, zero is an error, and totals split into the largest plates per side
2026-10-10T00:13:54.9383841Z PASS Warm-up ladder: percentages of the working load, rounded to loadable steps, bar floor, adults only
2026-10-10T00:13:54.9436189Z PASS Personal bests need an earlier rated estimate, are adult-only, and are not awarded for lower results
2026-10-10T00:13:54.9517340Z PASS Weekly review counts the seven days ending today from the plan; today stays open until it ends
2026-10-10T00:13:54.9518104Z 4 groups, 33 checks passed.
2026-10-10T00:13:54.9751314Z Checking check-training-day.cjs
2026-10-10T00:13:55.5790088Z PASS Relative headings follow calendar dates across DST, leap days and years
2026-10-10T00:13:55.5805297Z PASS Monday–Sunday week dates remain stable through DST and month/year boundaries
2026-10-10T00:13:55.5928758Z PASS True rest dates show Day off while skipped and unlogged schedules remain distinct
2026-10-10T00:13:55.5940317Z PASS All same-date workouts retain chronology and original date after travel
2026-10-10T00:13:55.5949562Z PASS Partial actual sets preserve zero and unknown loads, RIR, metrics, notes and duration
2026-10-10T00:13:55.5975599Z PASS Multiple runs and work logged on a rest day override Day off
2026-10-10T00:13:55.5994230Z PASS Replaced plans match their historical workouts and do not duplicate set results
2026-10-10T00:13:55.6003270Z PASS An archived future plan cannot turn a current rest date into planned training
2026-10-10T00:13:55.6011512Z PASS Older replaced schedules cannot overwrite a later archived plan rest day
2026-10-10T00:13:55.6019358Z PASS Completed timestamp zero is retained, unfinished history is omitted and elapsed time cannot be negative
2026-10-10T00:13:55.6038868Z PASS Date selection and static rendering leave history, active workout and current plan unchanged
2026-10-10T00:13:55.6039742Z 11 training-day calendar/history groups passed.
2026-10-10T00:13:55.6173894Z Checking check-training.cjs
2026-10-10T00:13:56.2098858Z {
2026-10-10T00:13:56.2099302Z   "passed": 29,
2026-10-10T00:13:56.2099655Z   "total": 29,
2026-10-10T00:13:56.2099974Z   "results": [
2026-10-10T00:13:56.2100261Z     {
2026-10-10T00:13:56.2100916Z       "name": "New adult paths show ranges; youth remains supervised fixed progression",
2026-10-10T00:13:56.2101576Z       "status": "pass"
2026-10-10T00:13:56.2101900Z     },
2026-10-10T00:13:56.2102172Z     {
2026-10-10T00:13:56.2102990Z       "name": "Dates reject nonexistent values and accept leap day",
2026-10-10T00:13:56.2103711Z       "status": "pass"
2026-10-10T00:13:56.2104114Z     },
2026-10-10T00:13:56.2117351Z     {
2026-10-10T00:13:56.2117886Z       "name": "Calendar arithmetic remains whole days across DST",
2026-10-10T00:13:56.2118447Z       "status": "pass"
2026-10-10T00:13:56.2119074Z     },
2026-10-10T00:13:56.2119285Z     {
2026-10-10T00:13:56.2119702Z       "name": "Occupied date single move fails gracefully; cascade succeeds atomically",
2026-10-10T00:13:56.2120218Z       "status": "pass"
2026-10-10T00:13:56.2120459Z     },
2026-10-10T00:13:56.2120661Z     {
2026-10-10T00:13:56.2121069Z       "name": "One-day forward shift preserves every original gap and every target",
2026-10-10T00:13:56.2121510Z       "status": "pass"
2026-10-10T00:13:56.2121740Z     },
2026-10-10T00:13:56.2121911Z     {
2026-10-10T00:13:56.2122237Z       "name": "Later selected session shifts only its future tail",
2026-10-10T00:13:56.2122592Z       "status": "pass"
2026-10-10T00:13:56.2122818Z     },
2026-10-10T00:13:56.2123018Z     {
2026-10-10T00:13:56.2123570Z       "name": "Fixed event anywhere in cascade blocks all mutation",
2026-10-10T00:13:56.2123932Z       "status": "pass"
2026-10-10T00:13:56.2124136Z     },
2026-10-10T00:13:56.2124341Z     {
2026-10-10T00:13:56.2124706Z       "name": "An added commitment makes an existing date proposal stale",
2026-10-10T00:13:56.2125088Z       "status": "pass"
2026-10-10T00:13:56.2125341Z     },
2026-10-10T00:13:56.2125516Z     {
2026-10-10T00:13:56.2125839Z       "name": "Active target cannot queue or move offline",
2026-10-10T00:13:56.2126242Z       "status": "pass"
2026-10-10T00:13:56.2126484Z     },
2026-10-10T00:13:56.2126714Z     {
2026-10-10T00:13:56.2127186Z       "name": "Valid offline acceptance queues without changes; reconnect revalidates",
2026-10-10T00:13:56.2127691Z       "status": "pass"
2026-10-10T00:13:56.2127945Z     },
2026-10-10T00:13:56.2128159Z     {
2026-10-10T00:13:56.2128449Z       "name": "Accepted changes cannot apply twice",
2026-10-10T00:13:56.2128766Z       "status": "pass"
2026-10-10T00:13:56.2128991Z     },
2026-10-10T00:13:56.2129187Z     {
2026-10-10T00:13:56.2129521Z       "name": "Backward cascade cannot remove recovery or reverse order",
2026-10-10T00:13:56.2129897Z       "status": "pass"
2026-10-10T00:13:56.2130120Z     },
2026-10-10T00:13:56.2130309Z     {
2026-10-10T00:13:56.2130634Z       "name": "Whole block extension is disclosed; no session dropped",
2026-10-10T00:13:56.2130999Z       "status": "pass"
2026-10-10T00:13:56.2131218Z     },
2026-10-10T00:13:56.2131391Z     {
2026-10-10T00:13:56.2131775Z       "name": "Coach manual date changes remain possible without dose adaptation",
2026-10-10T00:13:56.2132169Z       "status": "pass"
2026-10-10T00:13:56.2132383Z     },
2026-10-10T00:13:56.2132551Z     {
2026-10-10T00:13:56.2132940Z       "name": "Exercise history retains partial sets, exact IDs and date ordering",
2026-10-10T00:13:56.2133552Z       "status": "pass"
2026-10-10T00:13:56.2133780Z     },
2026-10-10T00:13:56.2133972Z     {
2026-10-10T00:13:56.2134355Z       "name": "One comparable exposure suggests repeat load, never automatic increase",
2026-10-10T00:13:56.2134764Z       "status": "pass"
2026-10-10T00:13:56.2134979Z     },
2026-10-10T00:13:56.2135166Z     {
2026-10-10T00:13:56.2135555Z       "name": "Two top-of-range exposures can propose an available small load increase",
2026-10-10T00:13:56.2135960Z       "status": "pass"
2026-10-10T00:13:56.2136174Z     },
2026-10-10T00:13:56.2136366Z     {
2026-10-10T00:13:56.2136767Z       "name": "Unknown effort, unknown symptoms and changed rep range do not unlock increase",
2026-10-10T00:13:56.2137221Z       "status": "pass"
2026-10-10T00:13:56.2137419Z     },
2026-10-10T00:13:56.2137606Z     {
2026-10-10T00:13:56.2137964Z       "name": "Oversized equipment jumps remain unavailable instead of rounding",
2026-10-10T00:13:56.2138372Z       "status": "pass"
2026-10-10T00:13:56.2138570Z     },
2026-10-10T00:13:56.2138950Z     {
2026-10-10T00:13:56.2139382Z       "name": "Missing loads, partial work, hard feedback and stale history require recalibration",
2026-10-10T00:13:56.2139850Z       "status": "pass"
2026-10-10T00:13:56.2140069Z     },
2026-10-10T00:13:56.2140259Z     {
2026-10-10T00:13:56.2140597Z       "name": "A different machine/setup cannot inherit the previous load",
2026-10-10T00:13:56.2141121Z       "status": "pass"
2026-10-10T00:13:56.2141343Z     },
2026-10-10T00:13:56.2141533Z     {
2026-10-10T00:13:56.2141875Z       "name": "Youth and symptom holds cannot produce automatic adult loads",
2026-10-10T00:13:56.2142251Z       "status": "pass"
2026-10-10T00:13:56.2142467Z     },
2026-10-10T00:13:56.2142660Z     {
2026-10-10T00:13:56.2143014Z       "name": "Legacy rep targets remain unchanged until explicit range approval",
2026-10-10T00:13:56.2143618Z       "status": "pass"
2026-10-10T00:13:56.2143835Z     },
2026-10-10T00:13:56.2144011Z     {
2026-10-10T00:13:56.2144378Z       "name": "Skipping can be restored and invalidates existing proposals",
2026-10-10T00:13:56.2144761Z       "status": "pass"
2026-10-10T00:13:56.2144979Z     },
2026-10-10T00:13:56.2145163Z     {
2026-10-10T00:13:56.2145496Z       "name": "Malformed import remains rejected; authority fields stripped",
2026-10-10T00:13:56.2145867Z       "status": "pass"
2026-10-10T00:13:56.2146091Z     },
2026-10-10T00:13:56.2146290Z     {
2026-10-10T00:13:56.2146619Z       "name": "Strength accessory rep ranges stay stable across the block",
2026-10-10T00:13:56.2146998Z       "status": "pass"
2026-10-10T00:13:56.2147195Z     },
2026-10-10T00:13:56.2147383Z     {
2026-10-10T00:13:56.2147684Z       "name": "Load commit rejects a changed equipment increment",
2026-10-10T00:13:56.2148047Z       "status": "pass"
2026-10-10T00:13:56.2148244Z     },
2026-10-10T00:13:56.2148434Z     {
2026-10-10T00:13:56.2148749Z       "name": "An overdue active workout uses today for recovery checks",
2026-10-10T00:13:56.2149124Z       "status": "pass"
2026-10-10T00:13:56.2149327Z     },
2026-10-10T00:13:56.2149521Z     {
2026-10-10T00:13:56.2149914Z       "name": "Resolved proposals are capped at 50 and every open proposal is kept",
2026-10-10T00:13:56.2150352Z       "status": "pass"
2026-10-10T00:13:56.2150571Z     }
2026-10-10T00:13:56.2150760Z   ]
2026-10-10T00:13:56.2150935Z }
2026-10-10T00:13:56.2232516Z Checking check-transactional-browser-vault.cjs
2026-10-10T00:13:56.9379946Z PASS First save commits non-extractable key and ciphertext together, then notifies
2026-10-10T00:13:56.9423079Z PASS Legacy plaintext imports, verifies, cleans up and reopens without reimport
2026-10-10T00:13:56.9459527Z PASS Legacy encrypted records retain their key and exact ciphertext during import
2026-10-10T00:13:56.9517021Z PASS Legacy restore interruption: before journal
2026-10-10T00:13:56.9559515Z PASS Legacy restore interruption: after journal
2026-10-10T00:13:56.9594066Z PASS Legacy restore interruption: after ciphertext
2026-10-10T00:13:56.9627727Z PASS Legacy restore interruption: after obsolete cleanup
2026-10-10T00:13:56.9656267Z PASS Legacy restore interruption: before key commit
2026-10-10T00:13:56.9682229Z PASS Legacy restore interruption: after key and journal commit
2026-10-10T00:13:56.9736353Z PASS Pending legacy cleanup permits reads, refuses writes and imports after retry
2026-10-10T00:13:56.9785364Z PASS Lost legacy/current keys preserve raw exports and require explicit replacement
2026-10-10T00:13:56.9821446Z PASS Unreadable encrypted setup is retained without preventing valid main reads and saves
2026-10-10T00:13:56.9846191Z PASS Malformed sealed legacy setup never blocks valid main profile recovery
2026-10-10T00:13:56.9891680Z PASS Stale tab edits and restores refuse conflicts while refreshed tabs use the current key
2026-10-10T00:13:56.9923791Z PASS In-flight write conflicts with a replacement committed during encryption
2026-10-10T00:13:56.9954769Z PASS In-flight replace conflicts with a replacement committed during encryption
2026-10-10T00:13:56.9983919Z PASS First-key quota abort leaves no partial record or orphaned key and sends no save notice
2026-10-10T00:13:57.0024578Z PASS Abort after request success and restore quota preserve the current profile
2026-10-10T00:13:57.0048094Z PASS Failed migration preserves every legacy source and remains retryable
2026-10-10T00:13:57.0091507Z PASS Discard/reset tombstones prevent resurrection when legacy cleanup is denied
2026-10-10T00:13:57.0121996Z PASS Migrated IndexedDB reads, replacement and reset work with all legacy access denied
2026-10-10T00:13:57.4247575Z PASS Large ciphertext exceeding five million characters saves and reopens exactly
2026-10-10T00:13:57.4425118Z PASS Without Web Locks existing reads/exports work and all mutations refuse before saving
2026-10-10T00:13:57.4437647Z PASS Notification failure does not undo a committed readable save
2026-10-10T00:13:57.4438709Z PASS transactional browser vault: 24 scenarios, 163 checks (actual transpiled app, fake-indexeddb, real WebCrypto)
2026-10-10T00:13:57.4678931Z Checking check-transfer.cjs
2026-10-10T00:13:58.2158433Z   Argon2id round trip took 0.24 s in Node. Phone timing is not measured.
2026-10-10T00:14:00.1439961Z PASS transfer files: 62 checks
2026-10-10T00:14:00.1554323Z Checking check-workout-coaching-runtime.cjs
2026-10-10T00:14:00.9754156Z PASS local workout coaching runtime: 102 assertions; synthetic protocol/timers only, no GPU inference or weights download.
2026-10-10T00:14:00.9931248Z Checking check-workout-coaching-store.cjs
2026-10-10T00:14:01.7697801Z PASS First result commits ciphertext and a non-extractable key before readiness
2026-10-10T00:14:01.8147416Z PASS Only newest twelve distinct contexts survive and stale same-context results are refused
2026-10-10T00:14:01.8189145Z PASS Strict metadata and selector schemas reject prompts, duplicate identities and mismatched replies
2026-10-10T00:14:01.8238085Z PASS A stale tab cannot save or clear results written by another tab
2026-10-10T00:14:01.8292343Z PASS Actual IndexedDB CAS catches a competing write while encryption is paused
2026-10-10T00:14:01.8349522Z PASS Aborted ciphertext transaction rolls back the first key and preserves existing data
2026-10-10T00:14:01.8457810Z PASS Missing, replaced and damaged keys or ciphertext fail closed without overwriting
2026-10-10T00:14:01.8810063Z PASS Authenticated corrupt manifests remain preserved until an explicit exact-CAS clear
2026-10-10T00:14:01.8840082Z PASS Caller mutation during encryption cannot alter the validated saved record
2026-10-10T00:14:01.8889321Z PASS Default-owned coaching slot is retired by actual profile replacement and reset
2026-10-10T00:14:01.8891506Z PASS Unavailable encrypted storage never reports a ready result
2026-10-10T00:14:01.8908476Z PASS An unlocked plaintext legacy slot is not presented as an encrypted saved result
2026-10-10T00:14:01.8909865Z {"passed":true,"scenarios":12,"checks":95,"scope":"Actual transpiled coaching store and transactional browser vault with fake-indexeddb and real WebCrypto. No mocked application storage, browser UI/GPU, physical-device or inference claim."}
2026-10-10T00:14:01.9107415Z Checking check-workout-coaching-ui.cjs
2026-10-10T00:14:03.0223498Z PASS Mount is read-only and both retained actions require explicit consent
2026-10-10T00:14:03.2234890Z PASS Local consent is saved before a manual request and duplicate presses accept one local operation
2026-10-10T00:14:03.3989964Z PASS No request runs before local workout persistence, even from a retained callback
2026-10-10T00:14:04.0127775Z PASS Youth, concerns, training holds and unavailable owning plans cannot reach either runtime
2026-10-10T00:14:04.4646057Z PASS Unqualified automatic choice, model off and unsupported GPU prevent local inference
2026-10-10T00:14:04.6094569Z PASS Denied preference writes cannot grant local consent or automatic execution
2026-10-10T00:14:04.9180408Z PASS Automatic coaching consumes one saved event and never repeats its nonce after remount
2026-10-10T00:14:05.0608247Z PASS Wrong or unsaved automatic event cannot run and saving the matching event enables one run
2026-10-10T00:14:05.2101397Z PASS Queued automatic callback cannot switch its event onto a changed workout context
2026-10-10T00:14:05.3575792Z PASS Local selector remains withheld until its encrypted store save resolves
2026-10-10T00:14:05.5032852Z PASS Failed local result persistence reports an error without displaying generated selection
2026-10-10T00:14:05.9455726Z PASS Model selectors cannot invent observations, prose or another workout identity
2026-10-10T00:14:06.2561205Z PASS Off and consent revocation during a pending store read prevent result persistence
2026-10-10T00:14:06.4149697Z PASS Backgrounding stops local work and refuses late result persistence before commit
2026-10-10T00:14:06.5630260Z PASS Rapid remote consented presses launch one cancellable request
2026-10-10T00:14:07.3110759Z PASS Cloud consent is bound to the exact workout, lift, profile and history context, including retained callbacks
2026-10-10T00:14:07.4560043Z PASS An accepted cloud request consumes its consent and another manual request needs a fresh checkbox
2026-10-10T00:14:07.6120936Z PASS Remote completion is withheld until the local encrypted result copy is committed
2026-10-10T00:14:08.1940107Z PASS Context changes, unsaved edits, model off and background abort remote requests and ignore late responses
2026-10-10T00:14:08.3315835Z PASS Unmount blocks retained remote callbacks and suppresses late worker or transport completion
2026-10-10T00:14:08.4720720Z PASS Cached selectors display only for their exact context and review actions require current ownership
2026-10-10T00:14:08.6124840Z PASS Remote failures preserve deterministic facts and cannot overwrite local cached selectors
2026-10-10T00:14:08.7521467Z PASS Retained preference callbacks cannot reinstate consent after a rapid opt-out
2026-10-10T00:14:08.9012544Z PASS Existing exact cached selection prevents automatic inference for the same saved event
2026-10-10T00:14:09.0422071Z PASS Deleting model files invalidates a pending result before its local store write
2026-10-10T00:14:09.1894694Z PASS Local startup errors release the operation and allow an explicit retry
2026-10-10T00:14:09.3420008Z PASS Changing selected model fences its old pending selector even when facts are identical
2026-10-10T00:14:09.4940060Z PASS Hidden retained actions cannot start local or remote work
2026-10-10T00:14:09.6408413Z PASS Private name and notes edits preserve the same minimized context and do not restart local work
2026-10-10T00:14:09.6409887Z PASS workout coaching UI: 29/29 scenarios, 168 assertions (actual compiled component callbacks and real coaching projection/digest/reply contracts; mocked runtime/store/transport/hooks, no browser GPU, inference, backend deployment or device claim).
2026-10-10T00:14:09.6889049Z Checking check-workout-coaching-worker-policy.cjs
2026-10-10T00:14:10.0251461Z PASS coaching worker policy and larger download pins: 745 assertions; mocked headers/controller/network only.
2026-10-10T00:14:10.0355167Z Checking check-workout-coaching.cjs
2026-10-10T00:14:10.6686107Z PASS specific performance, profile and comparable records
2026-10-10T00:14:10.6795858Z PASS mixed, zero and missing load plus missing effort stay factual
2026-10-10T00:14:10.6836086Z PASS privacy: no names, free notes, custom prompts or setup labels
2026-10-10T00:14:10.6898877Z PASS comparison requires target, setup and chronology
2026-10-10T00:14:10.6958531Z PASS 28-day attendance preserves historical rest, partial, skipped and unknown
2026-10-10T00:14:10.6974240Z PASS lift requires complete saved exercise group; active is not attendance credit
2026-10-10T00:14:10.7044354Z PASS adult, symptom and hold eligibility is fail closed
2026-10-10T00:14:10.7103071Z PASS review choices come from current progression engine and remain previews
2026-10-10T00:14:10.7326817Z PASS strict bounded selection reply and trusted display
2026-10-10T00:14:10.7365759Z BUDGET strength: 24 latest sets, 18 prior summaries, 11353 bytes
2026-10-10T00:14:10.7495098Z BUDGET hypertrophy: 32 latest sets, 10 prior summaries, 11974 bytes
2026-10-10T00:14:10.7556587Z BUDGET hybrid: 32 latest sets, 10 prior summaries, 11974 bytes
2026-10-10T00:14:10.7557388Z PASS normal six/eight-exercise four-set workouts fit with comparable history
2026-10-10T00:14:10.7811668Z PASS stale plan, event, safety, target, evidence and lift edits rejected
2026-10-10T00:14:10.7931270Z PASS immutable deterministic context, DST dates and explicit bounds
2026-10-10T00:14:10.7932205Z PASS workout coaching: 12 groups / 160 assertions
2026-10-10T00:14:10.8077402Z Checking check-workout-edit.cjs
2026-10-10T00:14:11.6394266Z PASS saved workout edits: explicit/stale partial consent, staged isolation, CAS/replay refusal, identity preservation, schema/metric bounds, partial-to-complete status, archived plans, proposal invalidation and independent active/timer preservation.
2026-10-10T00:14:11.6730171Z Checking check-workout-navigation.cjs
2026-10-10T00:14:12.2873267Z PASS workout navigation: overview, forward/remaining/complete paths, missing sets, completion signatures, archived/legacy targets and immutable input.
2026-10-10T00:14:12.3032088Z Checking check-workout-review.cjs
2026-10-10T00:14:12.8568347Z PASS workout review gate: 25 checks
2026-10-10T00:14:12.8834801Z Checking check-workout-science.cjs
2026-10-10T00:14:13.4516959Z PASS HY5 weekday orientation keeps the full block and discloses the delayed first role
2026-10-10T00:14:13.4546577Z PASS Every start weekday preserves HY5 roles, counts and comparable recovery
2026-10-10T00:14:13.4594198Z PASS Commitments preserve all HY5 work and prerequisites without occupying protected dates
2026-10-10T00:14:13.4644001Z PASS Original PLSL3 A/B roles roll across weeks with their actual prior-role prerequisites
2026-10-10T00:14:13.4645134Z PASS Named StrongLifts stays manual with exact base work and continuous A/B
2026-10-10T00:14:13.4980479Z PASS All 75 original paths preserve complete blocks and resolve scoped evidence
2026-10-10T00:14:13.5055958Z PASS All 20 named references remain source/user owned, including 12 empty calendars
2026-10-10T00:14:13.5145682Z PASS Youth current and catalog paths inherit youth guidance without adult goal efficacy cards
2026-10-10T00:14:13.5153358Z PASS Healthy older adult strength has older-function context; source scope excludes clinical validation
2026-10-10T00:14:13.5184156Z PASS App running intervals and base runs do not inherit NHS or adult resistance efficacy citations
2026-10-10T00:14:13.5197608Z PASS Empty generic coach/manual tracking carries no app-prescription efficacy evidence
2026-10-10T00:14:13.5209996Z PASS Activity overlay rejects the demonstrated final canonical over-window draft
2026-10-10T00:14:13.5237302Z PASS Selected focus citations and URL notes follow the actual adult/youth add-ons
2026-10-10T00:14:13.5325651Z PASS First-time equal-fit ranking prefers a smaller feasible foundation without hiding longer choices
2026-10-10T00:14:13.5336242Z PASS Adult phase increase stays explicitly preaccepted, rather than silently changing the history gate
2026-10-10T00:14:13.5355822Z PASS Legacy AT01-AT04 remain executable and recipe aliases/policy drift are explicit
2026-10-10T00:14:13.5356930Z 16 workout-science regression groups passed
2026-10-10T00:14:13.5507639Z 77/77 check suites passed.
2026-10-10T00:14:13.6263398Z test_alias_resource_refused (__main__.Fixtures.test_alias_resource_refused) ... ok
2026-10-10T00:14:13.6279429Z test_alternate_os_rules_refused (__main__.Fixtures.test_alternate_os_rules_refused) ... ok
2026-10-10T00:14:13.6299189Z test_android_numeric_links_read_rules_and_hashes (__main__.Fixtures.test_android_numeric_links_read_rules_and_hashes) ... ok
2026-10-10T00:14:13.6317628Z test_backup_includes_refused_even_with_all_exclusions (__main__.Fixtures.test_backup_includes_refused_even_with_all_exclusions) ... ok
2026-10-10T00:14:13.6332701Z test_backup_unreviewed_attribute_refused (__main__.Fixtures.test_backup_unreviewed_attribute_refused) ... ok
2026-10-10T00:14:13.6356198Z test_boot_permission_absent_or_expired_refused (__main__.Fixtures.test_boot_permission_absent_or_expired_refused) ... ok
2026-10-10T00:14:13.6379747Z test_boot_permission_sdk_coverage_and_variant_accepted (__main__.Fixtures.test_boot_permission_sdk_coverage_and_variant_accepted) ... ok
2026-10-10T00:14:13.7491772Z test_cli_requires_all_decoded_android_inputs (__main__.Fixtures.test_cli_requires_all_decoded_android_inputs) ... ok
2026-10-10T00:14:13.9012051Z test_cli_success_and_poison_failure (__main__.Fixtures.test_cli_success_and_poison_failure) ... ok
2026-10-10T00:14:13.9031356Z test_cloud_section_is_required (__main__.Fixtures.test_cloud_section_is_required) ... ok
2026-10-10T00:14:13.9046769Z test_debuggable_release_refused (__main__.Fixtures.test_debuggable_release_refused) ... ok
2026-10-10T00:14:13.9067741Z test_decimal_and_hex_reference_forms (__main__.Fixtures.test_decimal_and_hex_reference_forms) ... ok
2026-10-10T00:14:13.9094346Z test_direct_documents_exposure_false_accepted (__main__.Fixtures.test_direct_documents_exposure_false_accepted) ... ok
2026-10-10T00:14:13.9156851Z test_direct_documents_exposure_malformed_flags_refused (__main__.Fixtures.test_direct_documents_exposure_malformed_flags_refused) ... ok
2026-10-10T00:14:13.9178455Z test_direct_documents_exposure_true_refused (__main__.Fixtures.test_direct_documents_exposure_true_refused) ... ok
2026-10-10T00:14:13.9198703Z test_disabled_or_unresolved_application_refused (__main__.Fixtures.test_disabled_or_unresolved_application_refused) ... ok
2026-10-10T00:14:13.9217082Z test_domain_forward_secrecy_downgrade_refused (__main__.Fixtures.test_domain_forward_secrecy_downgrade_refused) ... ok
2026-10-10T00:14:13.9244698Z test_domain_insecure_http_aliases_refused (__main__.Fixtures.test_domain_insecure_http_aliases_refused) ... ok
2026-10-10T00:14:13.9261567Z test_domain_tls_downgrade_refused (__main__.Fixtures.test_domain_tls_downgrade_refused) ... ok
2026-10-10T00:14:13.9276494Z test_duplicate_application_refused (__main__.Fixtures.test_duplicate_application_refused) ... ok
2026-10-10T00:14:13.9293005Z test_duplicate_extraction_section_refused (__main__.Fixtures.test_duplicate_extraction_section_refused) ... ok
2026-10-10T00:14:13.9309468Z test_duplicate_or_unknown_domain_refused (__main__.Fixtures.test_duplicate_or_unknown_domain_refused) ... ok
2026-10-10T00:14:13.9325372Z test_duplicate_startup_initializer_refused (__main__.Fixtures.test_duplicate_startup_initializer_refused) ... ok
2026-10-10T00:14:13.9354411Z test_each_required_reminder_action_absent_refused (__main__.Fixtures.test_each_required_reminder_action_absent_refused) ... ok
2026-10-10T00:14:13.9371826Z test_expired_required_permission_refused (__main__.Fixtures.test_expired_required_permission_refused) ... ok
2026-10-10T00:14:13.9390208Z test_explicitly_enabled_application_accepted (__main__.Fixtures.test_explicitly_enabled_application_accepted) ... ok
2026-10-10T00:14:13.9405191Z test_exported_file_provider_refused (__main__.Fixtures.test_exported_file_provider_refused) ... ok
2026-10-10T00:14:13.9420213Z test_flag_disabled_variant_refused (__main__.Fixtures.test_flag_disabled_variant_refused) ... ok
2026-10-10T00:14:13.9449798Z test_global_arbitrary_transport_flags_refused (__main__.Fixtures.test_global_arbitrary_transport_flags_refused) ... ok
2026-10-10T00:14:13.9871379Z test_ios_cli_success (__main__.Fixtures.test_ios_cli_success) ... ok
2026-10-10T00:14:13.9894696Z test_ios_real_binary_plists_truthful_scope (__main__.Fixtures.test_ios_real_binary_plists_truthful_scope) ... ok
2026-10-10T00:14:13.9912978Z test_launcher_data_restriction_or_duplicate_entry_refused (__main__.Fixtures.test_launcher_data_restriction_or_duplicate_entry_refused) ... ok
2026-10-10T00:14:13.9927605Z test_launcher_duplicate_filter_refused (__main__.Fixtures.test_launcher_duplicate_filter_refused) ... ok
2026-10-10T00:14:13.9948743Z test_launcher_incomplete_or_split_intents_refused (__main__.Fixtures.test_launcher_incomplete_or_split_intents_refused) ... ok
2026-10-10T00:14:13.9966055Z test_malformed_boolean_transport_flag_refused (__main__.Fixtures.test_malformed_boolean_transport_flag_refused) ... ok
2026-10-10T00:14:13.9993845Z test_malformed_domain_config_refused (__main__.Fixtures.test_malformed_domain_config_refused) ... ok
2026-10-10T00:14:14.0011743Z test_malformed_permission_name_refused (__main__.Fixtures.test_malformed_permission_name_refused) ... ok
2026-10-10T00:14:14.0049683Z test_malformed_privacy_shapes_refused (__main__.Fixtures.test_malformed_privacy_shapes_refused) ... ok
2026-10-10T00:14:14.0081137Z test_malformed_reason_rows_refused (__main__.Fixtures.test_malformed_reason_rows_refused) ... ok
2026-10-10T00:14:14.0096837Z test_malformed_resource_row (__main__.Fixtures.test_malformed_resource_row) ... ok
2026-10-10T00:14:14.0123694Z test_malformed_transport_shapes_refused (__main__.Fixtures.test_malformed_transport_shapes_refused) ... ok
2026-10-10T00:14:14.0139650Z test_malformed_xml_is_not_success (__main__.Fixtures.test_malformed_xml_is_not_success) ... ok
2026-10-10T00:14:14.0154914Z test_mismatched_payload_path (__main__.Fixtures.test_mismatched_payload_path) ... ok
2026-10-10T00:14:14.0170872Z test_missing_link_is_refused (__main__.Fixtures.test_missing_link_is_refused) ... ok
2026-10-10T00:14:14.0189352Z test_missing_required_reason_refused (__main__.Fixtures.test_missing_required_reason_refused) ... ok
2026-10-10T00:14:14.0204463Z test_missing_resource_payload (__main__.Fixtures.test_missing_resource_payload) ... ok
2026-10-10T00:14:14.0223034Z test_multiple_or_missing_reminder_filters_refused (__main__.Fixtures.test_multiple_or_missing_reminder_filters_refused) ... ok
2026-10-10T00:14:14.0242800Z test_named_and_package_qualified_links (__main__.Fixtures.test_named_and_package_qualified_links) ... ok
2026-10-10T00:14:14.0258670Z test_narrowed_exclusion_refused (__main__.Fixtures.test_narrowed_exclusion_refused) ... ok
2026-10-10T00:14:14.0276209Z test_nested_include_refused (__main__.Fixtures.test_nested_include_refused) ... ok
2026-10-10T00:14:14.0291796Z test_notification_forwarder_intent_filter_refused (__main__.Fixtures.test_notification_forwarder_intent_filter_refused) ... ok
2026-10-10T00:14:14.0307037Z test_optimized_path_traversal_refused (__main__.Fixtures.test_optimized_path_traversal_refused) ... ok
2026-10-10T00:14:14.0326628Z test_optimized_resource_paths (__main__.Fixtures.test_optimized_resource_paths) ... ok
2026-10-10T00:14:14.0348519Z test_optional_startup_provider_or_initializer_absence_accepted (__main__.Fixtures.test_optional_startup_provider_or_initializer_absence_accepted) ... ok
2026-10-10T00:14:14.0365890Z test_package_qualified_aapt_rows (__main__.Fixtures.test_package_qualified_aapt_rows) ... ok
2026-10-10T00:14:14.0383312Z test_poisoned_device_transfer_missing_domain (__main__.Fixtures.test_poisoned_device_transfer_missing_domain) ... ok
2026-10-10T00:14:14.0399097Z test_poisoned_legacy_backup_missing_domain (__main__.Fixtures.test_poisoned_legacy_backup_missing_domain) ... ok
2026-10-10T00:14:14.0420758Z test_privacy_root_not_dictionary_refused (__main__.Fixtures.test_privacy_root_not_dictionary_refused) ... ok
2026-10-10T00:14:14.0436151Z test_profile_receiver_without_system_permission_refused (__main__.Fixtures.test_profile_receiver_without_system_permission_refused) ... ok
2026-10-10T00:14:14.0453808Z test_profile_system_tool_receiver_accepted (__main__.Fixtures.test_profile_system_tool_receiver_accepted) ... ok
2026-10-10T00:14:14.0471160Z test_release_bonjour_declaration_refused (__main__.Fixtures.test_release_bonjour_declaration_refused) ... ok
2026-10-10T00:14:14.0499320Z test_reminder_restricting_or_unreviewed_intent_entries_refused (__main__.Fixtures.test_reminder_restricting_or_unreviewed_intent_entries_refused) ... ok
2026-10-10T00:14:14.0514210Z test_remote_auto_init_enabled_refused (__main__.Fixtures.test_remote_auto_init_enabled_refused) ... ok
2026-10-10T00:14:14.0529068Z test_remote_collection_enabled_refused (__main__.Fixtures.test_remote_collection_enabled_refused) ... ok
2026-10-10T00:14:14.0543992Z test_remote_init_declaration_missing_refused (__main__.Fixtures.test_remote_init_declaration_missing_refused) ... ok
2026-10-10T00:14:14.0568895Z test_remote_sdk_components_refused (__main__.Fixtures.test_remote_sdk_components_refused) ... ok
2026-10-10T00:14:14.0586663Z test_required_components_default_enabled_accepted (__main__.Fixtures.test_required_components_default_enabled_accepted) ... ok
2026-10-10T00:14:14.0625432Z test_required_components_disabled_or_unresolved_refused (__main__.Fixtures.test_required_components_disabled_or_unresolved_refused) ... ok
2026-10-10T00:14:14.0645884Z test_required_launcher_and_reminder_components_absent_refused (__main__.Fixtures.test_required_launcher_and_reminder_components_absent_refused) ... ok
2026-10-10T00:14:14.0661039Z test_resource_identity_collision (__main__.Fixtures.test_resource_identity_collision) ... ok
2026-10-10T00:14:14.0679144Z test_reviewed_startup_initializers_accepted (__main__.Fixtures.test_reviewed_startup_initializers_accepted) ... ok
2026-10-10T00:14:14.0696920Z test_root_tracking_refused (__main__.Fixtures.test_root_tracking_refused) ... ok
2026-10-10T00:14:14.0715249Z test_sdk23_permission_tag_supported_above_minimum_os (__main__.Fixtures.test_sdk23_permission_tag_supported_above_minimum_os) ... ok
2026-10-10T00:14:14.0758722Z test_sdk_tracking_and_collection_refused (__main__.Fixtures.test_sdk_tracking_and_collection_refused) ... ok
2026-10-10T00:14:14.0784523Z test_secure_domain_exception_and_xml_sdk_accepted (__main__.Fixtures.test_secure_domain_exception_and_xml_sdk_accepted) ... ok
2026-10-10T00:14:14.0802579Z test_shared_rule_path_refused (__main__.Fixtures.test_shared_rule_path_refused) ... ok
2026-10-10T00:14:14.0821624Z test_startup_unexpected_or_nested_child_refused (__main__.Fixtures.test_startup_unexpected_or_nested_child_refused) ... ok
2026-10-10T00:14:14.0846473Z test_startup_unknown_or_indirected_initializer_refused (__main__.Fixtures.test_startup_unknown_or_indirected_initializer_refused) ... ok
2026-10-10T00:14:14.0861637Z test_startup_wrong_authority_refused (__main__.Fixtures.test_startup_wrong_authority_refused) ... ok
2026-10-10T00:14:14.0877785Z test_table_wrong_package (__main__.Fixtures.test_table_wrong_package) ... ok
2026-10-10T00:14:14.0895218Z test_unexpected_permission_refused (__main__.Fixtures.test_unexpected_permission_refused) ... ok
2026-10-10T00:14:14.0924478Z test_unimplemented_faceid_declaration_refused_including_empty (__main__.Fixtures.test_unimplemented_faceid_declaration_refused_including_empty) ... ok
2026-10-10T00:14:14.0942519Z test_unknown_permission_tag_cannot_satisfy_required_permission (__main__.Fixtures.test_unknown_permission_tag_cannot_satisfy_required_permission) ... ok
2026-10-10T00:14:14.0959674Z test_unknown_transport_key_refused (__main__.Fixtures.test_unknown_transport_key_refused) ... ok
2026-10-10T00:14:14.0978246Z test_unrelated_launcher_deep_link_filter_accepted (__main__.Fixtures.test_unrelated_launcher_deep_link_filter_accepted) ... ok
2026-10-10T00:14:14.0993363Z test_unreviewed_exported_component_refused (__main__.Fixtures.test_unreviewed_exported_component_refused) ... ok
2026-10-10T00:14:14.1008256Z test_unreviewed_network_config_cannot_override_denial (__main__.Fixtures.test_unreviewed_network_config_cannot_override_denial) ... ok
2026-10-10T00:14:14.1024561Z test_wrong_manifest_resource_id (__main__.Fixtures.test_wrong_manifest_resource_id) ... ok
2026-10-10T00:14:14.1040291Z test_wrong_named_link (__main__.Fixtures.test_wrong_named_link) ... ok
2026-10-10T00:14:14.1056139Z test_xml_entity_declaration_refused (__main__.Fixtures.test_xml_entity_declaration_refused) ... ok
2026-10-10T00:14:14.1056790Z 
2026-10-10T00:14:14.1057142Z ----------------------------------------------------------------------
2026-10-10T00:14:14.1057725Z Ran 90 tests in 0.482s
2026-10-10T00:14:14.1057933Z 
2026-10-10T00:14:14.1058041Z OK
2026-10-10T00:14:14.1928254Z .........
2026-10-10T00:14:14.1928852Z ----------------------------------------------------------------------
2026-10-10T00:14:14.1929409Z Ran 9 tests in 0.012s
2026-10-10T00:14:14.1929610Z 
2026-10-10T00:14:14.1929727Z OK
2026-10-10T00:14:14.3999782Z test_canonical_shared_module_and_public_snapshot_data_compile (__main__.Histories.test_canonical_shared_module_and_public_snapshot_data_compile) ... ok
2026-10-10T00:14:14.5038522Z test_cli_writes_only_boolean_output_and_json_receipt (__main__.Histories.test_cli_writes_only_boolean_output_and_json_receipt) ... ok
2026-10-10T00:14:14.5413366Z test_deleting_native_source_compiles (__main__.Histories.test_deleting_native_source_compiles) ... ok
2026-10-10T00:14:14.5804172Z test_documentation_rename_and_delete_skip (__main__.Histories.test_documentation_rename_and_delete_skip) ... ok
2026-10-10T00:14:14.6081851Z test_empty_tree_update_skips (__main__.Histories.test_empty_tree_update_skips) ... ok
2026-10-10T00:14:14.6404040Z test_exact_checkout_mismatch_compiles (__main__.Histories.test_exact_checkout_mismatch_compiles) ... ok
2026-10-10T00:14:14.6966754Z test_failed_or_incomplete_diff_cannot_skip (__main__.Histories.test_failed_or_incomplete_diff_cannot_skip) ... ok
2026-10-10T00:14:14.7451433Z test_force_push_removing_native_change_compiles (__main__.Histories.test_force_push_removing_native_change_compiles) ... ok
2026-10-10T00:14:14.7929171Z test_force_push_unchanged_native_tree_skips (__main__.Histories.test_force_push_unchanged_native_tree_skips) ... ok
2026-10-10T00:14:15.0161844Z test_inspection_and_gate_policy_changes_compile (__main__.Histories.test_inspection_and_gate_policy_changes_compile) ... ok
2026-10-10T00:14:15.0608605Z test_invalid_sha_or_mismatched_after_compile (__main__.Histories.test_invalid_sha_or_mismatched_after_compile) ... ok
2026-10-10T00:14:15.0981913Z test_invalid_utf8_native_path_is_detected_and_receipt_safe (__main__.Histories.test_invalid_utf8_native_path_is_detected_and_receipt_safe) ... ok
2026-10-10T00:14:15.1277318Z test_missing_event_structure_and_range_fields_compile (__main__.Histories.test_missing_event_structure_and_range_fields_compile) ... ok
2026-10-10T00:14:15.1477945Z test_missing_repository_compiles (__main__.Histories.test_missing_repository_compiles) ... ok
2026-10-10T00:14:15.1859836Z test_mobile_copied_docs_and_top_level_markdown_skip (__main__.Histories.test_mobile_copied_docs_and_top_level_markdown_skip) ... ok
2026-10-10T00:14:15.5851137Z test_more_than_3000_paths_do_not_hide_last_native_input (__main__.Histories.test_more_than_3000_paths_do_not_hide_last_native_input) ... ok
2026-10-10T00:14:15.6252748Z test_moving_documentation_into_native_source_compiles (__main__.Histories.test_moving_documentation_into_native_source_compiles) ... ok
2026-10-10T00:14:15.6645457Z test_moving_native_source_outside_mobile_compiles (__main__.Histories.test_moving_native_source_outside_mobile_compiles) ... ok
2026-10-10T00:14:15.7115672Z test_multi_commit_update_sees_native_change_before_final_docs_commit (__main__.Histories.test_multi_commit_update_sees_native_change_before_final_docs_commit) ... ok
2026-10-10T00:14:15.7584380Z test_native_change_reverted_in_same_update_is_input_unchanged (__main__.Histories.test_native_change_reverted_in_same_update_is_input_unchanged) ... ok
2026-10-10T00:14:15.7951489Z test_native_file_mode_change_compiles (__main__.Histories.test_native_file_mode_change_compiles) ... ok
2026-10-10T00:14:15.8178993Z test_open_reopen_and_manual_always_compile_without_range (__main__.Histories.test_open_reopen_and_manual_always_compile_without_range) ... ok
2026-10-10T00:14:15.9193585Z test_source_lock_plugin_and_nested_markdown_compile (__main__.Histories.test_source_lock_plugin_and_nested_markdown_compile) ... ok
2026-10-10T00:14:15.9549676Z test_unknown_before_or_blob_before_compiles (__main__.Histories.test_unknown_before_or_blob_before_compiles) ... ok
2026-10-10T00:14:15.9925864Z test_unusual_newline_and_nonascii_paths_are_nul_delimited (__main__.Histories.test_unusual_newline_and_nonascii_paths_are_nul_delimited) ... ok
2026-10-10T00:14:16.0307427Z test_website_and_root_docs_update_skips (__main__.Histories.test_website_and_root_docs_update_skips) ... ok
2026-10-10T00:14:16.0321980Z test_actual_workflow_condition_preserves_failure_and_missing_output_fallback (__main__.RepositoryContract.test_actual_workflow_condition_preserves_failure_and_missing_output_fallback) ... ok
2026-10-10T00:14:16.0340113Z test_observed_page2_range_skips_when_history_available (__main__.RepositoryContract.test_observed_page2_range_skips_when_history_available) ... skipped 'Historical production commits unavailable in this checkout; synthetic Git fixtures still run'
2026-10-10T00:14:16.0349372Z test_workflow_guards_gate_and_exact_source_without_cancellation (__main__.RepositoryContract.test_workflow_guards_gate_and_exact_source_without_cancellation) ... ok
2026-10-10T00:14:16.0350403Z 
2026-10-10T00:14:16.0350758Z ----------------------------------------------------------------------
2026-10-10T00:14:16.0351281Z Ran 29 tests in 1.759s
2026-10-10T00:14:16.0351485Z 
2026-10-10T00:14:16.0351596Z OK (skipped=1)
2026-10-10T00:14:16.0522054Z ##[group]Run npm run check
2026-10-10T00:14:16.0522370Z [36;1mnpm run check[0m
2026-10-10T00:14:16.0522604Z [36;1mnpm run test:engine[0m
2026-10-10T00:14:16.0589334Z shell: /usr/bin/bash -e {0}
2026-10-10T00:14:16.0589593Z env:
2026-10-10T00:14:16.0589805Z   WRANGLER_SEND_METRICS: false
2026-10-10T00:14:16.0590060Z   CI: true
2026-10-10T00:14:16.0590256Z ##[endgroup]
2026-10-10T00:14:16.1660099Z 
2026-10-10T00:14:16.1660511Z > training-studio-mobile@0.1.0 check
2026-10-10T00:14:16.1660869Z > tsc --noEmit
2026-10-10T00:14:16.1661040Z 
2026-10-10T00:14:21.0253610Z 
2026-10-10T00:14:21.0254142Z > training-studio-mobile@0.1.0 test:engine
2026-10-10T00:14:21.0254623Z > node --import tsx scripts/check-engine.ts
2026-10-10T00:14:21.0254846Z 
2026-10-10T00:14:22.0545754Z PASS: native substitution survives validated save/reload; invalid program IDs are rejected.
2026-10-10T00:14:22.0560381Z PASS: native plan archives are retained and guarded; saved machine context carries forward without changing history.
2026-10-10T00:14:22.0602991Z PASS: local records are sealed with XChaCha20-Poly1305, bound to their storage slot, and reject tampering or wrong keys.
2026-10-10T00:14:22.3054064Z PASS: 78 plans across all 7 starting weekdays, workout validation, partial save, optional measurements round-trip, retained history, unsafe read/link rejection, 989 exercises and 989 guides.
2026-10-10T00:14:22.9847900Z PASS: phone transfer files round-trip, reject a wrong password, and keep the header authenticated.
2026-10-10T00:14:22.9917872Z PASS: first-time lifters get one starting plan that matches their days; fit notes are shown.
2026-10-10T00:14:23.0277052Z ##[group]Run npm run build
2026-10-10T00:14:23.0277358Z [36;1mnpm run build[0m
2026-10-10T00:14:23.0277602Z [36;1mnpm run test:production[0m
2026-10-10T00:14:23.0277862Z [36;1mnpm run build:pages[0m
2026-10-10T00:14:23.0278099Z [36;1mnpm run check:pages[0m
2026-10-10T00:14:23.0345197Z shell: /usr/bin/bash -e {0}
2026-10-10T00:14:23.0345455Z env:
2026-10-10T00:14:23.0345659Z   WRANGLER_SEND_METRICS: false
2026-10-10T00:14:23.0345899Z   CI: true
2026-10-10T00:14:23.0346095Z ##[endgroup]
2026-10-10T00:14:23.1350887Z 
2026-10-10T00:14:23.1351373Z > site-creator-vinext-starter@0.1.0 build
2026-10-10T00:14:23.1351835Z > node scripts/run-framework.mjs build
2026-10-10T00:14:23.1352035Z 
2026-10-10T00:14:23.3607962Z [36mvite v8.0.16 [32mbuilding client environment for production...[36m[39m
2026-10-10T00:14:23.3745685Z [2K
2026-10-10T00:14:23.7753048Z transforming...✓ 45 modules transformed.
2026-10-10T00:14:23.8426883Z rendering chunks...
2026-10-10T00:14:23.9137217Z computing gzip size...
2026-10-10T00:14:24.0252404Z public/runtime/workout-coaching-worker.js     18.82 kB │ gzip:     6.71 kB
2026-10-10T00:14:24.0253464Z public/runtime/qwen-worker.js                 26.28 kB │ gzip:     8.40 kB
2026-10-10T00:14:24.0254111Z public/runtime/training-C8u1q4KT.js        1,065.50 kB │ gzip:   139.77 kB
2026-10-10T00:14:24.0254719Z public/runtime/lib-C9O0qMAG.js             4,745.91 kB │ gzip: 1,717.36 kB
2026-10-10T00:14:24.0255286Z public/runtime/lib-DcORhR3s.js             6,194.29 kB │ gzip: 2,183.09 kB
2026-10-10T00:14:24.0255673Z 
2026-10-10T00:14:24.0255951Z [32m✓ built in 663ms[39m
2026-10-10T00:14:24.6003918Z Packaged 130 tracked source files: movefield-mobile-r14.zip (2116908 bytes)
2026-10-10T00:14:25.0088508Z 
2026-10-10T00:14:25.0089340Z   vinext build  (Vite 8.0.16)
2026-10-10T00:14:25.0090073Z 
2026-10-10T00:14:26.4170242Z [34m[1/5] analyze client references...[39m
2026-10-10T00:14:26.4624045Z [2K
2026-10-10T00:14:29.2696676Z transforming...✓ 268 modules transformed.
2026-10-10T00:14:29.2928725Z rendering chunks...
2026-10-10T00:14:29.3004734Z [32m✓ built in 2.88s[39m
2026-10-10T00:14:29.3070046Z [34m[2/5] analyze server references...[39m
2026-10-10T00:14:29.3300516Z [2K
2026-10-10T00:14:31.9343760Z transforming...✓ 887 modules transformed.
2026-10-10T00:14:31.9379897Z rendering chunks...
2026-10-10T00:14:31.9410381Z [32m✓ built in 2.63s[39m
2026-10-10T00:14:31.9465667Z [34m[3/5] build rsc environment...[39m
2026-10-10T00:14:31.9693425Z [2K
2026-10-10T00:14:33.9249415Z transforming...✓ 265 modules transformed.
2026-10-10T00:14:34.0244397Z rendering chunks...
2026-10-10T00:14:34.0732271Z computing gzip size...
2026-10-10T00:14:34.0924569Z [32m✓ built in 2.15s[39m
2026-10-10T00:14:34.0976721Z [34m[4/5] build client environment...[39m
2026-10-10T00:14:34.1203609Z [2K
2026-10-10T00:14:37.6612000Z transforming...✓ 2698 modules transformed.
2026-10-10T00:14:37.8448357Z rendering chunks...
2026-10-10T00:14:37.9962442Z computing gzip size...
2026-10-10T00:14:38.0144996Z [33m[33m[PLUGIN_TIMINGS] [0mYour build spent significant time in plugins. Here is a breakdown:
2026-10-10T00:14:38.0145599Z   - vinext:middleware-server-only (43%)
2026-10-10T00:14:38.0145971Z   - rsc:virtual-client-package (21%)
2026-10-10T00:14:38.0146297Z   - vinext:optimize-imports (9%)
2026-10-10T00:14:38.0146594Z   - vite-plugin-commonjs (5%)
2026-10-10T00:14:38.0146849Z   - alias (5%)
2026-10-10T00:14:38.0147273Z See https://rolldown.rs/options/checks#plugintimings for more details.
2026-10-10T00:14:38.0147695Z [39m
2026-10-10T00:14:38.0162705Z [32m✓ built in 3.92s[39m
2026-10-10T00:14:38.0236953Z [34m[5/5] build ssr environment...[39m
2026-10-10T00:14:38.0460442Z [2K
2026-10-10T00:14:40.2666343Z transforming...✓ 898 modules transformed.
2026-10-10T00:14:40.4354102Z rendering chunks...
2026-10-10T00:14:40.5422361Z computing gzip size...
2026-10-10T00:14:40.5594994Z [32m✓ built in 2.54s[39m
2026-10-10T00:14:40.5859075Z [0m
2026-10-10T00:14:40.5859390Z   Route (app)
2026-10-10T00:14:40.5860062Z   ┌ ? /                    
2026-10-10T00:14:40.5860377Z   ├ λ /api/account         
2026-10-10T00:14:40.5860652Z   ├ λ /api/daily-feedback  
2026-10-10T00:14:40.5860916Z   ├ λ /api/sync            
2026-10-10T00:14:40.5861173Z   └ λ /api/workout-coaching
2026-10-10T00:14:40.5861321Z 
2026-10-10T00:14:40.5861441Z   λ API  ? Unknown
2026-10-10T00:14:40.5861570Z 
2026-10-10T00:14:40.5861844Z   ? Some routes could not be classified. vinext currently uses static analysis
2026-10-10T00:14:40.5862415Z     and cannot detect dynamic API usage (headers(), cookies(), etc.) at build time.
2026-10-10T00:14:40.5862949Z     Automatic classification will be improved in a future release.
2026-10-10T00:14:40.5863531Z 
2026-10-10T00:14:40.5863796Z   Build complete. Run `vinext start` to start the production server.
2026-10-10T00:14:40.5864071Z 
2026-10-10T00:14:40.7344771Z Prepared 82 offline assets for d2cd8e181f28.
2026-10-10T00:14:40.8409103Z 
2026-10-10T00:14:40.8409888Z > site-creator-vinext-starter@0.1.0 test:production
2026-10-10T00:14:40.8410626Z > node scripts/check-all.cjs --production
2026-10-10T00:14:40.8410966Z 
2026-10-10T00:14:40.8739882Z Checking check-bundle.cjs
2026-10-10T00:14:40.9445723Z PASS bundle budgets and lazy chart boundary {"page":"_next/static/chunks/page-C1Kwxgn-.js","key":"app/page.tsx","bytes":178567,"gzipBytes":54129,"initialGzipBytes":399873,"initialLimitGzipBytes":400000,"chunks":[{"key":"app/page.tsx","bytes":178567,"gzipBytes":54129},{"key":"_rolldown-runtime-QTnfLwEv.js","bytes":694,"gzipBytes":422},{"key":"virtual:vinext-app-browser-entry","bytes":195675,"gzipBytes":56464},{"key":"_framework-JGc2HF7T.js","bytes":190152,"gzipBytes":59097},{"key":"components/app-preferences.tsx","bytes":113780,"gzipBytes":36419},{"key":"_button-CBvz_Igj.js","bytes":32543,"gzipBytes":10650},{"key":"_createLucideIcon-rCMSQdv6.js","bytes":31626,"gzipBytes":11151},{"key":"_progress-D4KJ_sZI.js","bytes":20687,"gzipBytes":7338},{"key":"_checkbox-z6nB9V4V.js","bytes":4731,"gzipBytes":2010},{"key":"_browser-vault-CqwzMhLd.js","bytes":35628,"gzipBytes":10847},{"key":"_storage-capacity-Egu5ZFOb.js","bytes":14207,"gzipBytes":5419},{"key":"_training-jn8H07LS.js","bytes":794960,"gzipBytes":114744},{"key":"_types-B-MU-IOR.js","bytes":56526,"gzipBytes":12856},{"key":"_cloud-client-Dab8Rxa3.js","bytes":2776,"gzipBytes":1288},{"key":"_local-backup-D5FjEcIY.js","bytes":873,"gzipBytes":540},{"key":"_onboarding-DztY_flP.js","bytes":9606,"gzipBytes":4080},{"key":"_presentation-BhurRxrE.js","bytes":21851,"gzipBytes":6050},{"key":"_progress-CI4fxsR3.js","bytes":3126,"gzipBytes":1265},{"key":"_public-path-Dnx1y3mw.js","bytes":152,"gzipBytes":138},{"key":"_safety-copy-BKXgRPRs.js","bytes":844,"gzipBytes":506},{"key":"_training-day-BEN4a0Ry.js","bytes":3665,"gzipBytes":1782},{"key":"_substitutions-M5QdKEMw.js","bytes":6693,"gzipBytes":2678}]}
2026-10-10T00:14:40.9478906Z Checking check-production-offline.cjs
2026-10-10T00:14:41.0109117Z {
2026-10-10T00:14:41.0109549Z   "status": "pass",
2026-10-10T00:14:41.0109911Z   "assets": 82,
2026-10-10T00:14:41.0110259Z   "totalBytes": 19966146,
2026-10-10T00:14:41.0110946Z   "build": "d2cd8e181f287404ef87ec807d560229db06ba4d8ec6a6d842f6f1dee8c768df",
2026-10-10T00:14:41.0111648Z   "allBuiltClientChunksCovered": true,
2026-10-10T00:14:41.0112127Z   "workerManifestMatches": true,
2026-10-10T00:14:41.0112526Z   "assetHashesMatch": true,
2026-10-10T00:14:41.0112966Z   "privateDataAndModelWeightsAbsent": true
2026-10-10T00:14:41.0113555Z }
2026-10-10T00:14:41.0172149Z Checking check-production-security.cjs
2026-10-10T00:14:41.8447941Z {"brandAssetsAvailable":true,"nativeStarterAvailable":true,"privacyNoticeMatchesSource":true,"privacyNoticeStaticPolicy":true,"status":200,"scripts":22,"nonceMatched":true,"nonceRotates":true,"writeRouteClosed":true,"internalRouteClosed":true,"qaRouteAbsent":true,"unclearedPhotosAbsent":true,"cache":"private, no-store"}
2026-10-10T00:14:41.8716113Z 3/3 check suites passed.
2026-10-10T00:14:41.9753745Z 
2026-10-10T00:14:41.9754705Z > site-creator-vinext-starter@0.1.0 build:pages
2026-10-10T00:14:41.9755168Z > node scripts/build-pages.mjs
2026-10-10T00:14:41.9755360Z 
2026-10-10T00:14:42.1605610Z [36mvite v8.0.16 [32mbuilding client environment for production...[36m[39m
2026-10-10T00:14:42.1744499Z [2K
2026-10-10T00:14:42.5717050Z transforming...✓ 45 modules transformed.
2026-10-10T00:14:42.6441011Z rendering chunks...
2026-10-10T00:14:42.7161687Z computing gzip size...
2026-10-10T00:14:42.8274126Z public/runtime/workout-coaching-worker.js     18.82 kB │ gzip:     6.71 kB
2026-10-10T00:14:42.8275295Z public/runtime/qwen-worker.js                 26.28 kB │ gzip:     8.40 kB
2026-10-10T00:14:42.8276243Z public/runtime/training-C8u1q4KT.js        1,065.50 kB │ gzip:   139.77 kB
2026-10-10T00:14:42.8277246Z public/runtime/lib-C9O0qMAG.js             4,745.91 kB │ gzip: 1,717.36 kB
2026-10-10T00:14:42.8278183Z public/runtime/lib-DcORhR3s.js             6,194.29 kB │ gzip: 2,183.09 kB
2026-10-10T00:14:42.8278677Z 
2026-10-10T00:14:42.8278976Z [32m✓ built in 666ms[39m
2026-10-10T00:14:42.8444001Z [36mvite v8.0.16 [32mbuilding client environment for production...[36m[39m
2026-10-10T00:14:42.8521153Z [2K
2026-10-10T00:14:43.9775321Z transforming...✓ 2585 modules transformed.
2026-10-10T00:14:44.0855643Z rendering chunks...
2026-10-10T00:14:44.2034752Z computing gzip size...
2026-10-10T00:14:44.2159371Z dist-pages/index.html                                      1.29 kB │ gzip:   0.57 kB
2026-10-10T00:14:44.2160360Z dist-pages/assets/index-COMBkNy7.css                     225.24 kB │ gzip:  36.71 kB
2026-10-10T00:14:44.2161278Z dist-pages/assets/qwen-unavailable-IXSK3HSm.js             0.46 kB │ gzip:   0.32 kB
2026-10-10T00:14:44.2162425Z dist-pages/assets/workout-coaching-identity-CDHS7c86.js    0.56 kB │ gzip:   0.37 kB
2026-10-10T00:14:44.2163791Z dist-pages/assets/account-security-BMvM1HMu.js             0.74 kB │ gzip:   0.41 kB
2026-10-10T00:14:44.2164920Z dist-pages/assets/jsx-runtime-DUAcabCT.js                  1.06 kB │ gzip:   0.60 kB
2026-10-10T00:14:44.2166406Z dist-pages/assets/equipment-limits-CpHvxzsM.js             2.62 kB │ gzip:   1.31 kB
2026-10-10T00:14:44.2167128Z dist-pages/assets/react-dom-Ci36WYJj.js                    3.58 kB │ gzip:   1.36 kB
2026-10-10T00:14:44.2167786Z dist-pages/assets/customize-CnMED5ja.js                    3.89 kB │ gzip:   1.76 kB
2026-10-10T00:14:44.2168452Z dist-pages/assets/cloud-envelope-C74ZEbMR.js               3.95 kB │ gzip:   1.63 kB
2026-10-10T00:14:44.2169348Z dist-pages/assets/account-sync-94JU-mmb.js                 4.03 kB │ gzip:   1.63 kB
2026-10-10T00:14:44.2170452Z dist-pages/assets/exercise-substitutions-CiUmlXxS.js       4.11 kB │ gzip:   1.69 kB
2026-10-10T00:14:44.2171480Z dist-pages/assets/research-library-YDRmiqP-.js             4.46 kB │ gzip:   1.82 kB
2026-10-10T00:14:44.2172162Z dist-pages/assets/session-guide-3EUQPwSU.js                4.49 kB │ gzip:   1.96 kB
2026-10-10T00:14:44.2172826Z dist-pages/assets/training-day-c54AaLBh.js                 4.52 kB │ gzip:   1.48 kB
2026-10-10T00:14:44.2173731Z dist-pages/assets/daily-feedback-DyhRMtb8.js               4.72 kB │ gzip:   2.13 kB
2026-10-10T00:14:44.2174397Z dist-pages/assets/workout-review-FffrZHRw.js               5.52 kB │ gzip:   2.36 kB
2026-10-10T00:14:44.2175067Z dist-pages/assets/transfer-dialog-Bp-xjYnY.js              6.49 kB │ gzip:   2.36 kB
2026-10-10T00:14:44.2175890Z dist-pages/assets/plan-customizer-BiKgyGE1.js              8.93 kB │ gzip:   3.39 kB
2026-10-10T00:14:44.2176981Z dist-pages/assets/tracking-editor-DBo3vjNH.js              9.35 kB │ gzip:   3.51 kB
2026-10-10T00:14:44.2177957Z dist-pages/assets/transfer-bundle-yk--Q7cp.js             23.01 kB │ gzip:   9.58 kB
2026-10-10T00:14:44.2179083Z dist-pages/assets/workout-coaching-CNi2ZBAe.js            23.98 kB │ gzip:   8.67 kB
2026-10-10T00:14:44.2180235Z dist-pages/assets/workout-coach-Cs9ADjQI.js               27.72 kB │ gzip:   9.73 kB
2026-10-10T00:14:44.2181361Z dist-pages/assets/x-CEXRaG68.js                           36.47 kB │ gzip:  12.65 kB
2026-10-10T00:14:44.2182857Z dist-pages/assets/button-BZyDGPNM.js                      39.97 kB │ gzip:  13.33 kB
2026-10-10T00:14:44.2183916Z dist-pages/assets/training-onboarding-DME_WJCO.js         43.23 kB │ gzip:  13.41 kB
2026-10-10T00:14:44.2184822Z dist-pages/assets/qwen-model-files-DhOkYO_T.js           193.12 kB │ gzip:  38.75 kB
2026-10-10T00:14:44.2186301Z dist-pages/assets/progress-dashboard-PXcHSRtU.js         368.54 kB │ gzip: 108.48 kB
2026-10-10T00:14:44.2187001Z dist-pages/assets/index-CgajflZF.js                      646.69 kB │ gzip: 195.84 kB
2026-10-10T00:14:44.2188340Z dist-pages/assets/training-jn8H07LS.js                   794.96 kB │ gzip: 116.05 kB
2026-10-10T00:14:44.2188761Z 
2026-10-10T00:14:44.2188956Z [32m✓ built in 1.37s[39m
2026-10-10T00:14:44.2694871Z Pages output: 61 allowlisted files; version 750fc5a8f56e8ecbfe1caa2590c32f4e2cfd57233c552da370aa04923a748673
2026-10-10T00:14:44.4135899Z 
2026-10-10T00:14:44.4136906Z > site-creator-vinext-starter@0.1.0 check:pages
2026-10-10T00:14:44.4137664Z > node scripts/check-pages.mjs
2026-10-10T00:14:44.4138010Z 
2026-10-10T00:14:44.8764249Z {
2026-10-10T00:14:44.8764549Z   "passed": true,
2026-10-10T00:14:44.8764802Z   "assertions": 632,
2026-10-10T00:14:44.8765044Z   "assets": 61,
2026-10-10T00:14:44.8765466Z   "version": "750fc5a8f56e8ecbfe1caa2590c32f4e2cfd57233c552da370aa04923a748673",
2026-10-10T00:14:44.8765874Z   "limits": [
2026-10-10T00:14:44.8766211Z     "VM worker verification; no real browser/OS offline acceptance"
2026-10-10T00:14:44.8766566Z   ]
2026-10-10T00:14:44.8766753Z }
2026-10-10T00:14:44.9143429Z ##[group]Run npm run export:mobile
2026-10-10T00:14:44.9143755Z [36;1mnpm run export:mobile[0m
2026-10-10T00:14:44.9211634Z shell: /usr/bin/bash -e {0}
2026-10-10T00:14:44.9211907Z env:
2026-10-10T00:14:44.9212117Z   WRANGLER_SEND_METRICS: false
2026-10-10T00:14:44.9212362Z   CI: true
2026-10-10T00:14:44.9212553Z ##[endgroup]
2026-10-10T00:14:45.0210646Z 
2026-10-10T00:14:45.0211370Z > training-studio-mobile@0.1.0 export:mobile
2026-10-10T00:14:45.0211964Z > expo export --platform ios --platform android --output-dir dist-mobile
2026-10-10T00:14:45.0212276Z 
2026-10-10T00:14:45.6668059Z Starting Metro Bundler
2026-10-10T00:14:45.6668388Z 
2026-10-10T00:15:06.3971520Z iOS Bundled 20544ms index.ts (822 modules)
2026-10-10T00:15:13.2072680Z Android Bundled 27353ms index.ts (835 modules)
2026-10-10T00:15:13.2234218Z 
2026-10-10T00:15:13.2244791Z › Assets (12):
2026-10-10T00:15:13.2325666Z assets/fonts/AtkinsonHyperlegible_400Regular.ttf (54KB)
2026-10-10T00:15:13.2326626Z assets/fonts/AtkinsonHyperlegible_700Bold.ttf (54KB)
2026-10-10T00:15:13.2327377Z assets/fonts/barlow-condensed-semibold.ttf (109KB)
2026-10-10T00:15:13.2327994Z assets/fonts/inter-variable.ttf (877KB)
2026-10-10T00:15:13.2328557Z assets/fonts/Lexend_400Regular.ttf (78KB)
2026-10-10T00:15:13.2329100Z assets/fonts/Lexend_700Bold.ttf (79KB)
2026-10-10T00:15:13.2329627Z assets/fonts/Nunito_400Regular.ttf (132KB)
2026-10-10T00:15:13.2330135Z assets/fonts/Nunito_700Bold.ttf (132KB)
2026-10-10T00:15:13.2330487Z assets/fonts/Oswald_600SemiBold.ttf (88KB)
2026-10-10T00:15:13.2330833Z assets/fonts/Oswald_700Bold.ttf (88KB)
2026-10-10T00:15:13.2331146Z assets/fonts/Saira_400Regular.ttf (84KB)
2026-10-10T00:15:13.2331465Z assets/fonts/Saira_700Bold.ttf (83KB)
2026-10-10T00:15:13.2334027Z 
2026-10-10T00:15:13.2334277Z › ios bundles (1):
2026-10-10T00:15:13.2337516Z _expo/static/js/ios/index-2fecfac351eb17a361df153a1207fdaa.hbc (4.8MB)
2026-10-10T00:15:13.2340171Z 
2026-10-10T00:15:13.2340825Z › android bundles (1):
2026-10-10T00:15:13.2341606Z _expo/static/js/android/index-381e219f2ca2d84e2e92bd70e8ca099c.hbc (4.8MB)
2026-10-10T00:15:13.2342110Z 
2026-10-10T00:15:13.2342327Z › Files (1):
2026-10-10T00:15:13.2343890Z metadata.json (1.8KB)
2026-10-10T00:15:13.2387433Z 
2026-10-10T00:15:13.2390384Z Exported: dist-mobile
2026-10-10T00:15:13.3832298Z ##[group]Run node scripts/check-dependencies.mjs
2026-10-10T00:15:13.3832701Z [36;1mnode scripts/check-dependencies.mjs[0m
2026-10-10T00:15:13.3898972Z shell: /usr/bin/bash -e {0}
2026-10-10T00:15:13.3899241Z env:
2026-10-10T00:15:13.3899465Z   WRANGLER_SEND_METRICS: false
2026-10-10T00:15:13.3899713Z   CI: true
2026-10-10T00:15:13.3899907Z ##[endgroup]
2026-10-10T00:15:14.1959942Z KNOWN CI EXCEPTION / RELEASE BLOCKED web: braces https://github.com/advisories/GHSA-vfj7-8cjw-p6xm (temporary-ci-exception)
2026-10-10T00:15:18.3153027Z KNOWN CI EXCEPTION / RELEASE BLOCKED mobile: braces https://github.com/advisories/GHSA-vfj7-8cjw-p6xm (temporary-ci-exception)
2026-10-10T00:15:18.3154328Z KNOWN CI EXCEPTION / RELEASE BLOCKED mobile: node-forge https://github.com/advisories/GHSA-86w9-cpqp-85rv (temporary-ci-exception)
2026-10-10T00:15:18.3271156Z ##[group]Run actions/upload-artifact@ea165f8d65b6e75b540449e92b4886f43607fa02
2026-10-10T00:15:18.3271585Z with:
2026-10-10T00:15:18.3271799Z   name: quality-results
2026-10-10T00:15:18.3272149Z   path: .sites-runtime/*check*.json
.sites-runtime-quality-source.txt

2026-10-10T00:15:18.3272573Z   include-hidden-files: true
2026-10-10T00:15:18.3272822Z   if-no-files-found: ignore
2026-10-10T00:15:18.3273059Z   compression-level: 6
2026-10-10T00:15:18.3273534Z   overwrite: false
2026-10-10T00:15:18.3273742Z env:
2026-10-10T00:15:18.3273939Z   WRANGLER_SEND_METRICS: false
2026-10-10T00:15:18.3274169Z   CI: true
2026-10-10T00:15:18.3274358Z ##[endgroup]
2026-10-10T00:15:18.4887069Z (node:4902) [DEP0040] DeprecationWarning: The `punycode` module is deprecated. Please use a userland alternative instead.
2026-10-10T00:15:18.4887935Z (Use `node --trace-deprecation ...` to show where the warning was created)
2026-10-10T00:15:18.4979039Z Multiple search paths detected. Calculating the least common ancestor of all paths
2026-10-10T00:15:18.4982054Z The least common ancestor is /home/runner/work/movefield/movefield. This will be the root directory of the artifact
2026-10-10T00:15:18.4983319Z With the provided path, there will be 17 files uploaded
2026-10-10T00:15:18.4993709Z Artifact name is valid!
2026-10-10T00:15:18.4994238Z Root directory input is valid!
2026-10-10T00:15:18.7070801Z Beginning upload of artifact content to blob storage
2026-10-10T00:15:18.7444499Z (node:4902) [DEP0169] DeprecationWarning: `url.parse()` behavior is not standardized and prone to errors that have security implications. Use the WHATWG URL API instead. CVEs are not issued for `url.parse()` vulnerabilities.
2026-10-10T00:15:18.7730899Z Uploaded bytes 11462
2026-10-10T00:15:18.7845470Z Finished uploading artifact content to blob storage!
2026-10-10T00:15:18.7846780Z SHA256 digest of uploaded artifact zip is 87962a5d8060a10443f1da66506d344f227f94ee5724cd7f020bac4824cbec5b
2026-10-10T00:15:18.7848371Z Finalizing artifact upload
2026-10-10T00:15:18.9874878Z Artifact quality-results.zip successfully finalized. Artifact ID 11651774443
2026-10-10T00:15:18.9876144Z Artifact quality-results has been successfully uploaded! Final size is 11462 bytes. Artifact ID is 11651774443
2026-10-10T00:15:18.9882433Z Artifact download URL: https://github.com/ghinz32-cloud/movefield/actions/runs/38007809565/artifacts/11651774443
2026-10-10T00:15:19.0067578Z Post job cleanup.
2026-10-10T00:15:19.1304258Z (node:4914) [DEP0040] DeprecationWarning: The `punycode` module is deprecated. Please use a userland alternative instead.
2026-10-10T00:15:19.1305517Z (Use `node --trace-deprecation ...` to show where the warning was created)
2026-10-10T00:15:19.1486260Z Post job cleanup.
2026-10-10T00:15:19.2449478Z [command]/usr/bin/git version
2026-10-10T00:15:19.2514500Z git version 2.55.0
2026-10-10T00:15:19.2557597Z Temporarily overriding HOME='/home/runner/work/_temp/bb228df5-290a-4dcb-bcd9-6a947d7da29d' before making global git config changes
2026-10-10T00:15:19.2576086Z Adding repository directory to the temporary git global config as a safe directory
2026-10-10T00:15:19.2577788Z [command]/usr/bin/git config --global --add safe.directory /home/runner/work/movefield/movefield
2026-10-10T00:15:19.2610140Z [command]/usr/bin/git config --local --name-only --get-regexp core\.sshCommand
2026-10-10T00:15:19.2660083Z [command]/usr/bin/git submodule foreach --recursive sh -c "git config --local --name-only --get-regexp 'core\.sshCommand' && git config --local --unset-all 'core.sshCommand' || :"
2026-10-10T00:15:19.2985932Z [command]/usr/bin/git config --local --name-only --get-regexp http\.https\:\/\/github\.com\/\.extraheader
2026-10-10T00:15:19.3030357Z [command]/usr/bin/git submodule foreach --recursive sh -c "git config --local --name-only --get-regexp 'http\.https\:\/\/github\.com\/\.extraheader' && git config --local --unset-all 'http.https://github.com/.extraheader' || :"
2026-10-10T00:15:19.3336192Z [command]/usr/bin/git config --local --name-only --get-regexp ^includeIf\.gitdir:
2026-10-10T00:15:19.3382287Z [command]/usr/bin/git submodule foreach --recursive git config --local --show-origin --name-only --get-regexp remote.origin.url
2026-10-10T00:15:19.3830914Z Cleaning up orphan processes
2026-10-10T00:15:19.4167060Z ##[warning]Node.js 20 is deprecated. The following actions target Node.js 20 but are being forced to run on Node.js 24: actions/upload-artifact@ea165f8d65b6e75b540449e92b4886f43607fa02. For more information see: https://github.blog/changelog/2025-09-19-deprecation-of-node-20-on-github-actions-runners/
