2026-10-09T23:03:30.6785799Z Current runner version: '2.337.0'
2026-10-09T23:03:30.6822358Z ##[group]Runner Image Provisioner
2026-10-09T23:03:30.6823705Z Hosted Compute Agent
2026-10-09T23:03:30.6824663Z Version: 20261002.596
2026-10-09T23:03:30.6825641Z Commit: c3d12f3313a95f25162a1503be624f3b0617f8c0
2026-10-09T23:03:30.6826966Z Build Date: 2026-10-02T22:28:27Z
2026-10-09T23:03:30.6828089Z Worker ID: {7fa7515e-9615-46f5-9bdf-74c149c50e84}
2026-10-09T23:03:30.6829300Z Region: southcentralus
2026-10-09T23:03:30.6830469Z Cloud: Azure
2026-10-09T23:03:30.6831315Z ##[endgroup]
2026-10-09T23:03:30.6833651Z ##[group]Operating System
2026-10-09T23:03:30.6834644Z Ubuntu
2026-10-09T23:03:30.6835647Z 24.04.5
2026-10-09T23:03:30.6836605Z LTS
2026-10-09T23:03:30.6837551Z ##[endgroup]
2026-10-09T23:03:30.6838663Z ##[group]Runner Image
2026-10-09T23:03:30.6839732Z Image: ubuntu-24.04
2026-10-09T23:03:30.6841175Z Version: 20261004.327.1
2026-10-09T23:03:30.6843435Z Included Software: https://github.com/actions/runner-images/blob/ubuntu24/20261004.327/images/ubuntu/Ubuntu2404-Readme.md
2026-10-09T23:03:30.6846260Z Image Release: https://github.com/actions/runner-images/releases/tag/ubuntu24%2F20261004.327
2026-10-09T23:03:30.6848063Z ##[endgroup]
2026-10-09T23:03:30.6850484Z ##[group]GITHUB_TOKEN Permissions
2026-10-09T23:03:30.6853429Z Contents: read
2026-10-09T23:03:30.6854560Z Metadata: read
2026-10-09T23:03:30.6855609Z ##[endgroup]
2026-10-09T23:03:30.6858650Z Secret source: Actions
2026-10-09T23:03:30.6860630Z Cache mode: write
2026-10-09T23:03:30.6862303Z Prepare workflow directory
2026-10-09T23:03:30.7303637Z Prepare all required actions
2026-10-09T23:03:30.7376874Z Getting action download info
2026-10-09T23:03:31.0083061Z Download action repository 'actions/checkout@fbc6f3992d24b796d5a048ff273f7fcc4a7b6c09' (SHA:fbc6f3992d24b796d5a048ff273f7fcc4a7b6c09)
2026-10-09T23:03:31.1249363Z Download action repository 'actions/setup-node@a0853c24544627f65ddf259abe73b1d18a591444' (SHA:a0853c24544627f65ddf259abe73b1d18a591444)
2026-10-09T23:03:31.2558744Z Download action repository 'actions/upload-artifact@ea165f8d65b6e75b540449e92b4886f43607fa02' (SHA:ea165f8d65b6e75b540449e92b4886f43607fa02)
2026-10-09T23:03:31.4936613Z Complete job name: quality
2026-10-09T23:03:31.5755316Z ##[group]Run actions/checkout@fbc6f3992d24b796d5a048ff273f7fcc4a7b6c09
2026-10-09T23:03:31.5756413Z with:
2026-10-09T23:03:31.5756876Z   persist-credentials: false
2026-10-09T23:03:31.5757426Z   repository: ghinz32-cloud/movefield
2026-10-09T23:03:31.5761796Z   token: ***
2026-10-09T23:03:31.5762241Z   ssh-strict: true
2026-10-09T23:03:31.5762673Z   ssh-user: git
2026-10-09T23:03:31.5763088Z   clean: true
2026-10-09T23:03:31.5763530Z   sparse-checkout-cone-mode: true
2026-10-09T23:03:31.5764055Z   fetch-depth: 1
2026-10-09T23:03:31.5764485Z   fetch-tags: false
2026-10-09T23:03:31.5764927Z   show-progress: true
2026-10-09T23:03:31.5765380Z   lfs: false
2026-10-09T23:03:31.5765799Z   submodules: false
2026-10-09T23:03:31.5766257Z   set-safe-directory: true
2026-10-09T23:03:31.5766765Z   allow-unsafe-pr-checkout: false
2026-10-09T23:03:31.5767574Z env:
2026-10-09T23:03:31.5768011Z   WRANGLER_SEND_METRICS: false
2026-10-09T23:03:31.5768506Z   CI: true
2026-10-09T23:03:31.5768942Z ##[endgroup]
2026-10-09T23:03:31.6793184Z Syncing repository: ghinz32-cloud/movefield
2026-10-09T23:03:31.6796031Z ##[group]Getting Git version info
2026-10-09T23:03:31.6796990Z Working directory is '/home/runner/work/movefield/movefield'
2026-10-09T23:03:31.6798252Z [command]/usr/bin/git version
2026-10-09T23:03:31.6878709Z git version 2.55.0
2026-10-09T23:03:31.6901575Z ##[endgroup]
2026-10-09T23:03:31.6918272Z Temporarily overriding HOME='/home/runner/work/_temp/4bb7f6b6-f6d3-4625-a617-b4f7dafaa33c' before making global git config changes
2026-10-09T23:03:31.6921280Z Adding repository directory to the temporary git global config as a safe directory
2026-10-09T23:03:31.6924351Z [command]/usr/bin/git config --global --add safe.directory /home/runner/work/movefield/movefield
2026-10-09T23:03:31.6983063Z Deleting the contents of '/home/runner/work/movefield/movefield'
2026-10-09T23:03:31.6989272Z ##[group]Initializing the repository
2026-10-09T23:03:31.6994605Z [command]/usr/bin/git init /home/runner/work/movefield/movefield
2026-10-09T23:03:31.7144678Z hint: Using 'master' as the name for the initial branch. This default branch name
2026-10-09T23:03:31.7146989Z hint: will change to "main" in Git 3.0. To configure the initial branch name
2026-10-09T23:03:31.7150388Z hint: to use in all of your new repositories, which will suppress this warning,
2026-10-09T23:03:31.7152118Z hint: call:
2026-10-09T23:03:31.7153180Z hint:
2026-10-09T23:03:31.7154438Z hint: 	git config --global init.defaultBranch <name>
2026-10-09T23:03:31.7155893Z hint:
2026-10-09T23:03:31.7157220Z hint: Names commonly chosen instead of 'master' are 'main', 'trunk' and
2026-10-09T23:03:31.7159275Z hint: 'development'. The just-created branch can be renamed via this command:
2026-10-09T23:03:31.7161532Z hint:
2026-10-09T23:03:31.7162532Z hint: 	git branch -m <name>
2026-10-09T23:03:31.7163944Z hint:
2026-10-09T23:03:31.7165374Z hint: Disable this message with "git config set advice.defaultBranchName false"
2026-10-09T23:03:31.7167651Z Initialized empty Git repository in /home/runner/work/movefield/movefield/.git/
2026-10-09T23:03:31.7171998Z [command]/usr/bin/git remote add origin https://github.com/ghinz32-cloud/movefield
2026-10-09T23:03:31.7249355Z ##[endgroup]
2026-10-09T23:03:31.7251176Z ##[group]Disabling automatic garbage collection
2026-10-09T23:03:31.7252262Z [command]/usr/bin/git config --local gc.auto 0
2026-10-09T23:03:31.7293133Z ##[endgroup]
2026-10-09T23:03:31.7294527Z ##[group]Setting up auth
2026-10-09T23:03:31.7303519Z [command]/usr/bin/git config --local --name-only --get-regexp core\.sshCommand
2026-10-09T23:03:31.7365372Z [command]/usr/bin/git submodule foreach --recursive sh -c "git config --local --name-only --get-regexp 'core\.sshCommand' && git config --local --unset-all 'core.sshCommand' || :"
2026-10-09T23:03:31.7815797Z [command]/usr/bin/git config --local --name-only --get-regexp http\.https\:\/\/github\.com\/\.extraheader
2026-10-09T23:03:31.7852195Z [command]/usr/bin/git submodule foreach --recursive sh -c "git config --local --name-only --get-regexp 'http\.https\:\/\/github\.com\/\.extraheader' && git config --local --unset-all 'http.https://github.com/.extraheader' || :"
2026-10-09T23:03:31.8081445Z [command]/usr/bin/git config --local --name-only --get-regexp ^includeIf\.gitdir:
2026-10-09T23:03:31.8111689Z [command]/usr/bin/git submodule foreach --recursive git config --local --show-origin --name-only --get-regexp remote.origin.url
2026-10-09T23:03:31.8344317Z [command]/usr/bin/git config --local http.https://github.com/.extraheader AUTHORIZATION: basic ***
2026-10-09T23:03:31.8384988Z ##[endgroup]
2026-10-09T23:03:31.8386407Z ##[group]Fetching the repository
2026-10-09T23:03:31.8396999Z [command]/usr/bin/git -c protocol.version=2 fetch --no-tags --prune --no-recurse-submodules --depth=1 origin +e6494209a994ab8a03db473b8c60ad8c0c0c8468:refs/remotes/pull/1/merge
2026-10-09T23:03:33.3194331Z From https://github.com/ghinz32-cloud/movefield
2026-10-09T23:03:33.3196406Z  * [new ref]         e6494209a994ab8a03db473b8c60ad8c0c0c8468 -> pull/1/merge
2026-10-09T23:03:33.3200440Z ##[endgroup]
2026-10-09T23:03:33.3202224Z ##[group]Determining the checkout info
2026-10-09T23:03:33.3204180Z ##[endgroup]
2026-10-09T23:03:33.3210225Z [command]/usr/bin/git sparse-checkout disable
2026-10-09T23:03:33.3272831Z [command]/usr/bin/git config --local --unset-all extensions.worktreeConfig
2026-10-09T23:03:33.3321843Z ##[group]Checking out the ref
2026-10-09T23:03:33.3326603Z [command]/usr/bin/git checkout --progress --force refs/remotes/pull/1/merge
2026-10-09T23:03:33.4744897Z Note: switching to 'refs/remotes/pull/1/merge'.
2026-10-09T23:03:33.4745864Z 
2026-10-09T23:03:33.4746513Z You are in 'detached HEAD' state. You can look around, make experimental
2026-10-09T23:03:33.4747949Z changes and commit them, and you can discard any commits you make in this
2026-10-09T23:03:33.4749721Z state without impacting any branches by switching back to a branch.
2026-10-09T23:03:33.4750936Z 
2026-10-09T23:03:33.4751602Z If you want to create a new branch to retain commits you create, you may
2026-10-09T23:03:33.4752950Z do so (now or later) by using -c with the switch command. Example:
2026-10-09T23:03:33.4753741Z 
2026-10-09T23:03:33.4754120Z   git switch -c <new-branch-name>
2026-10-09T23:03:33.4754705Z 
2026-10-09T23:03:33.4755068Z Or undo this operation with:
2026-10-09T23:03:33.4755604Z 
2026-10-09T23:03:33.4755916Z   git switch -
2026-10-09T23:03:33.4756366Z 
2026-10-09T23:03:33.4757083Z Turn off this advice by setting config variable advice.detachedHead to false
2026-10-09T23:03:33.4758667Z 
2026-10-09T23:03:33.4760467Z HEAD is now at e649420 Merge c60ee243baaf88eb9aa7dbd4c1dea16a01af1d58 into 80e6ea26437f0aeaa1d8f816ace464da81fe0a81
2026-10-09T23:03:33.4764830Z ##[endgroup]
2026-10-09T23:03:33.4807463Z [command]/usr/bin/git log -1 --format=%H
2026-10-09T23:03:33.4835624Z e6494209a994ab8a03db473b8c60ad8c0c0c8468
2026-10-09T23:03:33.4846492Z ##[group]Removing auth
2026-10-09T23:03:33.4851369Z [command]/usr/bin/git config --local --name-only --get-regexp core\.sshCommand
2026-10-09T23:03:33.4886960Z [command]/usr/bin/git submodule foreach --recursive sh -c "git config --local --name-only --get-regexp 'core\.sshCommand' && git config --local --unset-all 'core.sshCommand' || :"
2026-10-09T23:03:33.5110772Z [command]/usr/bin/git config --local --name-only --get-regexp http\.https\:\/\/github\.com\/\.extraheader
2026-10-09T23:03:33.5138673Z http.https://github.com/.extraheader
2026-10-09T23:03:33.5148288Z [command]/usr/bin/git config --local --unset-all http.https://github.com/.extraheader
2026-10-09T23:03:33.5185658Z [command]/usr/bin/git submodule foreach --recursive sh -c "git config --local --name-only --get-regexp 'http\.https\:\/\/github\.com\/\.extraheader' && git config --local --unset-all 'http.https://github.com/.extraheader' || :"
2026-10-09T23:03:33.5405576Z [command]/usr/bin/git config --local --name-only --get-regexp ^includeIf\.gitdir:
2026-10-09T23:03:33.5439303Z [command]/usr/bin/git submodule foreach --recursive git config --local --show-origin --name-only --get-regexp remote.origin.url
2026-10-09T23:03:33.5659933Z ##[endgroup]
2026-10-09T23:03:33.5914670Z ##[group]Run git rev-parse HEAD HEAD^{tree} > .sites-runtime-quality-source.txt
2026-10-09T23:03:33.5917217Z [36;1mgit rev-parse HEAD HEAD^{tree} > .sites-runtime-quality-source.txt[0m
2026-10-09T23:03:33.6192746Z shell: /usr/bin/bash -e {0}
2026-10-09T23:03:33.6193990Z env:
2026-10-09T23:03:33.6194958Z   WRANGLER_SEND_METRICS: false
2026-10-09T23:03:33.6196153Z   CI: true
2026-10-09T23:03:33.6197107Z ##[endgroup]
2026-10-09T23:03:33.6550651Z ##[group]Run actions/setup-node@a0853c24544627f65ddf259abe73b1d18a591444
2026-10-09T23:03:33.6552346Z with:
2026-10-09T23:03:33.6553214Z   node-version: 24
2026-10-09T23:03:33.6554209Z   package-manager-cache: false
2026-10-09T23:03:33.6555324Z   always-auth: false
2026-10-09T23:03:33.6556307Z   check-latest: false
2026-10-09T23:03:33.6566880Z   token: ***
2026-10-09T23:03:33.6567777Z env:
2026-10-09T23:03:33.6568631Z   WRANGLER_SEND_METRICS: false
2026-10-09T23:03:33.6569695Z   CI: true
2026-10-09T23:03:33.6570747Z ##[endgroup]
2026-10-09T23:03:33.8105545Z Found in cache @ /opt/hostedtoolcache/node/24.21.0/x64
2026-10-09T23:03:33.8110834Z (node:2392) [DEP0040] DeprecationWarning: The `punycode` module is deprecated. Please use a userland alternative instead.
2026-10-09T23:03:33.8114185Z (Use `node --trace-deprecation ...` to show where the warning was created)
2026-10-09T23:03:33.8116556Z ##[group]Environment details
2026-10-09T23:03:36.1434380Z node: v24.21.0
2026-10-09T23:03:36.1434969Z npm: 11.19.0
2026-10-09T23:03:36.1435241Z yarn: 1.22.22
2026-10-09T23:03:36.1436266Z ##[endgroup]
2026-10-09T23:03:36.1574675Z ##[group]Run npm install --global pnpm@11.25.0 --ignore-scripts --no-audit --no-fund
2026-10-09T23:03:36.1575360Z [36;1mnpm install --global pnpm@11.25.0 --ignore-scripts --no-audit --no-fund[0m
2026-10-09T23:03:36.1687627Z shell: /usr/bin/bash -e {0}
2026-10-09T23:03:36.1687944Z env:
2026-10-09T23:03:36.1688209Z   WRANGLER_SEND_METRICS: false
2026-10-09T23:03:36.1688502Z   CI: true
2026-10-09T23:03:36.1688737Z ##[endgroup]
2026-10-09T23:03:38.3619302Z 
2026-10-09T23:03:38.3630333Z added 1 package in 2s
2026-10-09T23:03:38.4065124Z ##[group]Run npm run install:ci
2026-10-09T23:03:38.4065487Z [36;1mnpm run install:ci[0m
2026-10-09T23:03:38.4128902Z shell: /usr/bin/bash -e {0}
2026-10-09T23:03:38.4129171Z env:
2026-10-09T23:03:38.4129379Z   WRANGLER_SEND_METRICS: false
2026-10-09T23:03:38.4129627Z   CI: true
2026-10-09T23:03:38.4129817Z ##[endgroup]
2026-10-09T23:03:38.5186070Z 
2026-10-09T23:03:38.5186723Z > site-creator-vinext-starter@0.1.0 install:ci
2026-10-09T23:03:38.5187527Z > bash scripts/install-pnpm.sh
2026-10-09T23:03:38.5187891Z 
2026-10-09T23:03:42.4170548Z Lockfile is up to date, resolution step is skipped
2026-10-09T23:03:42.4996706Z Unsupported platform for @next/swc-darwin-arm64@16.3.8: wanted {"cpu":["arm64"],"os":["darwin"],"libc":["any"]} (current: {"os":"linux","cpu":"x64","libc":"glibc"})
2026-10-09T23:03:42.5008408Z Unsupported platform for @next/swc-darwin-x64@16.3.8: wanted {"cpu":["x64"],"os":["darwin"],"libc":["any"]} (current: {"os":"linux","cpu":"x64","libc":"glibc"})
2026-10-09T23:03:42.5032378Z Unsupported platform for @next/swc-linux-arm64-gnu@16.3.8: wanted {"cpu":["arm64"],"os":["linux"],"libc":["glibc"]} (current: {"os":"linux","cpu":"x64","libc":"glibc"})
2026-10-09T23:03:42.5072163Z Unsupported platform for @next/swc-linux-arm64-musl@16.3.8: wanted {"cpu":["arm64"],"os":["linux"],"libc":["musl"]} (current: {"os":"linux","cpu":"x64","libc":"glibc"})
2026-10-09T23:03:42.5082166Z Unsupported platform for @next/swc-linux-x64-musl@16.3.8: wanted {"cpu":["x64"],"os":["linux"],"libc":["musl"]} (current: {"os":"linux","cpu":"x64","libc":"glibc"})
2026-10-09T23:03:42.5084815Z Unsupported platform for @next/swc-win32-arm64-msvc@16.3.8: wanted {"cpu":["arm64"],"os":["win32"],"libc":["any"]} (current: {"os":"linux","cpu":"x64","libc":"glibc"})
2026-10-09T23:03:42.5087415Z Unsupported platform for @next/swc-win32-x64-msvc@16.3.8: wanted {"cpu":["x64"],"os":["win32"],"libc":["any"]} (current: {"os":"linux","cpu":"x64","libc":"glibc"})
2026-10-09T23:03:42.5091923Z Unsupported platform for fsevents@2.3.3: wanted {"cpu":["any"],"os":["darwin"],"libc":["any"]} (current: {"os":"linux","cpu":"x64","libc":"glibc"})
2026-10-09T23:03:42.5102305Z Unsupported platform for @img/sharp-darwin-arm64@0.35.5: wanted {"cpu":["arm64"],"os":["darwin"],"libc":["any"]} (current: {"os":"linux","cpu":"x64","libc":"glibc"})
2026-10-09T23:03:42.5104851Z Unsupported platform for @img/sharp-darwin-x64@0.35.5: wanted {"cpu":["x64"],"os":["darwin"],"libc":["any"]} (current: {"os":"linux","cpu":"x64","libc":"glibc"})
2026-10-09T23:03:42.5107490Z Unsupported platform for @img/sharp-freebsd-wasm32@0.35.5: wanted {"cpu":["wasm32"],"os":["freebsd"],"libc":["any"]} (current: {"os":"linux","cpu":"x64","libc":"glibc"})
2026-10-09T23:03:42.5113890Z Unsupported platform for @img/sharp-libvips-darwin-arm64@1.3.4: wanted {"cpu":["arm64"],"os":["darwin"],"libc":["any"]} (current: {"os":"linux","cpu":"x64","libc":"glibc"})
2026-10-09T23:03:42.5116494Z Unsupported platform for @img/sharp-libvips-darwin-x64@1.3.4: wanted {"cpu":["x64"],"os":["darwin"],"libc":["any"]} (current: {"os":"linux","cpu":"x64","libc":"glibc"})
2026-10-09T23:03:42.5119047Z Unsupported platform for @img/sharp-libvips-linux-arm@1.3.4: wanted {"cpu":["arm"],"os":["linux"],"libc":["glibc"]} (current: {"os":"linux","cpu":"x64","libc":"glibc"})
2026-10-09T23:03:42.5121925Z Unsupported platform for @img/sharp-libvips-linux-arm64@1.3.4: wanted {"cpu":["arm64"],"os":["linux"],"libc":["glibc"]} (current: {"os":"linux","cpu":"x64","libc":"glibc"})
2026-10-09T23:03:42.5124615Z Unsupported platform for @img/sharp-libvips-linux-ppc64@1.3.4: wanted {"cpu":["ppc64"],"os":["linux"],"libc":["glibc"]} (current: {"os":"linux","cpu":"x64","libc":"glibc"})
2026-10-09T23:03:42.5127705Z Unsupported platform for @img/sharp-libvips-linux-riscv64@1.3.4: wanted {"cpu":["riscv64"],"os":["linux"],"libc":["glibc"]} (current: {"os":"linux","cpu":"x64","libc":"glibc"})
2026-10-09T23:03:42.5130961Z Unsupported platform for @img/sharp-libvips-linux-s390x@1.3.4: wanted {"cpu":["s390x"],"os":["linux"],"libc":["glibc"]} (current: {"os":"linux","cpu":"x64","libc":"glibc"})
2026-10-09T23:03:42.5133712Z Unsupported platform for @img/sharp-libvips-linuxmusl-arm64@1.3.4: wanted {"cpu":["arm64"],"os":["linux"],"libc":["musl"]} (current: {"os":"linux","cpu":"x64","libc":"glibc"})
2026-10-09T23:03:42.5136538Z Unsupported platform for @img/sharp-libvips-linuxmusl-x64@1.3.4: wanted {"cpu":["x64"],"os":["linux"],"libc":["musl"]} (current: {"os":"linux","cpu":"x64","libc":"glibc"})
2026-10-09T23:03:42.5139636Z Unsupported platform for @img/sharp-linux-arm@0.35.5: wanted {"cpu":["arm"],"os":["linux"],"libc":["glibc"]} (current: {"os":"linux","cpu":"x64","libc":"glibc"})
2026-10-09T23:03:42.5142560Z Unsupported platform for @img/sharp-linux-arm64@0.35.5: wanted {"cpu":["arm64"],"os":["linux"],"libc":["glibc"]} (current: {"os":"linux","cpu":"x64","libc":"glibc"})
2026-10-09T23:03:42.5145254Z Unsupported platform for @img/sharp-linux-ppc64@0.35.5: wanted {"cpu":["ppc64"],"os":["linux"],"libc":["glibc"]} (current: {"os":"linux","cpu":"x64","libc":"glibc"})
2026-10-09T23:03:42.5162548Z Unsupported platform for @img/sharp-linux-riscv64@0.35.5: wanted {"cpu":["riscv64"],"os":["linux"],"libc":["glibc"]} (current: {"os":"linux","cpu":"x64","libc":"glibc"})
2026-10-09T23:03:42.5164872Z Unsupported platform for @img/sharp-linux-s390x@0.35.5: wanted {"cpu":["s390x"],"os":["linux"],"libc":["glibc"]} (current: {"os":"linux","cpu":"x64","libc":"glibc"})
2026-10-09T23:03:42.5172200Z Unsupported platform for @img/sharp-linuxmusl-arm64@0.35.5: wanted {"cpu":["arm64"],"os":["linux"],"libc":["musl"]} (current: {"os":"linux","cpu":"x64","libc":"glibc"})
2026-10-09T23:03:42.5191178Z Unsupported platform for @img/sharp-linuxmusl-x64@0.35.5: wanted {"cpu":["x64"],"os":["linux"],"libc":["musl"]} (current: {"os":"linux","cpu":"x64","libc":"glibc"})
2026-10-09T23:03:42.5193368Z Unsupported platform for @img/sharp-webcontainers-wasm32@0.35.5: wanted {"cpu":["wasm32"],"os":["any"],"libc":["any"]} (current: {"os":"linux","cpu":"x64","libc":"glibc"})
2026-10-09T23:03:42.5195681Z Unsupported platform for @img/sharp-win32-arm64@0.35.5: wanted {"cpu":["arm64"],"os":["win32"],"libc":["any"]} (current: {"os":"linux","cpu":"x64","libc":"glibc"})
2026-10-09T23:03:42.5197682Z Unsupported platform for @img/sharp-win32-ia32@0.35.5: wanted {"cpu":["ia32"],"os":["win32"],"libc":["any"]} (current: {"os":"linux","cpu":"x64","libc":"glibc"})
2026-10-09T23:03:42.5199692Z Unsupported platform for @img/sharp-win32-x64@0.35.5: wanted {"cpu":["x64"],"os":["win32"],"libc":["any"]} (current: {"os":"linux","cpu":"x64","libc":"glibc"})
2026-10-09T23:03:42.5202164Z Unsupported platform for @tailwindcss/oxide-android-arm64@4.2.1: wanted {"cpu":["arm64"],"os":["android"],"libc":["any"]} (current: {"os":"linux","cpu":"x64","libc":"glibc"})
2026-10-09T23:03:42.5212852Z Unsupported platform for @tailwindcss/oxide-darwin-arm64@4.2.1: wanted {"cpu":["arm64"],"os":["darwin"],"libc":["any"]} (current: {"os":"linux","cpu":"x64","libc":"glibc"})
2026-10-09T23:03:42.5215244Z Unsupported platform for @tailwindcss/oxide-darwin-x64@4.2.1: wanted {"cpu":["x64"],"os":["darwin"],"libc":["any"]} (current: {"os":"linux","cpu":"x64","libc":"glibc"})
2026-10-09T23:03:42.5218029Z Unsupported platform for @tailwindcss/oxide-freebsd-x64@4.2.1: wanted {"cpu":["x64"],"os":["freebsd"],"libc":["any"]} (current: {"os":"linux","cpu":"x64","libc":"glibc"})
2026-10-09T23:03:42.5220820Z Unsupported platform for @tailwindcss/oxide-linux-arm-gnueabihf@4.2.1: wanted {"cpu":["arm"],"os":["linux"],"libc":["glibc"]} (current: {"os":"linux","cpu":"x64","libc":"glibc"})
2026-10-09T23:03:42.5223331Z Unsupported platform for @tailwindcss/oxide-linux-arm64-gnu@4.2.1: wanted {"cpu":["arm64"],"os":["linux"],"libc":["glibc"]} (current: {"os":"linux","cpu":"x64","libc":"glibc"})
2026-10-09T23:03:42.5226087Z Unsupported platform for @tailwindcss/oxide-linux-arm64-musl@4.2.1: wanted {"cpu":["arm64"],"os":["linux"],"libc":["musl"]} (current: {"os":"linux","cpu":"x64","libc":"glibc"})
2026-10-09T23:03:42.5228783Z Unsupported platform for @tailwindcss/oxide-linux-x64-musl@4.2.1: wanted {"cpu":["x64"],"os":["linux"],"libc":["musl"]} (current: {"os":"linux","cpu":"x64","libc":"glibc"})
2026-10-09T23:03:42.5231484Z Unsupported platform for @tailwindcss/oxide-wasm32-wasi@4.2.1: wanted {"cpu":["wasm32"],"os":["any"],"libc":["any"]} (current: {"os":"linux","cpu":"x64","libc":"glibc"})
2026-10-09T23:03:42.5233828Z Unsupported platform for @tailwindcss/oxide-win32-arm64-msvc@4.2.1: wanted {"cpu":["arm64"],"os":["win32"],"libc":["any"]} (current: {"os":"linux","cpu":"x64","libc":"glibc"})
2026-10-09T23:03:42.5236149Z Unsupported platform for @tailwindcss/oxide-win32-x64-msvc@4.2.1: wanted {"cpu":["x64"],"os":["win32"],"libc":["any"]} (current: {"os":"linux","cpu":"x64","libc":"glibc"})
2026-10-09T23:03:42.5238322Z Unsupported platform for @esbuild/aix-ppc64@0.25.12: wanted {"cpu":["ppc64"],"os":["aix"],"libc":["any"]} (current: {"os":"linux","cpu":"x64","libc":"glibc"})
2026-10-09T23:03:42.5241588Z Unsupported platform for @esbuild/android-arm@0.25.12: wanted {"cpu":["arm"],"os":["android"],"libc":["any"]} (current: {"os":"linux","cpu":"x64","libc":"glibc"})
2026-10-09T23:03:42.5243855Z Unsupported platform for @esbuild/android-arm64@0.25.12: wanted {"cpu":["arm64"],"os":["android"],"libc":["any"]} (current: {"os":"linux","cpu":"x64","libc":"glibc"})
2026-10-09T23:03:42.5255219Z Unsupported platform for @esbuild/android-x64@0.25.12: wanted {"cpu":["x64"],"os":["android"],"libc":["any"]} (current: {"os":"linux","cpu":"x64","libc":"glibc"})
2026-10-09T23:03:42.5257416Z Unsupported platform for @esbuild/darwin-arm64@0.25.12: wanted {"cpu":["arm64"],"os":["darwin"],"libc":["any"]} (current: {"os":"linux","cpu":"x64","libc":"glibc"})
2026-10-09T23:03:42.5267760Z Unsupported platform for @esbuild/darwin-x64@0.25.12: wanted {"cpu":["x64"],"os":["darwin"],"libc":["any"]} (current: {"os":"linux","cpu":"x64","libc":"glibc"})
2026-10-09T23:03:42.5270042Z Unsupported platform for @esbuild/freebsd-arm64@0.25.12: wanted {"cpu":["arm64"],"os":["freebsd"],"libc":["any"]} (current: {"os":"linux","cpu":"x64","libc":"glibc"})
2026-10-09T23:03:42.5272580Z Unsupported platform for @esbuild/freebsd-x64@0.25.12: wanted {"cpu":["x64"],"os":["freebsd"],"libc":["any"]} (current: {"os":"linux","cpu":"x64","libc":"glibc"})
2026-10-09T23:03:42.5274742Z Unsupported platform for @esbuild/linux-arm@0.25.12: wanted {"cpu":["arm"],"os":["linux"],"libc":["any"]} (current: {"os":"linux","cpu":"x64","libc":"glibc"})
2026-10-09T23:03:42.5276872Z Unsupported platform for @esbuild/linux-arm64@0.25.12: wanted {"cpu":["arm64"],"os":["linux"],"libc":["any"]} (current: {"os":"linux","cpu":"x64","libc":"glibc"})
2026-10-09T23:03:42.5279062Z Unsupported platform for @esbuild/linux-ia32@0.25.12: wanted {"cpu":["ia32"],"os":["linux"],"libc":["any"]} (current: {"os":"linux","cpu":"x64","libc":"glibc"})
2026-10-09T23:03:42.5281547Z Unsupported platform for @esbuild/linux-loong64@0.25.12: wanted {"cpu":["loong64"],"os":["linux"],"libc":["any"]} (current: {"os":"linux","cpu":"x64","libc":"glibc"})
2026-10-09T23:03:42.5283841Z Unsupported platform for @esbuild/linux-mips64el@0.25.12: wanted {"cpu":["mips64el"],"os":["linux"],"libc":["any"]} (current: {"os":"linux","cpu":"x64","libc":"glibc"})
2026-10-09T23:03:42.5285978Z Unsupported platform for @esbuild/linux-ppc64@0.25.12: wanted {"cpu":["ppc64"],"os":["linux"],"libc":["any"]} (current: {"os":"linux","cpu":"x64","libc":"glibc"})
2026-10-09T23:03:42.5288174Z Unsupported platform for @esbuild/linux-riscv64@0.25.12: wanted {"cpu":["riscv64"],"os":["linux"],"libc":["any"]} (current: {"os":"linux","cpu":"x64","libc":"glibc"})
2026-10-09T23:03:42.5290634Z Unsupported platform for @esbuild/linux-s390x@0.25.12: wanted {"cpu":["s390x"],"os":["linux"],"libc":["any"]} (current: {"os":"linux","cpu":"x64","libc":"glibc"})
2026-10-09T23:03:42.5294202Z Unsupported platform for @esbuild/netbsd-arm64@0.25.12: wanted {"cpu":["arm64"],"os":["netbsd"],"libc":["any"]} (current: {"os":"linux","cpu":"x64","libc":"glibc"})
2026-10-09T23:03:42.5296617Z Unsupported platform for @esbuild/netbsd-x64@0.25.12: wanted {"cpu":["x64"],"os":["netbsd"],"libc":["any"]} (current: {"os":"linux","cpu":"x64","libc":"glibc"})
2026-10-09T23:03:42.5298812Z Unsupported platform for @esbuild/openbsd-arm64@0.25.12: wanted {"cpu":["arm64"],"os":["openbsd"],"libc":["any"]} (current: {"os":"linux","cpu":"x64","libc":"glibc"})
2026-10-09T23:03:42.5302491Z Unsupported platform for @esbuild/openbsd-x64@0.25.12: wanted {"cpu":["x64"],"os":["openbsd"],"libc":["any"]} (current: {"os":"linux","cpu":"x64","libc":"glibc"})
2026-10-09T23:03:42.5304802Z Unsupported platform for @esbuild/openharmony-arm64@0.25.12: wanted {"cpu":["arm64"],"os":["openharmony"],"libc":["any"]} (current: {"os":"linux","cpu":"x64","libc":"glibc"})
2026-10-09T23:03:42.5307334Z Unsupported platform for @esbuild/sunos-x64@0.25.12: wanted {"cpu":["x64"],"os":["sunos"],"libc":["any"]} (current: {"os":"linux","cpu":"x64","libc":"glibc"})
2026-10-09T23:03:42.5309420Z Unsupported platform for @esbuild/win32-arm64@0.25.12: wanted {"cpu":["arm64"],"os":["win32"],"libc":["any"]} (current: {"os":"linux","cpu":"x64","libc":"glibc"})
2026-10-09T23:03:42.5311755Z Unsupported platform for @esbuild/win32-ia32@0.25.12: wanted {"cpu":["ia32"],"os":["win32"],"libc":["any"]} (current: {"os":"linux","cpu":"x64","libc":"glibc"})
2026-10-09T23:03:42.5313922Z Unsupported platform for @esbuild/win32-x64@0.25.12: wanted {"cpu":["x64"],"os":["win32"],"libc":["any"]} (current: {"os":"linux","cpu":"x64","libc":"glibc"})
2026-10-09T23:03:42.5316121Z Unsupported platform for lightningcss-android-arm64@1.32.0: wanted {"cpu":["arm64"],"os":["android"],"libc":["any"]} (current: {"os":"linux","cpu":"x64","libc":"glibc"})
2026-10-09T23:03:42.5318430Z Unsupported platform for lightningcss-darwin-arm64@1.32.0: wanted {"cpu":["arm64"],"os":["darwin"],"libc":["any"]} (current: {"os":"linux","cpu":"x64","libc":"glibc"})
2026-10-09T23:03:42.5321264Z Unsupported platform for lightningcss-darwin-x64@1.32.0: wanted {"cpu":["x64"],"os":["darwin"],"libc":["any"]} (current: {"os":"linux","cpu":"x64","libc":"glibc"})
2026-10-09T23:03:42.5323507Z Unsupported platform for lightningcss-freebsd-x64@1.32.0: wanted {"cpu":["x64"],"os":["freebsd"],"libc":["any"]} (current: {"os":"linux","cpu":"x64","libc":"glibc"})
2026-10-09T23:03:42.5325874Z Unsupported platform for lightningcss-linux-arm-gnueabihf@1.32.0: wanted {"cpu":["arm"],"os":["linux"],"libc":["glibc"]} (current: {"os":"linux","cpu":"x64","libc":"glibc"})
2026-10-09T23:03:42.5328263Z Unsupported platform for lightningcss-linux-arm64-gnu@1.32.0: wanted {"cpu":["arm64"],"os":["linux"],"libc":["glibc"]} (current: {"os":"linux","cpu":"x64","libc":"glibc"})
2026-10-09T23:03:42.5330838Z Unsupported platform for lightningcss-linux-arm64-musl@1.32.0: wanted {"cpu":["arm64"],"os":["linux"],"libc":["musl"]} (current: {"os":"linux","cpu":"x64","libc":"glibc"})
2026-10-09T23:03:42.5333141Z Unsupported platform for lightningcss-linux-x64-musl@1.32.0: wanted {"cpu":["x64"],"os":["linux"],"libc":["musl"]} (current: {"os":"linux","cpu":"x64","libc":"glibc"})
2026-10-09T23:03:42.5335452Z Unsupported platform for lightningcss-win32-arm64-msvc@1.32.0: wanted {"cpu":["arm64"],"os":["win32"],"libc":["any"]} (current: {"os":"linux","cpu":"x64","libc":"glibc"})
2026-10-09T23:03:42.5337741Z Unsupported platform for lightningcss-win32-x64-msvc@1.32.0: wanted {"cpu":["x64"],"os":["win32"],"libc":["any"]} (current: {"os":"linux","cpu":"x64","libc":"glibc"})
2026-10-09T23:03:42.5340371Z Unsupported platform for @rolldown/binding-android-arm64@1.0.3: wanted {"cpu":["arm64"],"os":["android"],"libc":["any"]} (current: {"os":"linux","cpu":"x64","libc":"glibc"})
2026-10-09T23:03:42.5342803Z Unsupported platform for @rolldown/binding-darwin-arm64@1.0.3: wanted {"cpu":["arm64"],"os":["darwin"],"libc":["any"]} (current: {"os":"linux","cpu":"x64","libc":"glibc"})
2026-10-09T23:03:42.5345375Z Unsupported platform for @rolldown/binding-darwin-x64@1.0.3: wanted {"cpu":["x64"],"os":["darwin"],"libc":["any"]} (current: {"os":"linux","cpu":"x64","libc":"glibc"})
2026-10-09T23:03:42.5347951Z Unsupported platform for @rolldown/binding-freebsd-x64@1.0.3: wanted {"cpu":["x64"],"os":["freebsd"],"libc":["any"]} (current: {"os":"linux","cpu":"x64","libc":"glibc"})
2026-10-09T23:03:42.5350810Z Unsupported platform for @rolldown/binding-linux-arm-gnueabihf@1.0.3: wanted {"cpu":["arm"],"os":["linux"],"libc":["glibc"]} (current: {"os":"linux","cpu":"x64","libc":"glibc"})
2026-10-09T23:03:42.5353235Z Unsupported platform for @rolldown/binding-linux-arm64-gnu@1.0.3: wanted {"cpu":["arm64"],"os":["linux"],"libc":["glibc"]} (current: {"os":"linux","cpu":"x64","libc":"glibc"})
2026-10-09T23:03:42.5370690Z Unsupported platform for @rolldown/binding-linux-arm64-musl@1.0.3: wanted {"cpu":["arm64"],"os":["linux"],"libc":["musl"]} (current: {"os":"linux","cpu":"x64","libc":"glibc"})
2026-10-09T23:03:42.5373197Z Unsupported platform for @rolldown/binding-linux-ppc64-gnu@1.0.3: wanted {"cpu":["ppc64"],"os":["linux"],"libc":["glibc"]} (current: {"os":"linux","cpu":"x64","libc":"glibc"})
2026-10-09T23:03:42.5375544Z Unsupported platform for @rolldown/binding-linux-s390x-gnu@1.0.3: wanted {"cpu":["s390x"],"os":["linux"],"libc":["glibc"]} (current: {"os":"linux","cpu":"x64","libc":"glibc"})
2026-10-09T23:03:42.5378071Z Unsupported platform for @rolldown/binding-linux-x64-musl@1.0.3: wanted {"cpu":["x64"],"os":["linux"],"libc":["musl"]} (current: {"os":"linux","cpu":"x64","libc":"glibc"})
2026-10-09T23:03:42.5380710Z Unsupported platform for @rolldown/binding-openharmony-arm64@1.0.3: wanted {"cpu":["arm64"],"os":["openharmony"],"libc":["any"]} (current: {"os":"linux","cpu":"x64","libc":"glibc"})
2026-10-09T23:03:42.5383100Z Unsupported platform for @rolldown/binding-wasm32-wasi@1.0.3: wanted {"cpu":["wasm32"],"os":["any"],"libc":["any"]} (current: {"os":"linux","cpu":"x64","libc":"glibc"})
2026-10-09T23:03:42.5385432Z Unsupported platform for @rolldown/binding-win32-arm64-msvc@1.0.3: wanted {"cpu":["arm64"],"os":["win32"],"libc":["any"]} (current: {"os":"linux","cpu":"x64","libc":"glibc"})
2026-10-09T23:03:42.5387705Z Unsupported platform for @rolldown/binding-win32-x64-msvc@1.0.3: wanted {"cpu":["x64"],"os":["win32"],"libc":["any"]} (current: {"os":"linux","cpu":"x64","libc":"glibc"})
2026-10-09T23:03:42.5389878Z Unsupported platform for @esbuild/aix-ppc64@0.28.1: wanted {"cpu":["ppc64"],"os":["aix"],"libc":["any"]} (current: {"os":"linux","cpu":"x64","libc":"glibc"})
2026-10-09T23:03:42.5392374Z Unsupported platform for @esbuild/android-arm@0.28.1: wanted {"cpu":["arm"],"os":["android"],"libc":["any"]} (current: {"os":"linux","cpu":"x64","libc":"glibc"})
2026-10-09T23:03:42.5394551Z Unsupported platform for @esbuild/android-arm64@0.28.1: wanted {"cpu":["arm64"],"os":["android"],"libc":["any"]} (current: {"os":"linux","cpu":"x64","libc":"glibc"})
2026-10-09T23:03:42.5396597Z Unsupported platform for @esbuild/android-x64@0.28.1: wanted {"cpu":["x64"],"os":["android"],"libc":["any"]} (current: {"os":"linux","cpu":"x64","libc":"glibc"})
2026-10-09T23:03:42.5398670Z Unsupported platform for @esbuild/darwin-arm64@0.28.1: wanted {"cpu":["arm64"],"os":["darwin"],"libc":["any"]} (current: {"os":"linux","cpu":"x64","libc":"glibc"})
2026-10-09T23:03:42.5401695Z Unsupported platform for @esbuild/darwin-x64@0.28.1: wanted {"cpu":["x64"],"os":["darwin"],"libc":["any"]} (current: {"os":"linux","cpu":"x64","libc":"glibc"})
2026-10-09T23:03:42.5404322Z Unsupported platform for @esbuild/freebsd-arm64@0.28.1: wanted {"cpu":["arm64"],"os":["freebsd"],"libc":["any"]} (current: {"os":"linux","cpu":"x64","libc":"glibc"})
2026-10-09T23:03:42.5406495Z Unsupported platform for @esbuild/freebsd-x64@0.28.1: wanted {"cpu":["x64"],"os":["freebsd"],"libc":["any"]} (current: {"os":"linux","cpu":"x64","libc":"glibc"})
2026-10-09T23:03:42.5408732Z Unsupported platform for @esbuild/linux-arm@0.28.1: wanted {"cpu":["arm"],"os":["linux"],"libc":["any"]} (current: {"os":"linux","cpu":"x64","libc":"glibc"})
2026-10-09T23:03:42.5411165Z Unsupported platform for @esbuild/linux-arm64@0.28.1: wanted {"cpu":["arm64"],"os":["linux"],"libc":["any"]} (current: {"os":"linux","cpu":"x64","libc":"glibc"})
2026-10-09T23:03:42.5413520Z Unsupported platform for @esbuild/linux-ia32@0.28.1: wanted {"cpu":["ia32"],"os":["linux"],"libc":["any"]} (current: {"os":"linux","cpu":"x64","libc":"glibc"})
2026-10-09T23:03:42.5415828Z Unsupported platform for @esbuild/linux-loong64@0.28.1: wanted {"cpu":["loong64"],"os":["linux"],"libc":["any"]} (current: {"os":"linux","cpu":"x64","libc":"glibc"})
2026-10-09T23:03:42.5418177Z Unsupported platform for @esbuild/linux-mips64el@0.28.1: wanted {"cpu":["mips64el"],"os":["linux"],"libc":["any"]} (current: {"os":"linux","cpu":"x64","libc":"glibc"})
2026-10-09T23:03:42.5420493Z Unsupported platform for @esbuild/linux-ppc64@0.28.1: wanted {"cpu":["ppc64"],"os":["linux"],"libc":["any"]} (current: {"os":"linux","cpu":"x64","libc":"glibc"})
2026-10-09T23:03:42.5422544Z Unsupported platform for @esbuild/linux-riscv64@0.28.1: wanted {"cpu":["riscv64"],"os":["linux"],"libc":["any"]} (current: {"os":"linux","cpu":"x64","libc":"glibc"})
2026-10-09T23:03:42.5432411Z Unsupported platform for @esbuild/linux-s390x@0.28.1: wanted {"cpu":["s390x"],"os":["linux"],"libc":["any"]} (current: {"os":"linux","cpu":"x64","libc":"glibc"})
2026-10-09T23:03:42.5434611Z Unsupported platform for @esbuild/netbsd-arm64@0.28.1: wanted {"cpu":["arm64"],"os":["netbsd"],"libc":["any"]} (current: {"os":"linux","cpu":"x64","libc":"glibc"})
2026-10-09T23:03:42.5436702Z Unsupported platform for @esbuild/netbsd-x64@0.28.1: wanted {"cpu":["x64"],"os":["netbsd"],"libc":["any"]} (current: {"os":"linux","cpu":"x64","libc":"glibc"})
2026-10-09T23:03:42.5439107Z Unsupported platform for @esbuild/openbsd-arm64@0.28.1: wanted {"cpu":["arm64"],"os":["openbsd"],"libc":["any"]} (current: {"os":"linux","cpu":"x64","libc":"glibc"})
2026-10-09T23:03:42.5441361Z Unsupported platform for @esbuild/openbsd-x64@0.28.1: wanted {"cpu":["x64"],"os":["openbsd"],"libc":["any"]} (current: {"os":"linux","cpu":"x64","libc":"glibc"})
2026-10-09T23:03:42.5443423Z Unsupported platform for @esbuild/openharmony-arm64@0.28.1: wanted {"cpu":["arm64"],"os":["openharmony"],"libc":["any"]} (current: {"os":"linux","cpu":"x64","libc":"glibc"})
2026-10-09T23:03:42.5445492Z Unsupported platform for @esbuild/sunos-x64@0.28.1: wanted {"cpu":["x64"],"os":["sunos"],"libc":["any"]} (current: {"os":"linux","cpu":"x64","libc":"glibc"})
2026-10-09T23:03:42.5447826Z Unsupported platform for @esbuild/win32-arm64@0.28.1: wanted {"cpu":["arm64"],"os":["win32"],"libc":["any"]} (current: {"os":"linux","cpu":"x64","libc":"glibc"})
2026-10-09T23:03:42.5449855Z Unsupported platform for @esbuild/win32-ia32@0.28.1: wanted {"cpu":["ia32"],"os":["win32"],"libc":["any"]} (current: {"os":"linux","cpu":"x64","libc":"glibc"})
2026-10-09T23:03:42.5452047Z Unsupported platform for @esbuild/win32-x64@0.28.1: wanted {"cpu":["x64"],"os":["win32"],"libc":["any"]} (current: {"os":"linux","cpu":"x64","libc":"glibc"})
2026-10-09T23:03:42.5454062Z Unsupported platform for @cloudflare/workerd-darwin-64@1.20260515.1: wanted {"cpu":["x64"],"os":["darwin"],"libc":["any"]} (current: {"os":"linux","cpu":"x64","libc":"glibc"})
2026-10-09T23:03:42.5456318Z Unsupported platform for @cloudflare/workerd-darwin-arm64@1.20260515.1: wanted {"cpu":["arm64"],"os":["darwin"],"libc":["any"]} (current: {"os":"linux","cpu":"x64","libc":"glibc"})
2026-10-09T23:03:42.5458666Z Unsupported platform for @cloudflare/workerd-linux-arm64@1.20260515.1: wanted {"cpu":["arm64"],"os":["linux"],"libc":["any"]} (current: {"os":"linux","cpu":"x64","libc":"glibc"})
2026-10-09T23:03:42.5461855Z Unsupported platform for @cloudflare/workerd-windows-64@1.20260515.1: wanted {"cpu":["x64"],"os":["win32"],"libc":["any"]} (current: {"os":"linux","cpu":"x64","libc":"glibc"})
2026-10-09T23:03:42.5464096Z Unsupported platform for lightningcss-android-arm64@1.31.1: wanted {"cpu":["arm64"],"os":["android"],"libc":["any"]} (current: {"os":"linux","cpu":"x64","libc":"glibc"})
2026-10-09T23:03:42.5466658Z Unsupported platform for lightningcss-darwin-arm64@1.31.1: wanted {"cpu":["arm64"],"os":["darwin"],"libc":["any"]} (current: {"os":"linux","cpu":"x64","libc":"glibc"})
2026-10-09T23:03:42.5468825Z Unsupported platform for lightningcss-darwin-x64@1.31.1: wanted {"cpu":["x64"],"os":["darwin"],"libc":["any"]} (current: {"os":"linux","cpu":"x64","libc":"glibc"})
2026-10-09T23:03:42.5472143Z Unsupported platform for lightningcss-freebsd-x64@1.31.1: wanted {"cpu":["x64"],"os":["freebsd"],"libc":["any"]} (current: {"os":"linux","cpu":"x64","libc":"glibc"})
2026-10-09T23:03:42.5501216Z Unsupported platform for lightningcss-linux-arm-gnueabihf@1.31.1: wanted {"cpu":["arm"],"os":["linux"],"libc":["glibc"]} (current: {"os":"linux","cpu":"x64","libc":"glibc"})
2026-10-09T23:03:42.5503465Z Unsupported platform for lightningcss-linux-arm64-gnu@1.31.1: wanted {"cpu":["arm64"],"os":["linux"],"libc":["glibc"]} (current: {"os":"linux","cpu":"x64","libc":"glibc"})
2026-10-09T23:03:42.5505793Z Unsupported platform for lightningcss-linux-arm64-musl@1.31.1: wanted {"cpu":["arm64"],"os":["linux"],"libc":["musl"]} (current: {"os":"linux","cpu":"x64","libc":"glibc"})
2026-10-09T23:03:42.5508082Z Unsupported platform for lightningcss-linux-x64-musl@1.31.1: wanted {"cpu":["x64"],"os":["linux"],"libc":["musl"]} (current: {"os":"linux","cpu":"x64","libc":"glibc"})
2026-10-09T23:03:42.5510603Z Unsupported platform for lightningcss-win32-arm64-msvc@1.31.1: wanted {"cpu":["arm64"],"os":["win32"],"libc":["any"]} (current: {"os":"linux","cpu":"x64","libc":"glibc"})
2026-10-09T23:03:42.5512901Z Unsupported platform for lightningcss-win32-x64-msvc@1.31.1: wanted {"cpu":["x64"],"os":["win32"],"libc":["any"]} (current: {"os":"linux","cpu":"x64","libc":"glibc"})
2026-10-09T23:03:42.5515335Z Unsupported platform for @unrs/resolver-binding-android-arm-eabi@1.11.1: wanted {"cpu":["arm"],"os":["android"],"libc":["any"]} (current: {"os":"linux","cpu":"x64","libc":"glibc"})
2026-10-09T23:03:42.5517869Z Unsupported platform for @unrs/resolver-binding-android-arm64@1.11.1: wanted {"cpu":["arm64"],"os":["android"],"libc":["any"]} (current: {"os":"linux","cpu":"x64","libc":"glibc"})
2026-10-09T23:03:42.5520549Z Unsupported platform for @unrs/resolver-binding-darwin-arm64@1.11.1: wanted {"cpu":["arm64"],"os":["darwin"],"libc":["any"]} (current: {"os":"linux","cpu":"x64","libc":"glibc"})
2026-10-09T23:03:42.5521897Z Unsupported platform for @unrs/resolver-binding-darwin-x64@1.11.1: wanted {"cpu":["x64"],"os":["darwin"],"libc":["any"]} (current: {"os":"linux","cpu":"x64","libc":"glibc"})
2026-10-09T23:03:42.5523139Z Unsupported platform for @unrs/resolver-binding-freebsd-x64@1.11.1: wanted {"cpu":["x64"],"os":["freebsd"],"libc":["any"]} (current: {"os":"linux","cpu":"x64","libc":"glibc"})
2026-10-09T23:03:42.5524435Z Unsupported platform for @unrs/resolver-binding-linux-arm-gnueabihf@1.11.1: wanted {"cpu":["arm"],"os":["linux"],"libc":["glibc"]} (current: {"os":"linux","cpu":"x64","libc":"glibc"})
2026-10-09T23:03:42.5525814Z Unsupported platform for @unrs/resolver-binding-linux-arm-musleabihf@1.11.1: wanted {"cpu":["arm"],"os":["linux"],"libc":["musl"]} (current: {"os":"linux","cpu":"x64","libc":"glibc"})
2026-10-09T23:03:42.5527338Z Unsupported platform for @unrs/resolver-binding-linux-arm64-gnu@1.11.1: wanted {"cpu":["arm64"],"os":["linux"],"libc":["glibc"]} (current: {"os":"linux","cpu":"x64","libc":"glibc"})
2026-10-09T23:03:42.5528642Z Unsupported platform for @unrs/resolver-binding-linux-arm64-musl@1.11.1: wanted {"cpu":["arm64"],"os":["linux"],"libc":["musl"]} (current: {"os":"linux","cpu":"x64","libc":"glibc"})
2026-10-09T23:03:42.5529933Z Unsupported platform for @unrs/resolver-binding-linux-ppc64-gnu@1.11.1: wanted {"cpu":["ppc64"],"os":["linux"],"libc":["glibc"]} (current: {"os":"linux","cpu":"x64","libc":"glibc"})
2026-10-09T23:03:42.5531526Z Unsupported platform for @unrs/resolver-binding-linux-riscv64-gnu@1.11.1: wanted {"cpu":["riscv64"],"os":["linux"],"libc":["glibc"]} (current: {"os":"linux","cpu":"x64","libc":"glibc"})
2026-10-09T23:03:42.5533203Z Unsupported platform for @unrs/resolver-binding-linux-riscv64-musl@1.11.1: wanted {"cpu":["riscv64"],"os":["linux"],"libc":["musl"]} (current: {"os":"linux","cpu":"x64","libc":"glibc"})
2026-10-09T23:03:42.5534522Z Unsupported platform for @unrs/resolver-binding-linux-s390x-gnu@1.11.1: wanted {"cpu":["s390x"],"os":["linux"],"libc":["glibc"]} (current: {"os":"linux","cpu":"x64","libc":"glibc"})
2026-10-09T23:03:42.5535778Z Unsupported platform for @unrs/resolver-binding-linux-x64-musl@1.11.1: wanted {"cpu":["x64"],"os":["linux"],"libc":["musl"]} (current: {"os":"linux","cpu":"x64","libc":"glibc"})
2026-10-09T23:03:42.5537028Z Unsupported platform for @unrs/resolver-binding-wasm32-wasi@1.11.1: wanted {"cpu":["wasm32"],"os":["any"],"libc":["any"]} (current: {"os":"linux","cpu":"x64","libc":"glibc"})
2026-10-09T23:03:42.5538317Z Unsupported platform for @unrs/resolver-binding-win32-arm64-msvc@1.11.1: wanted {"cpu":["arm64"],"os":["win32"],"libc":["any"]} (current: {"os":"linux","cpu":"x64","libc":"glibc"})
2026-10-09T23:03:42.5539759Z Unsupported platform for @unrs/resolver-binding-win32-ia32-msvc@1.11.1: wanted {"cpu":["ia32"],"os":["win32"],"libc":["any"]} (current: {"os":"linux","cpu":"x64","libc":"glibc"})
2026-10-09T23:03:42.5541390Z Unsupported platform for @unrs/resolver-binding-win32-x64-msvc@1.11.1: wanted {"cpu":["x64"],"os":["win32"],"libc":["any"]} (current: {"os":"linux","cpu":"x64","libc":"glibc"})
2026-10-09T23:03:42.5671047Z Unsupported platform for @next/swc-darwin-arm64@16.3.8: wanted {"cpu":["arm64"],"os":["darwin"],"libc":["any"]} (current: {"os":"linux","cpu":"x64","libc":"glibc"})
2026-10-09T23:03:42.5673283Z Unsupported platform for @next/swc-darwin-x64@16.3.8: wanted {"cpu":["x64"],"os":["darwin"],"libc":["any"]} (current: {"os":"linux","cpu":"x64","libc":"glibc"})
2026-10-09T23:03:42.5675511Z Unsupported platform for @next/swc-linux-arm64-gnu@16.3.8: wanted {"cpu":["arm64"],"os":["linux"],"libc":["glibc"]} (current: {"os":"linux","cpu":"x64","libc":"glibc"})
2026-10-09T23:03:42.5677800Z Unsupported platform for @next/swc-linux-arm64-musl@16.3.8: wanted {"cpu":["arm64"],"os":["linux"],"libc":["musl"]} (current: {"os":"linux","cpu":"x64","libc":"glibc"})
2026-10-09T23:03:42.5679954Z Unsupported platform for @next/swc-linux-x64-musl@16.3.8: wanted {"cpu":["x64"],"os":["linux"],"libc":["musl"]} (current: {"os":"linux","cpu":"x64","libc":"glibc"})
2026-10-09T23:03:42.5682364Z Unsupported platform for @next/swc-win32-arm64-msvc@16.3.8: wanted {"cpu":["arm64"],"os":["win32"],"libc":["any"]} (current: {"os":"linux","cpu":"x64","libc":"glibc"})
2026-10-09T23:03:42.5684530Z Unsupported platform for @next/swc-win32-x64-msvc@16.3.8: wanted {"cpu":["x64"],"os":["win32"],"libc":["any"]} (current: {"os":"linux","cpu":"x64","libc":"glibc"})
2026-10-09T23:03:42.5701651Z Unsupported platform for fsevents@2.3.3: wanted {"cpu":["any"],"os":["darwin"],"libc":["any"]} (current: {"os":"linux","cpu":"x64","libc":"glibc"})
2026-10-09T23:03:42.5703806Z Unsupported platform for @img/sharp-darwin-arm64@0.35.5: wanted {"cpu":["arm64"],"os":["darwin"],"libc":["any"]} (current: {"os":"linux","cpu":"x64","libc":"glibc"})
2026-10-09T23:03:42.5705988Z Unsupported platform for @img/sharp-darwin-x64@0.35.5: wanted {"cpu":["x64"],"os":["darwin"],"libc":["any"]} (current: {"os":"linux","cpu":"x64","libc":"glibc"})
2026-10-09T23:03:42.5708170Z Unsupported platform for @img/sharp-freebsd-wasm32@0.35.5: wanted {"cpu":["wasm32"],"os":["freebsd"],"libc":["any"]} (current: {"os":"linux","cpu":"x64","libc":"glibc"})
2026-10-09T23:03:42.5721249Z Unsupported platform for @img/sharp-libvips-darwin-arm64@1.3.4: wanted {"cpu":["arm64"],"os":["darwin"],"libc":["any"]} (current: {"os":"linux","cpu":"x64","libc":"glibc"})
2026-10-09T23:03:42.5723624Z Unsupported platform for @img/sharp-libvips-darwin-x64@1.3.4: wanted {"cpu":["x64"],"os":["darwin"],"libc":["any"]} (current: {"os":"linux","cpu":"x64","libc":"glibc"})
2026-10-09T23:03:42.5726333Z Unsupported platform for @img/sharp-libvips-linux-arm@1.3.4: wanted {"cpu":["arm"],"os":["linux"],"libc":["glibc"]} (current: {"os":"linux","cpu":"x64","libc":"glibc"})
2026-10-09T23:03:42.5728872Z Unsupported platform for @img/sharp-libvips-linux-arm64@1.3.4: wanted {"cpu":["arm64"],"os":["linux"],"libc":["glibc"]} (current: {"os":"linux","cpu":"x64","libc":"glibc"})
2026-10-09T23:03:42.5731464Z Unsupported platform for @img/sharp-libvips-linux-ppc64@1.3.4: wanted {"cpu":["ppc64"],"os":["linux"],"libc":["glibc"]} (current: {"os":"linux","cpu":"x64","libc":"glibc"})
2026-10-09T23:03:42.5733875Z Unsupported platform for @img/sharp-libvips-linux-riscv64@1.3.4: wanted {"cpu":["riscv64"],"os":["linux"],"libc":["glibc"]} (current: {"os":"linux","cpu":"x64","libc":"glibc"})
2026-10-09T23:03:42.5736207Z Unsupported platform for @img/sharp-libvips-linux-s390x@1.3.4: wanted {"cpu":["s390x"],"os":["linux"],"libc":["glibc"]} (current: {"os":"linux","cpu":"x64","libc":"glibc"})
2026-10-09T23:03:42.5738533Z Unsupported platform for @img/sharp-libvips-linuxmusl-arm64@1.3.4: wanted {"cpu":["arm64"],"os":["linux"],"libc":["musl"]} (current: {"os":"linux","cpu":"x64","libc":"glibc"})
2026-10-09T23:03:42.5741103Z Unsupported platform for @img/sharp-libvips-linuxmusl-x64@1.3.4: wanted {"cpu":["x64"],"os":["linux"],"libc":["musl"]} (current: {"os":"linux","cpu":"x64","libc":"glibc"})
2026-10-09T23:03:42.5743333Z Unsupported platform for @img/sharp-linux-arm@0.35.5: wanted {"cpu":["arm"],"os":["linux"],"libc":["glibc"]} (current: {"os":"linux","cpu":"x64","libc":"glibc"})
2026-10-09T23:03:42.5745504Z Unsupported platform for @img/sharp-linux-arm64@0.35.5: wanted {"cpu":["arm64"],"os":["linux"],"libc":["glibc"]} (current: {"os":"linux","cpu":"x64","libc":"glibc"})
2026-10-09T23:03:42.5747687Z Unsupported platform for @img/sharp-linux-ppc64@0.35.5: wanted {"cpu":["ppc64"],"os":["linux"],"libc":["glibc"]} (current: {"os":"linux","cpu":"x64","libc":"glibc"})
2026-10-09T23:03:42.5749917Z Unsupported platform for @img/sharp-linux-riscv64@0.35.5: wanted {"cpu":["riscv64"],"os":["linux"],"libc":["glibc"]} (current: {"os":"linux","cpu":"x64","libc":"glibc"})
2026-10-09T23:03:42.5782804Z Unsupported platform for @img/sharp-linux-s390x@0.35.5: wanted {"cpu":["s390x"],"os":["linux"],"libc":["glibc"]} (current: {"os":"linux","cpu":"x64","libc":"glibc"})
2026-10-09T23:03:42.5785087Z Unsupported platform for @img/sharp-linuxmusl-arm64@0.35.5: wanted {"cpu":["arm64"],"os":["linux"],"libc":["musl"]} (current: {"os":"linux","cpu":"x64","libc":"glibc"})
2026-10-09T23:03:42.5787375Z Unsupported platform for @img/sharp-linuxmusl-x64@0.35.5: wanted {"cpu":["x64"],"os":["linux"],"libc":["musl"]} (current: {"os":"linux","cpu":"x64","libc":"glibc"})
2026-10-09T23:03:42.5789636Z Unsupported platform for @img/sharp-webcontainers-wasm32@0.35.5: wanted {"cpu":["wasm32"],"os":["any"],"libc":["any"]} (current: {"os":"linux","cpu":"x64","libc":"glibc"})
2026-10-09T23:03:42.5792160Z Unsupported platform for @img/sharp-win32-arm64@0.35.5: wanted {"cpu":["arm64"],"os":["win32"],"libc":["any"]} (current: {"os":"linux","cpu":"x64","libc":"glibc"})
2026-10-09T23:03:42.5794294Z Unsupported platform for @img/sharp-win32-ia32@0.35.5: wanted {"cpu":["ia32"],"os":["win32"],"libc":["any"]} (current: {"os":"linux","cpu":"x64","libc":"glibc"})
2026-10-09T23:03:42.5796390Z Unsupported platform for @img/sharp-win32-x64@0.35.5: wanted {"cpu":["x64"],"os":["win32"],"libc":["any"]} (current: {"os":"linux","cpu":"x64","libc":"glibc"})
2026-10-09T23:03:42.5799054Z Unsupported platform for @tailwindcss/oxide-android-arm64@4.2.1: wanted {"cpu":["arm64"],"os":["android"],"libc":["any"]} (current: {"os":"linux","cpu":"x64","libc":"glibc"})
2026-10-09T23:03:42.5801636Z Unsupported platform for @tailwindcss/oxide-darwin-arm64@4.2.1: wanted {"cpu":["arm64"],"os":["darwin"],"libc":["any"]} (current: {"os":"linux","cpu":"x64","libc":"glibc"})
2026-10-09T23:03:42.5803887Z Unsupported platform for @tailwindcss/oxide-darwin-x64@4.2.1: wanted {"cpu":["x64"],"os":["darwin"],"libc":["any"]} (current: {"os":"linux","cpu":"x64","libc":"glibc"})
2026-10-09T23:03:42.5806388Z Unsupported platform for @tailwindcss/oxide-freebsd-x64@4.2.1: wanted {"cpu":["x64"],"os":["freebsd"],"libc":["any"]} (current: {"os":"linux","cpu":"x64","libc":"glibc"})
2026-10-09T23:03:42.5808889Z Unsupported platform for @tailwindcss/oxide-linux-arm-gnueabihf@4.2.1: wanted {"cpu":["arm"],"os":["linux"],"libc":["glibc"]} (current: {"os":"linux","cpu":"x64","libc":"glibc"})
2026-10-09T23:03:42.5811600Z Unsupported platform for @tailwindcss/oxide-linux-arm64-gnu@4.2.1: wanted {"cpu":["arm64"],"os":["linux"],"libc":["glibc"]} (current: {"os":"linux","cpu":"x64","libc":"glibc"})
2026-10-09T23:03:42.5813718Z Unsupported platform for @tailwindcss/oxide-linux-arm64-musl@4.2.1: wanted {"cpu":["arm64"],"os":["linux"],"libc":["musl"]} (current: {"os":"linux","cpu":"x64","libc":"glibc"})
2026-10-09T23:03:42.5815950Z Unsupported platform for @tailwindcss/oxide-linux-x64-musl@4.2.1: wanted {"cpu":["x64"],"os":["linux"],"libc":["musl"]} (current: {"os":"linux","cpu":"x64","libc":"glibc"})
2026-10-09T23:03:42.5818080Z Unsupported platform for @tailwindcss/oxide-wasm32-wasi@4.2.1: wanted {"cpu":["wasm32"],"os":["any"],"libc":["any"]} (current: {"os":"linux","cpu":"x64","libc":"glibc"})
2026-10-09T23:03:42.5820573Z Unsupported platform for @tailwindcss/oxide-win32-arm64-msvc@4.2.1: wanted {"cpu":["arm64"],"os":["win32"],"libc":["any"]} (current: {"os":"linux","cpu":"x64","libc":"glibc"})
2026-10-09T23:03:42.5822709Z Unsupported platform for @tailwindcss/oxide-win32-x64-msvc@4.2.1: wanted {"cpu":["x64"],"os":["win32"],"libc":["any"]} (current: {"os":"linux","cpu":"x64","libc":"glibc"})
2026-10-09T23:03:42.5824760Z Unsupported platform for @esbuild/aix-ppc64@0.25.12: wanted {"cpu":["ppc64"],"os":["aix"],"libc":["any"]} (current: {"os":"linux","cpu":"x64","libc":"glibc"})
2026-10-09T23:03:42.5826662Z Unsupported platform for @esbuild/android-arm@0.25.12: wanted {"cpu":["arm"],"os":["android"],"libc":["any"]} (current: {"os":"linux","cpu":"x64","libc":"glibc"})
2026-10-09T23:03:42.5828764Z Unsupported platform for @esbuild/android-arm64@0.25.12: wanted {"cpu":["arm64"],"os":["android"],"libc":["any"]} (current: {"os":"linux","cpu":"x64","libc":"glibc"})
2026-10-09T23:03:42.5831155Z Unsupported platform for @esbuild/android-x64@0.25.12: wanted {"cpu":["x64"],"os":["android"],"libc":["any"]} (current: {"os":"linux","cpu":"x64","libc":"glibc"})
2026-10-09T23:03:42.5833275Z Unsupported platform for @esbuild/darwin-arm64@0.25.12: wanted {"cpu":["arm64"],"os":["darwin"],"libc":["any"]} (current: {"os":"linux","cpu":"x64","libc":"glibc"})
2026-10-09T23:03:42.5835471Z Unsupported platform for @esbuild/darwin-x64@0.25.12: wanted {"cpu":["x64"],"os":["darwin"],"libc":["any"]} (current: {"os":"linux","cpu":"x64","libc":"glibc"})
2026-10-09T23:03:42.5837513Z Unsupported platform for @esbuild/freebsd-arm64@0.25.12: wanted {"cpu":["arm64"],"os":["freebsd"],"libc":["any"]} (current: {"os":"linux","cpu":"x64","libc":"glibc"})
2026-10-09T23:03:42.5839636Z Unsupported platform for @esbuild/freebsd-x64@0.25.12: wanted {"cpu":["x64"],"os":["freebsd"],"libc":["any"]} (current: {"os":"linux","cpu":"x64","libc":"glibc"})
2026-10-09T23:03:42.5841973Z Unsupported platform for @esbuild/linux-arm@0.25.12: wanted {"cpu":["arm"],"os":["linux"],"libc":["any"]} (current: {"os":"linux","cpu":"x64","libc":"glibc"})
2026-10-09T23:03:42.5844041Z Unsupported platform for @esbuild/linux-arm64@0.25.12: wanted {"cpu":["arm64"],"os":["linux"],"libc":["any"]} (current: {"os":"linux","cpu":"x64","libc":"glibc"})
2026-10-09T23:03:42.5846120Z Unsupported platform for @esbuild/linux-ia32@0.25.12: wanted {"cpu":["ia32"],"os":["linux"],"libc":["any"]} (current: {"os":"linux","cpu":"x64","libc":"glibc"})
2026-10-09T23:03:42.5848216Z Unsupported platform for @esbuild/linux-loong64@0.25.12: wanted {"cpu":["loong64"],"os":["linux"],"libc":["any"]} (current: {"os":"linux","cpu":"x64","libc":"glibc"})
2026-10-09T23:03:42.5850686Z Unsupported platform for @esbuild/linux-mips64el@0.25.12: wanted {"cpu":["mips64el"],"os":["linux"],"libc":["any"]} (current: {"os":"linux","cpu":"x64","libc":"glibc"})
2026-10-09T23:03:42.5853329Z Unsupported platform for @esbuild/linux-ppc64@0.25.12: wanted {"cpu":["ppc64"],"os":["linux"],"libc":["any"]} (current: {"os":"linux","cpu":"x64","libc":"glibc"})
2026-10-09T23:03:42.5855511Z Unsupported platform for @esbuild/linux-riscv64@0.25.12: wanted {"cpu":["riscv64"],"os":["linux"],"libc":["any"]} (current: {"os":"linux","cpu":"x64","libc":"glibc"})
2026-10-09T23:03:42.5857667Z Unsupported platform for @esbuild/linux-s390x@0.25.12: wanted {"cpu":["s390x"],"os":["linux"],"libc":["any"]} (current: {"os":"linux","cpu":"x64","libc":"glibc"})
2026-10-09T23:03:42.5859733Z Unsupported platform for @esbuild/netbsd-arm64@0.25.12: wanted {"cpu":["arm64"],"os":["netbsd"],"libc":["any"]} (current: {"os":"linux","cpu":"x64","libc":"glibc"})
2026-10-09T23:03:42.5862021Z Unsupported platform for @esbuild/netbsd-x64@0.25.12: wanted {"cpu":["x64"],"os":["netbsd"],"libc":["any"]} (current: {"os":"linux","cpu":"x64","libc":"glibc"})
2026-10-09T23:03:42.5864121Z Unsupported platform for @esbuild/openbsd-arm64@0.25.12: wanted {"cpu":["arm64"],"os":["openbsd"],"libc":["any"]} (current: {"os":"linux","cpu":"x64","libc":"glibc"})
2026-10-09T23:03:42.5866349Z Unsupported platform for @esbuild/openbsd-x64@0.25.12: wanted {"cpu":["x64"],"os":["openbsd"],"libc":["any"]} (current: {"os":"linux","cpu":"x64","libc":"glibc"})
2026-10-09T23:03:42.5868594Z Unsupported platform for @esbuild/openharmony-arm64@0.25.12: wanted {"cpu":["arm64"],"os":["openharmony"],"libc":["any"]} (current: {"os":"linux","cpu":"x64","libc":"glibc"})
2026-10-09T23:03:42.5871234Z Unsupported platform for @esbuild/sunos-x64@0.25.12: wanted {"cpu":["x64"],"os":["sunos"],"libc":["any"]} (current: {"os":"linux","cpu":"x64","libc":"glibc"})
2026-10-09T23:03:42.5873402Z Unsupported platform for @esbuild/win32-arm64@0.25.12: wanted {"cpu":["arm64"],"os":["win32"],"libc":["any"]} (current: {"os":"linux","cpu":"x64","libc":"glibc"})
2026-10-09T23:03:42.5875568Z Unsupported platform for @esbuild/win32-ia32@0.25.12: wanted {"cpu":["ia32"],"os":["win32"],"libc":["any"]} (current: {"os":"linux","cpu":"x64","libc":"glibc"})
2026-10-09T23:03:42.5877694Z Unsupported platform for @esbuild/win32-x64@0.25.12: wanted {"cpu":["x64"],"os":["win32"],"libc":["any"]} (current: {"os":"linux","cpu":"x64","libc":"glibc"})
2026-10-09T23:03:42.5879917Z Unsupported platform for lightningcss-android-arm64@1.32.0: wanted {"cpu":["arm64"],"os":["android"],"libc":["any"]} (current: {"os":"linux","cpu":"x64","libc":"glibc"})
2026-10-09T23:03:42.5882505Z Unsupported platform for lightningcss-darwin-arm64@1.32.0: wanted {"cpu":["arm64"],"os":["darwin"],"libc":["any"]} (current: {"os":"linux","cpu":"x64","libc":"glibc"})
2026-10-09T23:03:42.5884770Z Unsupported platform for lightningcss-darwin-x64@1.32.0: wanted {"cpu":["x64"],"os":["darwin"],"libc":["any"]} (current: {"os":"linux","cpu":"x64","libc":"glibc"})
2026-10-09T23:03:42.5887122Z Unsupported platform for lightningcss-freebsd-x64@1.32.0: wanted {"cpu":["x64"],"os":["freebsd"],"libc":["any"]} (current: {"os":"linux","cpu":"x64","libc":"glibc"})
2026-10-09T23:03:42.5889532Z Unsupported platform for lightningcss-linux-arm-gnueabihf@1.32.0: wanted {"cpu":["arm"],"os":["linux"],"libc":["glibc"]} (current: {"os":"linux","cpu":"x64","libc":"glibc"})
2026-10-09T23:03:42.5892173Z Unsupported platform for lightningcss-linux-arm64-gnu@1.32.0: wanted {"cpu":["arm64"],"os":["linux"],"libc":["glibc"]} (current: {"os":"linux","cpu":"x64","libc":"glibc"})
2026-10-09T23:03:42.5894550Z Unsupported platform for lightningcss-linux-arm64-musl@1.32.0: wanted {"cpu":["arm64"],"os":["linux"],"libc":["musl"]} (current: {"os":"linux","cpu":"x64","libc":"glibc"})
2026-10-09T23:03:42.5896900Z Unsupported platform for lightningcss-linux-x64-musl@1.32.0: wanted {"cpu":["x64"],"os":["linux"],"libc":["musl"]} (current: {"os":"linux","cpu":"x64","libc":"glibc"})
2026-10-09T23:03:42.5899232Z Unsupported platform for lightningcss-win32-arm64-msvc@1.32.0: wanted {"cpu":["arm64"],"os":["win32"],"libc":["any"]} (current: {"os":"linux","cpu":"x64","libc":"glibc"})
2026-10-09T23:03:42.5932516Z Unsupported platform for lightningcss-win32-x64-msvc@1.32.0: wanted {"cpu":["x64"],"os":["win32"],"libc":["any"]} (current: {"os":"linux","cpu":"x64","libc":"glibc"})
2026-10-09T23:03:42.5934776Z Unsupported platform for @rolldown/binding-android-arm64@1.0.3: wanted {"cpu":["arm64"],"os":["android"],"libc":["any"]} (current: {"os":"linux","cpu":"x64","libc":"glibc"})
2026-10-09T23:03:42.5937020Z Unsupported platform for @rolldown/binding-darwin-arm64@1.0.3: wanted {"cpu":["arm64"],"os":["darwin"],"libc":["any"]} (current: {"os":"linux","cpu":"x64","libc":"glibc"})
2026-10-09T23:03:42.5939217Z Unsupported platform for @rolldown/binding-darwin-x64@1.0.3: wanted {"cpu":["x64"],"os":["darwin"],"libc":["any"]} (current: {"os":"linux","cpu":"x64","libc":"glibc"})
2026-10-09T23:03:42.5941637Z Unsupported platform for @rolldown/binding-freebsd-x64@1.0.3: wanted {"cpu":["x64"],"os":["freebsd"],"libc":["any"]} (current: {"os":"linux","cpu":"x64","libc":"glibc"})
2026-10-09T23:03:42.5943937Z Unsupported platform for @rolldown/binding-linux-arm-gnueabihf@1.0.3: wanted {"cpu":["arm"],"os":["linux"],"libc":["glibc"]} (current: {"os":"linux","cpu":"x64","libc":"glibc"})
2026-10-09T23:03:42.5946275Z Unsupported platform for @rolldown/binding-linux-arm64-gnu@1.0.3: wanted {"cpu":["arm64"],"os":["linux"],"libc":["glibc"]} (current: {"os":"linux","cpu":"x64","libc":"glibc"})
2026-10-09T23:03:42.5948579Z Unsupported platform for @rolldown/binding-linux-arm64-musl@1.0.3: wanted {"cpu":["arm64"],"os":["linux"],"libc":["musl"]} (current: {"os":"linux","cpu":"x64","libc":"glibc"})
2026-10-09T23:03:42.5951109Z Unsupported platform for @rolldown/binding-linux-ppc64-gnu@1.0.3: wanted {"cpu":["ppc64"],"os":["linux"],"libc":["glibc"]} (current: {"os":"linux","cpu":"x64","libc":"glibc"})
2026-10-09T23:03:42.5953403Z Unsupported platform for @rolldown/binding-linux-s390x-gnu@1.0.3: wanted {"cpu":["s390x"],"os":["linux"],"libc":["glibc"]} (current: {"os":"linux","cpu":"x64","libc":"glibc"})
2026-10-09T23:03:42.5955683Z Unsupported platform for @rolldown/binding-linux-x64-musl@1.0.3: wanted {"cpu":["x64"],"os":["linux"],"libc":["musl"]} (current: {"os":"linux","cpu":"x64","libc":"glibc"})
2026-10-09T23:03:42.5958085Z Unsupported platform for @rolldown/binding-openharmony-arm64@1.0.3: wanted {"cpu":["arm64"],"os":["openharmony"],"libc":["any"]} (current: {"os":"linux","cpu":"x64","libc":"glibc"})
2026-10-09T23:03:42.5995311Z Unsupported platform for @rolldown/binding-wasm32-wasi@1.0.3: wanted {"cpu":["wasm32"],"os":["any"],"libc":["any"]} (current: {"os":"linux","cpu":"x64","libc":"glibc"})
2026-10-09T23:03:42.5997574Z Unsupported platform for @rolldown/binding-win32-arm64-msvc@1.0.3: wanted {"cpu":["arm64"],"os":["win32"],"libc":["any"]} (current: {"os":"linux","cpu":"x64","libc":"glibc"})
2026-10-09T23:03:42.5999772Z Unsupported platform for @rolldown/binding-win32-x64-msvc@1.0.3: wanted {"cpu":["x64"],"os":["win32"],"libc":["any"]} (current: {"os":"linux","cpu":"x64","libc":"glibc"})
2026-10-09T23:03:42.6002028Z Unsupported platform for @esbuild/aix-ppc64@0.28.1: wanted {"cpu":["ppc64"],"os":["aix"],"libc":["any"]} (current: {"os":"linux","cpu":"x64","libc":"glibc"})
2026-10-09T23:03:42.6004024Z Unsupported platform for @esbuild/android-arm@0.28.1: wanted {"cpu":["arm"],"os":["android"],"libc":["any"]} (current: {"os":"linux","cpu":"x64","libc":"glibc"})
2026-10-09T23:03:42.6006063Z Unsupported platform for @esbuild/android-arm64@0.28.1: wanted {"cpu":["arm64"],"os":["android"],"libc":["any"]} (current: {"os":"linux","cpu":"x64","libc":"glibc"})
2026-10-09T23:03:42.6008120Z Unsupported platform for @esbuild/android-x64@0.28.1: wanted {"cpu":["x64"],"os":["android"],"libc":["any"]} (current: {"os":"linux","cpu":"x64","libc":"glibc"})
2026-10-09T23:03:42.6010489Z Unsupported platform for @esbuild/darwin-arm64@0.28.1: wanted {"cpu":["arm64"],"os":["darwin"],"libc":["any"]} (current: {"os":"linux","cpu":"x64","libc":"glibc"})
2026-10-09T23:03:42.6012836Z Unsupported platform for @esbuild/darwin-x64@0.28.1: wanted {"cpu":["x64"],"os":["darwin"],"libc":["any"]} (current: {"os":"linux","cpu":"x64","libc":"glibc"})
2026-10-09T23:03:42.6015059Z Unsupported platform for @esbuild/freebsd-arm64@0.28.1: wanted {"cpu":["arm64"],"os":["freebsd"],"libc":["any"]} (current: {"os":"linux","cpu":"x64","libc":"glibc"})
2026-10-09T23:03:42.6017136Z Unsupported platform for @esbuild/freebsd-x64@0.28.1: wanted {"cpu":["x64"],"os":["freebsd"],"libc":["any"]} (current: {"os":"linux","cpu":"x64","libc":"glibc"})
2026-10-09T23:03:42.6019203Z Unsupported platform for @esbuild/linux-arm@0.28.1: wanted {"cpu":["arm"],"os":["linux"],"libc":["any"]} (current: {"os":"linux","cpu":"x64","libc":"glibc"})
2026-10-09T23:03:42.6051726Z Unsupported platform for @esbuild/linux-arm64@0.28.1: wanted {"cpu":["arm64"],"os":["linux"],"libc":["any"]} (current: {"os":"linux","cpu":"x64","libc":"glibc"})
2026-10-09T23:03:42.6053913Z Unsupported platform for @esbuild/linux-ia32@0.28.1: wanted {"cpu":["ia32"],"os":["linux"],"libc":["any"]} (current: {"os":"linux","cpu":"x64","libc":"glibc"})
2026-10-09T23:03:42.6056110Z Unsupported platform for @esbuild/linux-loong64@0.28.1: wanted {"cpu":["loong64"],"os":["linux"],"libc":["any"]} (current: {"os":"linux","cpu":"x64","libc":"glibc"})
2026-10-09T23:03:42.6058349Z Unsupported platform for @esbuild/linux-mips64el@0.28.1: wanted {"cpu":["mips64el"],"os":["linux"],"libc":["any"]} (current: {"os":"linux","cpu":"x64","libc":"glibc"})
2026-10-09T23:03:42.6060817Z Unsupported platform for @esbuild/linux-ppc64@0.28.1: wanted {"cpu":["ppc64"],"os":["linux"],"libc":["any"]} (current: {"os":"linux","cpu":"x64","libc":"glibc"})
2026-10-09T23:03:42.6063032Z Unsupported platform for @esbuild/linux-riscv64@0.28.1: wanted {"cpu":["riscv64"],"os":["linux"],"libc":["any"]} (current: {"os":"linux","cpu":"x64","libc":"glibc"})
2026-10-09T23:03:42.6065219Z Unsupported platform for @esbuild/linux-s390x@0.28.1: wanted {"cpu":["s390x"],"os":["linux"],"libc":["any"]} (current: {"os":"linux","cpu":"x64","libc":"glibc"})
2026-10-09T23:03:42.6067427Z Unsupported platform for @esbuild/netbsd-arm64@0.28.1: wanted {"cpu":["arm64"],"os":["netbsd"],"libc":["any"]} (current: {"os":"linux","cpu":"x64","libc":"glibc"})
2026-10-09T23:03:42.6069623Z Unsupported platform for @esbuild/netbsd-x64@0.28.1: wanted {"cpu":["x64"],"os":["netbsd"],"libc":["any"]} (current: {"os":"linux","cpu":"x64","libc":"glibc"})
2026-10-09T23:03:42.6072074Z Unsupported platform for @esbuild/openbsd-arm64@0.28.1: wanted {"cpu":["arm64"],"os":["openbsd"],"libc":["any"]} (current: {"os":"linux","cpu":"x64","libc":"glibc"})
2026-10-09T23:03:42.6074272Z Unsupported platform for @esbuild/openbsd-x64@0.28.1: wanted {"cpu":["x64"],"os":["openbsd"],"libc":["any"]} (current: {"os":"linux","cpu":"x64","libc":"glibc"})
2026-10-09T23:03:42.6076574Z Unsupported platform for @esbuild/openharmony-arm64@0.28.1: wanted {"cpu":["arm64"],"os":["openharmony"],"libc":["any"]} (current: {"os":"linux","cpu":"x64","libc":"glibc"})
2026-10-09T23:03:42.6078737Z Unsupported platform for @esbuild/sunos-x64@0.28.1: wanted {"cpu":["x64"],"os":["sunos"],"libc":["any"]} (current: {"os":"linux","cpu":"x64","libc":"glibc"})
2026-10-09T23:03:42.6081188Z Unsupported platform for @esbuild/win32-arm64@0.28.1: wanted {"cpu":["arm64"],"os":["win32"],"libc":["any"]} (current: {"os":"linux","cpu":"x64","libc":"glibc"})
2026-10-09T23:03:42.6083339Z Unsupported platform for @esbuild/win32-ia32@0.28.1: wanted {"cpu":["ia32"],"os":["win32"],"libc":["any"]} (current: {"os":"linux","cpu":"x64","libc":"glibc"})
2026-10-09T23:03:42.6085449Z Unsupported platform for @esbuild/win32-x64@0.28.1: wanted {"cpu":["x64"],"os":["win32"],"libc":["any"]} (current: {"os":"linux","cpu":"x64","libc":"glibc"})
2026-10-09T23:03:42.6087716Z Unsupported platform for @cloudflare/workerd-darwin-64@1.20260515.1: wanted {"cpu":["x64"],"os":["darwin"],"libc":["any"]} (current: {"os":"linux","cpu":"x64","libc":"glibc"})
2026-10-09T23:03:42.6090869Z Unsupported platform for @cloudflare/workerd-darwin-arm64@1.20260515.1: wanted {"cpu":["arm64"],"os":["darwin"],"libc":["any"]} (current: {"os":"linux","cpu":"x64","libc":"glibc"})
2026-10-09T23:03:42.6093621Z Unsupported platform for @cloudflare/workerd-linux-arm64@1.20260515.1: wanted {"cpu":["arm64"],"os":["linux"],"libc":["any"]} (current: {"os":"linux","cpu":"x64","libc":"glibc"})
2026-10-09T23:03:42.6096083Z Unsupported platform for @cloudflare/workerd-windows-64@1.20260515.1: wanted {"cpu":["x64"],"os":["win32"],"libc":["any"]} (current: {"os":"linux","cpu":"x64","libc":"glibc"})
2026-10-09T23:03:42.6098569Z Unsupported platform for lightningcss-android-arm64@1.31.1: wanted {"cpu":["arm64"],"os":["android"],"libc":["any"]} (current: {"os":"linux","cpu":"x64","libc":"glibc"})
2026-10-09T23:03:42.6101142Z Unsupported platform for lightningcss-darwin-arm64@1.31.1: wanted {"cpu":["arm64"],"os":["darwin"],"libc":["any"]} (current: {"os":"linux","cpu":"x64","libc":"glibc"})
2026-10-09T23:03:42.6103451Z Unsupported platform for lightningcss-darwin-x64@1.31.1: wanted {"cpu":["x64"],"os":["darwin"],"libc":["any"]} (current: {"os":"linux","cpu":"x64","libc":"glibc"})
2026-10-09T23:03:42.6105711Z Unsupported platform for lightningcss-freebsd-x64@1.31.1: wanted {"cpu":["x64"],"os":["freebsd"],"libc":["any"]} (current: {"os":"linux","cpu":"x64","libc":"glibc"})
2026-10-09T23:03:42.6108087Z Unsupported platform for lightningcss-linux-arm-gnueabihf@1.31.1: wanted {"cpu":["arm"],"os":["linux"],"libc":["glibc"]} (current: {"os":"linux","cpu":"x64","libc":"glibc"})
2026-10-09T23:03:42.6110836Z Unsupported platform for lightningcss-linux-arm64-gnu@1.31.1: wanted {"cpu":["arm64"],"os":["linux"],"libc":["glibc"]} (current: {"os":"linux","cpu":"x64","libc":"glibc"})
2026-10-09T23:03:42.6113234Z Unsupported platform for lightningcss-linux-arm64-musl@1.31.1: wanted {"cpu":["arm64"],"os":["linux"],"libc":["musl"]} (current: {"os":"linux","cpu":"x64","libc":"glibc"})
2026-10-09T23:03:42.6115577Z Unsupported platform for lightningcss-linux-x64-musl@1.31.1: wanted {"cpu":["x64"],"os":["linux"],"libc":["musl"]} (current: {"os":"linux","cpu":"x64","libc":"glibc"})
2026-10-09T23:03:42.6117904Z Unsupported platform for lightningcss-win32-arm64-msvc@1.31.1: wanted {"cpu":["arm64"],"os":["win32"],"libc":["any"]} (current: {"os":"linux","cpu":"x64","libc":"glibc"})
2026-10-09T23:03:42.6120452Z Unsupported platform for lightningcss-win32-x64-msvc@1.31.1: wanted {"cpu":["x64"],"os":["win32"],"libc":["any"]} (current: {"os":"linux","cpu":"x64","libc":"glibc"})
2026-10-09T23:03:42.6122864Z Unsupported platform for @unrs/resolver-binding-android-arm-eabi@1.11.1: wanted {"cpu":["arm"],"os":["android"],"libc":["any"]} (current: {"os":"linux","cpu":"x64","libc":"glibc"})
2026-10-09T23:03:42.6125198Z Unsupported platform for @unrs/resolver-binding-android-arm64@1.11.1: wanted {"cpu":["arm64"],"os":["android"],"libc":["any"]} (current: {"os":"linux","cpu":"x64","libc":"glibc"})
2026-10-09T23:03:42.6127461Z Unsupported platform for @unrs/resolver-binding-darwin-arm64@1.11.1: wanted {"cpu":["arm64"],"os":["darwin"],"libc":["any"]} (current: {"os":"linux","cpu":"x64","libc":"glibc"})
2026-10-09T23:03:42.6129583Z Unsupported platform for @unrs/resolver-binding-darwin-x64@1.11.1: wanted {"cpu":["x64"],"os":["darwin"],"libc":["any"]} (current: {"os":"linux","cpu":"x64","libc":"glibc"})
2026-10-09T23:03:42.6131971Z Unsupported platform for @unrs/resolver-binding-freebsd-x64@1.11.1: wanted {"cpu":["x64"],"os":["freebsd"],"libc":["any"]} (current: {"os":"linux","cpu":"x64","libc":"glibc"})
2026-10-09T23:03:42.6134054Z Unsupported platform for @unrs/resolver-binding-linux-arm-gnueabihf@1.11.1: wanted {"cpu":["arm"],"os":["linux"],"libc":["glibc"]} (current: {"os":"linux","cpu":"x64","libc":"glibc"})
2026-10-09T23:03:42.6136406Z Unsupported platform for @unrs/resolver-binding-linux-arm-musleabihf@1.11.1: wanted {"cpu":["arm"],"os":["linux"],"libc":["musl"]} (current: {"os":"linux","cpu":"x64","libc":"glibc"})
2026-10-09T23:03:42.6138826Z Unsupported platform for @unrs/resolver-binding-linux-arm64-gnu@1.11.1: wanted {"cpu":["arm64"],"os":["linux"],"libc":["glibc"]} (current: {"os":"linux","cpu":"x64","libc":"glibc"})
2026-10-09T23:03:42.6142158Z Unsupported platform for @unrs/resolver-binding-linux-arm64-musl@1.11.1: wanted {"cpu":["arm64"],"os":["linux"],"libc":["musl"]} (current: {"os":"linux","cpu":"x64","libc":"glibc"})
2026-10-09T23:03:42.6144740Z Unsupported platform for @unrs/resolver-binding-linux-ppc64-gnu@1.11.1: wanted {"cpu":["ppc64"],"os":["linux"],"libc":["glibc"]} (current: {"os":"linux","cpu":"x64","libc":"glibc"})
2026-10-09T23:03:42.6147314Z Unsupported platform for @unrs/resolver-binding-linux-riscv64-gnu@1.11.1: wanted {"cpu":["riscv64"],"os":["linux"],"libc":["glibc"]} (current: {"os":"linux","cpu":"x64","libc":"glibc"})
2026-10-09T23:03:42.6149900Z Unsupported platform for @unrs/resolver-binding-linux-riscv64-musl@1.11.1: wanted {"cpu":["riscv64"],"os":["linux"],"libc":["musl"]} (current: {"os":"linux","cpu":"x64","libc":"glibc"})
2026-10-09T23:03:42.6152893Z Unsupported platform for @unrs/resolver-binding-linux-s390x-gnu@1.11.1: wanted {"cpu":["s390x"],"os":["linux"],"libc":["glibc"]} (current: {"os":"linux","cpu":"x64","libc":"glibc"})
2026-10-09T23:03:42.6155371Z Unsupported platform for @unrs/resolver-binding-linux-x64-musl@1.11.1: wanted {"cpu":["x64"],"os":["linux"],"libc":["musl"]} (current: {"os":"linux","cpu":"x64","libc":"glibc"})
2026-10-09T23:03:42.6157822Z Unsupported platform for @unrs/resolver-binding-wasm32-wasi@1.11.1: wanted {"cpu":["wasm32"],"os":["any"],"libc":["any"]} (current: {"os":"linux","cpu":"x64","libc":"glibc"})
2026-10-09T23:03:42.6160513Z Unsupported platform for @unrs/resolver-binding-win32-arm64-msvc@1.11.1: wanted {"cpu":["arm64"],"os":["win32"],"libc":["any"]} (current: {"os":"linux","cpu":"x64","libc":"glibc"})
2026-10-09T23:03:42.6163031Z Unsupported platform for @unrs/resolver-binding-win32-ia32-msvc@1.11.1: wanted {"cpu":["ia32"],"os":["win32"],"libc":["any"]} (current: {"os":"linux","cpu":"x64","libc":"glibc"})
2026-10-09T23:03:42.6165491Z Unsupported platform for @unrs/resolver-binding-win32-x64-msvc@1.11.1: wanted {"cpu":["x64"],"os":["win32"],"libc":["any"]} (current: {"os":"linux","cpu":"x64","libc":"glibc"})
2026-10-09T23:04:16.4028745Z [sites] pnpm reused 0 packages and downloaded 642
2026-10-09T23:04:16.4029210Z [sites] dependency setup passed
2026-10-09T23:04:16.4193443Z ##[group]Run npm run check
2026-10-09T23:04:16.4193744Z [36;1mnpm run check[0m
2026-10-09T23:04:16.4193963Z [36;1mnpm run lint[0m
2026-10-09T23:04:16.4257550Z shell: /usr/bin/bash -e {0}
2026-10-09T23:04:16.4257799Z env:
2026-10-09T23:04:16.4257995Z   WRANGLER_SEND_METRICS: false
2026-10-09T23:04:16.4258233Z   CI: true
2026-10-09T23:04:16.4258418Z ##[endgroup]
2026-10-09T23:04:16.5250043Z 
2026-10-09T23:04:16.5250980Z > site-creator-vinext-starter@0.1.0 check
2026-10-09T23:04:16.5251638Z > tsc --noEmit
2026-10-09T23:04:16.5251887Z 
2026-10-09T23:04:26.8339399Z 
2026-10-09T23:04:26.8340324Z > site-creator-vinext-starter@0.1.0 lint
2026-10-09T23:04:26.8341347Z > eslint app components lib hooks db vite.config.ts next.config.ts mobile/App.tsx mobile/src --ignore-pattern mobile/src/shared
2026-10-09T23:04:26.8341920Z 
2026-10-09T23:04:42.8303242Z ##[group]Run npm ci --no-audit --no-fund --ignore-scripts
2026-10-09T23:04:42.8303692Z [36;1mnpm ci --no-audit --no-fund --ignore-scripts[0m
2026-10-09T23:04:42.8365370Z shell: /usr/bin/bash -e {0}
2026-10-09T23:04:42.8365613Z env:
2026-10-09T23:04:42.8365809Z   WRANGLER_SEND_METRICS: false
2026-10-09T23:04:42.8366046Z   CI: true
2026-10-09T23:04:42.8366227Z ##[endgroup]
2026-10-09T23:04:54.2304670Z 
2026-10-09T23:04:54.2305304Z added 514 packages in 11s
2026-10-09T23:04:54.2749925Z ##[group]Run npm run test:regression
2026-10-09T23:04:54.2750591Z [36;1mnpm run test:regression[0m
2026-10-09T23:04:54.2750936Z [36;1mpython3 scripts/test-native-artifact-inspector.py[0m
2026-10-09T23:04:54.2751328Z [36;1mpython3 scripts/test-apk-rule-extractor.py[0m
2026-10-09T23:04:54.2751972Z [36;1mpython3 scripts/test-native-change-gate.py[0m
2026-10-09T23:04:54.2817327Z shell: /usr/bin/bash -e {0}
2026-10-09T23:04:54.2817581Z env:
2026-10-09T23:04:54.2817805Z   WRANGLER_SEND_METRICS: false
2026-10-09T23:04:54.2818045Z   CI: true
2026-10-09T23:04:54.2818529Z ##[endgroup]
2026-10-09T23:04:54.3824143Z 
2026-10-09T23:04:54.3824943Z > site-creator-vinext-starter@0.1.0 test:regression
2026-10-09T23:04:54.3825700Z > node scripts/check-all.cjs
2026-10-09T23:04:54.3826009Z 
2026-10-09T23:04:54.4125845Z Checking check-audit.cjs
2026-10-09T23:04:55.0852312Z PASS New competition blocks an existing jump session before start
2026-10-09T23:04:55.0870574Z PASS Cascade rejects new competition proximity without moving any dates
2026-10-09T23:04:55.0880852Z PASS Unchanged jump sessions are rechecked when another workout moves
2026-10-09T23:04:55.0892480Z PASS Restore cannot create a workout collision
2026-10-09T23:04:55.0901500Z PASS Restore rejects an existing fixed commitment
2026-10-09T23:04:55.0913973Z PASS Long machine labels and unbounded timed additions fail before mutation
2026-10-09T23:04:55.0920144Z PASS Non-finite target ranges are rejected
2026-10-09T23:04:55.0929074Z PASS Full archive rejects new block without deleting existing plans
2026-10-09T23:04:55.0962678Z PASS Return preview clears old accepted weights and leaves history intact
2026-10-09T23:04:55.0974683Z PASS Prerequisites use the latest timestamp regardless of array ordering
2026-10-09T23:04:55.0985826Z PASS Unknown side values are rejected; alternating data cannot suggest loads
2026-10-09T23:04:55.0986570Z 11 deep-audit regression checks passed
2026-10-09T23:04:55.1104952Z Checking check-backend.cjs
2026-10-09T23:04:56.2995447Z PASS Anonymous and synthetic native credentials cannot access account rows
2026-10-09T23:04:56.3076818Z PASS CSRF, cross-site fetch, missing origin and invalid methods are denied
2026-10-09T23:04:56.3561563Z PASS Account-bound reads and writes fail before database access when signed-in identity changes
2026-10-09T23:04:56.3744843Z PASS Malformed, plaintext, secret-bearing and duplicate identities are rejected before any save
2026-10-09T23:04:56.3806197Z PASS Declared and streaming payload limits reject oversized and invalid UTF-8 bodies
2026-10-09T23:04:56.4628935Z PASS Atomic encrypted record batch commits once and reads exact receipt
2026-10-09T23:04:56.5448819Z PASS Tenant identities scope all pulls, writes, receipts and account revisions
2026-10-09T23:04:56.6255484Z PASS Concurrent same-base clients preserve one committed revision and reject the loser
2026-10-09T23:04:56.7021689Z PASS Concurrent identical mutation retries commit once and identify replay
2026-10-09T23:04:56.8106236Z PASS D1 failure midway through batch rolls back records, account revision and receipt
2026-10-09T23:04:57.2392831Z PASS Pagination preserves tied revisions and tombstones with bounded opaque cursors
2026-10-09T23:04:57.2614695Z PASS Feedback provider absence and unapproved host fail unavailable without saving jobs
2026-10-09T23:04:57.2715868Z PASS Feedback accepts only consented adult completed metric arrays without notes or profile
2026-10-09T23:04:57.3381499Z PASS Generated text is absent from accepted response and visible only after actual database save
2026-10-09T23:04:57.3607097Z PASS Feedback idempotency returns persisted completion and protects tenants and payload identity
2026-10-09T23:04:57.5162899Z PASS Provider malformed or unsafe output fails closed and never returns generated text
2026-10-09T23:05:05.6198959Z PASS Timeout aborts provider fetch, persists backoff and prevents simultaneous lease claims
2026-10-09T23:05:05.7084271Z PASS Expired final attempt becomes terminal rather than a permanently processing job
2026-10-09T23:05:05.7820384Z PASS Failed result persistence exposes no generated string and remains safely retryable
2026-10-09T23:05:05.7913130Z PASS Sensitive APIs always return private no-store and no provider secrets in errors
2026-10-09T23:05:06.0809909Z PASS Outstanding job limits are tenant-scoped and abandoned jobs release capacity explicitly
2026-10-09T23:05:06.6972782Z PASS Rolling daily feedback limits reject new jobs without deleting completed results
2026-10-09T23:05:06.6973396Z 22 backend D1 integration groups passed
2026-10-09T23:05:06.7260986Z Checking check-backup.cjs
2026-10-09T23:05:07.4614850Z PASS Backup preserves exact history, unknown and zero loads, Unicode notes and optional measurements
2026-10-09T23:05:07.4689033Z PASS Unknown future fields refuse export and import without altering original records
2026-10-09T23:05:07.4788214Z PASS Restore rejects a stale preview and leaves current records unchanged
2026-10-09T23:05:07.4860913Z PASS Restore protects an in-progress workout
2026-10-09T23:05:07.5072400Z PASS Restored proposals need review; concern holds and logged actuals stay intact
2026-10-09T23:05:07.5320833Z PASS Malformed, prototype-polluting, oversized and invalid-record backups fail before replacement
2026-10-09T23:05:07.5323363Z PASS Assisted or one-sided sets cannot create an adult strength estimate
2026-10-09T23:05:07.5324201Z 7 backup and measurement checks passed.
2026-10-09T23:05:07.5482400Z Checking check-browser-history.cjs
2026-10-09T23:05:10.9509200Z PASS 5000 histories save in individually encrypted rows and fresh vault reopens exact profile above the old ceiling
2026-10-09T23:05:14.4197979Z PASS Warm profile edit reads and writes no history rows; one completion changes exactly one entity
2026-10-09T23:05:14.4726106Z PASS Plain and whole-ciphertext legacy profiles migrate with unchanged key and source survives aborted entity transaction
2026-10-09T23:05:17.8670387Z PASS Head/entity/outbox rollback is atomic and stale cross-tab saves preserve the installed generation
2026-10-09T23:05:17.8908639Z PASS Missing/corrupt entity and missing/replaced key are detected; recovery copy includes every retained encrypted row
2026-10-09T23:05:17.9165855Z PASS Explicit restore/reset retires all owned orphan rows, including missing-key orphans; unrelated records survive
2026-10-09T23:05:17.9269302Z PASS Reviewed account rebase atomically compares full outbox and preserves unrelated accounts and stale receipts
2026-10-09T23:05:17.9278061Z {"passed":true,"checks":53,"scenarios":["5000 histories save in individually encrypted rows and fresh vault reopens exact profile above the old ceiling","Warm profile edit reads and writes no history rows; one completion changes exactly one entity","Plain and whole-ciphertext legacy profiles migrate with unchanged key and source survives aborted entity transaction","Head/entity/outbox rollback is atomic and stale cross-tab saves preserve the installed generation","Missing/corrupt entity and missing/replaced key are detected; recovery copy includes every retained encrypted row","Explicit restore/reset retires all owned orphan rows, including missing-key orphans; unrelated records survive","Reviewed account rebase atomically compares full outbox and preserves unrelated accounts and stale receipts"],"historyCount":5000,"plainChars":8664825,"scope":"Actual IndexedDB transaction adapter with fake-indexeddb, real WebCrypto, strict schema and fresh-vault reopen. No physical-browser/device memory, latency or OS restart acceptance."}
2026-10-09T23:05:18.0131944Z Checking check-browser-qwen-cache.cjs
2026-10-09T23:05:18.8486670Z PASS browser Qwen IndexedDB transactions: 74 assertions; fake-indexeddb, no browser/OS durability claim.
2026-10-09T23:05:18.8608571Z Checking check-browser-record-store.cjs
2026-10-09T23:05:19.3601649Z PASS browser record store: 76 checks (actual fake-indexeddb transactions, real WebCrypto)
2026-10-09T23:05:19.3791469Z Checking check-browser-storage-ui.cjs
2026-10-09T23:05:22.1013623Z PASS browser storage UI: 8 real compiled callback scenarios (simulated hooks/DOM and vault, not browser acceptance)
2026-10-09T23:05:22.1356335Z Checking check-browser-vault.cjs
2026-10-09T23:05:22.8932575Z PASS browser vault: 133 checks
2026-10-09T23:05:22.9076505Z Checking check-calendar-ui.cjs
2026-10-09T23:05:24.4538694Z PASS Fresh profile renders Today with no active workout or coaching event
2026-10-09T23:05:24.8385058Z PASS Today date click opens yesterday records and Back to today restores the live view without saving
2026-10-09T23:05:25.2451397Z PASS An unscheduled past day opens as a day off and returns to Today
2026-10-09T23:05:25.6007306Z PASS Sidebar Today clears the selected historical date after visiting Calendar
2026-10-09T23:05:25.9448858Z PASS Past-day browsing preserves the current active draft and Today still resumes it
2026-10-09T23:05:26.2920705Z PASS Full Calendar exposes historical dates even when absent from the current plan
2026-10-09T23:05:26.2923042Z PASS calendar UI: 6/6 scenarios, 51 assertions (actual compiled Home callbacks and real day/state projection; simulated hooks, DOM and encrypted-vault interface, shallow child components; no CSS, browser or device acceptance).
2026-10-09T23:05:26.3303601Z Checking check-catalog.cjs
2026-10-09T23:05:27.1466730Z PASS All catalog program types start at slot A and preserve safe groups during cascade
2026-10-09T23:05:27.1542337Z PASS Powerlifting includes SBD, contains no endurance, and rejects missing gym
2026-10-09T23:05:27.1550363Z PASS Catalog IDs unique; equipment subdivisions and core present
2026-10-09T23:05:27.1574136Z PASS Customization adds recurring sets without changing history; duplicate and stale writes fail
2026-10-09T23:05:27.1591187Z PASS Added loaded exercise uses its own configured range history for progression
2026-10-09T23:05:27.1600081Z PASS Heavy bench cannot become practice starting load
2026-10-09T23:05:27.1609693Z PASS Volume counts per-hand/per-side multipliers, partial actuals and excludes unknowns
2026-10-09T23:05:27.1784092Z PASS Generated sample gives 34 logs, one partial and nonempty exercise/volume/index charts
2026-10-09T23:05:27.1893650Z PASS Strength index expires each component against today and youth has none
2026-10-09T23:05:27.1894915Z 9 catalog and progress checks passed
2026-10-09T23:05:27.2058688Z Checking check-cloud-client-ui.cjs
2026-10-09T23:05:27.5013576Z PASS Compiled cloud transport keeps routes and credentials same-origin and never creates identity headers
2026-10-09T23:05:27.5327064Z PASS Compiled transport aborts its documented timeout and respects external cancellation
2026-10-09T23:05:27.5462716Z PASS Compiled transport binds account-bound GET and POST requests without selecting server identity
2026-10-09T23:05:27.5555504Z PASS Malformed null account/API JSON returns a controlled CloudError
2026-10-09T23:05:27.5670900Z PASS Oversized streamed responses are cancelled before unbounded buffering
2026-10-09T23:05:27.6467610Z PASS Feedback mount and ineligible callbacks never transmit metrics
2026-10-09T23:05:27.6677458Z PASS Rapid feedback presses create one UUID and send only the completed metric array
2026-10-09T23:05:27.6947156Z PASS Accepted pending feedback is withheld until identity-matched saved completion
2026-10-09T23:05:27.7181598Z PASS Feedback complete response for another workout/request is never displayed
2026-10-09T23:05:27.7365517Z PASS Replacing latest workout cancels old feedback and suppresses its late completion
2026-10-09T23:05:27.7536083Z PASS A new safety hold cancels pending feedback and clears previously shown text
2026-10-09T23:05:27.7772096Z PASS Failed feedback retry preserves its idempotency key for the same saved workout
2026-10-09T23:05:27.7964428Z PASS Stopping feedback polling retains the workout and ignores late server text
2026-10-09T23:05:27.8084225Z PASS Account password never goes into transport calls during compiled UI selection
2026-10-09T23:05:27.8184135Z PASS Repeated account selection callbacks cannot replace local training twice
2026-10-09T23:05:27.8286985Z PASS Unsaved changes made during account review block a stale copy selection
2026-10-09T23:05:27.8818851Z PASS Feedback UUID survives remount and binds account plus completed workout
2026-10-09T23:05:27.8958979Z PASS Backend retry timing is respected and account changes stop polling
2026-10-09T23:05:27.9097813Z PASS Unmount cancels pending feedback and suppresses all late state updates
2026-10-09T23:05:27.9606438Z PASS Compiled sync activation atomically discards reviewed account queue and preserves other tenants
2026-10-09T23:05:28.0058096Z PASS Compiled sync disconnect during activation prevents late reactivation and duplicate activation
2026-10-09T23:05:28.0961576Z PASS Failed reconciliation and changed account/revision never activate or silently clear queue
2026-10-09T23:05:28.1114883Z PASS Cancelling remote replacement suppresses activation after its late durable completion
2026-10-09T23:05:28.1182160Z PASS Locking active cloud sync retries retained local saving without another upload
2026-10-09T23:05:28.1183754Z PASS cloud client UI: 24/24 scenarios, 91 assertions (actual compiled callbacks; mocked network and hook lifecycle, no device/deployment claim)
2026-10-09T23:05:28.1361799Z Checking check-cloud-encryption.cjs
2026-10-09T23:05:30.7725140Z 16 cloud encryption/account binding/incomplete snapshot checks passed.
2026-10-09T23:05:30.8025996Z Checking check-coaching-backend.cjs
2026-10-09T23:05:31.9950577Z PASS Additive migration preserves persisted v1 feedback and adds constrained coaching jobs
2026-10-09T23:05:32.2418937Z PASS Coaching reads/writes require trusted same-origin owner and expected-account binding before D1
2026-10-09T23:05:32.5012752Z PASS Absent or unapproved provider fails explicitly without fabricating saved coaching
2026-10-09T23:05:32.7151898Z PASS Explicit consent, strict minimized context, canonical digest and stable owner identity are enforced
2026-10-09T23:05:33.2669011Z PASS Completed-workout and fully logged lift contracts produce only persisted identity-bound selection
2026-10-09T23:05:34.3285981Z PASS Provider request uses bounded model-specific reasoning controls only on documented Groq models
2026-10-09T23:05:34.5763672Z PASS Simultaneous identical requests and reopening share one receipt and processor lease
2026-10-09T23:05:35.9090416Z PASS Unknown selections, prose, stale identities and truncated/tool output fail closed
2026-10-09T23:05:36.1081995Z PASS Provider streamed response is bounded and cancelled before unbounded buffering
2026-10-09T23:05:36.3742261Z PASS Generated selection cannot escape a failed database save
2026-10-09T23:05:36.5943393Z PASS Account isolation and changed context protect result polling and cancellation
2026-10-09T23:05:36.8140406Z PASS Cancellation clears context and prevents a late provider result from being saved
2026-10-09T23:05:37.1331552Z PASS Explicit resumption preserves receipt and attempts while an old provider lease cannot overwrite it
2026-10-09T23:05:37.5334883Z PASS Cancelled receipt resumption is bounded by attempts, original provider, age and shared outstanding quota
2026-10-09T23:05:37.7490733Z PASS Corrupted saved pending context fails terminally before a provider request
2026-10-09T23:05:45.9499702Z PASS Real provider timeout aborts at eight seconds and persists bounded retry timing
2026-10-09T23:05:46.5823824Z PASS Retry attempts and expired final leases fail terminally and clear pending context
2026-10-09T23:05:46.7942579Z PASS Provider configuration is fixed per accepted job without storing secrets
2026-10-09T23:05:49.0030514Z PASS V1 and coaching share atomic concurrent outstanding and rolling daily quotas
2026-10-09T23:05:49.4484015Z PASS Abandoned jobs across both versions release capacity without deleting completed receipts
2026-10-09T23:05:49.6696997Z PASS Result framing is private, secret-free and refuses corrupted saved JSON
2026-10-09T23:05:49.6697958Z 21 coaching backend integration groups passed (actual ephemeral D1; mocked provider, real timeout; no deployment/model-quality claim)
2026-10-09T23:05:49.7333344Z Checking check-coaching-client.cjs
2026-10-09T23:05:50.6616721Z PASS Canonical digest and UUIDv8 identity survive reopening and bind owner and context
2026-10-09T23:05:50.8871103Z PASS Import performs no remote action and stale caller digest is refused before account lookup
2026-10-09T23:05:51.0871748Z PASS Explicit consent sends minimized context and returns only a persisted validated result
2026-10-09T23:05:51.2792047Z PASS Pending and processing responses wait the bounded server retry intervals before polling
2026-10-09T23:05:51.4453399Z PASS Signed-in owner change prevents polling another account
2026-10-09T23:05:53.1786201Z PASS Saved response identity, status bounds, object keys and selected facts are checked
2026-10-09T23:05:53.4746201Z PASS Unavailable provider and old account capability response produce no mutation
2026-10-09T23:05:53.8985381Z PASS Failed or cancelled persisted receipts cannot produce coaching
2026-10-09T23:05:54.0361541Z PASS Already aborted caller starts no job
2026-10-09T23:05:54.1752111Z PASS View cancellation uses fresh bounded cancellation signal and the same owner/context receipt
2026-10-09T23:05:54.3202067Z PASS Total request deadline aborts and best-effort cancellation failure does not replace original error
2026-10-09T23:05:54.4661596Z PASS Best-effort cancellation has its own three-second deadline
2026-10-09T23:05:54.7545105Z PASS Reopening and retrying reuse one deterministic receipt
2026-10-09T23:05:55.2953951Z PASS Explicit retry after cancellation reuses the receipt and exhausted or expired receipts stay blocked
2026-10-09T23:05:55.3275013Z PASS Actual same-origin transport binds coaching GET and POST without native or provider credentials
2026-10-09T23:05:55.3275984Z 15 compiled coaching client lifecycle groups passed (bounded timers; no actual provider/deployment claim)
2026-10-09T23:05:55.3759224Z Checking check-creator-state.cjs
2026-10-09T23:05:56.0514967Z PASS Tracking ranges survive save/readback for coach and manual plans
2026-10-09T23:05:56.0525402Z PASS One owner defines limits for each matching web/native workflow
2026-10-09T23:05:56.0540675Z PASS A retained set reference edits the same set after reordering
2026-10-09T23:05:56.0553226Z PASS Removed or replacement-workout set references reject without touching another set
2026-10-09T23:05:56.0622334Z PASS Structured superset metadata survives save and replacement even when notes change
2026-10-09T23:05:56.0632443Z PASS Imported note wording cannot create pairing or change replacement dose
2026-10-09T23:05:56.0713657Z PASS Malformed structured pairs are rejected; legacy records retain existing targets
2026-10-09T23:05:56.1286971Z PASS native editor keeps ranges and prevents duplicate same-render keep/save
2026-10-09T23:05:56.1555088Z PASS native editor retries refused saves and rejects stale plans without crashing
2026-10-09T23:05:56.1798990Z PASS native stale Remove callback never removes a different exercise after indices shift
2026-10-09T23:05:56.1983215Z PASS native editing follows exercise identity when moving the draft
2026-10-09T23:05:56.2235722Z PASS web editor keeps ranges and prevents duplicate same-render keep/save
2026-10-09T23:05:56.2499534Z PASS web editor retries refused saves and rejects stale plans without crashing
2026-10-09T23:05:56.2764099Z PASS web stale Remove callback never removes a different exercise after indices shift
2026-10-09T23:05:56.2951187Z PASS web editing follows exercise identity when moving the draft
2026-10-09T23:05:56.3266841Z PASS Web customizer prevents duplicate acceptance and keeps refused reviews retryable
2026-10-09T23:05:56.3268072Z 16 creator and stable-set scenario groups passed
2026-10-09T23:05:56.3425972Z Checking check-current-log-controls.cjs
2026-10-09T23:05:57.8512369Z PASS web finalization preserves same-tick latest metrics, feedback and unrelated changes
2026-10-09T23:05:58.2901001Z PASS web retained finish callback is idempotent and keeps an existing history entry
2026-10-09T23:05:58.6551534Z PASS web stale rendered rep callback edits its stable set after array reorder
2026-10-09T23:05:58.9979430Z PASS web stale rendered rep/log controls cannot edit a replacement workout
2026-10-09T23:05:59.3368666Z PASS web retained log control logs its stable set once and preserves original rest on repeat
2026-10-09T23:06:00.0124791Z PASS web account preparation failures disconnect sync and still acknowledge the latest local save
2026-10-09T23:06:00.3054651Z PASS web full account queue rolls back its combined save and retries locally without committing an upload
2026-10-09T23:06:00.6131323Z PASS native rendered rep and log callbacks keep set identity after reordering and ignore duplicates
2026-10-09T23:06:00.8963416Z PASS native rendered rep and log callbacks cannot mutate a replacement workout
2026-10-09T23:06:01.2391393Z PASS native transient save failures retry twice then acknowledge only the successful save
2026-10-09T23:06:01.5350961Z PASS native retries are bounded and open changes remain exportable after three failures
2026-10-09T23:06:02.0959140Z PASS native queued retry is superseded by a newer edit and cannot write after unmount
2026-10-09T23:06:02.3544110Z PASS native capacity errors do not retry the unchanged oversized payload
2026-10-09T23:06:02.3689126Z PASS late rest alarm sends permitted notification when hidden and does not play a stale chime
2026-10-09T23:06:02.3811071Z PASS late rest alarm sends permitted notification when visible and does not play a stale chime
2026-10-09T23:06:02.3918087Z PASS rest alarm respects denied notification permission and cleans pending callbacks
2026-10-09T23:06:02.3931320Z 16/16 current log/save/alarm scenarios passed. Actual compiled TSX callbacks and real shared validators; simulated hooks, storage, DOM, notifications and timers. No browser throttling, OS interruption or physical-device acceptance.
2026-10-09T23:06:02.4363585Z Checking check-dependency-policy.cjs
2026-10-09T23:06:02.4656314Z PASS Known findings permit temporary CI work and always block release
2026-10-09T23:06:02.4660713Z PASS Temporary exception fails exactly at expiry and cannot return after it
2026-10-09T23:06:02.4665502Z PASS Additional high issue, critical escalation and lookalike identities fail CI
2026-10-09T23:06:02.4670517Z PASS npm propagated framework entries retain only their exact advisory roots
2026-10-09T23:06:02.4672972Z PASS Both actual audit formats accept clean reports and preserve moderate threshold
2026-10-09T23:06:02.4677772Z PASS Audit error, invalid report, broken chain and misleading counts fail closed
2026-10-09T23:06:02.4679603Z PASS Process failure, unknown mode and invalid clock cannot waive a finding
2026-10-09T23:06:02.4680541Z 7 dependency release-boundary scenarios passed.
2026-10-09T23:06:02.4710447Z Checking check-equipment-capacity.cjs
2026-10-09T23:06:03.0860836Z PASS Dumbbell capacity is per hand, independent of the volume multiplier
2026-10-09T23:06:03.0878635Z PASS Machine capacity needs a label and remains isolated by exact setup and exercise
2026-10-09T23:06:03.0991504Z PASS Unknown capacity permits a supported next step; zero means unavailable
2026-10-09T23:06:03.1009399Z PASS Invalid limits and unsupported exercises are rejected without mutating state
2026-10-09T23:06:03.1027545Z PASS Lower capacity suppresses accepted and historical loads without clamping or deleting records
2026-10-09T23:06:03.1039258Z PASS Both reaching the maximum and an increment overshooting it suppress nextKg
2026-10-09T23:06:03.1175158Z PASS Capacity readiness requires two comparable comfortable exposures
2026-10-09T23:06:03.1175997Z PASS Changing machine setup does not carry comparable load or capacity readiness across
2026-10-09T23:06:03.1326645Z PASS Canonical kilogram limits survive persistence and display-unit changes
2026-10-09T23:06:03.1367562Z PASS Changing a limit stales pending and queued previews, including a load increase
2026-10-09T23:06:03.1466166Z PASS A wider range changes matching future work only and requires explicit acceptance
2026-10-09T23:06:03.1504269Z PASS Tampered capacity patches and capacity changes after preview are rejected
2026-10-09T23:06:03.1555913Z PASS Youth, pure powerlifting, general strength and coach-owned plans do not widen ranges
2026-10-09T23:06:03.1612452Z PASS Wider ranges stop at 20 after new comparable evidence for each accepted range
2026-10-09T23:06:03.1632540Z PASS Capacity progression respects time throughout a 5-week block
2026-10-09T23:06:03.1648577Z PASS Capacity progression respects time throughout a 8-week block
2026-10-09T23:06:03.1664814Z PASS Offline capacity acceptance queues the change without changing targets
2026-10-09T23:06:03.1665730Z 17 equipment-capacity checks passed; 0 failed
2026-10-09T23:06:03.1799952Z Checking check-export-cancellation.cjs
2026-10-09T23:06:03.4817600Z {
2026-10-09T23:06:03.4818136Z   "passed": 3,
2026-10-09T23:06:03.4818570Z   "total": 3,
2026-10-09T23:06:03.4818979Z   "results": [
2026-10-09T23:06:03.4819424Z     {
2026-10-09T23:06:03.4820539Z       "name": "Cancel before async encryption completes prevents any later download",
2026-10-09T23:06:03.4821435Z       "pass": true
2026-10-09T23:06:03.4821864Z     },
2026-10-09T23:06:03.4822235Z     {
2026-10-09T23:06:03.4823140Z       "name": "Unmount before async encryption completes prevents any later download",
2026-10-09T23:06:03.4824085Z       "pass": true
2026-10-09T23:06:03.4824535Z     },
2026-10-09T23:06:03.4824898Z     {
2026-10-09T23:06:03.4825637Z       "name": "An open successful transfer still downloads exactly once",
2026-10-09T23:06:03.4826218Z       "pass": true
2026-10-09T23:06:03.4826499Z     }
2026-10-09T23:06:03.4826740Z   ]
2026-10-09T23:06:03.4826985Z }
2026-10-09T23:06:03.4899675Z Checking check-fitness-evaluation.cjs
2026-10-09T23:06:12.7119364Z PASS evaluation report grading: 21 assertions. All inputs are synthetic; zero actual model evaluations or qualified devices.
2026-10-09T23:06:12.7274475Z Checking check-fitness-grounding.cjs
2026-10-09T23:06:13.6012442Z PASS fitness provenance, bounded retrieval, current-context/output gates and 22 held-out fixture checks: 256 assertions (13 prompts, 9 blocked). Model accuracy: NOT MEASURED.
2026-10-09T23:06:13.6183832Z Checking check-focus.cjs
2026-10-09T23:06:14.1911866Z PASS All four compatible add-ons preserve dates and fit the hard time window
2026-10-09T23:06:14.1931356Z PASS The central buildPlan path applies focus choices
2026-10-09T23:06:14.1941168Z PASS No spare time rejects add-ons without trimming primary work
2026-10-09T23:06:14.1949977Z PASS Jump dose is small, first after warm-up, and capped once per week
2026-10-09T23:06:14.1951549Z PASS Nearby practices can make jump selection unavailable; no date is moved
2026-10-09T23:06:14.1952792Z PASS New jump users need supervision even with self-reported readiness
2026-10-09T23:06:14.1953929Z PASS Youth jump work has one set and needs supervision
2026-10-09T23:06:14.1955124Z PASS Youth weight-management and superset selections cannot add adult doses
2026-10-09T23:06:14.1956611Z PASS Coach and manual tracking remain free of automatic prescriptions
2026-10-09T23:06:14.1958174Z PASS Supersets preserve primary lift dose and combine only assistance rest
2026-10-09T23:06:14.1989712Z PASS Powerlifting main lifts are never forced into a superset
2026-10-09T23:06:14.2001209Z PASS Activity focus does not silently increase a run-only program
2026-10-09T23:06:14.2002694Z PASS Applied focus plans are idempotent
2026-10-09T23:06:14.2003290Z 13 focus checks passed
2026-10-09T23:06:14.2119192Z Checking check-goals.cjs
2026-10-09T23:06:14.4821906Z PASS Empty, unrelated and ignored text suggest nothing
2026-10-09T23:06:14.4837644Z PASS Lifting words map to the specific weight-training goal
2026-10-09T23:06:14.4840603Z PASS Running and mixed goals resolve in a fixed order, with alternatives shown
2026-10-09T23:06:14.4843004Z PASS Sport wins over lifting words and carries a jump hint when jumping is named
2026-10-09T23:06:14.4844489Z PASS Calisthenics, general and beginner wording map to their goals
2026-10-09T23:06:14.4847110Z PASS Every suggested goal has a plain label
2026-10-09T23:06:14.4851025Z PASS Demonstration links: curated video first, then the source page, and only https links
2026-10-09T23:06:14.4853308Z PASS First-time exercises: not logged in any saved workout and not dismissed
2026-10-09T23:06:14.4995936Z PASS Every plan evidence key has a Sources entry, and plans cite the right families
2026-10-09T23:06:14.4996614Z 9 groups, 418 checks passed.
2026-10-09T23:06:14.5078584Z Checking check-history-capacity.cjs
2026-10-09T23:06:26.5839055Z {"passed":true,"checks":30,"historyCount":5000,"plainChars":8664825,"plainUTF8Bytes":8665143,"protectedFileChars":17330671,"scope":"Actual validators, cryptography and SQLite host harness. Fresh module reads are not process/phone restarts; no physical throughput or capacity qualification."}
2026-10-09T23:06:26.6594495Z Checking check-library.cjs
2026-10-09T23:06:27.3196529Z PASS Every shipped catalog entry has a complete movement guide and logging convention
2026-10-09T23:06:27.3327400Z   1726 candidate photo references withheld
2026-10-09T23:06:27.3328473Z PASS Unverified photo candidates are withheld; guide and source coverage stays complete
2026-10-09T23:06:27.3332036Z PASS Multiword and common abbreviation searches work regardless of word order
2026-10-09T23:06:27.3457584Z PASS Optional measurements survive a validated save and invalid values are rejected
2026-10-09T23:06:27.3539790Z PASS One-sided and assisted records do not drive load or maximum suggestions
2026-10-09T23:06:27.3613320Z PASS Unsupported timed and skill movements do not produce estimated 1RM points
2026-10-09T23:06:27.3614256Z 6 full-library and measurement checks passed
2026-10-09T23:06:27.3816909Z Checking check-mobile-package.cjs
2026-10-09T23:06:27.5067773Z PASS Current tracked working-tree source ships without requiring a commit
2026-10-09T23:06:27.5853594Z PASS Untracked source, native output, photos and credentials never enter the public starter
2026-10-09T23:06:27.6334600Z PASS Repeated packaging is byte-identical
2026-10-09T23:06:27.8539659Z PASS A referenced local Expo plugin must be tracked and packaged
2026-10-09T23:06:28.4084069Z PASS Local plugin traversal, absolute paths and untracked references fail closed
2026-10-09T23:06:28.5029341Z PASS Tracked generated native output and photo directories remain excluded
2026-10-09T23:06:29.6551923Z PASS Accidentally tracked credential filenames fail closed and preserve the prior archive
2026-10-09T23:06:29.8714301Z PASS Credential content hidden in a tracked source file fails without replacing the archive
2026-10-09T23:06:29.9874993Z PASS Tracked source symlinks cannot expose a file outside the starter
2026-10-09T23:06:30.0968874Z PASS Replacing a tracked source directory with a symlink fails closed
2026-10-09T23:06:30.2048157Z PASS Missing required tracked source fails and keeps the last usable download
2026-10-09T23:06:30.3181790Z PASS A source copy without its Git index cannot silently fall back to scanning local files
2026-10-09T23:06:30.3214337Z 12 mobile source packaging security scenarios passed.
2026-10-09T23:06:30.3259300Z Checking check-named-programs.cjs
2026-10-09T23:06:31.1688671Z PASS 3582 named-template, cross-week cycle, seven-start-day, duration/equipment/age, saved-state, event and manual-authority assertions.
2026-10-09T23:06:31.1854739Z Checking check-native-build-evidence.cjs
2026-10-09T23:06:31.6711158Z test_android_aggregate_actual_source_and_output_checks_remain_strict (__main__.Evidence.test_android_aggregate_actual_source_and_output_checks_remain_strict) ... ok
2026-10-09T23:06:31.6713742Z test_android_aggregate_and_per_abi_copies_bind_one_actual_cache_and_object (__main__.Evidence.test_android_aggregate_and_per_abi_copies_bind_one_actual_cache_and_object) ... ok
2026-10-09T23:06:31.6715885Z test_android_aggregate_only_binds_actual_entry_directory_cache (__main__.Evidence.test_android_aggregate_only_binds_actual_entry_directory_cache) ... ok
2026-10-09T23:06:31.6717896Z test_android_aggregate_wrong_actual_cache_abi_refused (__main__.Evidence.test_android_aggregate_wrong_actual_cache_abi_refused) ... ok
2026-10-09T23:06:31.6720990Z test_android_argument_vector_supported_and_metadata_not_retained (__main__.Evidence.test_android_argument_vector_supported_and_metadata_not_retained) ... ok
2026-10-09T23:06:31.6723540Z test_android_conflicting_aggregate_macro_is_not_ignored_or_deduplicated (__main__.Evidence.test_android_conflicting_aggregate_macro_is_not_ignored_or_deduplicated) ... ok
2026-10-09T23:06:31.6725844Z test_android_cpp_entry_or_mismatched_actual_c_input_refused (__main__.Evidence.test_android_cpp_entry_or_mismatched_actual_c_input_refused) ... ok
2026-10-09T23:06:31.6728247Z test_android_debug_only_and_wrong_or_conflicting_abi_refused (__main__.Evidence.test_android_debug_only_and_wrong_or_conflicting_abi_refused) ... ok
2026-10-09T23:06:31.6730843Z test_android_declared_cache_home_and_cache_directory_bind_exact_module (__main__.Evidence.test_android_declared_cache_home_and_cache_directory_bind_exact_module) ... ok
2026-10-09T23:06:31.6732842Z test_android_duplicate_release_databases_refused (__main__.Evidence.test_android_duplicate_release_databases_refused) ... ok
2026-10-09T23:06:31.6734225Z test_android_entry_directory_outside_module_staging_refused (__main__.Evidence.test_android_entry_directory_outside_module_staging_refused) ... ok
2026-10-09T23:06:31.6735365Z test_android_identical_repeated_invocation_rows_deduplicate (__main__.Evidence.test_android_identical_repeated_invocation_rows_deduplicate) ... ok
2026-10-09T23:06:31.6736563Z test_android_missing_actual_cache_cannot_use_aggregate_parent_cache (__main__.Evidence.test_android_missing_actual_cache_cannot_use_aggregate_parent_cache) ... ok
2026-10-09T23:06:31.6737668Z test_android_missing_empty_or_outside_object_refused (__main__.Evidence.test_android_missing_empty_or_outside_object_refused) ... ok
2026-10-09T23:06:31.6738798Z test_android_multiple_distinct_release_objects_in_one_cache_refused (__main__.Evidence.test_android_multiple_distinct_release_objects_in_one_cache_refused) ... ok
2026-10-09T23:06:31.6740400Z test_android_positive_relwithdebinfo_source_object_and_dependency_receipts (__main__.Evidence.test_android_positive_relwithdebinfo_source_object_and_dependency_receipts) ... ok
2026-10-09T23:06:31.6742600Z test_android_same_object_different_valid_invocations_refused (__main__.Evidence.test_android_same_object_different_valid_invocations_refused) ... ok
2026-10-09T23:06:31.6744819Z test_android_sqlcipher_vendor_route_supported_without_invented_codec_claim (__main__.Evidence.test_android_sqlcipher_vendor_route_supported_without_invented_codec_claim) ... ok
2026-10-09T23:06:31.6747363Z test_android_unresolved_empty_or_signed_dependency_receipts_refused_and_not_copied (__main__.Evidence.test_android_unresolved_empty_or_signed_dependency_receipts_refused_and_not_copied) ... ok
2026-10-09T23:06:31.6749437Z test_exact_macro_spellings_and_distinct_prefix (__main__.Evidence.test_exact_macro_spellings_and_distinct_prefix) ... ok
2026-10-09T23:06:31.6751388Z test_ios_copied_source_or_release_object_absence_refused (__main__.Evidence.test_ios_copied_source_or_release_object_absence_refused) ... ok
2026-10-09T23:06:31.6753510Z test_ios_original_info_or_privacy_inspection_hash_mismatch_refused (__main__.Evidence.test_ios_original_info_or_privacy_inspection_hash_mismatch_refused) ... ok
2026-10-09T23:06:31.6755862Z test_ios_positive_filtered_flags_objects_and_complete_privacy_locations (__main__.Evidence.test_ios_positive_filtered_flags_objects_and_complete_privacy_locations) ... ok
2026-10-09T23:06:31.6758144Z test_ios_string_or_array_flags_are_supported_without_mutating_input (__main__.Evidence.test_ios_string_or_array_flags_are_supported_without_mutating_input) ... ok
2026-10-09T23:06:31.6759573Z test_ios_wrong_target_configuration_platform_or_duplicate_target_refused (__main__.Evidence.test_ios_wrong_target_configuration_platform_or_duplicate_target_refused) ... ok
2026-10-09T23:06:31.6761278Z test_ios_xcconfig_or_gcc_definition_conflicts_refused (__main__.Evidence.test_ios_xcconfig_or_gcc_definition_conflicts_refused) ... ok
2026-10-09T23:06:31.6762557Z test_missing_conflicting_duplicate_or_response_flags_refused (__main__.Evidence.test_missing_conflicting_duplicate_or_response_flags_refused) ... ok
2026-10-09T23:06:31.6763705Z test_privacy_directory_link_cannot_hide_external_sdk_manifest (__main__.Evidence.test_privacy_directory_link_cannot_hide_external_sdk_manifest) ... ok
2026-10-09T23:06:31.6764925Z test_privacy_only_traversed_symlinks_refused_unrelated_code_link_allowed (__main__.Evidence.test_privacy_only_traversed_symlinks_refused_unrelated_code_link_allowed) ... ok
2026-10-09T23:06:31.6766117Z test_privacy_replay_destination_must_be_fresh (__main__.Evidence.test_privacy_replay_destination_must_be_fresh) ... ok
2026-10-09T23:06:31.6767092Z test_source_identity_requires_exact_commit_tree_receipt (__main__.Evidence.test_source_identity_requires_exact_commit_tree_receipt) ... ok
2026-10-09T23:06:31.6767595Z 
2026-10-09T23:06:31.6767830Z ----------------------------------------------------------------------
2026-10-09T23:06:31.6768212Z Ran 31 tests in 0.251s
2026-10-09T23:06:31.6768352Z 
2026-10-09T23:06:31.6768438Z OK
2026-10-09T23:06:31.6769010Z {"passed":true,"scope":"Portable reader fixtures; actual native builds and evidence remain CI qualifications"}
2026-10-09T23:06:31.6769636Z Checking check-native-history.cjs
2026-10-09T23:06:33.0256589Z PASS Whole snapshot migration: plaintext legacy
2026-10-09T23:06:33.5010807Z PASS Whole snapshot migration: encrypted legacy
2026-10-09T23:06:33.8939033Z PASS Whole snapshot migration: encrypted SQL snapshot
2026-10-09T23:06:34.6087742Z PASS Head-only saves preserve exact completed ciphertext; append writes only one new entity
2026-10-09T23:06:35.2078578Z PASS Two modules serialize first key creation and preserve the final readable history
2026-10-09T23:06:35.6161644Z PASS Concurrent second-module reads and locked exports wait for a prepared restore
2026-10-09T23:06:36.0722423Z PASS Completed history edit/delete/reorder update only affected entities
2026-10-09T23:06:37.0008885Z PASS Full restore rotates secure key and all entities; reset retires complete history
2026-10-09T23:06:37.5802838Z PASS Locked raw recovery bundle retains the head and every encrypted entity after key loss
2026-10-09T23:06:37.9760539Z PASS Corrupted history refuses reads/saves: missing entity
2026-10-09T23:06:38.3476243Z PASS Corrupted history refuses reads/saves: damaged chunk
2026-10-09T23:06:38.7613775Z PASS Corrupted history refuses reads/saves: authenticated digest mismatch
2026-10-09T23:06:39.3289689Z PASS Stale module compare-and-commit refuses saves after restore
2026-10-09T23:06:39.8768762Z PASS Stale module compare-and-commit refuses saves after reset
2026-10-09T23:06:40.2665365Z PASS Stale replacement refuses before preparing a key ring after other module save
2026-10-09T23:06:40.6508303Z PASS Stale replacement refuses before preparing a key ring after other module restore
2026-10-09T23:06:41.0042712Z PASS Stale replacement refuses before preparing a key ring after other module reset
2026-10-09T23:06:41.3995585Z PASS Repeated current-session edits have bounded persistence work with 3 completed workouts
2026-10-09T23:06:43.8929777Z PASS Repeated current-session edits have bounded persistence work with 2000 completed workouts
2026-10-09T23:06:43.8946652Z EVIDENCE cached current-session persistence [{"history":3,"selects":19,"secureReads":3},{"history":3,"selects":19,"secureReads":3},{"history":2000,"selects":19,"secureReads":3},{"history":2000,"selects":19,"secureReads":3}]
2026-10-09T23:06:44.4819900Z PASS Batch write rollback preserves head, unchanged entities and prior history after SQLITE_FULL
2026-10-09T23:06:44.8916333Z PASS Postcommit readback ambiguity reports failure but retains a complete reopenable generation
2026-10-09T23:06:45.2688466Z PASS Ambiguous migration retains the whole encrypted legacy source and reopens committed entities
2026-10-09T23:06:45.6517269Z PASS Ambiguous restore retains new encrypted entities and both keys until fresh recovery
2026-10-09T23:06:46.0415607Z PASS Interrupted restore secure-key activation retains all entities and both recoverable keys
2026-10-09T23:06:46.4198498Z PASS Same module cannot overwrite installed restore with old UI state after failed acknowledgment
2026-10-09T23:06:46.8099843Z PASS Reset interruption while deleting movefield.restoreKeys.v1 still reopens empty history
2026-10-09T23:06:47.1840817Z PASS Reset interruption while deleting movefield.dataKey.v1 still reopens empty history
2026-10-09T23:06:47.1848680Z PASS native history: 27 scenarios, 192 assertions (actual SQLite/storage/history/crypto; injected OS APIs; no physical-device proof)
2026-10-09T23:06:47.2348399Z Checking check-native-privacy-cleanup.cjs
2026-10-09T23:06:48.8171666Z PASS Validated plaintext migration acknowledges encrypted persistence while denied cleanup is durably pending after reopen
2026-10-09T23:06:49.8412093Z PASS Read-only status and raw recovery retain matching copies; authenticated reopened read retires them without changing revision
2026-10-09T23:06:50.2260014Z PASS Explicit retry authenticates stored records and retires the exact receipted value
2026-10-09T23:06:51.0066145Z PASS Changed legacy copies are preserved and subsequent saves never replace the oldest cleanup fingerprint
2026-10-09T23:06:51.6542614Z PASS Different literal lone UTF-16 surrogates in valid legacy JSON never match the captured copy
2026-10-09T23:06:52.4345779Z PASS Untracked historical copies are reported but never adopted by a later successful save or retry
2026-10-09T23:06:53.1933272Z PASS Unreadable legacy storage cannot fail a valid SQL read/save or supply a cleanup fingerprint
2026-10-09T23:06:53.2661432Z PASS Every first-migration SQL write and precommit fault rolls back the cleanup receipt with the generation
2026-10-09T23:06:54.0081919Z PASS Postcommit readback ambiguity preserves original plaintext and journal until a fresh authenticated read
2026-10-09T23:06:54.7387798Z PASS Missing keys preserve matching pending copies; raw recovery and explicit retry cannot authorize deletion
2026-10-09T23:06:55.3045328Z PASS Ciphertext with valid SQL integrity but failed authentication preserves matching legacy plaintext
2026-10-09T23:06:56.0528144Z PASS Corrupted SQL tombstone is never treated as reset proof and cannot retire a retained copy
2026-10-09T23:06:56.4273606Z PASS Successful but ineffective legacy removal remains pending across restart
2026-10-09T23:06:57.0056238Z PASS Failed cleanup-metadata retirement never reverses durable acknowledgement; missing legacy can be pruned on restart
2026-10-09T23:06:59.8750431Z PASS Malformed cleanup metadata yields unavailable status without blocking encrypted reads or deleting legacy
2026-10-09T23:07:00.5632667Z PASS Status inspection SQL failure cannot turn an acknowledged training save into a save error
2026-10-09T23:07:00.5815999Z PASS Bounded lossless fingerprint preserves Unicode code units across chunk boundaries and stores no plaintext
2026-10-09T23:07:00.5965613Z PASS Oversized old copies are preserved without a hash receipt or deletion, while new encrypted records remain usable
2026-10-09T23:07:00.6121288Z PASS Exact SQL proof is rechecked before legacy deletion and unowned slots are refused
2026-10-09T23:07:01.4833663Z PASS Reset retires current encrypted records and keys but honestly reports retained matching copies; retry later removes them
2026-10-09T23:07:02.9718864Z PASS Reset preserves changed or untracked historical copies and reports attention instead of complete erasure
2026-10-09T23:07:03.6609991Z PASS Setup migration uses the same durable receipt and explicit retry validates its encrypted draft
2026-10-09T23:07:03.6611216Z {
2026-10-09T23:07:03.6611558Z   "checks": 22,
2026-10-09T23:07:03.6611938Z   "evidence": [
2026-10-09T23:07:03.6612987Z     "Validated plaintext migration acknowledges encrypted persistence while denied cleanup is durably pending after reopen",
2026-10-09T23:07:03.6614737Z     "Read-only status and raw recovery retain matching copies; authenticated reopened read retires them without changing revision",
2026-10-09T23:07:03.6616121Z     "Explicit retry authenticates stored records and retires the exact receipted value",
2026-10-09T23:07:03.6617564Z     "Changed legacy copies are preserved and subsequent saves never replace the oldest cleanup fingerprint",
2026-10-09T23:07:03.6618712Z     "Different literal lone UTF-16 surrogates in valid legacy JSON never match the captured copy",
2026-10-09T23:07:03.6619874Z     "Untracked historical copies are reported but never adopted by a later successful save or retry",
2026-10-09T23:07:03.6621634Z     "Unreadable legacy storage cannot fail a valid SQL read/save or supply a cleanup fingerprint",
2026-10-09T23:07:03.6622896Z     "Every first-migration SQL write and precommit fault rolls back the cleanup receipt with the generation",
2026-10-09T23:07:03.6624145Z     "Postcommit readback ambiguity preserves original plaintext and journal until a fresh authenticated read",
2026-10-09T23:07:03.6625407Z     "Missing keys preserve matching pending copies; raw recovery and explicit retry cannot authorize deletion",
2026-10-09T23:07:03.6626654Z     "Ciphertext with valid SQL integrity but failed authentication preserves matching legacy plaintext",
2026-10-09T23:07:03.6627814Z     "Corrupted SQL tombstone is never treated as reset proof and cannot retire a retained copy",
2026-10-09T23:07:03.6628767Z     "Successful but ineffective legacy removal remains pending across restart",
2026-10-09T23:07:03.6630019Z     "Failed cleanup-metadata retirement never reverses durable acknowledgement; missing legacy can be pruned on restart",
2026-10-09T23:07:03.6631658Z     "Malformed cleanup metadata yields unavailable status without blocking encrypted reads or deleting legacy",
2026-10-09T23:07:03.6632856Z     "Status inspection SQL failure cannot turn an acknowledged training save into a save error",
2026-10-09T23:07:03.6633999Z     "Bounded lossless fingerprint preserves Unicode code units across chunk boundaries and stores no plaintext",
2026-10-09T23:07:03.6635300Z     "Oversized old copies are preserved without a hash receipt or deletion, while new encrypted records remain usable",
2026-10-09T23:07:03.6636436Z     "Exact SQL proof is rechecked before legacy deletion and unowned slots are refused",
2026-10-09T23:07:03.6637655Z     "Reset retires current encrypted records and keys but honestly reports retained matching copies; retry later removes them",
2026-10-09T23:07:03.6639017Z     "Reset preserves changed or untracked historical copies and reports attention instead of complete erasure",
2026-10-09T23:07:03.6641922Z     "Setup migration uses the same durable receipt and explicit retry validates its encrypted draft"
2026-10-09T23:07:03.6642636Z   ],
2026-10-09T23:07:03.6643765Z   "limits": "Actual source modules, real node:sqlite transactions and crypto; injected legacy/SecureStore APIs. No OS/process/device or forensic-erasure qualification."
2026-10-09T23:07:03.6644851Z }
2026-10-09T23:07:03.7257974Z Checking check-native-privacy-ui.cjs
2026-10-09T23:07:04.4301021Z PASS Pending cleanup warning is independent and requires an explicit retry
2026-10-09T23:07:04.4585277Z PASS clear status describes older copies honestly
2026-10-09T23:07:04.4884339Z PASS attention status describes older copies honestly
2026-10-09T23:07:04.5108552Z PASS unavailable status describes older copies honestly
2026-10-09T23:07:04.5433079Z PASS Busy retry is disabled and guarded even through its retained callback
2026-10-09T23:07:04.5638789Z PASS Compact global status exposes warnings and keeps clear status quiet
2026-10-09T23:07:04.5864640Z PASS Settings receives privacy status and links without changing it
2026-10-09T23:07:04.6110529Z PASS Privacy and support links open only from accessible user actions
2026-10-09T23:07:04.6469274Z PASS Failed public link is visible, later link supersedes old failure, unmount suppresses results
2026-10-09T23:07:04.7624299Z PASS Startup reads older-copy status even when saved training cannot open
2026-10-09T23:07:04.8898980Z PASS Privacy read failure cannot change a durable save to failure
2026-10-09T23:07:04.9754137Z PASS Save failure and privacy attention remain independent
2026-10-09T23:07:05.0814401Z PASS Newer privacy status suppresses older pending read after a save
2026-10-09T23:07:05.1643828Z PASS Successful restore refreshes privacy without turning status failure into restore failure
2026-10-09T23:07:05.2621816Z PASS stale restore preserves a pending save saved result
2026-10-09T23:07:05.3800749Z PASS stale restore preserves a pending save failed result
2026-10-09T23:07:05.4681375Z PASS failed restore preserves a pending save saved result
2026-10-09T23:07:05.5565403Z PASS failed restore preserves a pending save failed result
2026-10-09T23:07:05.6373282Z PASS failed reset preserves a pending save saved result
2026-10-09T23:07:05.7372069Z PASS failed reset preserves a pending save failed result
2026-10-09T23:07:05.8083812Z PASS Unmount suppresses rejected restore and never refreshes privacy afterward
2026-10-09T23:07:05.8894523Z PASS Reset preserves a truthful older-copy warning and saves an empty current state
2026-10-09T23:07:05.9565333Z PASS Denied retry stays a privacy issue and cannot trigger a training save
2026-10-09T23:07:06.0348122Z PASS Repeated retry clicks make one request and later save invalidates old cleanup status
2026-10-09T23:07:06.1020912Z PASS Unmount suppresses pending privacy, save and cleanup callbacks
2026-10-09T23:07:06.1022094Z PASS native privacy UI: 25/25 scenarios, 80 assertions (actual compiled TSX callbacks; mocked storage/native hooks, not physical-device acceptance)
2026-10-09T23:07:06.1327030Z Checking check-native-qwen-files.cjs
2026-10-09T23:07:06.7486509Z PASS catalog, frozen exact consent and no automatic network
2026-10-09T23:07:06.8999731Z PASS actual Expo adapter, bounded hashes, real SQLite commit and reopen
2026-10-09T23:07:06.9711648Z PASS integrity rejects mutate
2026-10-09T23:07:07.0446821Z PASS integrity rejects truncate
2026-10-09T23:07:07.1094165Z PASS integrity rejects extra
2026-10-09T23:07:07.1767870Z PASS integrity rejects bad-progress
2026-10-09T23:07:07.2715057Z PASS same-size damage is detected before runtime callback or reuse
2026-10-09T23:07:07.3553067Z PASS cache eviction reports unavailable and explicit retry repairs it
2026-10-09T23:07:07.4053870Z PASS free space includes complete new files and platform temporary space
2026-10-09T23:07:07.4686038Z PASS cancel before start and while hashing never publishes
2026-10-09T23:07:07.5453828Z PASS hung native cancel, late completion quarantine, bounded retries and delete
2026-10-09T23:07:07.6246432Z PASS idle timeout isolates a hung native writer and no background resume claim
2026-10-09T23:07:07.7751653Z PASS atomic replacement rollback preserves old model files
2026-10-09T23:07:07.8440737Z PASS committed pointer survives failed readback acknowledgement
2026-10-09T23:07:07.9226007Z PASS Cancel after atomic commit reports actual completed files
2026-10-09T23:07:08.0841097Z PASS startup cleanup before and after pointer publication
2026-10-09T23:07:08.1718434Z PASS load lease blocks same-runtime reload, download and deletion
2026-10-09T23:07:08.3281562Z PASS metadata damage is preserved automatically and explicit Delete repairs it
2026-10-09T23:07:08.3990974Z PASS bounded native read errors and cleanup failure remain recoverable
2026-10-09T23:07:08.4989651Z PASS attempt identifier collision never replaces a previous model
2026-10-09T23:07:08.5800815Z PASS explicit delete tombstone survives disk cleanup failure
2026-10-09T23:07:08.6353046Z PASS unknown filesystem entries preserved, no model weights fetched by tests
2026-10-09T23:07:08.7295297Z PASS existing WAL model metadata migrates without receipt or file rewrite
2026-10-09T23:07:08.8156867Z PASS unqualified fresh model transaction refuses before pointer or existing file deletion
2026-10-09T23:07:08.9755198Z PASS different model jobs preserve generations through rollback-journal contention and qualified retry
2026-10-09T23:07:08.9757593Z {"status":"passed","scenarios":25,"assertions":1364,"actualModelDownloads":0,"inferenceRuns":0,"physicalDevicesQualified":0,"adapter":"actual compiled Expo adapter + mock filesystem/transport + real node:sqlite + real SHA-256"}
2026-10-09T23:07:09.0131929Z Checking check-native-qwen-ui.cjs
2026-10-09T23:07:09.3350669Z PASS Mount/open/status/review perform no implicit download or profile access
2026-10-09T23:07:09.3722871Z PASS Review consent is deeply frozen and repeated confirmation starts only one request
2026-10-09T23:07:09.3969066Z PASS A canceled review invalidates its retained confirmation callback
2026-10-09T23:07:09.4271415Z PASS A replacement review cannot authorize an older different confirmation tuple
2026-10-09T23:07:09.4577457Z PASS Completed confirmation cannot restart a download without a new review
2026-10-09T23:07:09.4759519Z PASS Off blocks review and invalidates an already reviewed confirmation
2026-10-09T23:07:09.4981735Z PASS Cancel download suppresses late progress/results and supports a new explicit retry
2026-10-09T23:07:09.5209608Z PASS Close native model files suppresses late progress/results and supports a new explicit retry
2026-10-09T23:07:09.5357124Z PASS Unmount aborts request and suppresses every late state update
2026-10-09T23:07:09.5542198Z PASS background aborts an active request without accepting a late successful receipt
2026-10-09T23:07:09.5732089Z PASS off aborts an active request without accepting a late successful receipt
2026-10-09T23:07:09.5919696Z PASS Late status after close cannot install a stale receipt
2026-10-09T23:07:09.6055487Z PASS Explicit status recheck identifies already finished files after cancellation without retrying network
2026-10-09T23:07:09.6577388Z PASS Download/offer/status errors remain visible and never claim success
2026-10-09T23:07:09.6689788Z PASS Deleting files requires explicit confirmation, preserves profile isolation and saved status on failure
2026-10-09T23:07:09.6812962Z PASS Keep model files invalidates a retained stale delete confirmation
2026-10-09T23:07:09.6952095Z PASS Successful explicit deletion clears only model status and consumes confirmation
2026-10-09T23:07:09.7149872Z PASS Committed deletion with pending temporary cleanup reports retired files accurately
2026-10-09T23:07:09.7261132Z PASS Unreadable local model status still permits explicit file-only deletion recovery
2026-10-09T23:07:09.7379811Z PASS Unmount revokes retained download review confirmation before a request starts
2026-10-09T23:07:09.7501552Z PASS Unmount revokes retained delete review confirmation before a request starts
2026-10-09T23:07:09.7503000Z PASS native Qwen UI: 21/21 scenarios, 96 assertions (actual compiled TSX callbacks; mocked file client/native hooks, not physical-device or inference acceptance)
2026-10-09T23:07:09.7643860Z Checking check-native-record-batches.cjs
2026-10-09T23:07:10.1869777Z PASS Bounded Unicode workout IDs produce private, fixed-width history slot identities
2026-10-09T23:07:10.2094832Z PASS Legacy fixed-slot values remain outside SQL until encrypted head and workout batch verifies
2026-10-09T23:07:10.2213712Z PASS Unknown namespaces, plaintext, invalid revisions and incomplete expected batches mutate no records
2026-10-09T23:07:10.2343668Z PASS Queued batch detaches validated records and expected guards from mutable caller maps
2026-10-09T23:07:10.2561545Z PASS Two independent stores enforce ciphertext CAS and revision guards including empty/reset ABA
2026-10-09T23:07:10.4772275Z PASS Every batch write/precommit failure rolls back head, workouts, revision and legacy cleanup together
2026-10-09T23:07:10.4949951Z PASS Postcommit verification failure reports ambiguity and retains migration input; fresh reopen sees complete new batch
2026-10-09T23:07:10.5128553Z PASS Changed or denied legacy cleanup retains input after committed readback
2026-10-09T23:07:10.5233064Z PASS Changed migration input during the transaction aborts the encrypted install
2026-10-09T23:07:10.5444032Z PASS Restore/reset tombstones all retired owned entities and orphan chunks atomically
2026-10-09T23:07:10.5588379Z PASS Corrupted entity integrity never silently falls back or rewrites a committed head
2026-10-09T23:07:11.1415529Z PASS 2,000 independently encrypted workouts reopen; one active-set head edit rewrites zero historical rows
2026-10-09T23:07:11.2008328Z PASS Owned history enumeration enforces the supported 5,000-record bound
2026-10-09T23:07:11.2008808Z {
2026-10-09T23:07:11.2009002Z   "checks": 13,
2026-10-09T23:07:11.2009211Z   "evidence": [
2026-10-09T23:07:11.2009631Z     "Bounded Unicode workout IDs produce private, fixed-width history slot identities",
2026-10-09T23:07:11.2011030Z     "Legacy fixed-slot values remain outside SQL until encrypted head and workout batch verifies",
2026-10-09T23:07:11.2011816Z     "Unknown namespaces, plaintext, invalid revisions and incomplete expected batches mutate no records",
2026-10-09T23:07:11.2012512Z     "Queued batch detaches validated records and expected guards from mutable caller maps",
2026-10-09T23:07:11.2013177Z     "Two independent stores enforce ciphertext CAS and revision guards including empty/reset ABA",
2026-10-09T23:07:11.2013939Z     "Every batch write/precommit failure rolls back head, workouts, revision and legacy cleanup together",
2026-10-09T23:07:11.2014809Z     "Postcommit verification failure reports ambiguity and retains migration input; fresh reopen sees complete new batch",
2026-10-09T23:07:11.2015512Z     "Changed or denied legacy cleanup retains input after committed readback",
2026-10-09T23:07:11.2016085Z     "Changed migration input during the transaction aborts the encrypted install",
2026-10-09T23:07:11.2016682Z     "Restore/reset tombstones all retired owned entities and orphan chunks atomically",
2026-10-09T23:07:11.2017360Z     "Corrupted entity integrity never silently falls back or rewrites a committed head",
2026-10-09T23:07:11.2017820Z     {
2026-10-09T23:07:11.2018035Z       "workouts": 2000,
2026-10-09T23:07:11.2018283Z       "loggedSets": 24000,
2026-10-09T23:07:11.2018583Z       "activeEditSqlWrites": 4,
2026-10-09T23:07:11.2018912Z       "historyRowsRewritten": 0
2026-10-09T23:07:11.2019166Z     },
2026-10-09T23:07:11.2019679Z     "2,000 independently encrypted workouts reopen; one active-set head edit rewrites zero historical rows",
2026-10-09T23:07:11.2020670Z     "Owned history enumeration enforces the supported 5,000-record bound"
2026-10-09T23:07:11.2021058Z   ],
2026-10-09T23:07:11.2021629Z   "limits": "Real node:sqlite transactions with injected storage failure; no physical phone, OS-kill or power acceptance."
2026-10-09T23:07:11.2022196Z }
2026-10-09T23:07:11.2162045Z Checking check-native-reminder-cleanup.cjs
2026-10-09T23:07:11.5137171Z {
2026-10-09T23:07:11.5137658Z   "passed": 4,
2026-10-09T23:07:11.5138066Z   "total": 4,
2026-10-09T23:07:11.5138439Z   "results": [
2026-10-09T23:07:11.5138811Z     {
2026-10-09T23:07:11.5139709Z       "name": "Off attempts every owned cancellation and dismissal even if the first fails",
2026-10-09T23:07:11.5140712Z       "pass": true
2026-10-09T23:07:11.5141039Z     },
2026-10-09T23:07:11.5141336Z     {
2026-10-09T23:07:11.5142026Z       "name": "A presented-alert enumeration failure still cancels all known scheduled alerts",
2026-10-09T23:07:11.5142881Z       "pass": true
2026-10-09T23:07:11.5143221Z     },
2026-10-09T23:07:11.5143589Z     {
2026-10-09T23:07:11.5144310Z       "name": "Failed cleanup does not create additional schedules or foreground authorization",
2026-10-09T23:07:11.5145060Z       "pass": true
2026-10-09T23:07:11.5145472Z     },
2026-10-09T23:07:11.5145777Z     {
2026-10-09T23:07:11.5146594Z       "name": "Successful cleanup refreshes the selected day and reports true schedule status",
2026-10-09T23:07:11.5147444Z       "pass": true
2026-10-09T23:07:11.5147796Z     }
2026-10-09T23:07:11.5148115Z   ]
2026-10-09T23:07:11.5148426Z }
2026-10-09T23:07:11.5218362Z Checking check-native-security-config.cjs
2026-10-09T23:07:15.1966627Z {"ok":true,"checks":275,"kind":"isolated-expo-prebuild","nativeCompilation":false,"storeAcceptance":false,"physicalDevices":false,"files":{"manifest":"b8bd1f9d9b272855acf3b617d55258181cfc84b9ff5c7c40757b5d99a6a57600","legacyBackup":"b6d25f2b96cdd6b451a701a01ec246934538f89635a534d679e0825dd2f555ee","extraction":"9c0680166f549a448ff3b4acc76af3c08b854ccbb0e9278062fcf8f788504f1b","privacy":"8645807a79663255e71b973dc700b9aa53a471ca7958183bcb8d4107f7ee89b1","sqlite":{"androidCustomBuildFlags":"expo.sqlite.customBuildFlags=-DSQLITE_DEFAULT_SYNCHRONOUS=3","iosCustomBuildFlags":"-DSQLITE_DEFAULT_SYNCHRONOUS=3","gradlePropertiesSha256":"464e15f84ec5d6494c7cb43a7a75997619592e797488a7199221e411b2c18936","podPropertiesSha256":"8e162f4dbba33704fb2ae0291f47f0e86d6f484080431433d98e86344e7895fa"}}}
2026-10-09T23:07:15.2096574Z Checking check-native-sqlite-policy.cjs
2026-10-09T23:07:15.6527171Z PASS Existing real WAL ciphertext migrates to DELETE without row, envelope or key changes; fresh store reads it
2026-10-09T23:07:15.6637470Z PASS Real locked WAL conversion rejects before schema/application writes; original ciphertext and legacy stay readable after retry
2026-10-09T23:07:15.6877667Z PASS Returned non-DELETE, absent and malformed conversion results fail closed before schema SQL
2026-10-09T23:07:15.7087837Z PASS Base mode readback failure preserves data and rejects before schema/application writes
2026-10-09T23:07:15.7241083Z PASS Fresh real SQLite default2 connection is refused despite base3; ciphertext, legacy and revision are unchanged
2026-10-09T23:07:15.7529284Z PASS Fresh transaction non-DELETE/malformed mode refuses application SQL and leaves original generation
2026-10-09T23:07:15.7588267Z PASS Mode assertions are read-only within a real begun transaction and rollback callback failure
2026-10-09T23:07:15.7588876Z {
2026-10-09T23:07:15.7589102Z   "status": "passed",
2026-10-09T23:07:15.7589351Z   "scenarios": 7,
2026-10-09T23:07:15.7589574Z   "evidence": [
2026-10-09T23:07:15.7590424Z     "Existing real WAL ciphertext migrates to DELETE without row, envelope or key changes; fresh store reads it",
2026-10-09T23:07:15.7591553Z     "Real locked WAL conversion rejects before schema/application writes; original ciphertext and legacy stay readable after retry",
2026-10-09T23:07:15.7593053Z     "Returned non-DELETE, absent and malformed conversion results fail closed before schema SQL",
2026-10-09T23:07:15.7594291Z     "Base mode readback failure preserves data and rejects before schema/application writes",
2026-10-09T23:07:15.7595759Z     "Fresh real SQLite default2 connection is refused despite base3; ciphertext, legacy and revision are unchanged",
2026-10-09T23:07:15.7597254Z     "Fresh transaction non-DELETE/malformed mode refuses application SQL and leaves original generation",
2026-10-09T23:07:15.7598561Z     "Mode assertions are read-only within a real begun transaction and rollback callback failure"
2026-10-09T23:07:15.7599356Z   ],
2026-10-09T23:07:15.7601385Z   "limits": "Real host node:sqlite file/locking/rollback checks; native compile default3 is modeled in the transaction harness. No actual corruption reproduction, power-cut, Expo Go, Android/iOS device or store qualification."
2026-10-09T23:07:15.7603140Z }
2026-10-09T23:07:15.7825045Z Checking check-native-sqlite.cjs
2026-10-09T23:07:16.2967832Z PASS Opaque encrypted snapshot is chunked, committed, hashed and readable after fresh store open
2026-10-09T23:07:16.3127409Z PASS Plaintext and unknown slots are refused before database mutation; legacy plaintext remains outside SQL
2026-10-09T23:07:16.3355113Z PASS Legacy cleanup failure never resurrects state or journal after transactional tombstones
2026-10-09T23:07:16.5037041Z PASS Every SQL write/precommit failure rolls back ciphertext and manifest to the previous readable generation
2026-10-09T23:07:16.5261279Z PASS In-transaction corrupted readback aborts update; old generation and retained legacy remain
2026-10-09T23:07:16.5371855Z PASS Postcommit readback failure is surfaced and keeps legacy; persisted new snapshot remains reopenable
2026-10-09T23:07:16.6865501Z PASS Missing, damaged or false-tombstone chunks are rejected without legacy fallback or replacement
2026-10-09T23:07:20.1874554Z PASS 2,000 workouts with 24,000 logged sets and Unicode notes save, decrypt and reopen through real SQLite
2026-10-09T23:07:20.6633424Z PASS Validated plaintext legacy migration seals before SQL persistence and is idempotent
2026-10-09T23:07:21.1136981Z PASS Encrypted legacy without its SecureStore key is retained, never imported or overwritten
2026-10-09T23:07:21.5388886Z PASS Migration failure retains exact legacy ciphertext and existing key; retry succeeds
2026-10-09T23:07:21.5536880Z PASS Partial multi-slot deletion failure rolls back every tombstone and ciphertext together
2026-10-09T23:07:22.0664636Z PASS Interrupted secure-key activation recovers installed SQLite restore from a fresh module
2026-10-09T23:07:22.7320883Z PASS Protected native restore/reset key lifecycle survives SQLite persistence and tombstones
2026-10-09T23:07:22.7321814Z {
2026-10-09T23:07:22.7322123Z   "checks": 14,
2026-10-09T23:07:22.7322443Z   "evidence": [
2026-10-09T23:07:22.7323184Z     "Opaque encrypted snapshot is chunked, committed, hashed and readable after fresh store open",
2026-10-09T23:07:22.7324277Z     "Plaintext and unknown slots are refused before database mutation; legacy plaintext remains outside SQL",
2026-10-09T23:07:22.7325134Z     "Legacy cleanup failure never resurrects state or journal after transactional tombstones",
2026-10-09T23:07:22.7325957Z     "Every SQL write/precommit failure rolls back ciphertext and manifest to the previous readable generation",
2026-10-09T23:07:22.7326782Z     "In-transaction corrupted readback aborts update; old generation and retained legacy remain",
2026-10-09T23:07:22.7327590Z     "Postcommit readback failure is surfaced and keeps legacy; persisted new snapshot remains reopenable",
2026-10-09T23:07:22.7328396Z     "Missing, damaged or false-tombstone chunks are rejected without legacy fallback or replacement",
2026-10-09T23:07:22.7328903Z     {
2026-10-09T23:07:22.7329104Z       "jsonChars": 2525825,
2026-10-09T23:07:22.7329381Z       "encryptedBytes": 5084420,
2026-10-09T23:07:22.7329671Z       "maximumChunkChars": 131072
2026-10-09T23:07:22.7329917Z     },
2026-10-09T23:07:22.7330739Z     "2,000 workouts with 24,000 logged sets and Unicode notes save, decrypt and reopen through real SQLite",
2026-10-09T23:07:22.7331516Z     "Validated plaintext legacy migration seals before SQL persistence and is idempotent",
2026-10-09T23:07:22.7332243Z     "Encrypted legacy without its SecureStore key is retained, never imported or overwritten",
2026-10-09T23:07:22.7332972Z     "Migration failure retains exact legacy ciphertext and existing key; retry succeeds",
2026-10-09T23:07:22.7333734Z     "Partial multi-slot deletion failure rolls back every tombstone and ciphertext together",
2026-10-09T23:07:22.7334472Z     "Interrupted secure-key activation recovers installed SQLite restore from a fresh module",
2026-10-09T23:07:22.7335201Z     "Protected native restore/reset key lifecycle survives SQLite persistence and tombstones"
2026-10-09T23:07:22.7335667Z   ],
2026-10-09T23:07:22.7336263Z   "limits": "Real node:sqlite persistence; injected SecureStore/crypto APIs. No iOS/Android OS/process/power/device acceptance."
2026-10-09T23:07:22.7336874Z }
2026-10-09T23:07:22.7919664Z Checking check-native-storage.cjs
2026-10-09T23:07:30.9445856Z PASS native storage: eight fresh-module restore boundaries, key-loss/legacy privacy, 312-session capacity (1658824 encrypted bytes), Unicode above legacy capacity/low-storage recovery and custom timed/load conventions. Physical-device capacity: NOT MEASURED.
2026-10-09T23:07:31.0102998Z Checking check-native-sync-outbox.cjs
2026-10-09T23:07:31.5315638Z PASS Encrypted head and split outbox commit together with bounded SQLite rows and exact fresh-store readback
2026-10-09T23:07:31.7183882Z PASS Every outbox write and precommit failure rolls back local head, outbox, revision and original queue
2026-10-09T23:07:31.7506155Z PASS Concurrent store leases, stale receipts and retries preserve newer locally queued generations
2026-10-09T23:07:31.7638700Z PASS Unqualified transaction modes refuse outbox claims and synced writes before application SQL
2026-10-09T23:07:31.7867740Z PASS Restore/reset replace pending sync atomically and retain CAS revision; main tombstones never upload old work
2026-10-09T23:07:31.8243278Z PASS Missing, modified and false outbox manifests fail closed without replacing committed training
2026-10-09T23:07:31.8244211Z {
2026-10-09T23:07:31.8244417Z   "checks": 54,
2026-10-09T23:07:31.8244638Z   "scenarios": [
2026-10-09T23:07:31.8245215Z     "Encrypted head and split outbox commit together with bounded SQLite rows and exact fresh-store readback",
2026-10-09T23:07:31.8246309Z     "Every outbox write and precommit failure rolls back local head, outbox, revision and original queue",
2026-10-09T23:07:31.8247156Z     "Concurrent store leases, stale receipts and retries preserve newer locally queued generations",
2026-10-09T23:07:31.8247996Z     "Unqualified transaction modes refuse outbox claims and synced writes before application SQL",
2026-10-09T23:07:31.8248905Z     "Restore/reset replace pending sync atomically and retain CAS revision; main tombstones never upload old work",
2026-10-09T23:07:31.8249799Z     "Missing, modified and false outbox manifests fail closed without replacing committed training"
2026-10-09T23:07:31.8250654Z   ],
2026-10-09T23:07:31.8251753Z   "limits": "Real host node:sqlite transactions, file reopen, chunk integrity and injected disk failures. Expo native compile default3 modeled; no Android/iOS physical process/power or account-service acceptance."
2026-10-09T23:07:31.8252830Z }
2026-10-09T23:07:31.8374817Z Checking check-native-workflows.cjs
2026-10-09T23:07:33.0605149Z PASS finish uses previously entered feedback and saves partial work once
2026-10-09T23:07:33.5530760Z PASS finish supports explicitly skipping effort without clearing concern hold
2026-10-09T23:07:33.5550037Z PASS finish rejects stale workout check-ins and empty non-concern work
2026-10-09T23:07:33.9079831Z PASS paused imported plan resumes without changing dates/history or lifting holds
2026-10-09T23:07:33.9105131Z PASS pause invalidates pending proposals and prevents active-workout changes
2026-10-09T23:07:34.2476731Z PASS only selected new exercise prompts; external link errors remain visible
2026-10-09T23:07:34.5663684Z PASS library searches imported custom exercises and exposes their equipment
2026-10-09T23:07:34.9579415Z PASS overdue primary action stages a reviewed date change without starting
2026-10-09T23:07:35.5581448Z PASS history order is newest first for both imported storage conventions
2026-10-09T23:07:35.8541994Z PASS backfilled history follows workout dates before import timestamps
2026-10-09T23:07:36.7715751Z PASS numeric fields accept decimal comma and retain integer/range restrictions
2026-10-09T23:07:37.0589478Z PASS tools disclosure starts collapsed and responds to its action
2026-10-09T23:07:37.0591725Z {"scenarios":12,"scope":"Actual compiled native App TSX callbacks and real planning/workout helpers; mocked hook scheduler and device I/O. No physical-device, React Native layout, or OS acceptance claim."}
2026-10-09T23:07:37.0973284Z Checking check-offline.cjs
2026-10-09T23:07:37.3666681Z {
2026-10-09T23:07:37.3667122Z   "passed": 34,
2026-10-09T23:07:37.3667546Z   "total": 34,
2026-10-09T23:07:37.3667900Z   "results": [
2026-10-09T23:07:37.3668226Z     {
2026-10-09T23:07:37.3669129Z       "name": "Generator is deterministic and contains every lazy public app feature without private files",
2026-10-09T23:07:37.3670564Z       "pass": true
2026-10-09T23:07:37.3670997Z     },
2026-10-09T23:07:37.3671398Z     {
2026-10-09T23:07:37.3672451Z       "name": "First completed install immediately supports offline root and unopened lazy tools/research",
2026-10-09T23:07:37.3673546Z       "pass": true
2026-10-09T23:07:37.3673960Z     },
2026-10-09T23:07:37.3674331Z     {
2026-10-09T23:07:37.3675170Z       "name": "An old tab can read an old hashed chunk and unrelated caches remain untouched",
2026-10-09T23:07:37.3676078Z       "pass": true
2026-10-09T23:07:37.3676493Z     },
2026-10-09T23:07:37.3676852Z     {
2026-10-09T23:07:37.3677628Z       "name": "Worker policy metadata participates in the current cache identity",
2026-10-09T23:07:37.3678493Z       "pass": true
2026-10-09T23:07:37.3679221Z     },
2026-10-09T23:07:37.3679574Z     {
2026-10-09T23:07:37.3680407Z       "name": "Current controller serves its immutable manifest only after complete installation",
2026-10-09T23:07:37.3680927Z       "pass": true
2026-10-09T23:07:37.3681126Z     },
2026-10-09T23:07:37.3681306Z     {
2026-10-09T23:07:37.3681765Z       "name": "Current verified runtime entries and dependencies gain only the canonical worker CSP",
2026-10-09T23:07:37.3682576Z       "pass": true
2026-10-09T23:07:37.3682774Z     },
2026-10-09T23:07:37.3682948Z     {
2026-10-09T23:07:37.3683418Z       "name": "Runtime cache mutation after activation fails closed before a CSP-bearing response",
2026-10-09T23:07:37.3683934Z       "pass": true
2026-10-09T23:07:37.3684146Z     },
2026-10-09T23:07:37.3684314Z     {
2026-10-09T23:07:37.3684764Z       "name": "Evicted current runtime never falls back to a prior stable worker or library",
2026-10-09T23:07:37.3685220Z       "pass": true
2026-10-09T23:07:37.3685428Z     },
2026-10-09T23:07:37.3685646Z     {
2026-10-09T23:07:37.3686203Z       "name": "Evicted runtime rejects a newer mismatching network asset instead of replacing the current build",
2026-10-09T23:07:37.3686799Z       "pass": true
2026-10-09T23:07:37.3686996Z     },
2026-10-09T23:07:37.3687183Z     {
2026-10-09T23:07:37.3687640Z       "name": "Unlisted and queried runtime paths fail closed without fetching arbitrary code",
2026-10-09T23:07:37.3688167Z       "pass": true
2026-10-09T23:07:37.3688374Z     },
2026-10-09T23:07:37.3688545Z     {
2026-10-09T23:07:37.3688987Z       "name": "Lost current completion marker prevents both trusted manifest and runtime responses",
2026-10-09T23:07:37.3689585Z       "pass": true
2026-10-09T23:07:37.3689816Z     },
2026-10-09T23:07:37.3690007Z     {
2026-10-09T23:07:37.3690717Z       "name": "Changed asset bytes reject activation and preserve the previous working cache",
2026-10-09T23:07:37.3691222Z       "pass": true
2026-10-09T23:07:37.3691416Z     },
2026-10-09T23:07:37.3691607Z     {
2026-10-09T23:07:37.3692095Z       "name": "Cache quota failure rejects partial installation without deleting the previous build",
2026-10-09T23:07:37.3692627Z       "pass": true
2026-10-09T23:07:37.3692835Z     },
2026-10-09T23:07:37.3693005Z     {
2026-10-09T23:07:37.3693392Z       "name": "Same-length corruption during cache readback rejects activation",
2026-10-09T23:07:37.3693830Z       "pass": true
2026-10-09T23:07:37.3694044Z     },
2026-10-09T23:07:37.3694232Z     {
2026-10-09T23:07:37.3694531Z       "name": "A lost staged cache entry rejects activation",
2026-10-09T23:07:37.3694895Z       "pass": true
2026-10-09T23:07:37.3695106Z     },
2026-10-09T23:07:37.3695294Z     {
2026-10-09T23:07:37.3695655Z       "name": "A replaced staged shell cannot count as a working app shell",
2026-10-09T23:07:37.3696092Z       "pass": true
2026-10-09T23:07:37.3696282Z     },
2026-10-09T23:07:37.3696470Z     {
2026-10-09T23:07:37.3696837Z       "name": "A corrupt completed marker cannot count as a completed build",
2026-10-09T23:07:37.3697323Z       "pass": true
2026-10-09T23:07:37.3697556Z     },
2026-10-09T23:07:37.3697751Z     {
2026-10-09T23:07:37.3698237Z       "name": "Activation rechecks staged bytes before claiming clients or deleting previous caches",
2026-10-09T23:07:37.3698789Z       "pass": true
2026-10-09T23:07:37.3698996Z     },
2026-10-09T23:07:37.3699189Z     {
2026-10-09T23:07:37.3699632Z       "name": "Unsafe redirect asset rejects installation without deleting the old cache",
2026-10-09T23:07:37.3700365Z       "pass": true
2026-10-09T23:07:37.3700587Z     },
2026-10-09T23:07:37.3700781Z     {
2026-10-09T23:07:37.3701296Z       "name": "Unsafe redirect response after cache eviction is neither returned as trusted code nor cached",
2026-10-09T23:07:37.3701840Z       "pass": true
2026-10-09T23:07:37.3702055Z     },
2026-10-09T23:07:37.3702243Z     {
2026-10-09T23:07:37.3702645Z       "name": "Unsafe private asset rejects installation without deleting the old cache",
2026-10-09T23:07:37.3703123Z       "pass": true
2026-10-09T23:07:37.3703509Z     },
2026-10-09T23:07:37.3703714Z     {
2026-10-09T23:07:37.3704237Z       "name": "Unsafe private response after cache eviction is neither returned as trusted code nor cached",
2026-10-09T23:07:37.3704798Z       "pass": true
2026-10-09T23:07:37.3705016Z     },
2026-10-09T23:07:37.3705189Z     {
2026-10-09T23:07:37.3705760Z       "name": "Unsafe no-store asset rejects installation without deleting the old cache",
2026-10-09T23:07:37.3706239Z       "pass": true
2026-10-09T23:07:37.3706456Z     },
2026-10-09T23:07:37.3706644Z     {
2026-10-09T23:07:37.3707156Z       "name": "Unsafe no-store response after cache eviction is neither returned as trusted code nor cached",
2026-10-09T23:07:37.3707712Z       "pass": true
2026-10-09T23:07:37.3707920Z     },
2026-10-09T23:07:37.3708090Z     {
2026-10-09T23:07:37.3708508Z       "name": "Unsafe cookie asset rejects installation without deleting the old cache",
2026-10-09T23:07:37.3708977Z       "pass": true
2026-10-09T23:07:37.3709184Z     },
2026-10-09T23:07:37.3709360Z     {
2026-10-09T23:07:37.3709872Z       "name": "Unsafe cookie response after cache eviction is neither returned as trusted code nor cached",
2026-10-09T23:07:37.3710699Z       "pass": true
2026-10-09T23:07:37.3710923Z     },
2026-10-09T23:07:37.3711115Z     {
2026-10-09T23:07:37.3711507Z       "name": "Unsafe error asset rejects installation without deleting the old cache",
2026-10-09T23:07:37.3711977Z       "pass": true
2026-10-09T23:07:37.3712184Z     },
2026-10-09T23:07:37.3712368Z     {
2026-10-09T23:07:37.3712874Z       "name": "Unsafe error response after cache eviction is neither returned as trusted code nor cached",
2026-10-09T23:07:37.3713417Z       "pass": true
2026-10-09T23:07:37.3713605Z     },
2026-10-09T23:07:37.3713793Z     {
2026-10-09T23:07:37.3714202Z       "name": "Unsafe opaque asset rejects installation without deleting the old cache",
2026-10-09T23:07:37.3714649Z       "pass": true
2026-10-09T23:07:37.3714860Z     },
2026-10-09T23:07:37.3715059Z     {
2026-10-09T23:07:37.3715580Z       "name": "Unsafe opaque response after cache eviction is neither returned as trusted code nor cached",
2026-10-09T23:07:37.3716189Z       "pass": true
2026-10-09T23:07:37.3716431Z     },
2026-10-09T23:07:37.3716625Z     {
2026-10-09T23:07:37.3717032Z       "name": "A root shell from a different deployment is never paired with mismatched chunks",
2026-10-09T23:07:37.3717518Z       "pass": true
2026-10-09T23:07:37.3717709Z     },
2026-10-09T23:07:37.3717890Z     {
2026-10-09T23:07:37.3718388Z       "name": "Inline RSC references and a generic login page cannot overwrite a usable shell",
2026-10-09T23:07:37.3719868Z       "pass": true
2026-10-09T23:07:37.3720377Z     },
2026-10-09T23:07:37.3720700Z     {
2026-10-09T23:07:37.3721392Z       "name": "A network navigation into a newer uninstalled build retains the last working offline shell",
2026-10-09T23:07:37.3721978Z       "pass": true
2026-10-09T23:07:37.3722186Z     },
2026-10-09T23:07:37.3722359Z     {
2026-10-09T23:07:37.3722911Z       "name": "Protected requests, private routes, downloads, arbitrary queries and foreign origins remain uncached",
2026-10-09T23:07:37.3723484Z       "pass": true
2026-10-09T23:07:37.3723679Z     }
2026-10-09T23:07:37.3723850Z   ],
2026-10-09T23:07:37.3724028Z   "limits": [
2026-10-09T23:07:37.3724632Z     "VM fixture validates lifecycle/content boundaries, not real-browser worker registration or physical-device behavior."
2026-10-09T23:07:37.3725226Z   ]
2026-10-09T23:07:37.3725403Z }
2026-10-09T23:07:37.3757409Z Checking check-onboarding.cjs
2026-10-09T23:07:37.9762775Z PASS Fresh journey starts without an accepted or seeded plan
2026-10-09T23:07:37.9932401Z PASS Choosing a plan does not mutate current plan or history
2026-10-09T23:07:37.9983462Z PASS Accepting a different block replaces all current plan references and preserves actuals
2026-10-09T23:07:38.0002144Z PASS Active workout prevents replacement without mutating anything
2026-10-09T23:07:38.0025062Z PASS Offline acceptance remains blocked
2026-10-09T23:07:38.0061609Z PASS Changed choices cannot accept a stale preview
2026-10-09T23:07:38.0097436Z PASS Added commitment is revalidated at acceptance
2026-10-09T23:07:38.0098360Z PASS Youth in-season app route cannot sneak through final acceptance
2026-10-09T23:07:38.0099414Z PASS Underage, past and invalid date inputs have explicit errors
2026-10-09T23:07:38.0110321Z PASS Coach plan remains tracking and accepts without hidden exercise doses
2026-10-09T23:07:38.0113876Z PASS A schedule that cannot support a template offers a tracking option
2026-10-09T23:07:38.0145094Z PASS A stale commitment snapshot cannot overwrite newer calendar events
2026-10-09T23:07:38.0190215Z PASS Generated durations override stale catalog times in fit notes and ranking
2026-10-09T23:07:38.0240710Z PASS Fit uses the full block and does not claim unavailable drafts fit
2026-10-09T23:07:38.0241464Z 14 onboarding checks passed
2026-10-09T23:07:38.0367822Z Checking check-preferences.cjs
2026-10-09T23:07:38.6505805Z PASS Damaged and unsafe preferences fall back without changing training records
2026-10-09T23:07:38.6531477Z PASS Model selection requires measured qualification and falls back without downloads
2026-10-09T23:07:38.6697703Z PASS Reminder schedule deduplicates days and respects plan and workout state
2026-10-09T23:07:38.6702075Z PASS Calendar export contains timed reminders and no workout or personal details
2026-10-09T23:07:38.6708746Z PASS Every palette passes light and dark text and control contrast
2026-10-09T23:07:38.6712272Z PASS Smallest and smaller text, spacing density and the added palettes are accepted; unknown values fall back
2026-10-09T23:07:38.6715664Z 6 groups, 98 checks passed.
2026-10-09T23:07:38.6864320Z Checking check-program-depth.cjs
2026-10-09T23:07:45.4208521Z 75 plan variants; 4437 scenarios; 2572195 assertions passed
2026-10-09T23:07:45.4611124Z Checking check-program-design.cjs
2026-10-09T23:07:46.0730999Z ID        goal         days min  major group sets (chest back quads hams glutes shoulders biceps triceps), week 1
2026-10-09T23:07:46.0733554Z PL3       powerlifting 3    65   9 10 7 6 4.5 3 4.5
2026-10-09T23:07:46.0734346Z PL4       powerlifting 4    65   7 13 5 9 7.5 6 8.5
2026-10-09T23:07:46.0735053Z PB3       powerbuilding3    75   10 10 10 10 11 10 10
2026-10-09T23:07:46.0735784Z PB4       powerbuilding4    70   10 10 10 10 11.5 10 11.5
2026-10-09T23:07:46.0738119Z BB3       hypertrophy  3    70   10 10 10 10 12 11 10
2026-10-09T23:07:46.0739032Z BB4       hypertrophy  4    75   10 10 10 10 14 10 11.5
2026-10-09T23:07:46.0739766Z HY4       hybrid       4    45   2 4 4 2 2 2 2
2026-10-09T23:07:46.0740689Z HY5       hybrid       5    60   3 6 3 2 4.5 2 3
2026-10-09T23:07:46.0741417Z BBPPL6    hypertrophy  6    70   16 17 12 12 17 13 15.5
2026-10-09T23:07:46.0742204Z BBARN6    hypertrophy  6    80   14 16 10 10 21 12.5 16.5
2026-10-09T23:07:46.0742916Z PLTX3     powerlifting 3    70   6 9 9 3 6 4 4.5
2026-10-09T23:07:46.0743612Z PLSL3     powerlifting 3    65   10 11 15 1 10 5 7.5
2026-10-09T23:07:46.0744326Z PLU3      powerlifting 3    80   10 7 7 5 5 1 5
2026-10-09T23:07:46.0745068Z PBPH4     powerbuilding4    90   10 10 10 10 11.5 10 10.5
2026-10-09T23:07:46.0745837Z PBT4      powerbuilding4    75   10 10 10 13 11 10.5 11.5
2026-10-09T23:07:46.0746527Z ST2       strength     2    55   2 4 4 4 2 2 2
2026-10-09T23:07:46.0747190Z ST3       strength     3    70   6 9 8 7 6 3 4.5
2026-10-09T23:07:46.0747861Z GF2       general      2    50   2 4 4 4 2 2 2
2026-10-09T23:07:46.0748514Z GFHOME2   general      2    45   4 4 4 2 0 2 2
2026-10-09T23:07:46.0749126Z CAL2      calisthenics 2    45   4 4 4 1 0 2 2
2026-10-09T23:07:46.0749735Z CAL3      calisthenics 3    45   6 6 6 1 0 3 3
2026-10-09T23:07:46.0750594Z RNEASY3   running      3    40   0 0 0 0 0 0 0
2026-10-09T23:07:46.0751180Z PL2       powerlifting 2    80   6 9 5 5 3 2 3
2026-10-09T23:07:46.0751792Z PBSTART2  powerbuilding2    75   6 8 6 4 5 5 3
2026-10-09T23:07:46.0752492Z PBSTART3  powerbuilding3    70   11 11 10 10 10 10.5 10
2026-10-09T23:07:46.0753742Z PBDB3     powerbuilding3    75   11 10 10 10 12.5 13 11.5
2026-10-09T23:07:46.0754451Z BB2       hypertrophy  2    85   6 6 6 5 5 5 5
2026-10-09T23:07:46.0755073Z BBDB3     hypertrophy  3    75   11 10 10 10 12.5 13 11.5
2026-10-09T23:07:46.0755712Z BBM3      hypertrophy  3    80   10 10 11 10 11 10 10
2026-10-09T23:07:46.0756561Z STGYM2    strength     2    65   6 6 6 4 5 3 3
2026-10-09T23:07:46.0756932Z STDB3     strength     3    75   6 9 8 7 8 6.5 4.5
2026-10-09T23:07:46.0757277Z GF3       general      3    75   4 6 6 6 6 5 3
2026-10-09T23:07:46.0757606Z GFM2      general      2    65   6 6 6 4 5 3 3
2026-10-09T23:07:46.0757961Z CALBUILD3 calisthenics 3    70   9 9 9 4.5 0 4.5 4.5
2026-10-09T23:07:46.0758340Z CALBUILD2 calisthenics 2    70   6 6 6 3 0 3 3
2026-10-09T23:07:46.0758690Z HYHOME4   hybrid       4    60   4 4 4 2 0 2 2
2026-10-09T23:07:46.0759028Z HYDB4     hybrid       4    75   3 6 5 5 4.5 5 3
2026-10-09T23:07:46.0759365Z RNBASE4   running      4    40   0 0 0 0 0 0 0
2026-10-09T23:07:46.0759735Z BBHOME3   hypertrophy  3    70   10 10 10 11.5 10 5 11
2026-10-09T23:07:46.0760445Z BBADV4    hypertrophy  4    100  11 14 14 14 13 13 13
2026-10-09T23:07:46.0760978Z PLW4      powerlifting 4    90   7 13 5 9 7.5 6 8.5
2026-10-09T23:07:46.0761634Z PBW4      powerbuilding4    90   10 10 10 10 11.5 10 11.5
2026-10-09T23:07:46.0762300Z ST4       strength     4    90   7 13 5 9 7.5 6 8.5
2026-10-09T23:07:46.0762949Z QG2       general      2    30   2 4 2 2 1 2 1
2026-10-09T23:07:46.0763537Z QG3       general      3    30   2 4 4 2 3 2 2
2026-10-09T23:07:46.0764114Z QS2       strength     2    30   2 4 2 2 1 2 1
2026-10-09T23:07:46.0764649Z QM2       hypertrophy  2    30   2 4 2 2 1 2 1
2026-10-09T23:07:46.0765214Z QC2       calisthenics 2    30   2 4 2 1 0 2 1
2026-10-09T23:07:46.0765770Z QPB2      powerbuilding2    30   2 4 2 2 3 2 2
2026-10-09T23:07:46.0766339Z QSP2      sport        2    30   2 4 2 2 1 2 1
2026-10-09T23:07:46.0766890Z QS3       strength     3    30   2 4 4 2 3 2 2
2026-10-09T23:07:46.0767475Z QM3       hypertrophy  3    30   2 4 4 2 3 2 2
2026-10-09T23:07:46.0768073Z QPB3      powerbuilding3    30   4 4 4 2 4 2 3
2026-10-09T23:07:46.0768685Z QC3       calisthenics 3    30   4 4 4 1 0 2 2
2026-10-09T23:07:46.0769284Z QSP3      sport        3    30   2 4 4 2 3 2 2
2026-10-09T23:07:46.0769781Z QPL3      powerlifting 3    30   2 2 2 2 1 0 1
2026-10-09T23:07:46.0770582Z QHY4      hybrid       4    30   2 4 2 2 3 2 2
2026-10-09T23:07:46.0771073Z QR3       running      3    15   0 0 0 0 0 0 0
2026-10-09T23:07:46.0771555Z SP2       sport        2    60   2 4 4 4 3 2 2
2026-10-09T23:07:46.0772037Z QHY3      hybrid       3    30   2 4 2 2 3 2 2
2026-10-09T23:07:46.0772521Z HY3       hybrid       3    45   2 4 4 2 2 2 2
2026-10-09T23:07:46.0773002Z QR2       running      2    15   0 0 0 0 0 0 0
2026-10-09T23:07:46.0773508Z PLSTART3  powerlifting 3    30   2 4 2 2 1 1 1
2026-10-09T23:07:46.0774027Z GFSTAND2  general      2    50   4 4 2 2 0 2 2
2026-10-09T23:07:46.0774538Z STSTAND2  strength     2    50   4 4 2 2 0 2 2
2026-10-09T23:07:46.0775057Z GFNOGROUND2general      2    50   4 4 4 2 2 2 2
2026-10-09T23:07:46.0775575Z GFNONE2   general      2    15   4 0 4 0 0 0 2
2026-10-09T23:07:46.0776073Z STDBST2   strength     2    55   2 4 4 4 2 2 2
2026-10-09T23:07:46.0776570Z GFDBST2   general      2    55   2 4 4 4 2 2 2
2026-10-09T23:07:46.0777091Z BBDBST2   hypertrophy  2    55   2 4 4 4 2 2 2
2026-10-09T23:07:46.0777605Z PBDBST2   powerbuilding2    55   2 4 4 4 2 2 2
2026-10-09T23:07:46.0778112Z SPDBST2   sport        2    55   2 4 4 4 2 2 2
2026-10-09T23:07:46.0778617Z CALDB2    calisthenics 2    45   4 4 4 0 0 2 2
2026-10-09T23:07:46.0779117Z HYDB2     hybrid       2    60   2 4 4 4 2 2 2
2026-10-09T23:07:46.0779609Z HYHOME2   hybrid       2    60   4 4 4 2 0 2 2
2026-10-09T23:07:46.0779891Z 
2026-10-09T23:07:46.0779900Z 
2026-10-09T23:07:46.0780344Z Programs checked: 75. Rule failures: 0.
2026-10-09T23:07:46.0781991Z Known gap BB2: Two sessions a week cannot give each major group 10 weighted sets at this session length. The description says the plan has less volume than a three- or four-day plan.
2026-10-09T23:07:46.0784024Z Known gap BBDBST2: Two dumbbell sessions cannot give each major group 10 weighted sets at this session length. Use a three-day dumbbell plan for the full guide.
2026-10-09T23:07:46.0785906Z Known gap PBDBST2: Two dumbbell sessions cannot give each major group 10 weighted sets at this session length. Use a three-day dumbbell plan for the full guide.
2026-10-09T23:07:46.0788577Z Known gap PBSTART2: Two sessions a week cannot give each major group 10 weighted sets at this session length. The description says each group gets less weekly work than a three- or four-day plan.
2026-10-09T23:07:46.0791917Z Allowance BBHOME3 biceps: The exercise library has no curl that needs only bodyweight or bands, so biceps get indirect pulling work (band rows, about 5 weighted sets a week). The description tells the user to add a dumbbell or band curl.
2026-10-09T23:07:46.0796336Z Allowance RNBASE4 R7: an easy-only run base may pair back-to-back easy days, at most runs minus three per week (four runs in seven days force one pair).
2026-10-09T23:07:46.0798423Z Exemption PLSTART3 R5: Learning block: one competition lift a day, started light while the setup is learned. Heavy sets belong in the build blocks.
2026-10-09T23:07:46.0936068Z Checking check-program-selection.cjs
2026-10-09T23:07:46.6907032Z PASS Weight parent tile retains every selected lifting discipline
2026-10-09T23:07:46.7439574Z PASS Every goal offers only matching app-led plans; recommendations must fit
2026-10-09T23:07:46.7470528Z PASS Powerlifting and powerbuilding have multiple complete discipline-specific choices
2026-10-09T23:07:46.7471937Z PASS Unknown or mismatched goals and app program IDs do not fall into other plans
2026-10-09T23:07:46.7495161Z PASS Unavailable first option is not recommended over a fitting home plan
2026-10-09T23:07:46.7705316Z PASS Named references keep manual identity, source targets or empty calendars, and partial-block limits
2026-10-09T23:07:46.7814817Z PASS Accepted powerlifting updates current plan, profile and next workout without changing past logs
2026-10-09T23:07:46.7825764Z PASS Curated alternatives use exact known movements and same primary metric
2026-10-09T23:07:46.7849065Z PASS Equipment substitute resets load, uses its own targets and preserves history and dates
2026-10-09T23:07:46.7858234Z PASS Competition substitutions require explicit specificity acknowledgement
2026-10-09T23:07:46.7871822Z PASS Unknown, incompatible, duplicate and missing machine setup substitutions are rejected
2026-10-09T23:07:46.7881488Z PASS Recurring change touches only future repetitions of the chosen workout
2026-10-09T23:07:46.7895620Z PASS Active substitution preserves other logged exercises, but cannot erase source reps
2026-10-09T23:07:46.7922146Z PASS Substitution rejects stale history, paused plans, offline writes and saved sessions
2026-10-09T23:07:46.7956935Z PASS Superset substitution preserves pair labels, set counts and rest
2026-10-09T23:07:46.7989494Z PASS Active actual measurements, load, effort and new setup cannot be silently discarded
2026-10-09T23:07:46.8000751Z PASS Active workout can continue across midnight; unstarted overdue workout cannot
2026-10-09T23:07:46.8012297Z PASS Older generic squat-swap previews cannot bypass reviewed alternatives
2026-10-09T23:07:46.8013209Z 18 program selection and substitution checks passed
2026-10-09T23:07:46.8171394Z Checking check-progression-regressions.cjs
2026-10-09T23:07:47.4848620Z PASS RNBASE4 original pattern and seven-day cascade remain valid
2026-10-09T23:07:47.4877659Z PASS RNBASE4 one bounded adjacent pair is allowed but a three-day run streak is refused
2026-10-09T23:07:47.5021275Z PASS RNBASE4 direct schedule validation rejects four consecutive runs
2026-10-09T23:07:47.5058863Z PASS RNBASE4 recovery uses a completed workout actual date instead of only its old planned date
2026-10-09T23:07:47.5060726Z PASS RNBASE4 recovery includes an active workout actual date
2026-10-09T23:07:47.5062803Z PASS Bilateral plate load wording does not double exercise execution time
2026-10-09T23:07:47.5064516Z PASS Substitution preview and committed estimate match canonical time for equal bilateral work
2026-10-09T23:07:47.5066311Z PASS Plate addition preview agrees with canonical estimate and permits a fitting tight budget
2026-10-09T23:07:47.5068399Z PASS Substitution preserves separately allocated focus time when changing canonical work time
2026-10-09T23:07:47.5070344Z PASS Seconds recorded per side include both sides and keep five-minute estimate rounding
2026-10-09T23:07:47.5071696Z PASS Minutes recorded per side include both sides
2026-10-09T23:07:47.5072982Z PASS Timed per-side addition matches canonical time and rejects an insufficient budget
2026-10-09T23:07:47.5146568Z PASS Capacity range progression retains A1 superset instructions and paired rest
2026-10-09T23:07:47.5164337Z PASS Capacity range progression retains A2 superset instructions and paired rest
2026-10-09T23:07:47.5186558Z PASS Continuation preview targets only one review flag and preserves displayed targets
2026-10-09T23:07:47.5203163Z PASS Accepted continuation review clears one flag without changing loads/items/history/dates/dependencies
2026-10-09T23:07:47.5210598Z PASS Continuation review cannot bypass a still-unfinished later dependency
2026-10-09T23:07:47.5220359Z PASS Continuation constructor refuses paused state
2026-10-09T23:07:47.5229147Z PASS Continuation constructor refuses hold state
2026-10-09T23:07:47.5238021Z PASS Continuation constructor refuses active state
2026-10-09T23:07:47.5248719Z PASS Continuation refuses missing prerequisite evidence
2026-10-09T23:07:47.5259369Z PASS Continuation refuses partial prerequisite evidence
2026-10-09T23:07:47.5268498Z PASS Continuation refuses unfinished prerequisite evidence
2026-10-09T23:07:47.5277388Z PASS Continuation refuses unknown-load prerequisite evidence
2026-10-09T23:07:47.5285382Z PASS Continuation refuses an ordinary unflagged or already recorded workout
2026-10-09T23:07:47.5294726Z PASS Continuation acceptance rejects a stale plan snapshot
2026-10-09T23:07:47.5305178Z PASS Continuation acceptance rejects a stale history snapshot
2026-10-09T23:07:47.5314767Z PASS Continuation acceptance rechecks missing prerequisites even when history count stays the same
2026-10-09T23:07:47.5332067Z PASS Continuation acceptance rejects forged loads/dates/dependencies/status and multiple review targets
2026-10-09T23:07:47.5396545Z PASS Continuation proposals survive saved-state validation and reopen for review
2026-10-09T23:07:47.5408464Z 30/30 desired-behavior regression cases passed. Report: /home/runner/work/movefield/movefield/.sites-runtime/a03-progression-checks.json
2026-10-09T23:07:47.5553900Z Checking check-qwen-assets.cjs
2026-10-09T23:07:47.8231721Z PASS Qwen pinned artifact metadata and exact-build qualification: 1675 checks; zero actual devices qualified.
2026-10-09T23:07:47.8326345Z Checking check-qwen-controls.cjs
2026-10-09T23:07:48.2279646Z PASS optional Qwen controls/policy: 132 assertions; synthetic jobs/network only.
2026-10-09T23:07:48.2513520Z Checking check-qwen-download.cjs
2026-10-09T23:07:48.9051078Z PASS Qwen download/cancel/cache lifecycle: 190 assertions; synthetic assets only, no devices qualified.
2026-10-09T23:07:48.9207967Z Checking check-qwen-runtime.cjs
2026-10-09T23:07:49.5957713Z PASS Qwen runtime contracts/cache/loading/cancellation/context gates: 91 assertions. Worker responses are synthetic; no model inference measured.
2026-10-09T23:07:49.6098424Z Checking check-qwen-training.cjs
2026-10-09T23:07:50.2794011Z Prepared original Qwen training data: 162 train, 44 validation cases. Training has not run.
2026-10-09T23:07:58.8914567Z PASS original Qwen dataset/provenance/separation/targets/fingerprints: 650 assertions. No training or model-accuracy claim from these checks.
2026-10-09T23:07:58.9785569Z ....
2026-10-09T23:07:58.9786180Z ----------------------------------------------------------------------
2026-10-09T23:07:58.9787060Z Ran 4 tests in 0.010s
2026-10-09T23:07:58.9787305Z 
2026-10-09T23:07:58.9787437Z OK
2026-10-09T23:07:58.9903585Z Checking check-research-library.cjs
2026-10-09T23:07:59.2561732Z PASS 855 unique bounded metadata records, 18 source queries, review fingerprints and on-device search. No corpus/training approval inferred.
2026-10-09T23:07:59.2738610Z Checking check-review-reconciliation.cjs
2026-10-09T23:08:00.4458331Z PASS sample profiles clear invented age; actual details preserved; web/native replacement requires confirmation; stale repeated accept is ignored; accepted setup is discarded once. Compiled TSX harness, not device acceptance.
2026-10-09T23:08:00.4680931Z Checking check-revision-10.cjs
2026-10-09T23:08:01.1748123Z PASS Blank or fractional reps cannot log a set or start rest
2026-10-09T23:08:01.1762399Z PASS Valid set starts one timer; a duplicate tap leaves its deadline unchanged
2026-10-09T23:08:01.1780727Z PASS Optional notes preserve rest and Done; reps, load and Undo cancel their own timer
2026-10-09T23:08:01.1791931Z PASS Editing a different set preserves current rest
2026-10-09T23:08:01.1813675Z PASS Last workout set and no-rest superset member do not start an alarm
2026-10-09T23:08:01.1815594Z PASS Pause, extend, resume and expiration use deadline arithmetic
2026-10-09T23:08:01.1889445Z PASS Reload retains a valid timer and discards missing or undone source sets
2026-10-09T23:08:01.1890871Z PASS Malformed/far-future timers are ignored without discarding workouts
2026-10-09T23:08:01.1895191Z PASS A delayed native schedule is canceled after End rest
2026-10-09T23:08:01.1898044Z PASS Only the newest queued rest may be scheduled
2026-10-09T23:08:01.1902309Z PASS A failed OS call does not poison future notification requests
2026-10-09T23:08:01.1932149Z PASS Reject malformed saved workout/calendar case 1
2026-10-09T23:08:01.1963516Z PASS Reject malformed saved workout/calendar case 2
2026-10-09T23:08:01.1983043Z PASS Reject malformed saved workout/calendar case 3
2026-10-09T23:08:01.2005106Z PASS Reject malformed saved workout/calendar case 4
2026-10-09T23:08:01.2025918Z PASS Reject malformed saved workout/calendar case 5
2026-10-09T23:08:01.2043137Z PASS Reject malformed saved workout/calendar case 6
2026-10-09T23:08:01.2059483Z PASS Reject malformed saved workout/calendar case 7
2026-10-09T23:08:01.2072676Z PASS New three-day hybrid, two-day running and novice SBD plans are complete
2026-10-09T23:08:01.2082430Z PASS Powerlifting never changes to powerbuilding to fit equipment
2026-10-09T23:08:01.2101942Z PASS A week of vacation pauses draft dates, preserves order/targets/gaps and extends finish
2026-10-09T23:08:01.2118564Z PASS Competition protection remains effective after adding events and moving dates
2026-10-09T23:08:01.2170499Z PASS No-equipment and floor-free paths do not add floor core work
2026-10-09T23:08:01.2275647Z PASS Malformed optional rest data clears only the timer and preserves active work
2026-10-09T23:08:01.2278748Z PASS Failed old-alert cancellation attempts every ID, prevents replacement and recovers
2026-10-09T23:08:01.2283105Z PASS Pause or extend invalidates a delayed native schedule before it can become current
2026-10-09T23:08:01.2306811Z PASS Legacy active workout without a target snapshot remains valid and has session targets
2026-10-09T23:08:01.2312982Z PASS Supervised youth legacy foundation respects unavailable dumbbells
2026-10-09T23:08:01.2336105Z PASS Run-only eligibility uses recent running readiness independent of lifting experience
2026-10-09T23:08:01.2348715Z PASS Coach tracking targets enable a complete session without adding automated work or dates
2026-10-09T23:08:01.2355863Z PASS Tracking target replacement can reorder, edit and remove draft work, without touching other sessions
2026-10-09T23:08:01.2363706Z PASS Stale, empty, duplicate, fractional and unknown tracking targets reject atomically
2026-10-09T23:08:01.2369428Z PASS Tracking editor cannot rewrite app-directed, active, completed or offline work
2026-10-09T23:08:01.2384787Z PASS Long tracking work needs reviewed extra time; rep ranges persist and untrusted loads/notes are stripped
2026-10-09T23:08:01.2389705Z PASS Custom timed tracking exercises contribute their full actual-unit time
2026-10-09T23:08:01.2390566Z 35 revision 10 scenario groups passed
2026-10-09T23:08:01.2527213Z Checking check-revision-11.cjs
2026-10-09T23:08:03.0597475Z PASS Standing dumbbell plans match adult goals, experience, sex, starts and full block lengths
2026-10-09T23:08:03.1236616Z PASS Two-day hybrid keeps full strength plus timed walk/jog and does not duplicate cardio add-ons
2026-10-09T23:08:03.1371211Z PASS Boundaries stay explicit: no counterfeit SBD, no unsupported youth prescriptions, no invisible fallback
2026-10-09T23:08:03.1384838Z PASS Same-weekday tracking copies targets atomically without touching dates or completed work
2026-10-09T23:08:03.1434593Z PASS Reviewed return block resolves the dependency chain without restoring old volume
2026-10-09T23:08:03.1467022Z PASS Coarse equipment increments offer reviewed reps for muscle work with unchanged rest and sets
2026-10-09T23:08:03.1490408Z PASS Long custom timed actuals, feedback drafts, machine context and timers survive save/reopen
2026-10-09T23:08:03.1493319Z 7 groups; 428582 assertions passed
2026-10-09T23:08:03.1688072Z Checking check-saved-compatibility.cjs
2026-10-09T23:08:03.9487039Z PASS 1087 schema compatibility, preserved legacy identities, UTC/zone and UUID assertions.
2026-10-09T23:08:03.9657336Z Checking check-security.cjs
2026-10-09T23:08:04.7142990Z pass initial state round trips without changed data 
2026-10-09T23:08:04.7145006Z pass fresh state round trips without changed data 
2026-10-09T23:08:04.7145861Z pass experienced sample state round trips without changed data 
2026-10-09T23:08:04.7146752Z pass valid active workout and rest timers round trip 
2026-10-09T23:08:04.7147606Z pass mismatched active session rejected 
2026-10-09T23:08:04.7148377Z pass active workout without a plan rejected 
2026-10-09T23:08:04.7149437Z pass unknown root, profile and workout fields rejected without a lossy save 
2026-10-09T23:08:04.7150313Z pass __proto__ in nested raw JSON rejected 
2026-10-09T23:08:04.7150720Z pass constructor in nested raw JSON rejected 
2026-10-09T23:08:04.7151096Z pass prototype in nested raw JSON rejected 
2026-10-09T23:08:04.7151458Z pass invalid state "" rejected 
2026-10-09T23:08:04.7151780Z pass invalid state "null" rejected 
2026-10-09T23:08:04.7152135Z pass invalid state "[]" rejected 
2026-10-09T23:08:04.7152533Z pass invalid state "{\"schema\":2}" rejected 
2026-10-09T23:08:04.7153182Z pass invalid state "{\"schema\":2,\"profile\":{\"age\":1e400,\"goal\":\"strength\",\"e" rejected 
2026-10-09T23:08:04.7153787Z pass oversized raw input rejected before parsing 
2026-10-09T23:08:04.7154173Z pass too many weekdays rejected 
2026-10-09T23:08:04.7154507Z pass invalid calendar date rejected 
2026-10-09T23:08:04.7154841Z pass invalid nested set value rejected 
2026-10-09T23:08:04.7155181Z pass oversized set count rejected 
2026-10-09T23:08:04.7155514Z pass normal unfinished setup round trips 
2026-10-09T23:08:04.7155935Z pass cleared numeric inputs persist in unfinished setup 
2026-10-09T23:08:04.7156335Z pass negative draft step rejected 
2026-10-09T23:08:04.7156661Z pass unfinished blank date survives reload 
2026-10-09T23:08:04.7157079Z pass legacy setup draft forces calendar review 
2026-10-09T23:08:04.7157535Z pass oversized import does not parse or create exercises 
2026-10-09T23:08:04.7158106Z pass request nonce cannot be supplied by a client and changes every request 
2026-10-09T23:08:04.7158642Z pass unused write and internal routes are closed 
2026-10-09T23:08:04.7159136Z pass response hardening preserves status and prevents nonce caching 
2026-10-09T23:08:04.7159575Z 29/29 security checks passed
2026-10-09T23:08:04.7327614Z Checking check-setup-hydration.cjs
2026-10-09T23:08:05.6884861Z PASS web: rejected hydration retains draft through field edits and step changes
2026-10-09T23:08:05.9627657Z PASS web: empty hydration enables normal saving and later edits
2026-10-09T23:08:06.1948473Z PASS web: valid hydration restores answers and permits future autosaves
2026-10-09T23:08:06.3701672Z PASS native: rejected hydration retains draft through field edits and step changes
2026-10-09T23:08:06.5347133Z PASS native: empty hydration enables normal saving and later edits
2026-10-09T23:08:06.6915990Z PASS native: valid hydration restores answers and permits future autosaves
2026-10-09T23:08:06.8730699Z PASS web: validation failure after a successful vault read blocks replacement saves
2026-10-09T23:08:07.2361207Z PASS web: nonresume entry checks unreadable saved draft and keeps later answers visit-only
2026-10-09T23:08:07.3780325Z PASS native: source-template entry checks unreadable existing draft and never overwrites it
2026-10-09T23:08:07.5279515Z PASS native: source-template entry checks readable draft without applying old profile
2026-10-09T23:08:07.5280579Z {
2026-10-09T23:08:07.5280909Z   "scenarios": 10,
2026-10-09T23:08:07.5281273Z   "passed": [
2026-10-09T23:08:07.5281983Z     "web: rejected hydration retains draft through field edits and step changes",
2026-10-09T23:08:07.5282877Z     "web: empty hydration enables normal saving and later edits",
2026-10-09T23:08:07.5283488Z     "web: valid hydration restores answers and permits future autosaves",
2026-10-09T23:08:07.5284135Z     "native: rejected hydration retains draft through field edits and step changes",
2026-10-09T23:08:07.5284706Z     "native: empty hydration enables normal saving and later edits",
2026-10-09T23:08:07.5285247Z     "native: valid hydration restores answers and permits future autosaves",
2026-10-09T23:08:07.5285826Z     "web: validation failure after a successful vault read blocks replacement saves",
2026-10-09T23:08:07.5286447Z     "web: nonresume entry checks unreadable saved draft and keeps later answers visit-only",
2026-10-09T23:08:07.5287097Z     "native: source-template entry checks unreadable existing draft and never overwrites it",
2026-10-09T23:08:07.5287737Z     "native: source-template entry checks readable draft without applying old profile"
2026-10-09T23:08:07.5288144Z   ],
2026-10-09T23:08:07.5288987Z   "scope": "Compiled actual TSX with real training/onboarding/saved-data helpers and actual field/step callbacks; simulated hook scheduler, mocked UI/vault/native I/O. Not React DOM or device acceptance."
2026-10-09T23:08:07.5289802Z }
2026-10-09T23:08:07.5644023Z Checking check-shared.cjs
2026-10-09T23:08:07.6085108Z PASS 47 canonical web/native shared files and snapshot hashes.
2026-10-09T23:08:07.6136701Z Checking check-sync-outbox.cjs
2026-10-09T23:08:08.0123801Z PASS Strict metadata schema rejects plaintext, keys, duplicate identifiers and unknown fields before storage
2026-10-09T23:08:08.1622705Z PASS All 5,000 history entities and final head split atomically into bounded immutable requests
2026-10-09T23:08:08.1829215Z PASS Opaque local ciphertext and queued sync commit together; post-request abort or quota rolls back both
2026-10-09T23:08:08.1896098Z PASS Cross-tab leases serialize requests; stale ack and old failure cannot clear newer queued saves
2026-10-09T23:08:08.2058354Z PASS Timeouts, response loss and dead zones retain exact UUID/body with bounded exponential retry
2026-10-09T23:08:08.2064517Z PASS Never-dispatched edits coalesce without publishing heads before newly staged histories
2026-10-09T23:08:08.2136387Z PASS Account changes, reset and restored keys invalidate pending work without clearing newer unrelated accounts
2026-10-09T23:08:08.2174373Z PASS Conflicts pause for explicit resolution; expired auth can resume after account reauthentication
2026-10-09T23:08:08.2217132Z PASS Runner sends only after durable claim and verifies server receipt; cancellation retains pending data
2026-10-09T23:08:08.2218138Z {
2026-10-09T23:08:08.2218568Z   "checks": 68,
2026-10-09T23:08:08.2219090Z   "scenarios": [
2026-10-09T23:08:08.2219975Z     "Strict metadata schema rejects plaintext, keys, duplicate identifiers and unknown fields before storage",
2026-10-09T23:08:08.2221783Z     "All 5,000 history entities and final head split atomically into bounded immutable requests",
2026-10-09T23:08:08.2223003Z     "Opaque local ciphertext and queued sync commit together; post-request abort or quota rolls back both",
2026-10-09T23:08:08.2224352Z     "Cross-tab leases serialize requests; stale ack and old failure cannot clear newer queued saves",
2026-10-09T23:08:08.2225929Z     "Timeouts, response loss and dead zones retain exact UUID/body with bounded exponential retry",
2026-10-09T23:08:08.2227281Z     "Never-dispatched edits coalesce without publishing heads before newly staged histories",
2026-10-09T23:08:08.2228284Z     "Account changes, reset and restored keys invalidate pending work without clearing newer unrelated accounts",
2026-10-09T23:08:08.2229156Z     "Conflicts pause for explicit resolution; expired auth can resume after account reauthentication",
2026-10-09T23:08:08.2230713Z     "Runner sends only after durable claim and verifies server receipt; cancellation retains pending data"
2026-10-09T23:08:08.2231263Z   ],
2026-10-09T23:08:08.2232114Z   "limits": "Actual fake-indexeddb transactions, WebCrypto local ciphertext, deterministic server-response transport. Native/physical device and backend deployment acceptance separate."
2026-10-09T23:08:08.2232933Z }
2026-10-09T23:08:08.2342016Z Checking check-tools-boundaries.cjs
2026-10-09T23:08:08.8572648Z {
2026-10-09T23:08:08.8573047Z   "passed": 14,
2026-10-09T23:08:08.8573415Z   "total": 14,
2026-10-09T23:08:08.8573753Z   "results": [
2026-10-09T23:08:08.8574071Z     {
2026-10-09T23:08:08.8574694Z       "name": "Timed loaded movements do not create estimated strength bests",
2026-10-09T23:08:08.8575350Z       "pass": true
2026-10-09T23:08:08.8575687Z     },
2026-10-09T23:08:08.8575999Z     {
2026-10-09T23:08:08.8576433Z       "name": "Progression-disabled rep movements do not create estimated strength bests",
2026-10-09T23:08:08.8576894Z       "pass": true
2026-10-09T23:08:08.8577172Z     },
2026-10-09T23:08:08.8577462Z     {
2026-10-09T23:08:08.8578203Z       "name": "Unknown and whitespace-only machine setups do not establish comparability",
2026-10-09T23:08:08.8578929Z       "pass": true
2026-10-09T23:08:08.8579235Z     },
2026-10-09T23:08:08.8579516Z     {
2026-10-09T23:08:08.8580296Z       "name": "Different known setups do not create a cross-machine estimated best",
2026-10-09T23:08:08.8580958Z       "pass": true
2026-10-09T23:08:08.8581278Z     },
2026-10-09T23:08:08.8581537Z     {
2026-10-09T23:08:08.8582107Z       "name": "Same known eligible machine setup still reports a new estimated best",
2026-10-09T23:08:08.8582746Z       "pass": true
2026-10-09T23:08:08.8583045Z     },
2026-10-09T23:08:08.8583308Z     {
2026-10-09T23:08:08.8583914Z       "name": "Eligible free-weight adult comparison still reports a new estimated best",
2026-10-09T23:08:08.8584582Z       "pass": true
2026-10-09T23:08:08.8584883Z     },
2026-10-09T23:08:08.8585183Z     {
2026-10-09T23:08:08.8585618Z       "name": "Youth still receives no estimated bests",
2026-10-09T23:08:08.8586108Z       "pass": true
2026-10-09T23:08:08.8586413Z     },
2026-10-09T23:08:08.8586677Z     {
2026-10-09T23:08:08.8587217Z       "name": "Explicit 2.5 lb dumbbell steps remain supported below 37.5 lb",
2026-10-09T23:08:08.8587824Z       "pass": true
2026-10-09T23:08:08.8588129Z     },
2026-10-09T23:08:08.8588380Z     {
2026-10-09T23:08:08.8588991Z       "name": "A light dumbbell does not produce zero-load or heavier-than-work warm-ups",
2026-10-09T23:08:08.8589659Z       "pass": true
2026-10-09T23:08:08.8589965Z     },
2026-10-09T23:08:08.8590449Z     {
2026-10-09T23:08:08.8591079Z       "name": "Default light dumbbell calculation contains no zero or excessive loads",
2026-10-09T23:08:08.8591749Z       "pass": true
2026-10-09T23:08:08.8592060Z     },
2026-10-09T23:08:08.8592332Z     {
2026-10-09T23:08:08.8592948Z       "name": "Barbell grids are relative to the selected bar, including odd bar weights",
2026-10-09T23:08:08.8593613Z       "pass": true
2026-10-09T23:08:08.8593920Z     },
2026-10-09T23:08:08.8594590Z     {
2026-10-09T23:08:08.8595244Z       "name": "Metric custom increments stay on their grid without exceeding working load",
2026-10-09T23:08:08.8595920Z       "pass": true
2026-10-09T23:08:08.8596222Z     },
2026-10-09T23:08:08.8596502Z     {
2026-10-09T23:08:08.8597107Z       "name": "Invalid explicit increments do not silently generate misleading loads",
2026-10-09T23:08:08.8597959Z       "pass": true
2026-10-09T23:08:08.8598278Z     },
2026-10-09T23:08:08.8598551Z     {
2026-10-09T23:08:08.8599124Z       "name": "Unknown input and supervised youth behavior remain unchanged",
2026-10-09T23:08:08.8599760Z       "pass": true
2026-10-09T23:08:08.8600271Z     }
2026-10-09T23:08:08.8600565Z   ]
2026-10-09T23:08:08.8600862Z }
2026-10-09T23:08:08.8804760Z Checking check-tools.cjs
2026-10-09T23:08:09.4902020Z PASS Plates: unknown stays unknown, zero is an error, and totals split into the largest plates per side
2026-10-09T23:08:09.4903705Z PASS Warm-up ladder: percentages of the working load, rounded to loadable steps, bar floor, adults only
2026-10-09T23:08:09.4989670Z PASS Personal bests need an earlier rated estimate, are adult-only, and are not awarded for lower results
2026-10-09T23:08:09.5070548Z PASS Weekly review counts the seven days ending today from the plan; today stays open until it ends
2026-10-09T23:08:09.5071399Z 4 groups, 33 checks passed.
2026-10-09T23:08:09.5205969Z Checking check-training-day.cjs
2026-10-09T23:08:10.1683026Z PASS Relative headings follow calendar dates across DST, leap days and years
2026-10-09T23:08:10.1700927Z PASS Monday–Sunday week dates remain stable through DST and month/year boundaries
2026-10-09T23:08:10.1824974Z PASS True rest dates show Day off while skipped and unlogged schedules remain distinct
2026-10-09T23:08:10.1837733Z PASS All same-date workouts retain chronology and original date after travel
2026-10-09T23:08:10.1846957Z PASS Partial actual sets preserve zero and unknown loads, RIR, metrics, notes and duration
2026-10-09T23:08:10.1874827Z PASS Multiple runs and work logged on a rest day override Day off
2026-10-09T23:08:10.1896669Z PASS Replaced plans match their historical workouts and do not duplicate set results
2026-10-09T23:08:10.1905569Z PASS An archived future plan cannot turn a current rest date into planned training
2026-10-09T23:08:10.1914369Z PASS Older replaced schedules cannot overwrite a later archived plan rest day
2026-10-09T23:08:10.1921550Z PASS Completed timestamp zero is retained, unfinished history is omitted and elapsed time cannot be negative
2026-10-09T23:08:10.1941029Z PASS Date selection and static rendering leave history, active workout and current plan unchanged
2026-10-09T23:08:10.1941734Z 11 training-day calendar/history groups passed.
2026-10-09T23:08:10.2069152Z Checking check-training.cjs
2026-10-09T23:08:10.8418843Z {
2026-10-09T23:08:10.8419454Z   "passed": 29,
2026-10-09T23:08:10.8420303Z   "total": 29,
2026-10-09T23:08:10.8420889Z   "results": [
2026-10-09T23:08:10.8421247Z     {
2026-10-09T23:08:10.8421934Z       "name": "New adult paths show ranges; youth remains supervised fixed progression",
2026-10-09T23:08:10.8422600Z       "status": "pass"
2026-10-09T23:08:10.8422910Z     },
2026-10-09T23:08:10.8423195Z     {
2026-10-09T23:08:10.8423777Z       "name": "Dates reject nonexistent values and accept leap day",
2026-10-09T23:08:10.8424531Z       "status": "pass"
2026-10-09T23:08:10.8439142Z     },
2026-10-09T23:08:10.8439506Z     {
2026-10-09T23:08:10.8440233Z       "name": "Calendar arithmetic remains whole days across DST",
2026-10-09T23:08:10.8440846Z       "status": "pass"
2026-10-09T23:08:10.8441205Z     },
2026-10-09T23:08:10.8441498Z     {
2026-10-09T23:08:10.8442237Z       "name": "Occupied date single move fails gracefully; cascade succeeds atomically",
2026-10-09T23:08:10.8443011Z       "status": "pass"
2026-10-09T23:08:10.8443392Z     },
2026-10-09T23:08:10.8443716Z     {
2026-10-09T23:08:10.8444385Z       "name": "One-day forward shift preserves every original gap and every target",
2026-10-09T23:08:10.8445443Z       "status": "pass"
2026-10-09T23:08:10.8445850Z     },
2026-10-09T23:08:10.8446175Z     {
2026-10-09T23:08:10.8446711Z       "name": "Later selected session shifts only its future tail",
2026-10-09T23:08:10.8447341Z       "status": "pass"
2026-10-09T23:08:10.8447717Z     },
2026-10-09T23:08:10.8448042Z     {
2026-10-09T23:08:10.8448845Z       "name": "Fixed event anywhere in cascade blocks all mutation",
2026-10-09T23:08:10.8449507Z       "status": "pass"
2026-10-09T23:08:10.8449880Z     },
2026-10-09T23:08:10.8450492Z     {
2026-10-09T23:08:10.8451106Z       "name": "An added commitment makes an existing date proposal stale",
2026-10-09T23:08:10.8451761Z       "status": "pass"
2026-10-09T23:08:10.8452135Z     },
2026-10-09T23:08:10.8452450Z     {
2026-10-09T23:08:10.8452935Z       "name": "Active target cannot queue or move offline",
2026-10-09T23:08:10.8453485Z       "status": "pass"
2026-10-09T23:08:10.8453861Z     },
2026-10-09T23:08:10.8454179Z     {
2026-10-09T23:08:10.8454849Z       "name": "Valid offline acceptance queues without changes; reconnect revalidates",
2026-10-09T23:08:10.8455599Z       "status": "pass"
2026-10-09T23:08:10.8455962Z     },
2026-10-09T23:08:10.8456268Z     {
2026-10-09T23:08:10.8456715Z       "name": "Accepted changes cannot apply twice",
2026-10-09T23:08:10.8457235Z       "status": "pass"
2026-10-09T23:08:10.8457624Z     },
2026-10-09T23:08:10.8457903Z     {
2026-10-09T23:08:10.8458483Z       "name": "Backward cascade cannot remove recovery or reverse order",
2026-10-09T23:08:10.8459106Z       "status": "pass"
2026-10-09T23:08:10.8459472Z     },
2026-10-09T23:08:10.8459778Z     {
2026-10-09T23:08:10.8460511Z       "name": "Whole block extension is disclosed; no session dropped",
2026-10-09T23:08:10.8461124Z       "status": "pass"
2026-10-09T23:08:10.8461486Z     },
2026-10-09T23:08:10.8461798Z     {
2026-10-09T23:08:10.8462459Z       "name": "Coach manual date changes remain possible without dose adaptation",
2026-10-09T23:08:10.8463189Z       "status": "pass"
2026-10-09T23:08:10.8463559Z     },
2026-10-09T23:08:10.8463844Z     {
2026-10-09T23:08:10.8464497Z       "name": "Exercise history retains partial sets, exact IDs and date ordering",
2026-10-09T23:08:10.8465187Z       "status": "pass"
2026-10-09T23:08:10.8465559Z     },
2026-10-09T23:08:10.8465869Z     {
2026-10-09T23:08:10.8466508Z       "name": "One comparable exposure suggests repeat load, never automatic increase",
2026-10-09T23:08:10.8467265Z       "status": "pass"
2026-10-09T23:08:10.8467627Z     },
2026-10-09T23:08:10.8467903Z     {
2026-10-09T23:08:10.8468590Z       "name": "Two top-of-range exposures can propose an available small load increase",
2026-10-09T23:08:10.8469331Z       "status": "pass"
2026-10-09T23:08:10.8469658Z     },
2026-10-09T23:08:10.8469970Z     {
2026-10-09T23:08:10.8470893Z       "name": "Unknown effort, unknown symptoms and changed rep range do not unlock increase",
2026-10-09T23:08:10.8471637Z       "status": "pass"
2026-10-09T23:08:10.8472008Z     },
2026-10-09T23:08:10.8472317Z     {
2026-10-09T23:08:10.8472952Z       "name": "Oversized equipment jumps remain unavailable instead of rounding",
2026-10-09T23:08:10.8473666Z       "status": "pass"
2026-10-09T23:08:10.8474029Z     },
2026-10-09T23:08:10.8474315Z     {
2026-10-09T23:08:10.8475071Z       "name": "Missing loads, partial work, hard feedback and stale history require recalibration",
2026-10-09T23:08:10.8475895Z       "status": "pass"
2026-10-09T23:08:10.8476270Z     },
2026-10-09T23:08:10.8476577Z     {
2026-10-09T23:08:10.8477153Z       "name": "A different machine/setup cannot inherit the previous load",
2026-10-09T23:08:10.8477798Z       "status": "pass"
2026-10-09T23:08:10.8478178Z     },
2026-10-09T23:08:10.8478489Z     {
2026-10-09T23:08:10.8479059Z       "name": "Youth and symptom holds cannot produce automatic adult loads",
2026-10-09T23:08:10.8479744Z       "status": "pass"
2026-10-09T23:08:10.8480272Z     },
2026-10-09T23:08:10.8480573Z     {
2026-10-09T23:08:10.8481459Z       "name": "Legacy rep targets remain unchanged until explicit range approval",
2026-10-09T23:08:10.8482198Z       "status": "pass"
2026-10-09T23:08:10.8482572Z     },
2026-10-09T23:08:10.8482879Z     {
2026-10-09T23:08:10.8483543Z       "name": "Skipping can be restored and invalidates existing proposals",
2026-10-09T23:08:10.8484225Z       "status": "pass"
2026-10-09T23:08:10.8484558Z     },
2026-10-09T23:08:10.8485106Z     {
2026-10-09T23:08:10.8485714Z       "name": "Malformed import remains rejected; authority fields stripped",
2026-10-09T23:08:10.8486378Z       "status": "pass"
2026-10-09T23:08:10.8486747Z     },
2026-10-09T23:08:10.8487058Z     {
2026-10-09T23:08:10.8487639Z       "name": "Strength accessory rep ranges stay stable across the block",
2026-10-09T23:08:10.8488310Z       "status": "pass"
2026-10-09T23:08:10.8488675Z     },
2026-10-09T23:08:10.8488955Z     {
2026-10-09T23:08:10.8489465Z       "name": "Load commit rejects a changed equipment increment",
2026-10-09T23:08:10.8490279Z       "status": "pass"
2026-10-09T23:08:10.8490636Z     },
2026-10-09T23:08:10.8490965Z     {
2026-10-09T23:08:10.8491540Z       "name": "An overdue active workout uses today for recovery checks",
2026-10-09T23:08:10.8492160Z       "status": "pass"
2026-10-09T23:08:10.8492527Z     },
2026-10-09T23:08:10.8492806Z     {
2026-10-09T23:08:10.8493465Z       "name": "Resolved proposals are capped at 50 and every open proposal is kept",
2026-10-09T23:08:10.8494177Z       "status": "pass"
2026-10-09T23:08:10.8494538Z     }
2026-10-09T23:08:10.8494843Z   ]
2026-10-09T23:08:10.8495122Z }
2026-10-09T23:08:10.8584555Z Checking check-transactional-browser-vault.cjs
2026-10-09T23:08:11.6155387Z PASS First save commits non-extractable key and ciphertext together, then notifies
2026-10-09T23:08:11.6203694Z PASS Legacy plaintext imports, verifies, cleans up and reopens without reimport
2026-10-09T23:08:11.6245024Z PASS Legacy encrypted records retain their key and exact ciphertext during import
2026-10-09T23:08:11.6306669Z PASS Legacy restore interruption: before journal
2026-10-09T23:08:11.6430702Z PASS Legacy restore interruption: after journal
2026-10-09T23:08:11.6465567Z PASS Legacy restore interruption: after ciphertext
2026-10-09T23:08:11.6501728Z PASS Legacy restore interruption: after obsolete cleanup
2026-10-09T23:08:11.6534890Z PASS Legacy restore interruption: before key commit
2026-10-09T23:08:11.6562815Z PASS Legacy restore interruption: after key and journal commit
2026-10-09T23:08:11.6623081Z PASS Pending legacy cleanup permits reads, refuses writes and imports after retry
2026-10-09T23:08:11.6675654Z PASS Lost legacy/current keys preserve raw exports and require explicit replacement
2026-10-09T23:08:11.6715264Z PASS Unreadable encrypted setup is retained without preventing valid main reads and saves
2026-10-09T23:08:11.6737751Z PASS Malformed sealed legacy setup never blocks valid main profile recovery
2026-10-09T23:08:11.6781235Z PASS Stale tab edits and restores refuse conflicts while refreshed tabs use the current key
2026-10-09T23:08:11.6810718Z PASS In-flight write conflicts with a replacement committed during encryption
2026-10-09T23:08:11.6837186Z PASS In-flight replace conflicts with a replacement committed during encryption
2026-10-09T23:08:11.6862026Z PASS First-key quota abort leaves no partial record or orphaned key and sends no save notice
2026-10-09T23:08:11.6898558Z PASS Abort after request success and restore quota preserve the current profile
2026-10-09T23:08:11.6921112Z PASS Failed migration preserves every legacy source and remains retryable
2026-10-09T23:08:11.6963415Z PASS Discard/reset tombstones prevent resurrection when legacy cleanup is denied
2026-10-09T23:08:11.6991363Z PASS Migrated IndexedDB reads, replacement and reset work with all legacy access denied
2026-10-09T23:08:12.0899074Z PASS Large ciphertext exceeding five million characters saves and reopens exactly
2026-10-09T23:08:12.0942514Z PASS Without Web Locks existing reads/exports work and all mutations refuse before saving
2026-10-09T23:08:12.0957814Z PASS Notification failure does not undo a committed readable save
2026-10-09T23:08:12.0958694Z PASS transactional browser vault: 24 scenarios, 163 checks (actual transpiled app, fake-indexeddb, real WebCrypto)
2026-10-09T23:08:12.1199765Z Checking check-transfer.cjs
2026-10-09T23:08:12.8893227Z   Argon2id round trip took 0.24 s in Node. Phone timing is not measured.
2026-10-09T23:08:14.9153478Z PASS transfer files: 62 checks
2026-10-09T23:08:14.9259623Z Checking check-workout-coaching-runtime.cjs
2026-10-09T23:08:15.8184784Z PASS local workout coaching runtime: 102 assertions; synthetic protocol/timers only, no GPU inference or weights download.
2026-10-09T23:08:15.8373162Z Checking check-workout-coaching-store.cjs
2026-10-09T23:08:16.6959193Z PASS First result commits ciphertext and a non-extractable key before readiness
2026-10-09T23:08:16.7423530Z PASS Only newest twelve distinct contexts survive and stale same-context results are refused
2026-10-09T23:08:16.7470659Z PASS Strict metadata and selector schemas reject prompts, duplicate identities and mismatched replies
2026-10-09T23:08:16.7521249Z PASS A stale tab cannot save or clear results written by another tab
2026-10-09T23:08:16.7569073Z PASS Actual IndexedDB CAS catches a competing write while encryption is paused
2026-10-09T23:08:16.7622460Z PASS Aborted ciphertext transaction rolls back the first key and preserves existing data
2026-10-09T23:08:16.7735720Z PASS Missing, replaced and damaged keys or ciphertext fail closed without overwriting
2026-10-09T23:08:16.8111316Z PASS Authenticated corrupt manifests remain preserved until an explicit exact-CAS clear
2026-10-09T23:08:16.8142947Z PASS Caller mutation during encryption cannot alter the validated saved record
2026-10-09T23:08:16.8196091Z PASS Default-owned coaching slot is retired by actual profile replacement and reset
2026-10-09T23:08:16.8198507Z PASS Unavailable encrypted storage never reports a ready result
2026-10-09T23:08:16.8217195Z PASS An unlocked plaintext legacy slot is not presented as an encrypted saved result
2026-10-09T23:08:16.8218984Z {"passed":true,"scenarios":12,"checks":95,"scope":"Actual transpiled coaching store and transactional browser vault with fake-indexeddb and real WebCrypto. No mocked application storage, browser UI/GPU, physical-device or inference claim."}
2026-10-09T23:08:16.8409943Z Checking check-workout-coaching-ui.cjs
2026-10-09T23:08:17.9850717Z PASS Mount is read-only and both retained actions require explicit consent
2026-10-09T23:08:18.2184381Z PASS Local consent is saved before a manual request and duplicate presses accept one local operation
2026-10-09T23:08:18.3901530Z PASS No request runs before local workout persistence, even from a retained callback
2026-10-09T23:08:19.0532158Z PASS Youth, concerns, training holds and unavailable owning plans cannot reach either runtime
2026-10-09T23:08:19.5313266Z PASS Unqualified automatic choice, model off and unsupported GPU prevent local inference
2026-10-09T23:08:19.6809968Z PASS Denied preference writes cannot grant local consent or automatic execution
2026-10-09T23:08:19.9928180Z PASS Automatic coaching consumes one saved event and never repeats its nonce after remount
2026-10-09T23:08:20.1561810Z PASS Wrong or unsaved automatic event cannot run and saving the matching event enables one run
2026-10-09T23:08:20.3071771Z PASS Queued automatic callback cannot switch its event onto a changed workout context
2026-10-09T23:08:20.4627823Z PASS Local selector remains withheld until its encrypted store save resolves
2026-10-09T23:08:20.6065624Z PASS Failed local result persistence reports an error without displaying generated selection
2026-10-09T23:08:21.0652036Z PASS Model selectors cannot invent observations, prose or another workout identity
2026-10-09T23:08:21.3742242Z PASS Off and consent revocation during a pending store read prevent result persistence
2026-10-09T23:08:21.5462082Z PASS Backgrounding stops local work and refuses late result persistence before commit
2026-10-09T23:08:21.7061872Z PASS Rapid remote consented presses launch one cancellable request
2026-10-09T23:08:22.4909830Z PASS Cloud consent is bound to the exact workout, lift, profile and history context, including retained callbacks
2026-10-09T23:08:22.6415623Z PASS An accepted cloud request consumes its consent and another manual request needs a fresh checkbox
2026-10-09T23:08:22.7913946Z PASS Remote completion is withheld until the local encrypted result copy is committed
2026-10-09T23:08:23.4203668Z PASS Context changes, unsaved edits, model off and background abort remote requests and ignore late responses
2026-10-09T23:08:23.5597826Z PASS Unmount blocks retained remote callbacks and suppresses late worker or transport completion
2026-10-09T23:08:23.7050019Z PASS Cached selectors display only for their exact context and review actions require current ownership
2026-10-09T23:08:23.8533655Z PASS Remote failures preserve deterministic facts and cannot overwrite local cached selectors
2026-10-09T23:08:23.9965335Z PASS Retained preference callbacks cannot reinstate consent after a rapid opt-out
2026-10-09T23:08:24.1381015Z PASS Existing exact cached selection prevents automatic inference for the same saved event
2026-10-09T23:08:24.3016496Z PASS Deleting model files invalidates a pending result before its local store write
2026-10-09T23:08:24.4430443Z PASS Local startup errors release the operation and allow an explicit retry
2026-10-09T23:08:24.5849597Z PASS Changing selected model fences its old pending selector even when facts are identical
2026-10-09T23:08:24.7331368Z PASS Hidden retained actions cannot start local or remote work
2026-10-09T23:08:24.8944002Z PASS Private name and notes edits preserve the same minimized context and do not restart local work
2026-10-09T23:08:24.8945686Z PASS workout coaching UI: 29/29 scenarios, 168 assertions (actual compiled component callbacks and real coaching projection/digest/reply contracts; mocked runtime/store/transport/hooks, no browser GPU, inference, backend deployment or device claim).
2026-10-09T23:08:24.9390440Z Checking check-workout-coaching-worker-policy.cjs
2026-10-09T23:08:25.2973303Z PASS coaching worker policy and larger download pins: 745 assertions; mocked headers/controller/network only.
2026-10-09T23:08:25.3069213Z Checking check-workout-coaching.cjs
2026-10-09T23:08:25.9917960Z PASS specific performance, profile and comparable records
2026-10-09T23:08:26.0034102Z PASS mixed, zero and missing load plus missing effort stay factual
2026-10-09T23:08:26.0100325Z PASS privacy: no names, free notes, custom prompts or setup labels
2026-10-09T23:08:26.0207659Z PASS comparison requires target, setup and chronology
2026-10-09T23:08:26.0290673Z PASS 28-day attendance preserves historical rest, partial, skipped and unknown
2026-10-09T23:08:26.0308039Z PASS lift requires complete saved exercise group; active is not attendance credit
2026-10-09T23:08:26.0361176Z PASS adult, symptom and hold eligibility is fail closed
2026-10-09T23:08:26.0418711Z PASS review choices come from current progression engine and remain previews
2026-10-09T23:08:26.0638472Z PASS strict bounded selection reply and trusted display
2026-10-09T23:08:26.0695378Z BUDGET strength: 24 latest sets, 18 prior summaries, 11353 bytes
2026-10-09T23:08:26.0915848Z BUDGET hypertrophy: 32 latest sets, 10 prior summaries, 11974 bytes
2026-10-09T23:08:26.1048470Z BUDGET hybrid: 32 latest sets, 10 prior summaries, 11974 bytes
2026-10-09T23:08:26.1049559Z PASS normal six/eight-exercise four-set workouts fit with comparable history
2026-10-09T23:08:26.1383150Z PASS stale plan, event, safety, target, evidence and lift edits rejected
2026-10-09T23:08:26.1516029Z PASS immutable deterministic context, DST dates and explicit bounds
2026-10-09T23:08:26.1517168Z PASS workout coaching: 12 groups / 160 assertions
2026-10-09T23:08:26.1737512Z Checking check-workout-review.cjs
2026-10-09T23:08:26.8091069Z PASS workout review gate: 25 checks
2026-10-09T23:08:26.8372154Z Checking check-workout-science.cjs
2026-10-09T23:08:27.4609472Z PASS HY5 weekday orientation keeps the full block and discloses the delayed first role
2026-10-09T23:08:27.4644579Z PASS Every start weekday preserves HY5 roles, counts and comparable recovery
2026-10-09T23:08:27.4691234Z PASS Commitments preserve all HY5 work and prerequisites without occupying protected dates
2026-10-09T23:08:27.4720996Z PASS Original PLSL3 A/B roles roll across weeks with their actual prior-role prerequisites
2026-10-09T23:08:27.4751153Z PASS Named StrongLifts stays manual with exact base work and continuous A/B
2026-10-09T23:08:27.5122445Z PASS All 75 original paths preserve complete blocks and resolve scoped evidence
2026-10-09T23:08:27.5213050Z PASS All 20 named references remain source/user owned, including 12 empty calendars
2026-10-09T23:08:27.5308186Z PASS Youth current and catalog paths inherit youth guidance without adult goal efficacy cards
2026-10-09T23:08:27.5316901Z PASS Healthy older adult strength has older-function context; source scope excludes clinical validation
2026-10-09T23:08:27.5346477Z PASS App running intervals and base runs do not inherit NHS or adult resistance efficacy citations
2026-10-09T23:08:27.5360342Z PASS Empty generic coach/manual tracking carries no app-prescription efficacy evidence
2026-10-09T23:08:27.5373486Z PASS Activity overlay rejects the demonstrated final canonical over-window draft
2026-10-09T23:08:27.5406081Z PASS Selected focus citations and URL notes follow the actual adult/youth add-ons
2026-10-09T23:08:27.5502417Z PASS First-time equal-fit ranking prefers a smaller feasible foundation without hiding longer choices
2026-10-09T23:08:27.5514387Z PASS Adult phase increase stays explicitly preaccepted, rather than silently changing the history gate
2026-10-09T23:08:27.5535147Z PASS Legacy AT01-AT04 remain executable and recipe aliases/policy drift are explicit
2026-10-09T23:08:27.5536334Z 16 workout-science regression groups passed
2026-10-09T23:08:27.5689326Z 75/75 check suites passed.
2026-10-09T23:08:27.6451504Z test_alias_resource_refused (__main__.Fixtures.test_alias_resource_refused) ... ok
2026-10-09T23:08:27.6468373Z test_alternate_os_rules_refused (__main__.Fixtures.test_alternate_os_rules_refused) ... ok
2026-10-09T23:08:27.6489434Z test_android_numeric_links_read_rules_and_hashes (__main__.Fixtures.test_android_numeric_links_read_rules_and_hashes) ... ok
2026-10-09T23:08:27.6507340Z test_backup_includes_refused_even_with_all_exclusions (__main__.Fixtures.test_backup_includes_refused_even_with_all_exclusions) ... ok
2026-10-09T23:08:27.6524868Z test_backup_unreviewed_attribute_refused (__main__.Fixtures.test_backup_unreviewed_attribute_refused) ... ok
2026-10-09T23:08:27.6549181Z test_boot_permission_absent_or_expired_refused (__main__.Fixtures.test_boot_permission_absent_or_expired_refused) ... ok
2026-10-09T23:08:27.6574260Z test_boot_permission_sdk_coverage_and_variant_accepted (__main__.Fixtures.test_boot_permission_sdk_coverage_and_variant_accepted) ... ok
2026-10-09T23:08:27.7686885Z test_cli_requires_all_decoded_android_inputs (__main__.Fixtures.test_cli_requires_all_decoded_android_inputs) ... ok
2026-10-09T23:08:27.9210322Z test_cli_success_and_poison_failure (__main__.Fixtures.test_cli_success_and_poison_failure) ... ok
2026-10-09T23:08:27.9229677Z test_cloud_section_is_required (__main__.Fixtures.test_cloud_section_is_required) ... ok
2026-10-09T23:08:27.9245974Z test_debuggable_release_refused (__main__.Fixtures.test_debuggable_release_refused) ... ok
2026-10-09T23:08:27.9269237Z test_decimal_and_hex_reference_forms (__main__.Fixtures.test_decimal_and_hex_reference_forms) ... ok
2026-10-09T23:08:27.9297908Z test_direct_documents_exposure_false_accepted (__main__.Fixtures.test_direct_documents_exposure_false_accepted) ... ok
2026-10-09T23:08:27.9367364Z test_direct_documents_exposure_malformed_flags_refused (__main__.Fixtures.test_direct_documents_exposure_malformed_flags_refused) ... ok
2026-10-09T23:08:27.9391143Z test_direct_documents_exposure_true_refused (__main__.Fixtures.test_direct_documents_exposure_true_refused) ... ok
2026-10-09T23:08:27.9412729Z test_disabled_or_unresolved_application_refused (__main__.Fixtures.test_disabled_or_unresolved_application_refused) ... ok
2026-10-09T23:08:27.9432631Z test_domain_forward_secrecy_downgrade_refused (__main__.Fixtures.test_domain_forward_secrecy_downgrade_refused) ... ok
2026-10-09T23:08:27.9469044Z test_domain_insecure_http_aliases_refused (__main__.Fixtures.test_domain_insecure_http_aliases_refused) ... ok
2026-10-09T23:08:27.9487438Z test_domain_tls_downgrade_refused (__main__.Fixtures.test_domain_tls_downgrade_refused) ... ok
2026-10-09T23:08:27.9502961Z test_duplicate_application_refused (__main__.Fixtures.test_duplicate_application_refused) ... ok
2026-10-09T23:08:27.9520764Z test_duplicate_extraction_section_refused (__main__.Fixtures.test_duplicate_extraction_section_refused) ... ok
2026-10-09T23:08:27.9538130Z test_duplicate_or_unknown_domain_refused (__main__.Fixtures.test_duplicate_or_unknown_domain_refused) ... ok
2026-10-09T23:08:27.9554700Z test_duplicate_startup_initializer_refused (__main__.Fixtures.test_duplicate_startup_initializer_refused) ... ok
2026-10-09T23:08:27.9587262Z test_each_required_reminder_action_absent_refused (__main__.Fixtures.test_each_required_reminder_action_absent_refused) ... ok
2026-10-09T23:08:27.9605890Z test_expired_required_permission_refused (__main__.Fixtures.test_expired_required_permission_refused) ... ok
2026-10-09T23:08:27.9624368Z test_explicitly_enabled_application_accepted (__main__.Fixtures.test_explicitly_enabled_application_accepted) ... ok
2026-10-09T23:08:27.9639991Z test_exported_file_provider_refused (__main__.Fixtures.test_exported_file_provider_refused) ... ok
2026-10-09T23:08:27.9656278Z test_flag_disabled_variant_refused (__main__.Fixtures.test_flag_disabled_variant_refused) ... ok
2026-10-09T23:08:27.9685874Z test_global_arbitrary_transport_flags_refused (__main__.Fixtures.test_global_arbitrary_transport_flags_refused) ... ok
2026-10-09T23:08:28.0100330Z test_ios_cli_success (__main__.Fixtures.test_ios_cli_success) ... ok
2026-10-09T23:08:28.0126855Z test_ios_real_binary_plists_truthful_scope (__main__.Fixtures.test_ios_real_binary_plists_truthful_scope) ... ok
2026-10-09T23:08:28.0147116Z test_launcher_data_restriction_or_duplicate_entry_refused (__main__.Fixtures.test_launcher_data_restriction_or_duplicate_entry_refused) ... ok
2026-10-09T23:08:28.0163250Z test_launcher_duplicate_filter_refused (__main__.Fixtures.test_launcher_duplicate_filter_refused) ... ok
2026-10-09T23:08:28.0186877Z test_launcher_incomplete_or_split_intents_refused (__main__.Fixtures.test_launcher_incomplete_or_split_intents_refused) ... ok
2026-10-09T23:08:28.0206635Z test_malformed_boolean_transport_flag_refused (__main__.Fixtures.test_malformed_boolean_transport_flag_refused) ... ok
2026-10-09T23:08:28.0239199Z test_malformed_domain_config_refused (__main__.Fixtures.test_malformed_domain_config_refused) ... ok
2026-10-09T23:08:28.0259432Z test_malformed_permission_name_refused (__main__.Fixtures.test_malformed_permission_name_refused) ... ok
2026-10-09T23:08:28.0303073Z test_malformed_privacy_shapes_refused (__main__.Fixtures.test_malformed_privacy_shapes_refused) ... ok
2026-10-09T23:08:28.0341101Z test_malformed_reason_rows_refused (__main__.Fixtures.test_malformed_reason_rows_refused) ... ok
2026-10-09T23:08:28.0357630Z test_malformed_resource_row (__main__.Fixtures.test_malformed_resource_row) ... ok
2026-10-09T23:08:28.0387905Z test_malformed_transport_shapes_refused (__main__.Fixtures.test_malformed_transport_shapes_refused) ... ok
2026-10-09T23:08:28.0405173Z test_malformed_xml_is_not_success (__main__.Fixtures.test_malformed_xml_is_not_success) ... ok
2026-10-09T23:08:28.0421733Z test_mismatched_payload_path (__main__.Fixtures.test_mismatched_payload_path) ... ok
2026-10-09T23:08:28.0438348Z test_missing_link_is_refused (__main__.Fixtures.test_missing_link_is_refused) ... ok
2026-10-09T23:08:28.0458914Z test_missing_required_reason_refused (__main__.Fixtures.test_missing_required_reason_refused) ... ok
2026-10-09T23:08:28.0475608Z test_missing_resource_payload (__main__.Fixtures.test_missing_resource_payload) ... ok
2026-10-09T23:08:28.0495345Z test_multiple_or_missing_reminder_filters_refused (__main__.Fixtures.test_multiple_or_missing_reminder_filters_refused) ... ok
2026-10-09T23:08:28.0518147Z test_named_and_package_qualified_links (__main__.Fixtures.test_named_and_package_qualified_links) ... ok
2026-10-09T23:08:28.0535643Z test_narrowed_exclusion_refused (__main__.Fixtures.test_narrowed_exclusion_refused) ... ok
2026-10-09T23:08:28.0554292Z test_nested_include_refused (__main__.Fixtures.test_nested_include_refused) ... ok
2026-10-09T23:08:28.0570909Z test_notification_forwarder_intent_filter_refused (__main__.Fixtures.test_notification_forwarder_intent_filter_refused) ... ok
2026-10-09T23:08:28.0587698Z test_optimized_path_traversal_refused (__main__.Fixtures.test_optimized_path_traversal_refused) ... ok
2026-10-09T23:08:28.0609408Z test_optimized_resource_paths (__main__.Fixtures.test_optimized_resource_paths) ... ok
2026-10-09T23:08:28.0633945Z test_optional_startup_provider_or_initializer_absence_accepted (__main__.Fixtures.test_optional_startup_provider_or_initializer_absence_accepted) ... ok
2026-10-09T23:08:28.0652634Z test_package_qualified_aapt_rows (__main__.Fixtures.test_package_qualified_aapt_rows) ... ok
2026-10-09T23:08:28.0671730Z test_poisoned_device_transfer_missing_domain (__main__.Fixtures.test_poisoned_device_transfer_missing_domain) ... ok
2026-10-09T23:08:28.0691094Z test_poisoned_legacy_backup_missing_domain (__main__.Fixtures.test_poisoned_legacy_backup_missing_domain) ... ok
2026-10-09T23:08:28.0715351Z test_privacy_root_not_dictionary_refused (__main__.Fixtures.test_privacy_root_not_dictionary_refused) ... ok
2026-10-09T23:08:28.0733067Z test_profile_receiver_without_system_permission_refused (__main__.Fixtures.test_profile_receiver_without_system_permission_refused) ... ok
2026-10-09T23:08:28.0752284Z test_profile_system_tool_receiver_accepted (__main__.Fixtures.test_profile_system_tool_receiver_accepted) ... ok
2026-10-09T23:08:28.0771867Z test_release_bonjour_declaration_refused (__main__.Fixtures.test_release_bonjour_declaration_refused) ... ok
2026-10-09T23:08:28.0803305Z test_reminder_restricting_or_unreviewed_intent_entries_refused (__main__.Fixtures.test_reminder_restricting_or_unreviewed_intent_entries_refused) ... ok
2026-10-09T23:08:28.0819409Z test_remote_auto_init_enabled_refused (__main__.Fixtures.test_remote_auto_init_enabled_refused) ... ok
2026-10-09T23:08:28.0836016Z test_remote_collection_enabled_refused (__main__.Fixtures.test_remote_collection_enabled_refused) ... ok
2026-10-09T23:08:28.0852628Z test_remote_init_declaration_missing_refused (__main__.Fixtures.test_remote_init_declaration_missing_refused) ... ok
2026-10-09T23:08:28.0879985Z test_remote_sdk_components_refused (__main__.Fixtures.test_remote_sdk_components_refused) ... ok
2026-10-09T23:08:28.0899674Z test_required_components_default_enabled_accepted (__main__.Fixtures.test_required_components_default_enabled_accepted) ... ok
2026-10-09T23:08:28.0941251Z test_required_components_disabled_or_unresolved_refused (__main__.Fixtures.test_required_components_disabled_or_unresolved_refused) ... ok
2026-10-09T23:08:28.0963309Z test_required_launcher_and_reminder_components_absent_refused (__main__.Fixtures.test_required_launcher_and_reminder_components_absent_refused) ... ok
2026-10-09T23:08:28.0979629Z test_resource_identity_collision (__main__.Fixtures.test_resource_identity_collision) ... ok
2026-10-09T23:08:28.0999256Z test_reviewed_startup_initializers_accepted (__main__.Fixtures.test_reviewed_startup_initializers_accepted) ... ok
2026-10-09T23:08:28.1020017Z test_root_tracking_refused (__main__.Fixtures.test_root_tracking_refused) ... ok
2026-10-09T23:08:28.1040640Z test_sdk23_permission_tag_supported_above_minimum_os (__main__.Fixtures.test_sdk23_permission_tag_supported_above_minimum_os) ... ok
2026-10-09T23:08:28.1089165Z test_sdk_tracking_and_collection_refused (__main__.Fixtures.test_sdk_tracking_and_collection_refused) ... ok
2026-10-09T23:08:28.1118748Z test_secure_domain_exception_and_xml_sdk_accepted (__main__.Fixtures.test_secure_domain_exception_and_xml_sdk_accepted) ... ok
2026-10-09T23:08:28.1138595Z test_shared_rule_path_refused (__main__.Fixtures.test_shared_rule_path_refused) ... ok
2026-10-09T23:08:28.1159152Z test_startup_unexpected_or_nested_child_refused (__main__.Fixtures.test_startup_unexpected_or_nested_child_refused) ... ok
2026-10-09T23:08:28.1202991Z test_startup_unknown_or_indirected_initializer_refused (__main__.Fixtures.test_startup_unknown_or_indirected_initializer_refused) ... ok
2026-10-09T23:08:28.1219627Z test_startup_wrong_authority_refused (__main__.Fixtures.test_startup_wrong_authority_refused) ... ok
2026-10-09T23:08:28.1236824Z test_table_wrong_package (__main__.Fixtures.test_table_wrong_package) ... ok
2026-10-09T23:08:28.1255864Z test_unexpected_permission_refused (__main__.Fixtures.test_unexpected_permission_refused) ... ok
2026-10-09T23:08:28.1287287Z test_unimplemented_faceid_declaration_refused_including_empty (__main__.Fixtures.test_unimplemented_faceid_declaration_refused_including_empty) ... ok
2026-10-09T23:08:28.1306560Z test_unknown_permission_tag_cannot_satisfy_required_permission (__main__.Fixtures.test_unknown_permission_tag_cannot_satisfy_required_permission) ... ok
2026-10-09T23:08:28.1325494Z test_unknown_transport_key_refused (__main__.Fixtures.test_unknown_transport_key_refused) ... ok
2026-10-09T23:08:28.1345419Z test_unrelated_launcher_deep_link_filter_accepted (__main__.Fixtures.test_unrelated_launcher_deep_link_filter_accepted) ... ok
2026-10-09T23:08:28.1361861Z test_unreviewed_exported_component_refused (__main__.Fixtures.test_unreviewed_exported_component_refused) ... ok
2026-10-09T23:08:28.1378305Z test_unreviewed_network_config_cannot_override_denial (__main__.Fixtures.test_unreviewed_network_config_cannot_override_denial) ... ok
2026-10-09T23:08:28.1395505Z test_wrong_manifest_resource_id (__main__.Fixtures.test_wrong_manifest_resource_id) ... ok
2026-10-09T23:08:28.1412675Z test_wrong_named_link (__main__.Fixtures.test_wrong_named_link) ... ok
2026-10-09T23:08:28.1429868Z test_xml_entity_declaration_refused (__main__.Fixtures.test_xml_entity_declaration_refused) ... ok
2026-10-09T23:08:28.1430750Z 
2026-10-09T23:08:28.1431164Z ----------------------------------------------------------------------
2026-10-09T23:08:28.1431751Z Ran 90 tests in 0.501s
2026-10-09T23:08:28.1431968Z 
2026-10-09T23:08:28.1432097Z OK
2026-10-09T23:08:28.2303470Z .........
2026-10-09T23:08:28.2304114Z ----------------------------------------------------------------------
2026-10-09T23:08:28.2304693Z Ran 9 tests in 0.013s
2026-10-09T23:08:28.2304908Z 
2026-10-09T23:08:28.2305039Z OK
2026-10-09T23:08:28.4298925Z test_canonical_shared_module_and_public_snapshot_data_compile (__main__.Histories.test_canonical_shared_module_and_public_snapshot_data_compile) ... ok
2026-10-09T23:08:28.5305392Z test_cli_writes_only_boolean_output_and_json_receipt (__main__.Histories.test_cli_writes_only_boolean_output_and_json_receipt) ... ok
2026-10-09T23:08:28.5664844Z test_deleting_native_source_compiles (__main__.Histories.test_deleting_native_source_compiles) ... ok
2026-10-09T23:08:28.6038650Z test_documentation_rename_and_delete_skip (__main__.Histories.test_documentation_rename_and_delete_skip) ... ok
2026-10-09T23:08:28.6301759Z test_empty_tree_update_skips (__main__.Histories.test_empty_tree_update_skips) ... ok
2026-10-09T23:08:28.6610616Z test_exact_checkout_mismatch_compiles (__main__.Histories.test_exact_checkout_mismatch_compiles) ... ok
2026-10-09T23:08:28.7161298Z test_failed_or_incomplete_diff_cannot_skip (__main__.Histories.test_failed_or_incomplete_diff_cannot_skip) ... ok
2026-10-09T23:08:28.7624093Z test_force_push_removing_native_change_compiles (__main__.Histories.test_force_push_removing_native_change_compiles) ... ok
2026-10-09T23:08:28.8084415Z test_force_push_unchanged_native_tree_skips (__main__.Histories.test_force_push_unchanged_native_tree_skips) ... ok
2026-10-09T23:08:29.0239431Z test_inspection_and_gate_policy_changes_compile (__main__.Histories.test_inspection_and_gate_policy_changes_compile) ... ok
2026-10-09T23:08:29.0666887Z test_invalid_sha_or_mismatched_after_compile (__main__.Histories.test_invalid_sha_or_mismatched_after_compile) ... ok
2026-10-09T23:08:29.1025304Z test_invalid_utf8_native_path_is_detected_and_receipt_safe (__main__.Histories.test_invalid_utf8_native_path_is_detected_and_receipt_safe) ... ok
2026-10-09T23:08:29.1332858Z test_missing_event_structure_and_range_fields_compile (__main__.Histories.test_missing_event_structure_and_range_fields_compile) ... ok
2026-10-09T23:08:29.1527944Z test_missing_repository_compiles (__main__.Histories.test_missing_repository_compiles) ... ok
2026-10-09T23:08:29.1896686Z test_mobile_copied_docs_and_top_level_markdown_skip (__main__.Histories.test_mobile_copied_docs_and_top_level_markdown_skip) ... ok
2026-10-09T23:08:29.6356576Z test_more_than_3000_paths_do_not_hide_last_native_input (__main__.Histories.test_more_than_3000_paths_do_not_hide_last_native_input) ... ok
2026-10-09T23:08:29.6737246Z test_moving_documentation_into_native_source_compiles (__main__.Histories.test_moving_documentation_into_native_source_compiles) ... ok
2026-10-09T23:08:29.7112459Z test_moving_native_source_outside_mobile_compiles (__main__.Histories.test_moving_native_source_outside_mobile_compiles) ... ok
2026-10-09T23:08:29.7565458Z test_multi_commit_update_sees_native_change_before_final_docs_commit (__main__.Histories.test_multi_commit_update_sees_native_change_before_final_docs_commit) ... ok
2026-10-09T23:08:29.8032621Z test_native_change_reverted_in_same_update_is_input_unchanged (__main__.Histories.test_native_change_reverted_in_same_update_is_input_unchanged) ... ok
2026-10-09T23:08:29.8394739Z test_native_file_mode_change_compiles (__main__.Histories.test_native_file_mode_change_compiles) ... ok
2026-10-09T23:08:29.8619305Z test_open_reopen_and_manual_always_compile_without_range (__main__.Histories.test_open_reopen_and_manual_always_compile_without_range) ... ok
2026-10-09T23:08:29.9587310Z test_source_lock_plugin_and_nested_markdown_compile (__main__.Histories.test_source_lock_plugin_and_nested_markdown_compile) ... ok
2026-10-09T23:08:29.9930686Z test_unknown_before_or_blob_before_compiles (__main__.Histories.test_unknown_before_or_blob_before_compiles) ... ok
2026-10-09T23:08:30.0311808Z test_unusual_newline_and_nonascii_paths_are_nul_delimited (__main__.Histories.test_unusual_newline_and_nonascii_paths_are_nul_delimited) ... ok
2026-10-09T23:08:30.0686528Z test_website_and_root_docs_update_skips (__main__.Histories.test_website_and_root_docs_update_skips) ... ok
2026-10-09T23:08:30.0702852Z test_actual_workflow_condition_preserves_failure_and_missing_output_fallback (__main__.RepositoryContract.test_actual_workflow_condition_preserves_failure_and_missing_output_fallback) ... ok
2026-10-09T23:08:30.0721728Z test_observed_page2_range_skips_when_history_available (__main__.RepositoryContract.test_observed_page2_range_skips_when_history_available) ... skipped 'Historical production commits unavailable in this checkout; synthetic Git fixtures still run'
2026-10-09T23:08:30.0729985Z test_workflow_guards_gate_and_exact_source_without_cancellation (__main__.RepositoryContract.test_workflow_guards_gate_and_exact_source_without_cancellation) ... ok
2026-10-09T23:08:30.0731351Z 
2026-10-09T23:08:30.0731746Z ----------------------------------------------------------------------
2026-10-09T23:08:30.0732362Z Ran 29 tests in 1.761s
2026-10-09T23:08:30.0732600Z 
2026-10-09T23:08:30.0732755Z OK (skipped=1)
2026-10-09T23:08:30.0892304Z ##[group]Run npm run check
2026-10-09T23:08:30.0892610Z [36;1mnpm run check[0m
2026-10-09T23:08:30.0892841Z [36;1mnpm run test:engine[0m
2026-10-09T23:08:30.0957542Z shell: /usr/bin/bash -e {0}
2026-10-09T23:08:30.0957807Z env:
2026-10-09T23:08:30.0958009Z   WRANGLER_SEND_METRICS: false
2026-10-09T23:08:30.0958259Z   CI: true
2026-10-09T23:08:30.0958443Z ##[endgroup]
2026-10-09T23:08:30.1955556Z 
2026-10-09T23:08:30.1956164Z > training-studio-mobile@0.1.0 check
2026-10-09T23:08:30.1956556Z > tsc --noEmit
2026-10-09T23:08:30.1956692Z 
2026-10-09T23:08:35.3089936Z 
2026-10-09T23:08:35.3090832Z > training-studio-mobile@0.1.0 test:engine
2026-10-09T23:08:35.3091476Z > node --import tsx scripts/check-engine.ts
2026-10-09T23:08:35.3091718Z 
2026-10-09T23:08:36.4129933Z PASS: native substitution survives validated save/reload; invalid program IDs are rejected.
2026-10-09T23:08:36.4145847Z PASS: native plan archives are retained and guarded; saved machine context carries forward without changing history.
2026-10-09T23:08:36.4190404Z PASS: local records are sealed with XChaCha20-Poly1305, bound to their storage slot, and reject tampering or wrong keys.
2026-10-09T23:08:36.6702097Z PASS: 78 plans across all 7 starting weekdays, workout validation, partial save, optional measurements round-trip, retained history, unsafe read/link rejection, 989 exercises and 989 guides.
2026-10-09T23:08:37.3880652Z PASS: phone transfer files round-trip, reject a wrong password, and keep the header authenticated.
2026-10-09T23:08:37.3942666Z PASS: first-time lifters get one starting plan that matches their days; fit notes are shown.
2026-10-09T23:08:37.4316609Z ##[group]Run npm run build
2026-10-09T23:08:37.4316908Z [36;1mnpm run build[0m
2026-10-09T23:08:37.4317153Z [36;1mnpm run test:production[0m
2026-10-09T23:08:37.4317401Z [36;1mnpm run build:pages[0m
2026-10-09T23:08:37.4317630Z [36;1mnpm run check:pages[0m
2026-10-09T23:08:37.4380353Z shell: /usr/bin/bash -e {0}
2026-10-09T23:08:37.4380619Z env:
2026-10-09T23:08:37.4380817Z   WRANGLER_SEND_METRICS: false
2026-10-09T23:08:37.4381052Z   CI: true
2026-10-09T23:08:37.4381236Z ##[endgroup]
2026-10-09T23:08:37.5426644Z 
2026-10-09T23:08:37.5427250Z > site-creator-vinext-starter@0.1.0 build
2026-10-09T23:08:37.5427739Z > node scripts/run-framework.mjs build
2026-10-09T23:08:37.5427967Z 
2026-10-09T23:08:37.7780338Z [36mvite v8.0.16 [32mbuilding client environment for production...[36m[39m
2026-10-09T23:08:37.7912428Z [2K
2026-10-09T23:08:38.1927456Z transforming...✓ 45 modules transformed.
2026-10-09T23:08:38.2577483Z rendering chunks...
2026-10-09T23:08:38.3331254Z computing gzip size...
2026-10-09T23:08:38.4353196Z public/runtime/workout-coaching-worker.js     18.82 kB │ gzip:     6.71 kB
2026-10-09T23:08:38.4354928Z public/runtime/qwen-worker.js                 26.28 kB │ gzip:     8.40 kB
2026-10-09T23:08:38.4356435Z public/runtime/training-C8u1q4KT.js        1,065.50 kB │ gzip:   139.77 kB
2026-10-09T23:08:38.4358044Z public/runtime/lib-C9O0qMAG.js             4,745.91 kB │ gzip: 1,717.36 kB
2026-10-09T23:08:38.4359517Z public/runtime/lib-DcORhR3s.js             6,194.29 kB │ gzip: 2,183.09 kB
2026-10-09T23:08:38.4360644Z 
2026-10-09T23:08:38.4361094Z [32m✓ built in 656ms[39m
2026-10-09T23:08:38.9966454Z Packaged 127 tracked source files: movefield-mobile-r14.zip (2109850 bytes)
2026-10-09T23:08:39.4295744Z 
2026-10-09T23:08:39.4296793Z   vinext build  (Vite 8.0.16)
2026-10-09T23:08:39.4300489Z 
2026-10-09T23:08:40.9792432Z [34m[1/5] analyze client references...[39m
2026-10-09T23:08:41.0282825Z [2K
2026-10-09T23:08:43.7675254Z transforming...✓ 268 modules transformed.
2026-10-09T23:08:43.7920085Z rendering chunks...
2026-10-09T23:08:43.7994653Z [32m✓ built in 2.82s[39m
2026-10-09T23:08:43.8065284Z [34m[2/5] analyze server references...[39m
2026-10-09T23:08:43.8301430Z [2K
2026-10-09T23:08:46.5708709Z transforming...✓ 887 modules transformed.
2026-10-09T23:08:46.5756969Z rendering chunks...
2026-10-09T23:08:46.5792250Z [32m✓ built in 2.77s[39m
2026-10-09T23:08:46.5857726Z [34m[3/5] build rsc environment...[39m
2026-10-09T23:08:46.6108851Z [2K
2026-10-09T23:08:48.5352829Z transforming...✓ 265 modules transformed.
2026-10-09T23:08:48.6404647Z rendering chunks...
2026-10-09T23:08:48.6891878Z computing gzip size...
2026-10-09T23:08:48.7066845Z [32m✓ built in 2.12s[39m
2026-10-09T23:08:48.7124698Z [34m[4/5] build client environment...[39m
2026-10-09T23:08:48.7361297Z [2K
2026-10-09T23:08:52.7317229Z transforming...✓ 2698 modules transformed.
2026-10-09T23:08:52.9248963Z rendering chunks...
2026-10-09T23:08:53.0848014Z computing gzip size...
2026-10-09T23:08:53.1045046Z [33m[33m[PLUGIN_TIMINGS] [0mYour build spent significant time in plugins. Here is a breakdown:
2026-10-09T23:08:53.1045882Z   - vinext:middleware-server-only (34%)
2026-10-09T23:08:53.1046586Z   - rsc:virtual-client-package (13%)
2026-10-09T23:08:53.1047188Z   - vinext:css-data-url (9%)
2026-10-09T23:08:53.1048142Z   - vinext:og-inline-fetch-assets (9%)
2026-10-09T23:08:53.1048731Z   - alias (8%)
2026-10-09T23:08:53.1049499Z See https://rolldown.rs/options/checks#plugintimings for more details.
2026-10-09T23:08:53.1050409Z [39m
2026-10-09T23:08:53.1061049Z [32m✓ built in 4.39s[39m
2026-10-09T23:08:53.1159948Z [34m[5/5] build ssr environment...[39m
2026-10-09T23:08:53.1398895Z [2K
2026-10-09T23:08:55.4159638Z transforming...✓ 898 modules transformed.
2026-10-09T23:08:55.5845678Z rendering chunks...
2026-10-09T23:08:55.7131269Z computing gzip size...
2026-10-09T23:08:55.7276433Z [32m✓ built in 2.61s[39m
2026-10-09T23:08:55.7566359Z [0m
2026-10-09T23:08:55.7566819Z   Route (app)
2026-10-09T23:08:55.7567634Z   ┌ ? /                    
2026-10-09T23:08:55.7568221Z   ├ λ /api/account         
2026-10-09T23:08:55.7568777Z   ├ λ /api/daily-feedback  
2026-10-09T23:08:55.7569293Z   ├ λ /api/sync            
2026-10-09T23:08:55.7569804Z   └ λ /api/workout-coaching
2026-10-09T23:08:55.7570427Z 
2026-10-09T23:08:55.7570709Z   λ API  ? Unknown
2026-10-09T23:08:55.7570986Z 
2026-10-09T23:08:55.7571549Z   ? Some routes could not be classified. vinext currently uses static analysis
2026-10-09T23:08:55.7572723Z     and cannot detect dynamic API usage (headers(), cookies(), etc.) at build time.
2026-10-09T23:08:55.7573709Z     Automatic classification will be improved in a future release.
2026-10-09T23:08:55.7574278Z 
2026-10-09T23:08:55.7574751Z   Build complete. Run `vinext start` to start the production server.
2026-10-09T23:08:55.7575375Z 
2026-10-09T23:08:55.8973414Z Prepared 82 offline assets for d99aef227d10.
2026-10-09T23:08:56.0048210Z 
2026-10-09T23:08:56.0048982Z > site-creator-vinext-starter@0.1.0 test:production
2026-10-09T23:08:56.0049611Z > node scripts/check-all.cjs --production
2026-10-09T23:08:56.0049874Z 
2026-10-09T23:08:56.0354090Z Checking check-bundle.cjs
2026-10-09T23:08:56.1022211Z PASS bundle budgets and lazy chart boundary {"page":"_next/static/chunks/page-BvUrm9Su.js","key":"app/page.tsx","bytes":178567,"gzipBytes":54131,"initialGzipBytes":399874,"initialLimitGzipBytes":400000,"chunks":[{"key":"app/page.tsx","bytes":178567,"gzipBytes":54131},{"key":"_rolldown-runtime-QTnfLwEv.js","bytes":694,"gzipBytes":422},{"key":"virtual:vinext-app-browser-entry","bytes":195675,"gzipBytes":56463},{"key":"_framework-JGc2HF7T.js","bytes":190152,"gzipBytes":59097},{"key":"components/app-preferences.tsx","bytes":113780,"gzipBytes":36419},{"key":"_button-CBvz_Igj.js","bytes":32543,"gzipBytes":10650},{"key":"_createLucideIcon-rCMSQdv6.js","bytes":31626,"gzipBytes":11151},{"key":"_progress-D4KJ_sZI.js","bytes":20687,"gzipBytes":7338},{"key":"_checkbox-C9BEa7ej.js","bytes":4731,"gzipBytes":2010},{"key":"_browser-vault-CqwzMhLd.js","bytes":35628,"gzipBytes":10847},{"key":"_storage-capacity-Egu5ZFOb.js","bytes":14207,"gzipBytes":5419},{"key":"_training-jn8H07LS.js","bytes":794960,"gzipBytes":114744},{"key":"_types-B-MU-IOR.js","bytes":56526,"gzipBytes":12856},{"key":"_cloud-client-Dab8Rxa3.js","bytes":2776,"gzipBytes":1288},{"key":"_local-backup-D5FjEcIY.js","bytes":873,"gzipBytes":540},{"key":"_onboarding-DztY_flP.js","bytes":9606,"gzipBytes":4080},{"key":"_presentation-BhurRxrE.js","bytes":21851,"gzipBytes":6050},{"key":"_progress-CI4fxsR3.js","bytes":3126,"gzipBytes":1265},{"key":"_public-path-Dnx1y3mw.js","bytes":152,"gzipBytes":138},{"key":"_safety-copy-BKXgRPRs.js","bytes":844,"gzipBytes":506},{"key":"_training-day-BEN4a0Ry.js","bytes":3665,"gzipBytes":1782},{"key":"_substitutions-M5QdKEMw.js","bytes":6693,"gzipBytes":2678}]}
2026-10-09T23:08:56.1054641Z Checking check-production-offline.cjs
2026-10-09T23:08:56.1727459Z {
2026-10-09T23:08:56.1727918Z   "status": "pass",
2026-10-09T23:08:56.1728363Z   "assets": 82,
2026-10-09T23:08:56.1728760Z   "totalBytes": 19966146,
2026-10-09T23:08:56.1729546Z   "build": "d99aef227d1086d765ccdb93c615711a65eeaaa052ebe685838d7d79d33bc869",
2026-10-09T23:08:56.1730652Z   "allBuiltClientChunksCovered": true,
2026-10-09T23:08:56.1731193Z   "workerManifestMatches": true,
2026-10-09T23:08:56.1731997Z   "assetHashesMatch": true,
2026-10-09T23:08:56.1732326Z   "privateDataAndModelWeightsAbsent": true
2026-10-09T23:08:56.1732627Z }
2026-10-09T23:08:56.1810019Z Checking check-production-security.cjs
2026-10-09T23:08:57.0557343Z {"brandAssetsAvailable":true,"nativeStarterAvailable":true,"privacyNoticeMatchesSource":true,"privacyNoticeStaticPolicy":true,"status":200,"scripts":22,"nonceMatched":true,"nonceRotates":true,"writeRouteClosed":true,"internalRouteClosed":true,"qaRouteAbsent":true,"unclearedPhotosAbsent":true,"cache":"private, no-store"}
2026-10-09T23:08:57.0836252Z 3/3 check suites passed.
2026-10-09T23:08:57.1946894Z 
2026-10-09T23:08:57.1947771Z > site-creator-vinext-starter@0.1.0 build:pages
2026-10-09T23:08:57.1948283Z > node scripts/build-pages.mjs
2026-10-09T23:08:57.1948499Z 
2026-10-09T23:08:57.3919086Z [36mvite v8.0.16 [32mbuilding client environment for production...[36m[39m
2026-10-09T23:08:57.4035828Z [2K
2026-10-09T23:08:57.7839184Z transforming...✓ 45 modules transformed.
2026-10-09T23:08:57.8480559Z rendering chunks...
2026-10-09T23:08:57.9191810Z computing gzip size...
2026-10-09T23:08:58.0251108Z public/runtime/workout-coaching-worker.js     18.82 kB │ gzip:     6.71 kB
2026-10-09T23:08:58.0252732Z public/runtime/qwen-worker.js                 26.28 kB │ gzip:     8.40 kB
2026-10-09T23:08:58.0254194Z public/runtime/training-C8u1q4KT.js        1,065.50 kB │ gzip:   139.77 kB
2026-10-09T23:08:58.0255439Z public/runtime/lib-C9O0qMAG.js             4,745.91 kB │ gzip: 1,717.36 kB
2026-10-09T23:08:58.0256604Z public/runtime/lib-DcORhR3s.js             6,194.29 kB │ gzip: 2,183.09 kB
2026-10-09T23:08:58.0257162Z 
2026-10-09T23:08:58.0257497Z [32m✓ built in 632ms[39m
2026-10-09T23:08:58.0425941Z [36mvite v8.0.16 [32mbuilding client environment for production...[36m[39m
2026-10-09T23:08:58.0509648Z [2K
2026-10-09T23:08:59.2003756Z transforming...✓ 2585 modules transformed.
2026-10-09T23:08:59.3045975Z rendering chunks...
2026-10-09T23:08:59.4474513Z computing gzip size...
2026-10-09T23:08:59.4597580Z dist-pages/index.html                                      1.29 kB │ gzip:   0.57 kB
2026-10-09T23:08:59.4598362Z dist-pages/assets/index-COMBkNy7.css                     225.24 kB │ gzip:  36.71 kB
2026-10-09T23:08:59.4599088Z dist-pages/assets/qwen-unavailable-IXSK3HSm.js             0.46 kB │ gzip:   0.32 kB
2026-10-09T23:08:59.4599821Z dist-pages/assets/workout-coaching-identity-CDHS7c86.js    0.56 kB │ gzip:   0.37 kB
2026-10-09T23:08:59.4600890Z dist-pages/assets/account-security-BMvM1HMu.js             0.74 kB │ gzip:   0.41 kB
2026-10-09T23:08:59.4601622Z dist-pages/assets/jsx-runtime-DUAcabCT.js                  1.06 kB │ gzip:   0.60 kB
2026-10-09T23:08:59.4602366Z dist-pages/assets/equipment-limits-CpHvxzsM.js             2.62 kB │ gzip:   1.31 kB
2026-10-09T23:08:59.4603059Z dist-pages/assets/react-dom-Ci36WYJj.js                    3.58 kB │ gzip:   1.36 kB
2026-10-09T23:08:59.4603737Z dist-pages/assets/customize-CnMED5ja.js                    3.89 kB │ gzip:   1.76 kB
2026-10-09T23:08:59.4604438Z dist-pages/assets/cloud-envelope-C74ZEbMR.js               3.95 kB │ gzip:   1.63 kB
2026-10-09T23:08:59.4605313Z dist-pages/assets/account-sync-94JU-mmb.js                 4.03 kB │ gzip:   1.63 kB
2026-10-09T23:08:59.4606639Z dist-pages/assets/exercise-substitutions-CiUmlXxS.js       4.11 kB │ gzip:   1.69 kB
2026-10-09T23:08:59.4607876Z dist-pages/assets/research-library-YDRmiqP-.js             4.46 kB │ gzip:   1.82 kB
2026-10-09T23:08:59.4608612Z dist-pages/assets/session-guide-3EUQPwSU.js                4.49 kB │ gzip:   1.96 kB
2026-10-09T23:08:59.4609307Z dist-pages/assets/training-day-c54AaLBh.js                 4.52 kB │ gzip:   1.48 kB
2026-10-09T23:08:59.4610014Z dist-pages/assets/daily-feedback-DyhRMtb8.js               4.72 kB │ gzip:   2.13 kB
2026-10-09T23:08:59.4611303Z dist-pages/assets/workout-review-FffrZHRw.js               5.52 kB │ gzip:   2.36 kB
2026-10-09T23:08:59.4612056Z dist-pages/assets/transfer-dialog-Bp-xjYnY.js              6.49 kB │ gzip:   2.36 kB
2026-10-09T23:08:59.4613050Z dist-pages/assets/plan-customizer-BiKgyGE1.js              8.93 kB │ gzip:   3.39 kB
2026-10-09T23:08:59.4613785Z dist-pages/assets/tracking-editor-DBo3vjNH.js              9.35 kB │ gzip:   3.51 kB
2026-10-09T23:08:59.4614505Z dist-pages/assets/transfer-bundle-yk--Q7cp.js             23.01 kB │ gzip:   9.58 kB
2026-10-09T23:08:59.4615208Z dist-pages/assets/workout-coaching-CNi2ZBAe.js            23.98 kB │ gzip:   8.67 kB
2026-10-09T23:08:59.4615905Z dist-pages/assets/workout-coach-Cs9ADjQI.js               27.72 kB │ gzip:   9.73 kB
2026-10-09T23:08:59.4616571Z dist-pages/assets/x-CEXRaG68.js                           36.47 kB │ gzip:  12.65 kB
2026-10-09T23:08:59.4617379Z dist-pages/assets/button-BZyDGPNM.js                      39.97 kB │ gzip:  13.33 kB
2026-10-09T23:08:59.4618083Z dist-pages/assets/training-onboarding-DME_WJCO.js         43.23 kB │ gzip:  13.41 kB
2026-10-09T23:08:59.4618794Z dist-pages/assets/qwen-model-files-DhOkYO_T.js           193.12 kB │ gzip:  38.75 kB
2026-10-09T23:08:59.4619866Z dist-pages/assets/progress-dashboard-PXcHSRtU.js         368.54 kB │ gzip: 108.48 kB
2026-10-09T23:08:59.4620855Z dist-pages/assets/index-CgajflZF.js                      646.69 kB │ gzip: 195.84 kB
2026-10-09T23:08:59.4621549Z dist-pages/assets/training-jn8H07LS.js                   794.96 kB │ gzip: 116.05 kB
2026-10-09T23:08:59.4621871Z 
2026-10-09T23:08:59.4622034Z [32m✓ built in 1.42s[39m
2026-10-09T23:08:59.5207958Z Pages output: 61 allowlisted files; version 583ffe718a6b7e1d6fb11ea785ecc66440fe8fa1acc0428d93e34f0f942913af
2026-10-09T23:08:59.6680340Z 
2026-10-09T23:08:59.6680893Z > site-creator-vinext-starter@0.1.0 check:pages
2026-10-09T23:08:59.6681375Z > node scripts/check-pages.mjs
2026-10-09T23:08:59.6681563Z 
2026-10-09T23:09:00.1380587Z {
2026-10-09T23:09:00.1381136Z   "passed": true,
2026-10-09T23:09:00.1381616Z   "assertions": 632,
2026-10-09T23:09:00.1382013Z   "assets": 61,
2026-10-09T23:09:00.1382554Z   "version": "583ffe718a6b7e1d6fb11ea785ecc66440fe8fa1acc0428d93e34f0f942913af",
2026-10-09T23:09:00.1383116Z   "limits": [
2026-10-09T23:09:00.1383548Z     "VM worker verification; no real browser/OS offline acceptance"
2026-10-09T23:09:00.1383967Z   ]
2026-10-09T23:09:00.1384153Z }
2026-10-09T23:09:00.1743376Z ##[group]Run npm run export:mobile
2026-10-09T23:09:00.1743710Z [36;1mnpm run export:mobile[0m
2026-10-09T23:09:00.1806863Z shell: /usr/bin/bash -e {0}
2026-10-09T23:09:00.1807118Z env:
2026-10-09T23:09:00.1807312Z   WRANGLER_SEND_METRICS: false
2026-10-09T23:09:00.1807546Z   CI: true
2026-10-09T23:09:00.1807724Z ##[endgroup]
2026-10-09T23:09:00.2888978Z 
2026-10-09T23:09:00.2889701Z > training-studio-mobile@0.1.0 export:mobile
2026-10-09T23:09:00.2890956Z > expo export --platform ios --platform android --output-dir dist-mobile
2026-10-09T23:09:00.2891537Z 
2026-10-09T23:09:00.9589749Z Starting Metro Bundler
2026-10-09T23:09:00.9590298Z 
2026-10-09T23:09:22.8357696Z iOS Bundled 21677ms index.ts (816 modules)
2026-10-09T23:09:29.2776425Z Android Bundled 28118ms index.ts (832 modules)
2026-10-09T23:09:29.2958715Z 
2026-10-09T23:09:29.2971408Z › Assets (12):
2026-10-09T23:09:29.3045903Z assets/fonts/AtkinsonHyperlegible_400Regular.ttf (54KB)
2026-10-09T23:09:29.3047045Z assets/fonts/AtkinsonHyperlegible_700Bold.ttf (54KB)
2026-10-09T23:09:29.3048161Z assets/fonts/barlow-condensed-semibold.ttf (109KB)
2026-10-09T23:09:29.3048914Z assets/fonts/inter-variable.ttf (877KB)
2026-10-09T23:09:29.3049743Z assets/fonts/Lexend_400Regular.ttf (78KB)
2026-10-09T23:09:29.3050679Z assets/fonts/Lexend_700Bold.ttf (79KB)
2026-10-09T23:09:29.3051358Z assets/fonts/Nunito_400Regular.ttf (132KB)
2026-10-09T23:09:29.3052012Z assets/fonts/Nunito_700Bold.ttf (132KB)
2026-10-09T23:09:29.3052637Z assets/fonts/Oswald_600SemiBold.ttf (88KB)
2026-10-09T23:09:29.3053310Z assets/fonts/Oswald_700Bold.ttf (88KB)
2026-10-09T23:09:29.3053928Z assets/fonts/Saira_400Regular.ttf (84KB)
2026-10-09T23:09:29.3054555Z assets/fonts/Saira_700Bold.ttf (83KB)
2026-10-09T23:09:29.3056002Z 
2026-10-09T23:09:29.3057092Z › ios bundles (1):
2026-10-09T23:09:29.3058915Z _expo/static/js/ios/index-55f040f5e4b1c88880a5ac8e4c9fa7e5.hbc (4.7MB)
2026-10-09T23:09:29.3059405Z 
2026-10-09T23:09:29.3060009Z › android bundles (1):
2026-10-09T23:09:29.3061154Z _expo/static/js/android/index-997b9877572ba0fdeed59b9778a2a6cd.hbc (4.7MB)
2026-10-09T23:09:29.3061716Z 
2026-10-09T23:09:29.3065147Z › Files (1):
2026-10-09T23:09:29.3065608Z metadata.json (1.8KB)
2026-10-09T23:09:29.3116225Z 
2026-10-09T23:09:29.3119578Z Exported: dist-mobile
2026-10-09T23:09:29.4482616Z ##[group]Run node scripts/check-dependencies.mjs
2026-10-09T23:09:29.4483025Z [36;1mnode scripts/check-dependencies.mjs[0m
2026-10-09T23:09:29.4545795Z shell: /usr/bin/bash -e {0}
2026-10-09T23:09:29.4546047Z env:
2026-10-09T23:09:29.4546245Z   WRANGLER_SEND_METRICS: false
2026-10-09T23:09:29.4546483Z   CI: true
2026-10-09T23:09:29.4546663Z ##[endgroup]
2026-10-09T23:09:30.3105581Z KNOWN CI EXCEPTION / RELEASE BLOCKED web: braces https://github.com/advisories/GHSA-vfj7-8cjw-p6xm (temporary-ci-exception)
2026-10-09T23:09:34.4782404Z KNOWN CI EXCEPTION / RELEASE BLOCKED mobile: braces https://github.com/advisories/GHSA-vfj7-8cjw-p6xm (temporary-ci-exception)
2026-10-09T23:09:34.4784316Z KNOWN CI EXCEPTION / RELEASE BLOCKED mobile: node-forge https://github.com/advisories/GHSA-86w9-cpqp-85rv (temporary-ci-exception)
2026-10-09T23:09:34.4916718Z ##[group]Run actions/upload-artifact@ea165f8d65b6e75b540449e92b4886f43607fa02
2026-10-09T23:09:34.4917150Z with:
2026-10-09T23:09:34.4917347Z   name: quality-results
2026-10-09T23:09:34.4917694Z   path: .sites-runtime/*check*.json
.sites-runtime-quality-source.txt

2026-10-09T23:09:34.4918087Z   include-hidden-files: true
2026-10-09T23:09:34.4918328Z   if-no-files-found: ignore
2026-10-09T23:09:34.4918563Z   compression-level: 6
2026-10-09T23:09:34.4918772Z   overwrite: false
2026-10-09T23:09:34.4918967Z env:
2026-10-09T23:09:34.4919149Z   WRANGLER_SEND_METRICS: false
2026-10-09T23:09:34.4919372Z   CI: true
2026-10-09T23:09:34.4919560Z ##[endgroup]
2026-10-09T23:09:34.6597929Z (node:4872) [DEP0040] DeprecationWarning: The `punycode` module is deprecated. Please use a userland alternative instead.
2026-10-09T23:09:34.6598745Z (Use `node --trace-deprecation ...` to show where the warning was created)
2026-10-09T23:09:34.6713960Z Multiple search paths detected. Calculating the least common ancestor of all paths
2026-10-09T23:09:34.6716725Z The least common ancestor is /home/runner/work/movefield/movefield. This will be the root directory of the artifact
2026-10-09T23:09:34.6718063Z With the provided path, there will be 17 files uploaded
2026-10-09T23:09:34.6722915Z Artifact name is valid!
2026-10-09T23:09:34.6723691Z Root directory input is valid!
2026-10-09T23:09:34.9387985Z Beginning upload of artifact content to blob storage
2026-10-09T23:09:34.9794524Z (node:4872) [DEP0169] DeprecationWarning: `url.parse()` behavior is not standardized and prone to errors that have security implications. Use the WHATWG URL API instead. CVEs are not issued for `url.parse()` vulnerabilities.
2026-10-09T23:09:35.1298460Z Uploaded bytes 11451
2026-10-09T23:09:35.1751408Z Finished uploading artifact content to blob storage!
2026-10-09T23:09:35.1752598Z SHA256 digest of uploaded artifact zip is 585f6077b04acf31294ad8ab08d489a7cc7cba6a07934bb9b352342f3a694d72
2026-10-09T23:09:35.1754054Z Finalizing artifact upload
2026-10-09T23:09:35.4283641Z Artifact quality-results.zip successfully finalized. Artifact ID 11649203787
2026-10-09T23:09:35.4284811Z Artifact quality-results has been successfully uploaded! Final size is 11451 bytes. Artifact ID is 11649203787
2026-10-09T23:09:35.4291371Z Artifact download URL: https://github.com/ghinz32-cloud/movefield/actions/runs/38002481257/artifacts/11649203787
2026-10-09T23:09:35.4461660Z Post job cleanup.
2026-10-09T23:09:35.5692278Z (node:4884) [DEP0040] DeprecationWarning: The `punycode` module is deprecated. Please use a userland alternative instead.
2026-10-09T23:09:35.5693180Z (Use `node --trace-deprecation ...` to show where the warning was created)
2026-10-09T23:09:35.5882401Z Post job cleanup.
2026-10-09T23:09:35.6818131Z [command]/usr/bin/git version
2026-10-09T23:09:35.6865131Z git version 2.55.0
2026-10-09T23:09:35.6912503Z Temporarily overriding HOME='/home/runner/work/_temp/a51abb79-225c-40f3-9263-4424d12e9d70' before making global git config changes
2026-10-09T23:09:35.6914261Z Adding repository directory to the temporary git global config as a safe directory
2026-10-09T23:09:35.6919441Z [command]/usr/bin/git config --global --add safe.directory /home/runner/work/movefield/movefield
2026-10-09T23:09:35.6970364Z [command]/usr/bin/git config --local --name-only --get-regexp core\.sshCommand
2026-10-09T23:09:35.7015497Z [command]/usr/bin/git submodule foreach --recursive sh -c "git config --local --name-only --get-regexp 'core\.sshCommand' && git config --local --unset-all 'core.sshCommand' || :"
2026-10-09T23:09:35.7310033Z [command]/usr/bin/git config --local --name-only --get-regexp http\.https\:\/\/github\.com\/\.extraheader
2026-10-09T23:09:35.7355297Z [command]/usr/bin/git submodule foreach --recursive sh -c "git config --local --name-only --get-regexp 'http\.https\:\/\/github\.com\/\.extraheader' && git config --local --unset-all 'http.https://github.com/.extraheader' || :"
2026-10-09T23:09:35.7617503Z [command]/usr/bin/git config --local --name-only --get-regexp ^includeIf\.gitdir:
2026-10-09T23:09:35.7656136Z [command]/usr/bin/git submodule foreach --recursive git config --local --show-origin --name-only --get-regexp remote.origin.url
2026-10-09T23:09:35.8105130Z Cleaning up orphan processes
2026-10-09T23:09:35.8446357Z ##[warning]Node.js 20 is deprecated. The following actions target Node.js 20 but are being forced to run on Node.js 24: actions/upload-artifact@ea165f8d65b6e75b540449e92b4886f43607fa02. For more information see: https://github.blog/changelog/2025-09-19-deprecation-of-node-20-on-github-actions-runners/
