2026-10-09T22:27:34.6483678Z Current runner version: '2.337.0'
2026-10-09T22:27:34.6496934Z ##[group]Runner Image Provisioner
2026-10-09T22:27:34.6497529Z Hosted Compute Agent
2026-10-09T22:27:34.6497881Z Version: 20261002.596
2026-10-09T22:27:34.6498247Z Commit: c3d12f3313a95f25162a1503be624f3b0617f8c0
2026-10-09T22:27:34.6498992Z Build Date: 2026-10-02T22:28:27Z
2026-10-09T22:27:34.6499423Z Worker ID: {a33cc9ad-dc92-4e5a-9514-1ce98bf2223d}
2026-10-09T22:27:34.6499888Z Region: centralus
2026-10-09T22:27:34.6500223Z Cloud: Azure
2026-10-09T22:27:34.6500538Z ##[endgroup]
2026-10-09T22:27:34.6501330Z ##[group]Operating System
2026-10-09T22:27:34.6501678Z Ubuntu
2026-10-09T22:27:34.6502000Z 24.04.5
2026-10-09T22:27:34.6502353Z LTS
2026-10-09T22:27:34.6502652Z ##[endgroup]
2026-10-09T22:27:34.6503003Z ##[group]Runner Image
2026-10-09T22:27:34.6503392Z Image: ubuntu-24.04
2026-10-09T22:27:34.6503741Z Version: 20261004.327.1
2026-10-09T22:27:34.6504497Z Included Software: https://github.com/actions/runner-images/blob/ubuntu24/20261004.327/images/ubuntu/Ubuntu2404-Readme.md
2026-10-09T22:27:34.6505358Z Image Release: https://github.com/actions/runner-images/releases/tag/ubuntu24%2F20261004.327
2026-10-09T22:27:34.6505944Z ##[endgroup]
2026-10-09T22:27:34.6506603Z ##[group]GITHUB_TOKEN Permissions
2026-10-09T22:27:34.6507711Z Contents: read
2026-10-09T22:27:34.6508029Z Metadata: read
2026-10-09T22:27:34.6508411Z ##[endgroup]
2026-10-09T22:27:34.6509698Z Secret source: Actions
2026-10-09T22:27:34.6510283Z Cache mode: write
2026-10-09T22:27:34.6510669Z Prepare workflow directory
2026-10-09T22:27:34.6738169Z Prepare all required actions
2026-10-09T22:27:34.6768755Z Getting action download info
2026-10-09T22:27:34.9162857Z Download action repository 'actions/checkout@fbc6f3992d24b796d5a048ff273f7fcc4a7b6c09' (SHA:fbc6f3992d24b796d5a048ff273f7fcc4a7b6c09)
2026-10-09T22:27:34.9842218Z Download action repository 'actions/setup-node@a0853c24544627f65ddf259abe73b1d18a591444' (SHA:a0853c24544627f65ddf259abe73b1d18a591444)
2026-10-09T22:27:35.1265236Z Download action repository 'actions/setup-java@b6effb05e454b25005698d916606bdc6ffcbf961' (SHA:b6effb05e454b25005698d916606bdc6ffcbf961)
2026-10-09T22:27:35.6478981Z Download action repository 'actions/upload-artifact@ea165f8d65b6e75b540449e92b4886f43607fa02' (SHA:ea165f8d65b6e75b540449e92b4886f43607fa02)
2026-10-09T22:27:35.8363186Z Complete job name: android
2026-10-09T22:27:35.8882287Z ##[group]Run actions/checkout@fbc6f3992d24b796d5a048ff273f7fcc4a7b6c09
2026-10-09T22:27:35.8882832Z with:
2026-10-09T22:27:35.8883090Z   persist-credentials: false
2026-10-09T22:27:35.8883400Z   ref: c0aab491084f2b1a7d2829925e4bba434d6d6148
2026-10-09T22:27:35.8883738Z   repository: ghinz32-cloud/movefield
2026-10-09T22:27:35.8885990Z   token: ***
2026-10-09T22:27:35.8886227Z   ssh-strict: true
2026-10-09T22:27:35.8886469Z   ssh-user: git
2026-10-09T22:27:35.8886705Z   clean: true
2026-10-09T22:27:35.8886953Z   sparse-checkout-cone-mode: true
2026-10-09T22:27:35.8887252Z   fetch-depth: 1
2026-10-09T22:27:35.8887491Z   fetch-tags: false
2026-10-09T22:27:35.8887757Z   show-progress: true
2026-10-09T22:27:35.8888020Z   lfs: false
2026-10-09T22:27:35.8888248Z   submodules: false
2026-10-09T22:27:35.8888499Z   set-safe-directory: true
2026-10-09T22:27:35.8888973Z   allow-unsafe-pr-checkout: false
2026-10-09T22:27:35.8889345Z env:
2026-10-09T22:27:35.8889561Z   CI: 1
2026-10-09T22:27:35.8889808Z   EXPO_NO_TELEMETRY: 1
2026-10-09T22:27:35.8890060Z ##[endgroup]
2026-10-09T22:27:35.9546623Z Syncing repository: ghinz32-cloud/movefield
2026-10-09T22:27:35.9547704Z ##[group]Getting Git version info
2026-10-09T22:27:35.9548281Z Working directory is '/home/runner/work/movefield/movefield'
2026-10-09T22:27:35.9549101Z [command]/usr/bin/git version
2026-10-09T22:27:35.9609996Z git version 2.55.0
2026-10-09T22:27:35.9624167Z ##[endgroup]
2026-10-09T22:27:35.9638334Z Temporarily overriding HOME='/home/runner/work/_temp/51c5ab2a-60fe-4e0f-b542-1bb2d15fda35' before making global git config changes
2026-10-09T22:27:35.9644913Z Adding repository directory to the temporary git global config as a safe directory
2026-10-09T22:27:35.9646812Z [command]/usr/bin/git config --global --add safe.directory /home/runner/work/movefield/movefield
2026-10-09T22:27:35.9680765Z Deleting the contents of '/home/runner/work/movefield/movefield'
2026-10-09T22:27:35.9684289Z ##[group]Initializing the repository
2026-10-09T22:27:35.9687189Z [command]/usr/bin/git init /home/runner/work/movefield/movefield
2026-10-09T22:27:35.9781815Z hint: Using 'master' as the name for the initial branch. This default branch name
2026-10-09T22:27:35.9782376Z hint: will change to "main" in Git 3.0. To configure the initial branch name
2026-10-09T22:27:35.9783057Z hint: to use in all of your new repositories, which will suppress this warning,
2026-10-09T22:27:35.9783725Z hint: call:
2026-10-09T22:27:35.9784084Z hint:
2026-10-09T22:27:35.9784567Z hint: 	git config --global init.defaultBranch <name>
2026-10-09T22:27:35.9785105Z hint:
2026-10-09T22:27:35.9785614Z hint: Names commonly chosen instead of 'master' are 'main', 'trunk' and
2026-10-09T22:27:35.9786509Z hint: 'development'. The just-created branch can be renamed via this command:
2026-10-09T22:27:35.9787122Z hint:
2026-10-09T22:27:35.9787379Z hint: 	git branch -m <name>
2026-10-09T22:27:35.9787828Z hint:
2026-10-09T22:27:35.9788335Z hint: Disable this message with "git config set advice.defaultBranchName false"
2026-10-09T22:27:35.9789393Z Initialized empty Git repository in /home/runner/work/movefield/movefield/.git/
2026-10-09T22:27:35.9802261Z [command]/usr/bin/git remote add origin https://github.com/ghinz32-cloud/movefield
2026-10-09T22:27:35.9837716Z ##[endgroup]
2026-10-09T22:27:35.9838429Z ##[group]Disabling automatic garbage collection
2026-10-09T22:27:35.9840980Z [command]/usr/bin/git config --local gc.auto 0
2026-10-09T22:27:35.9869082Z ##[endgroup]
2026-10-09T22:27:35.9869514Z ##[group]Setting up auth
2026-10-09T22:27:35.9878086Z [command]/usr/bin/git config --local --name-only --get-regexp core\.sshCommand
2026-10-09T22:27:35.9907752Z [command]/usr/bin/git submodule foreach --recursive sh -c "git config --local --name-only --get-regexp 'core\.sshCommand' && git config --local --unset-all 'core.sshCommand' || :"
2026-10-09T22:27:36.0194034Z [command]/usr/bin/git config --local --name-only --get-regexp http\.https\:\/\/github\.com\/\.extraheader
2026-10-09T22:27:36.0222163Z [command]/usr/bin/git submodule foreach --recursive sh -c "git config --local --name-only --get-regexp 'http\.https\:\/\/github\.com\/\.extraheader' && git config --local --unset-all 'http.https://github.com/.extraheader' || :"
2026-10-09T22:27:36.0384821Z [command]/usr/bin/git config --local --name-only --get-regexp ^includeIf\.gitdir:
2026-10-09T22:27:36.0411176Z [command]/usr/bin/git submodule foreach --recursive git config --local --show-origin --name-only --get-regexp remote.origin.url
2026-10-09T22:27:36.0572993Z [command]/usr/bin/git config --local http.https://github.com/.extraheader AUTHORIZATION: basic ***
2026-10-09T22:27:36.0604205Z ##[endgroup]
2026-10-09T22:27:36.0604932Z ##[group]Fetching the repository
2026-10-09T22:27:36.0610861Z [command]/usr/bin/git -c protocol.version=2 fetch --no-tags --prune --no-recurse-submodules --depth=1 origin c0aab491084f2b1a7d2829925e4bba434d6d6148
2026-10-09T22:27:37.1374001Z From https://github.com/ghinz32-cloud/movefield
2026-10-09T22:27:37.1375149Z  * branch            c0aab491084f2b1a7d2829925e4bba434d6d6148 -> FETCH_HEAD
2026-10-09T22:27:37.1378677Z ##[endgroup]
2026-10-09T22:27:37.1379684Z ##[group]Determining the checkout info
2026-10-09T22:27:37.1380912Z ##[endgroup]
2026-10-09T22:27:37.1391459Z [command]/usr/bin/git sparse-checkout disable
2026-10-09T22:27:37.1432640Z [command]/usr/bin/git config --local --unset-all extensions.worktreeConfig
2026-10-09T22:27:37.1456675Z ##[group]Checking out the ref
2026-10-09T22:27:37.1458475Z [command]/usr/bin/git checkout --progress --force c0aab491084f2b1a7d2829925e4bba434d6d6148
2026-10-09T22:27:37.2434467Z Note: switching to 'c0aab491084f2b1a7d2829925e4bba434d6d6148'.
2026-10-09T22:27:37.2435475Z 
2026-10-09T22:27:37.2435962Z You are in 'detached HEAD' state. You can look around, make experimental
2026-10-09T22:27:37.2437432Z changes and commit them, and you can discard any commits you make in this
2026-10-09T22:27:37.2439014Z state without impacting any branches by switching back to a branch.
2026-10-09T22:27:37.2439856Z 
2026-10-09T22:27:37.2440592Z If you want to create a new branch to retain commits you create, you may
2026-10-09T22:27:37.2441977Z do so (now or later) by using -c with the switch command. Example:
2026-10-09T22:27:37.2442735Z 
2026-10-09T22:27:37.2443145Z   git switch -c <new-branch-name>
2026-10-09T22:27:37.2443854Z 
2026-10-09T22:27:37.2444276Z Or undo this operation with:
2026-10-09T22:27:37.2444926Z 
2026-10-09T22:27:37.2445317Z   git switch -
2026-10-09T22:27:37.2445842Z 
2026-10-09T22:27:37.2446656Z Turn off this advice by setting config variable advice.detachedHead to false
2026-10-09T22:27:37.2447799Z 
2026-10-09T22:27:37.2448950Z HEAD is now at c0aab49 Add saved-context AI coaching, pinned Qwen3.5 and calendar history fixes
2026-10-09T22:27:37.2452969Z ##[endgroup]
2026-10-09T22:27:37.2486597Z [command]/usr/bin/git log -1 --format=%H
2026-10-09T22:27:37.2507179Z c0aab491084f2b1a7d2829925e4bba434d6d6148
2026-10-09T22:27:37.2514692Z ##[group]Removing auth
2026-10-09T22:27:37.2516886Z [command]/usr/bin/git config --local --name-only --get-regexp core\.sshCommand
2026-10-09T22:27:37.2543225Z [command]/usr/bin/git submodule foreach --recursive sh -c "git config --local --name-only --get-regexp 'core\.sshCommand' && git config --local --unset-all 'core.sshCommand' || :"
2026-10-09T22:27:37.2706973Z [command]/usr/bin/git config --local --name-only --get-regexp http\.https\:\/\/github\.com\/\.extraheader
2026-10-09T22:27:37.2728288Z http.https://github.com/.extraheader
2026-10-09T22:27:37.2733585Z [command]/usr/bin/git config --local --unset-all http.https://github.com/.extraheader
2026-10-09T22:27:37.2762119Z [command]/usr/bin/git submodule foreach --recursive sh -c "git config --local --name-only --get-regexp 'http\.https\:\/\/github\.com\/\.extraheader' && git config --local --unset-all 'http.https://github.com/.extraheader' || :"
2026-10-09T22:27:37.2924618Z [command]/usr/bin/git config --local --name-only --get-regexp ^includeIf\.gitdir:
2026-10-09T22:27:37.2951422Z [command]/usr/bin/git submodule foreach --recursive git config --local --show-origin --name-only --get-regexp remote.origin.url
2026-10-09T22:27:37.3111443Z ##[endgroup]
2026-10-09T22:27:37.3290651Z ##[group]Run mkdir -p native-evidence/android
2026-10-09T22:27:37.3291538Z [36;1mmkdir -p native-evidence/android[0m
2026-10-09T22:27:37.3292578Z [36;1mgit rev-parse HEAD HEAD^{tree} > native-evidence/android/source.txt[0m
2026-10-09T22:27:37.3503523Z shell: /usr/bin/bash -e {0}
2026-10-09T22:27:37.3504152Z env:
2026-10-09T22:27:37.3504637Z   CI: 1
2026-10-09T22:27:37.3505130Z   EXPO_NO_TELEMETRY: 1
2026-10-09T22:27:37.3505698Z ##[endgroup]
2026-10-09T22:27:37.3732387Z ##[group]Run actions/setup-node@a0853c24544627f65ddf259abe73b1d18a591444
2026-10-09T22:27:37.3733269Z with:
2026-10-09T22:27:37.3733740Z   node-version: 24.19.0
2026-10-09T22:27:37.3734313Z   package-manager-cache: false
2026-10-09T22:27:37.3734921Z   always-auth: false
2026-10-09T22:27:37.3735448Z   check-latest: false
2026-10-09T22:27:37.3741087Z   token: ***
2026-10-09T22:27:37.3741562Z env:
2026-10-09T22:27:37.3742003Z   CI: 1
2026-10-09T22:27:37.3742464Z   EXPO_NO_TELEMETRY: 1
2026-10-09T22:27:37.3742999Z ##[endgroup]
2026-10-09T22:27:37.4612134Z Attempting to download 24.19.0...
2026-10-09T22:27:37.4675626Z (node:2177) [DEP0040] DeprecationWarning: The `punycode` module is deprecated. Please use a userland alternative instead.
2026-10-09T22:27:37.4677353Z (Use `node --trace-deprecation ...` to show where the warning was created)
2026-10-09T22:27:38.1977566Z Acquiring 24.19.0 - x64 from https://github.com/actions/node-versions/releases/download/24.19.0-30872449280/node-24.19.0-linux-x64.tar.gz
2026-10-09T22:27:38.7301643Z Extracting ...
2026-10-09T22:27:38.7393320Z [command]/usr/bin/tar xz --strip 1 --warning=no-unknown-keyword --overwrite -C /home/runner/work/_temp/05609961-c5d6-4108-86a6-ad78cd1cb4b0 -f /home/runner/work/_temp/76299c36-7a9e-418e-be2d-5a80384f9bde
2026-10-09T22:27:39.6062721Z Adding to the cache ...
2026-10-09T22:27:41.1729030Z ##[group]Environment details
2026-10-09T22:27:41.3187566Z node: v24.19.0
2026-10-09T22:27:41.3187783Z npm: 11.17.0
2026-10-09T22:27:41.3187897Z yarn: 1.22.22
2026-10-09T22:27:41.3188276Z ##[endgroup]
2026-10-09T22:27:41.3354870Z ##[group]Run actions/setup-java@b6effb05e454b25005698d916606bdc6ffcbf961
2026-10-09T22:27:41.3355081Z with:
2026-10-09T22:27:41.3355201Z   distribution: temurin
2026-10-09T22:27:41.3355329Z   java-version: 17
2026-10-09T22:27:41.3355442Z   java-package: jdk
2026-10-09T22:27:41.3355562Z   check-latest: false
2026-10-09T22:27:41.3355689Z   set-default: true
2026-10-09T22:27:41.3355804Z   verify-signature: false
2026-10-09T22:27:41.3355927Z   server-id: github
2026-10-09T22:27:41.3356057Z   server-username: GITHUB_ACTOR
2026-10-09T22:27:41.3356197Z   server-password: GITHUB_TOKEN
2026-10-09T22:27:41.3356332Z   overwrite-settings: true
2026-10-09T22:27:41.3356456Z   job-status: success
2026-10-09T22:27:41.3357782Z   token: ***
2026-10-09T22:27:41.3357897Z   show-download-progress: false
2026-10-09T22:27:41.3358024Z env:
2026-10-09T22:27:41.3358132Z   CI: 1
2026-10-09T22:27:41.3358237Z   EXPO_NO_TELEMETRY: 1
2026-10-09T22:27:41.3358354Z ##[endgroup]
2026-10-09T22:27:41.4313319Z ##[group]Installed distributions
2026-10-09T22:27:41.4361591Z Resolved Java 17.0.20+1 from tool-cache
2026-10-09T22:27:41.4361888Z Setting Java 17.0.20+1 as the default
2026-10-09T22:27:41.4362105Z Creating toolchains.xml for JDK version 17 from temurin
2026-10-09T22:27:41.4399172Z Writing to /home/runner/.m2/toolchains.xml
2026-10-09T22:27:41.4399545Z 
2026-10-09T22:27:41.4399658Z Java configuration:
2026-10-09T22:27:41.4399864Z   Distribution: temurin
2026-10-09T22:27:41.4400093Z   Version: 17.0.20+1
2026-10-09T22:27:41.4400435Z   Path: /opt/hostedtoolcache/Java_Temurin-Hotspot_jdk/17.0.20-1/x64
2026-10-09T22:27:41.4400698Z 
2026-10-09T22:27:41.4400930Z ##[endgroup]
2026-10-09T22:27:41.4404973Z Creating settings.xml with server-id: github
2026-10-09T22:27:41.4411306Z Writing to /home/runner/.m2/settings.xml
2026-10-09T22:27:41.4413043Z Configured MAVEN_ARGS to include -ntp to suppress Maven transfer progress logs. Set 'show-download-progress: true' to keep the download progress output.
2026-10-09T22:27:41.4514406Z ##[group]Run npm ci --ignore-scripts --no-audit --no-fund
2026-10-09T22:27:41.4514641Z [36;1mnpm ci --ignore-scripts --no-audit --no-fund[0m
2026-10-09T22:27:41.4575456Z shell: /usr/bin/bash -e {0}
2026-10-09T22:27:41.4575927Z env:
2026-10-09T22:27:41.4576174Z   CI: 1
2026-10-09T22:27:41.4576391Z   EXPO_NO_TELEMETRY: 1
2026-10-09T22:27:41.4576729Z   JAVA_HOME: /opt/hostedtoolcache/Java_Temurin-Hotspot_jdk/17.0.20-1/x64
2026-10-09T22:27:41.4577127Z   JAVA_HOME_17_X64: /opt/hostedtoolcache/Java_Temurin-Hotspot_jdk/17.0.20-1/x64
2026-10-09T22:27:41.4577468Z   MAVEN_ARGS: -ntp
2026-10-09T22:27:41.4577590Z ##[endgroup]
2026-10-09T22:27:47.1753349Z 
2026-10-09T22:27:47.1754398Z added 514 packages in 6s
2026-10-09T22:27:47.2353710Z ##[group]Run npx --no-install expo prebuild --platform android --no-install
2026-10-09T22:27:47.2354001Z [36;1mnpx --no-install expo prebuild --platform android --no-install[0m
2026-10-09T22:27:47.2410341Z shell: /usr/bin/bash -e {0}
2026-10-09T22:27:47.2410475Z env:
2026-10-09T22:27:47.2410576Z   CI: 1
2026-10-09T22:27:47.2410677Z   EXPO_NO_TELEMETRY: 1
2026-10-09T22:27:47.2410858Z   JAVA_HOME: /opt/hostedtoolcache/Java_Temurin-Hotspot_jdk/17.0.20-1/x64
2026-10-09T22:27:47.2411109Z   JAVA_HOME_17_X64: /opt/hostedtoolcache/Java_Temurin-Hotspot_jdk/17.0.20-1/x64
2026-10-09T22:27:47.2411306Z   MAVEN_ARGS: -ntp
2026-10-09T22:27:47.2411465Z ##[endgroup]
2026-10-09T22:27:47.5464138Z - Creating native directory (./android)
2026-10-09T22:27:47.7115198Z ✔ Created native directory
2026-10-09T22:27:47.7116764Z - Updating package.json
2026-10-09T22:27:47.7148753Z ✔ Updated package.json
2026-10-09T22:27:47.7149524Z - Running prebuild
2026-10-09T22:27:48.6740875Z » android: userInterfaceStyle: Install expo-system-ui in your project to enable this feature.
2026-10-09T22:27:48.6741481Z - Running prebuild
2026-10-09T22:27:48.6774304Z ✔ Finished prebuild
2026-10-09T22:27:48.7019871Z ##[group]Run "$ANDROID_HOME/cmdline-tools/latest/bin/sdkmanager" "platforms;android-36" "build-tools;36.0.0" "ndk;27.1.12297006" "cmake;3.30.5" "cmake;3.31.5"
2026-10-09T22:27:48.7020839Z [36;1m"$ANDROID_HOME/cmdline-tools/latest/bin/sdkmanager" "platforms;android-36" "build-tools;36.0.0" "ndk;27.1.12297006" "cmake;3.30.5" "cmake;3.31.5"[0m
2026-10-09T22:27:48.7084197Z shell: /usr/bin/bash -e {0}
2026-10-09T22:27:48.7084411Z env:
2026-10-09T22:27:48.7084568Z   CI: 1
2026-10-09T22:27:48.7084730Z   EXPO_NO_TELEMETRY: 1
2026-10-09T22:27:48.7085019Z   JAVA_HOME: /opt/hostedtoolcache/Java_Temurin-Hotspot_jdk/17.0.20-1/x64
2026-10-09T22:27:48.7085467Z   JAVA_HOME_17_X64: /opt/hostedtoolcache/Java_Temurin-Hotspot_jdk/17.0.20-1/x64
2026-10-09T22:27:48.7085799Z   MAVEN_ARGS: -ntp
2026-10-09T22:27:48.7085977Z ##[endgroup]
2026-10-09T22:27:50.6543094Z Loading package information...                                                  
2026-10-09T22:27:50.7130303Z Loading local repository...                                                     
2026-10-09T22:27:50.7165537Z [                                       ] 3% Loading local repository...        
2026-10-09T22:27:51.0367374Z [                                       ] 3% Fetch remote repository...         
2026-10-09T22:27:51.3307592Z [=                                      ] 3% Fetch remote repository...         
2026-10-09T22:27:51.3822629Z [=                                      ] 4% Fetch remote repository...         
2026-10-09T22:27:51.3989012Z [=                                      ] 5% Fetch remote repository...         
2026-10-09T22:27:51.4368816Z [==                                     ] 5% Fetch remote repository...         
2026-10-09T22:27:51.5059858Z [==                                     ] 6% Fetch remote repository...         
2026-10-09T22:27:51.5780286Z [==                                     ] 7% Fetch remote repository...         
2026-10-09T22:27:51.5799556Z [==                                     ] 7% Computing updates...               
2026-10-09T22:27:51.5855027Z [===                                    ] 8% Computing updates...               
2026-10-09T22:27:51.6099762Z [===                                    ] 10% Computing updates...              
2026-10-09T22:27:51.6573413Z [===                                    ] 10% Installing CMake 3.30.5           
2026-10-09T22:27:51.6842304Z [===                                    ] 10% Downloading cmake-3.30.5-linux.zip
2026-10-09T22:27:51.7437237Z [====                                   ] 10% Downloading cmake-3.30.5-linux.zip
2026-10-09T22:27:51.8024737Z [====                                   ] 11% Downloading cmake-3.30.5-linux.zip
2026-10-09T22:27:51.8305783Z [====                                   ] 12% Downloading cmake-3.30.5-linux.zip
2026-10-09T22:27:51.8526121Z [=====                                  ] 13% Downloading cmake-3.30.5-linux.zip
2026-10-09T22:27:51.8703820Z [=====                                  ] 14% Downloading cmake-3.30.5-linux.zip
2026-10-09T22:27:51.8751499Z [=====                                  ] 15% Downloading cmake-3.30.5-linux.zip
2026-10-09T22:27:51.8786661Z [======                                 ] 15% Downloading cmake-3.30.5-linux.zip
2026-10-09T22:27:51.8951725Z [======                                 ] 16% Downloading cmake-3.30.5-linux.zip
2026-10-09T22:27:51.9015647Z [======                                 ] 17% Downloading cmake-3.30.5-linux.zip
2026-10-09T22:27:51.9070290Z [=======                                ] 18% Downloading cmake-3.30.5-linux.zip
2026-10-09T22:27:51.9192865Z [=======                                ] 19% Downloading cmake-3.30.5-linux.zip
2026-10-09T22:27:51.9265760Z [=======                                ] 20% Downloading cmake-3.30.5-linux.zip
2026-10-09T22:27:51.9308682Z [========                               ] 20% Downloading cmake-3.30.5-linux.zip
2026-10-09T22:27:51.9396846Z [========                               ] 21% Downloading cmake-3.30.5-linux.zip
2026-10-09T22:27:52.0690390Z [========                               ] 21% Unzipping...                      
2026-10-09T22:27:52.0800628Z [========                               ] 21% Unzipping... bin/cpack            
2026-10-09T22:27:52.1116484Z [========                               ] 22% Unzipping... bin/cpack            
2026-10-09T22:27:52.1441449Z [=========                              ] 23% Unzipping... bin/cpack            
2026-10-09T22:27:52.2398031Z [=========                              ] 24% Unzipping... bin/cpack            
2026-10-09T22:27:52.2417272Z [=========                              ] 25% Unzipping... bin/cpack            
2026-10-09T22:27:52.2539887Z [=========                              ] 25% Unzipping... bin/ctest            
2026-10-09T22:27:52.2682980Z [==========                             ] 25% Unzipping... bin/ctest            
2026-10-09T22:27:52.2964664Z [==========                             ] 26% Unzipping... bin/ctest            
2026-10-09T22:27:52.3178511Z [==========                             ] 27% Unzipping... bin/ctest            
2026-10-09T22:27:52.3450776Z [===========                            ] 28% Unzipping... bin/ctest            
2026-10-09T22:27:52.3594140Z [===========                            ] 28% Unzipping... bin/cmake            
2026-10-09T22:27:52.3864948Z [===========                            ] 29% Unzipping... bin/cmake            
2026-10-09T22:27:52.3989668Z [===========                            ] 30% Unzipping... bin/cmake            
2026-10-09T22:27:52.4100790Z [============                           ] 30% Unzipping... bin/cmake            
2026-10-09T22:27:52.4497303Z [============                           ] 31% Unzipping... bin/cmake            
2026-10-09T22:27:52.4505338Z [============                           ] 31% Unzipping... share/vim/vimfiles/sy
2026-10-09T22:27:52.4509197Z [============                           ] 31% Unzipping... share/vim/vimfiles/in
2026-10-09T22:27:52.4509877Z [============                           ] 31% Unzipping... share/aclocal/cmake.m
2026-10-09T22:27:52.4513937Z [============                           ] 31% Unzipping... share/bash-completion
2026-10-09T22:27:52.5452014Z [============                           ] 31% Unzipping... share/cmake-3.30/Temp
2026-10-09T22:27:52.5454624Z [============                           ] 31% Unzipping... share/cmake-3.30/incl
2026-10-09T22:27:52.6085639Z [============                           ] 31% Unzipping... share/cmake-3.30/Modu
2026-10-09T22:27:52.6988143Z [============                           ] 32% Unzipping... share/cmake-3.30/Modu
2026-10-09T22:27:52.8794496Z [============                           ] 32% Unzipping... share/cmake-3.30/Help
2026-10-09T22:27:52.8795845Z [============                           ] 32% Unzipping... share/emacs/site-lisp
2026-10-09T22:27:52.8798165Z [============                           ] 32% Unzipping... doc/cmake-3.30/Copyri
2026-10-09T22:27:52.8799641Z [============                           ] 32% Unzipping... doc/cmake-3.30/cmzlib
2026-10-09T22:27:52.8800900Z [============                           ] 32% Unzipping... doc/cmake-3.30/cmcppd
2026-10-09T22:27:52.8802107Z [============                           ] 32% Unzipping... doc/cmake-3.30/cmlibr
2026-10-09T22:27:52.8803337Z [============                           ] 32% Unzipping... doc/cmake-3.30/cmcurl
2026-10-09T22:27:52.8804613Z [============                           ] 32% Unzipping... doc/cmake-3.30/cmlibu
2026-10-09T22:27:52.8805903Z [============                           ] 32% Unzipping... doc/cmake-3.30/cmsys/
2026-10-09T22:27:52.8807151Z [============                           ] 32% Unzipping... doc/cmake-3.30/cmzstd
2026-10-09T22:27:52.8808407Z [============                           ] 32% Unzipping... doc/cmake-3.30/cmliba
2026-10-09T22:27:52.8809754Z [============                           ] 32% Unzipping... doc/cmake-3.30/cmnght
2026-10-09T22:27:52.8811121Z [============                           ] 32% Unzipping... doc/cmake-3.30/cmlibl
2026-10-09T22:27:52.8813116Z [============                           ] 32% Unzipping... doc/openssl-openssl-3
2026-10-09T22:27:52.8813972Z [============                           ] 32% Unzipping... source.properties    
2026-10-09T22:27:52.8833969Z [============                           ] 32% Unzipping... bin/ninja            
2026-10-09T22:27:52.8836198Z [============                           ] 32% Unzipping... doc/ninja/LICENSE    
2026-10-09T22:27:52.8840045Z [============                           ] 32% Unzipping... share/cmake-3.30/Modu
2026-10-09T22:27:52.8908992Z [=============                          ] 33% Unzipping... share/cmake-3.30/Modu
2026-10-09T22:27:52.9920360Z [=====================                  ] 55% Unzipping... share/cmake-3.30/Modu
2026-10-09T22:27:53.0266013Z [=====================                  ] 55% Installing NDK (Side by side) 27.1
2026-10-09T22:27:53.0492296Z [=====================                  ] 55% Downloading android-ndk-r27b-linux
2026-10-09T22:27:53.1072133Z [======================                 ] 55% Downloading android-ndk-r27b-linux
2026-10-09T22:27:53.2179301Z [======================                 ] 56% Downloading android-ndk-r27b-linux
2026-10-09T22:27:53.3707809Z [======================                 ] 57% Downloading android-ndk-r27b-linux
2026-10-09T22:27:53.4836072Z [=======================                ] 58% Downloading android-ndk-r27b-linux
2026-10-09T22:27:53.5829723Z [=======================                ] 59% Downloading android-ndk-r27b-linux
2026-10-09T22:27:53.6449991Z [=======================                ] 60% Downloading android-ndk-r27b-linux
2026-10-09T22:27:53.6941876Z [========================               ] 60% Downloading android-ndk-r27b-linux
2026-10-09T22:27:53.8047358Z [========================               ] 61% Downloading android-ndk-r27b-linux
2026-10-09T22:27:53.9149903Z [========================               ] 62% Downloading android-ndk-r27b-linux
2026-10-09T22:27:54.0255500Z [=========================              ] 63% Downloading android-ndk-r27b-linux
2026-10-09T22:27:54.4492492Z [=========================              ] 64% Downloading android-ndk-r27b-linux
2026-10-09T22:27:54.4989916Z [=========================              ] 65% Downloading android-ndk-r27b-linux
2026-10-09T22:27:54.5607770Z [==========================             ] 65% Downloading android-ndk-r27b-linux
2026-10-09T22:27:54.6342374Z [==========================             ] 66% Downloading android-ndk-r27b-linux
2026-10-09T22:27:54.7643591Z [==========================             ] 66% Unzipping... share/cmake-3.30/Modu
2026-10-09T22:27:54.7644315Z [==========================             ] 66% Unzipping... android-ndk-r27b/    
2026-10-09T22:27:54.7878878Z [==========================             ] 66% Unzipping... android-ndk-r27b/READ
2026-10-09T22:27:54.7954353Z [==========================             ] 66% Unzipping... android-ndk-r27b/meta
2026-10-09T22:27:55.0086825Z [==========================             ] 66% Unzipping... android-ndk-r27b/shad
2026-10-09T22:27:55.0087627Z [==========================             ] 66% Unzipping... android-ndk-r27b/ndk-
2026-10-09T22:27:55.0286626Z [==========================             ] 66% Unzipping... android-ndk-r27b/wrap
2026-10-09T22:27:55.0287085Z [==========================             ] 66% Unzipping... android-ndk-r27b/ndk-
2026-10-09T22:27:55.1049328Z [==========================             ] 66% Unzipping... android-ndk-r27b/tool
2026-10-09T22:27:56.8420308Z [==========================             ] 67% Unzipping... android-ndk-r27b/tool
2026-10-09T22:27:58.7909253Z [===========================            ] 68% Unzipping... android-ndk-r27b/tool
2026-10-09T22:27:59.9327784Z [===========================            ] 69% Unzipping... android-ndk-r27b/tool
2026-10-09T22:28:00.4973352Z [===========================            ] 70% Unzipping... android-ndk-r27b/tool
2026-10-09T22:28:01.1804792Z [============================           ] 70% Unzipping... android-ndk-r27b/tool
2026-10-09T22:28:02.7215970Z [============================           ] 71% Unzipping... android-ndk-r27b/tool
2026-10-09T22:28:07.4689395Z [============================           ] 72% Unzipping... android-ndk-r27b/tool
2026-10-09T22:28:08.5113189Z [=============================          ] 73% Unzipping... android-ndk-r27b/tool
2026-10-09T22:28:09.7019610Z [=============================          ] 74% Unzipping... android-ndk-r27b/tool
2026-10-09T22:28:09.9860062Z [=============================          ] 75% Unzipping... android-ndk-r27b/tool
2026-10-09T22:28:10.8816938Z [==============================         ] 75% Unzipping... android-ndk-r27b/tool
2026-10-09T22:28:12.0319371Z [==============================         ] 76% Unzipping... android-ndk-r27b/tool
2026-10-09T22:28:12.5516633Z [==============================         ] 77% Unzipping... android-ndk-r27b/tool
2026-10-09T22:28:12.6258393Z [==============================         ] 77% Unzipping... android-ndk-r27b/buil
2026-10-09T22:28:12.9353004Z [==============================         ] 77% Unzipping... android-ndk-r27b/sour
2026-10-09T22:28:12.9367804Z [==============================         ] 77% Unzipping... android-ndk-r27b/NOTI
2026-10-09T22:28:12.9368520Z [==============================         ] 77% Unzipping... android-ndk-r27b/ndk-
2026-10-09T22:28:12.9377671Z [==============================         ] 77% Unzipping... android-ndk-r27b/NOTI
2026-10-09T22:28:12.9397190Z [==============================         ] 77% Unzipping... android-ndk-r27b/pyth
2026-10-09T22:28:12.9956288Z [==============================         ] 77% Unzipping... android-ndk-r27b/preb
2026-10-09T22:28:12.9957324Z [==============================         ] 77% Unzipping... android-ndk-r27b/ndk-
2026-10-09T22:28:12.9957961Z [==============================         ] 77% Unzipping... android-ndk-r27b/sour
2026-10-09T22:28:13.1686968Z [==============================         ] 77% Unzipping... android-ndk-r27b/simp
2026-10-09T22:28:13.1687740Z [==============================         ] 77% Unzipping... android-ndk-r27b/CHAN
2026-10-09T22:28:13.2733775Z [==============================         ] 78% Unzipping... android-ndk-r27b/CHAN
2026-10-09T22:28:13.2734385Z [=======================================] 100% Unzipping... android-ndk-r27b/CHA
2026-10-09T22:28:13.2762935Z 
2026-10-09T22:28:13.3006684Z ##[group]Run ./gradlew :app:assembleRelease :app:lintRelease :app:testReleaseUnitTest --no-daemon -PreactNativeArchitectures=arm64-v8a -Porg.gradle.jvmargs="-Xmx5g -XX:MaxMetaspaceSize=1g"
2026-10-09T22:28:13.3007368Z [36;1m./gradlew :app:assembleRelease :app:lintRelease :app:testReleaseUnitTest --no-daemon -PreactNativeArchitectures=arm64-v8a -Porg.gradle.jvmargs="-Xmx5g -XX:MaxMetaspaceSize=1g"[0m
2026-10-09T22:28:13.3057920Z shell: /usr/bin/bash -e {0}
2026-10-09T22:28:13.3058073Z env:
2026-10-09T22:28:13.3058178Z   CI: 1
2026-10-09T22:28:13.3058283Z   EXPO_NO_TELEMETRY: 1
2026-10-09T22:28:13.3058483Z   JAVA_HOME: /opt/hostedtoolcache/Java_Temurin-Hotspot_jdk/17.0.20-1/x64
2026-10-09T22:28:13.3058987Z   JAVA_HOME_17_X64: /opt/hostedtoolcache/Java_Temurin-Hotspot_jdk/17.0.20-1/x64
2026-10-09T22:28:13.3059185Z   MAVEN_ARGS: -ntp
2026-10-09T22:28:13.3059300Z ##[endgroup]
2026-10-09T22:28:13.3645564Z Downloading https://services.gradle.org/distributions/gradle-9.3.1-bin.zip
2026-10-09T22:28:14.4993474Z .............10%.............20%.............30%.............40%.............50%.............60%.............70%.............80%.............90%.............100%
2026-10-09T22:28:15.3257761Z 
2026-10-09T22:28:15.3260269Z Welcome to Gradle 9.3.1!
2026-10-09T22:28:15.3260481Z 
2026-10-09T22:28:15.3261043Z Here are the highlights of this release:
2026-10-09T22:28:15.3265842Z  - Test reporting improvements
2026-10-09T22:28:15.3266130Z  - Error and warning improvements
2026-10-09T22:28:15.3266709Z  - Build authoring improvements
2026-10-09T22:28:15.3266861Z 
2026-10-09T22:28:15.3277382Z For more details see https://docs.gradle.org/9.3.1/release-notes.html
2026-10-09T22:28:15.3277659Z 
2026-10-09T22:28:15.3290043Z To honour the JVM settings for this build a single-use Daemon process will be forked. For more on this, please refer to https://docs.gradle.org/9.3.1/userguide/gradle_daemon.html#sec:disabling_the_daemon in the Gradle documentation.
2026-10-09T22:28:16.2257588Z Daemon will be stopped at the end of the build 
2026-10-09T22:28:46.7300246Z > Task :expo-gradle-plugin:expo-autolinking-settings-plugin:checkKotlinGradlePluginConfigurationErrors SKIPPED
2026-10-09T22:28:46.7301121Z > Task :expo-gradle-plugin:expo-autolinking-plugin-shared:checkKotlinGradlePluginConfigurationErrors SKIPPED
2026-10-09T22:28:46.7301805Z > Task :gradle-plugin:shared:checkKotlinGradlePluginConfigurationErrors SKIPPED
2026-10-09T22:28:46.7302450Z > Task :gradle-plugin:settings-plugin:checkKotlinGradlePluginConfigurationErrors SKIPPED
2026-10-09T22:28:46.7303060Z > Task :expo-gradle-plugin:expo-autolinking-settings-plugin:pluginDescriptors
2026-10-09T22:28:46.7303550Z > Task :gradle-plugin:settings-plugin:pluginDescriptors
2026-10-09T22:28:46.8255521Z > Task :gradle-plugin:settings-plugin:processResources
2026-10-09T22:28:46.8256795Z > Task :expo-gradle-plugin:expo-autolinking-settings-plugin:processResources
2026-10-09T22:28:51.4318657Z > Task :gradle-plugin:shared:processResources NO-SOURCE
2026-10-09T22:28:51.5255449Z > Task :expo-gradle-plugin:expo-autolinking-plugin-shared:processResources NO-SOURCE
2026-10-09T22:28:55.8265435Z > Task :gradle-plugin:shared:compileKotlin
2026-10-09T22:28:55.8287173Z > Task :gradle-plugin:shared:compileJava NO-SOURCE
2026-10-09T22:28:55.8308406Z > Task :gradle-plugin:shared:classes UP-TO-DATE
2026-10-09T22:28:55.8316416Z > Task :gradle-plugin:shared:jar
2026-10-09T22:28:55.9258382Z > Task :expo-gradle-plugin:expo-autolinking-plugin-shared:compileKotlin
2026-10-09T22:28:55.9261628Z > Task :expo-gradle-plugin:expo-autolinking-plugin-shared:compileJava NO-SOURCE
2026-10-09T22:28:55.9262158Z > Task :expo-gradle-plugin:expo-autolinking-plugin-shared:classes UP-TO-DATE
2026-10-09T22:28:55.9262608Z > Task :expo-gradle-plugin:expo-autolinking-plugin-shared:jar
2026-10-09T22:29:02.0309734Z > Task :gradle-plugin:settings-plugin:compileKotlin
2026-10-09T22:29:02.1255860Z > Task :gradle-plugin:settings-plugin:compileJava NO-SOURCE
2026-10-09T22:29:02.1279940Z > Task :gradle-plugin:settings-plugin:classes
2026-10-09T22:29:02.1299177Z > Task :gradle-plugin:settings-plugin:jar
2026-10-09T22:29:02.7255744Z > Task :expo-gradle-plugin:expo-autolinking-settings-plugin:compileKotlin
2026-10-09T22:29:02.7256577Z > Task :expo-gradle-plugin:expo-autolinking-settings-plugin:compileJava NO-SOURCE
2026-10-09T22:29:02.7257165Z > Task :expo-gradle-plugin:expo-autolinking-settings-plugin:classes
2026-10-09T22:29:02.7257670Z > Task :expo-gradle-plugin:expo-autolinking-settings-plugin:jar
2026-10-09T22:29:15.5264859Z > Task :expo-gradle-plugin:expo-autolinking-plugin:checkKotlinGradlePluginConfigurationErrors SKIPPED
2026-10-09T22:29:15.5309620Z > Task :expo-gradle-plugin:expo-max-sdk-override-plugin:checkKotlinGradlePluginConfigurationErrors SKIPPED
2026-10-09T22:29:15.5310794Z > Task :expo-dev-launcher-gradle-plugin:checkKotlinGradlePluginConfigurationErrors SKIPPED
2026-10-09T22:29:15.5339512Z > Task :expo-module-gradle-plugin:checkKotlinGradlePluginConfigurationErrors SKIPPED
2026-10-09T22:29:15.5368793Z > Task :expo-dev-launcher-gradle-plugin:pluginDescriptors
2026-10-09T22:29:15.5399068Z > Task :expo-module-gradle-plugin:pluginDescriptors
2026-10-09T22:29:15.5399691Z > Task :expo-module-gradle-plugin:processResources
2026-10-09T22:29:15.5421671Z > Task :expo-dev-launcher-gradle-plugin:processResources
2026-10-09T22:29:15.6280090Z > Task :gradle-plugin:react-native-gradle-plugin:checkKotlinGradlePluginConfigurationErrors SKIPPED
2026-10-09T22:29:15.6319397Z > Task :expo-gradle-plugin:expo-max-sdk-override-plugin:pluginDescriptors
2026-10-09T22:29:15.6392762Z > Task :expo-gradle-plugin:expo-autolinking-plugin:pluginDescriptors
2026-10-09T22:29:15.6432403Z > Task :expo-gradle-plugin:expo-max-sdk-override-plugin:processResources
2026-10-09T22:29:15.6438980Z > Task :expo-gradle-plugin:expo-autolinking-plugin:processResources
2026-10-09T22:29:18.4263969Z > Task :expo-gradle-plugin:expo-max-sdk-override-plugin:compileKotlin
2026-10-09T22:29:18.5280113Z > Task :expo-gradle-plugin:expo-max-sdk-override-plugin:compileJava NO-SOURCE
2026-10-09T22:29:18.5305098Z > Task :expo-gradle-plugin:expo-max-sdk-override-plugin:classes
2026-10-09T22:29:18.5309564Z > Task :expo-gradle-plugin:expo-autolinking-plugin:compileKotlin
2026-10-09T22:29:18.5310204Z > Task :gradle-plugin:react-native-gradle-plugin:pluginDescriptors
2026-10-09T22:29:18.5310876Z > Task :expo-gradle-plugin:expo-autolinking-plugin:compileJava NO-SOURCE
2026-10-09T22:29:18.5311534Z > Task :expo-gradle-plugin:expo-autolinking-plugin:classes
2026-10-09T22:29:18.5312137Z > Task :gradle-plugin:react-native-gradle-plugin:processResources
2026-10-09T22:29:18.5312724Z > Task :expo-gradle-plugin:expo-max-sdk-override-plugin:jar
2026-10-09T22:29:18.5313274Z > Task :expo-gradle-plugin:expo-autolinking-plugin:jar
2026-10-09T22:29:21.2281970Z > Task :gradle-plugin:react-native-gradle-plugin:compileKotlin
2026-10-09T22:29:21.2289908Z > Task :gradle-plugin:react-native-gradle-plugin:compileJava NO-SOURCE
2026-10-09T22:29:21.2290609Z > Task :gradle-plugin:react-native-gradle-plugin:classes
2026-10-09T22:29:21.2291118Z > Task :gradle-plugin:react-native-gradle-plugin:jar
2026-10-09T22:29:22.0279832Z > Task :expo-dev-launcher-gradle-plugin:compileKotlin
2026-10-09T22:29:22.0280695Z > Task :expo-dev-launcher-gradle-plugin:compileJava NO-SOURCE
2026-10-09T22:29:22.0309070Z > Task :expo-dev-launcher-gradle-plugin:classes
2026-10-09T22:29:22.0323876Z > Task :expo-dev-launcher-gradle-plugin:jar
2026-10-09T22:29:22.5274662Z 
2026-10-09T22:29:22.5303715Z > Task :expo-module-gradle-plugin:compileKotlin
2026-10-09T22:29:22.5311143Z w: file:///home/runner/work/movefield/movefield/mobile/node_modules/expo-modules-core/expo-module-gradle-plugin/src/main/kotlin/expo/modules/plugin/android/AndroidLibraryExtension.kt:9:24 'var targetSdk: Int?' is deprecated. Will be removed from library DSL in v9.0. Use testOptions.targetSdk or/and lint.targetSdk instead.
2026-10-09T22:29:22.5312366Z 
2026-10-09T22:29:22.5312695Z > Task :expo-module-gradle-plugin:compileJava NO-SOURCE
2026-10-09T22:29:22.5313433Z > Task :expo-module-gradle-plugin:classes
2026-10-09T22:29:22.5313887Z > Task :expo-module-gradle-plugin:jar
2026-10-09T22:29:28.5254344Z 
2026-10-09T22:29:28.5258493Z > Configure project :
2026-10-09T22:29:28.5259633Z [32m[ExpoRootProject][0m Using the following versions:
2026-10-09T22:29:28.5260239Z   - buildTools:  [32m36.0.0[0m
2026-10-09T22:29:28.5260653Z   - minSdk:      [32m24[0m
2026-10-09T22:29:28.5261060Z   - compileSdk:  [32m36[0m
2026-10-09T22:29:28.5261449Z   - targetSdk:   [32m36[0m
2026-10-09T22:29:28.5261912Z   - ndk:         [32m27.1.12297006[0m
2026-10-09T22:29:28.5262341Z   - kotlin:      [32m2.1.20[0m
2026-10-09T22:29:28.5262763Z   - ksp:         [32m2.1.20-2.0.1[0m
2026-10-09T22:29:30.7259739Z 
2026-10-09T22:29:30.7260551Z > Configure project :app
2026-10-09T22:29:30.7310413Z  ℹ️  [33mApplying gradle plugin[0m '[32mexpo-max-sdk-override-plugin[0m'
2026-10-09T22:29:30.7339505Z   [expo-max-sdk-override-plugin] This plugin will find all permissions declared with `android:maxSdkVersion`. If there exists a declaration with the `android:maxSdkVersion` annotation and another one without, the plugin will remove the annotation from the final merged manifest. In order to see a log with the changes run a clean build of the app.
2026-10-09T22:29:30.7363384Z  ℹ️  [33mApplying gradle plugin[0m '[32mexpo-dev-launcher-gradle-plugin[0m'
2026-10-09T22:29:32.7262696Z 
2026-10-09T22:29:32.7272887Z > Configure project :expo
2026-10-09T22:29:32.7273315Z 
2026-10-09T22:29:32.7273884Z Using expo modules
2026-10-09T22:29:32.7277393Z   - [32mexpo-log-box[0m (57.0.4)
2026-10-09T22:29:32.7277937Z   - [32mexpo-constants[0m (57.0.21)
2026-10-09T22:29:32.7278445Z   - [32mexpo-dev-client[0m (57.0.19)
2026-10-09T22:29:32.7281006Z   - [32mexpo-dev-launcher[0m (57.0.20)
2026-10-09T22:29:32.9255114Z   - [32mexpo-dev-menu[0m (57.0.19)
2026-10-09T22:29:33.0277413Z   - [32mexpo-dev-menu-interface[0m (57.0.0)
2026-10-09T22:29:33.1260073Z   - [32mexpo-json-utils[0m (57.0.2)
2026-10-09T22:29:33.2259982Z   - [32mexpo-manifests[0m (57.0.2)
2026-10-09T22:29:33.8272122Z   - [32mexpo-modules-core[0m (57.0.21)
2026-10-09T22:29:50.9259047Z 
2026-10-09T22:29:50.9285762Z > Configure project :expo-sqlite
2026-10-09T22:29:50.9286792Z Checking the license for package NDK (Side by side) 27.0.12077973 in /usr/local/lib/android/sdk/licenses
2026-10-09T22:29:50.9287497Z License for package NDK (Side by side) 27.0.12077973 accepted.
2026-10-09T22:29:50.9288077Z Preparing "Install NDK (Side by side) 27.0.12077973 v.27.0.12077973".
2026-10-09T22:29:50.9288811Z "Install NDK (Side by side) 27.0.12077973 v.27.0.12077973" ready.
2026-10-09T22:29:50.9289443Z Installing NDK (Side by side) 27.0.12077973 in /usr/local/lib/android/sdk/ndk/27.0.12077973
2026-10-09T22:29:50.9292374Z "Install NDK (Side by side) 27.0.12077973 v.27.0.12077973" complete.
2026-10-09T22:29:50.9292950Z "Install NDK (Side by side) 27.0.12077973 v.27.0.12077973" finished.
2026-10-09T22:29:50.9293294Z 
2026-10-09T22:29:50.9293524Z > Configure project :expo
2026-10-09T22:29:50.9294174Z   - [32mexpo-sqlite[0m (57.0.4)
2026-10-09T22:29:51.0264384Z   - [32mexpo-updates-interface[0m (57.0.2)
2026-10-09T22:29:51.0265187Z   - [33m[📦][0m [32mexpo-dom-webview[0m (57.0.1)
2026-10-09T22:29:51.0265836Z   - [33m[📦][0m [32mexpo-application[0m (57.0.3)
2026-10-09T22:29:51.0266410Z   - [33m[📦][0m [32mexpo-asset[0m (57.0.19)
2026-10-09T22:29:51.0279038Z   - [33m[📦][0m [32mexpo-crypto[0m (57.0.3)
2026-10-09T22:29:51.0286046Z   - [33m[📦][0m [32mexpo-document-picker[0m (57.0.3)
2026-10-09T22:29:51.0286637Z   - [33m[📦][0m [32mexpo-file-system[0m (57.0.7)
2026-10-09T22:29:51.0287213Z   - [33m[📦][0m [32mexpo-font[0m (57.0.4)
2026-10-09T22:29:51.0287689Z   - [33m[📦][0m [32mexpo-keep-awake[0m (57.0.2)
2026-10-09T22:29:51.0288183Z   - [33m[📦][0m [32mexpo-linear-gradient[0m (57.0.2)
2026-10-09T22:29:51.0288823Z   - [33m[📦][0m [32mexpo-notifications[0m (57.0.22)
2026-10-09T22:29:51.0289630Z   - [33m[📦][0m [32mexpo-secure-store[0m (57.0.4)
2026-10-09T22:29:51.0290102Z   - [33m[📦][0m [32mexpo-sharing[0m (57.0.22)
2026-10-09T22:29:51.0290566Z   - [33m[📦][0m [32mexpo-status-bar[0m (57.0.1)
2026-10-09T22:29:51.0290867Z 
2026-10-09T22:30:54.5269207Z 
2026-10-09T22:30:54.5290056Z > Task :expo-dev-client:preBuild UP-TO-DATE
2026-10-09T22:30:54.5329240Z > Task :expo-dev-launcher:preBuild UP-TO-DATE
2026-10-09T22:30:54.5360492Z > Task :expo-dev-menu:preBuild UP-TO-DATE
2026-10-09T22:30:54.5390817Z > Task :expo-dev-menu-interface:preBuild UP-TO-DATE
2026-10-09T22:30:54.5419015Z > Task :expo-json-utils:preBuild UP-TO-DATE
2026-10-09T22:30:54.5455057Z > Task :expo-log-box:preBuild UP-TO-DATE
2026-10-09T22:30:54.5469939Z > Task :expo-manifests:preBuild UP-TO-DATE
2026-10-09T22:30:54.5480868Z > Task :expo:generatePackagesList
2026-10-09T22:30:54.5513776Z > Task :expo:preBuild
2026-10-09T22:30:54.5541497Z > Task :expo-sqlite:preBuild UP-TO-DATE
2026-10-09T22:30:54.5546581Z > Task :expo-updates-interface:preBuild UP-TO-DATE
2026-10-09T22:30:54.5591498Z > Task :expo-modules-core:preBuild UP-TO-DATE
2026-10-09T22:30:54.5619029Z > Task :app:generateAutolinkingNewArchitectureFiles
2026-10-09T22:30:54.5640507Z > Task :app:generateAutolinkingPackageList
2026-10-09T22:30:54.5659071Z > Task :app:generateCodegenSchemaFromJavaScript SKIPPED
2026-10-09T22:30:54.5690598Z > Task :app:generateCodegenArtifactsFromSchema SKIPPED
2026-10-09T22:30:54.5720025Z > Task :app:generateReactNativeEntryPoint
2026-10-09T22:30:54.5731784Z > Task :expo:preReleaseBuild
2026-10-09T22:30:54.6281135Z The NODE_ENV environment variable is required but was not specified. Ensure the project is bundled with Expo CLI or NODE_ENV is set. Using only .env.local and .env
2026-10-09T22:30:54.6282020Z > Task :react-native-safe-area-context:generateCodegenSchemaFromJavaScript
2026-10-09T22:30:54.6304072Z > Task :expo:mergeReleaseJniLibFolders
2026-10-09T22:30:54.6319111Z > Task :expo:mergeReleaseNativeLibs NO-SOURCE
2026-10-09T22:30:54.6359971Z > Task :expo:copyReleaseJniLibsProjectOnly
2026-10-09T22:30:54.6404430Z > Task :expo-dev-client:preReleaseBuild UP-TO-DATE
2026-10-09T22:30:54.6428003Z > Task :react-native-async-storage_async-storage:generateCodegenSchemaFromJavaScript
2026-10-09T22:30:54.6458433Z 
2026-10-09T22:30:54.6490123Z > Task :expo-constants:createExpoConfig
2026-10-09T22:30:54.6512372Z 
2026-10-09T22:30:54.6538098Z > Task :expo-constants:preBuild
2026-10-09T22:30:54.6546171Z > Task :expo-constants:preReleaseBuild
2026-10-09T22:30:54.6587232Z > Task :expo-dev-client:mergeReleaseJniLibFolders
2026-10-09T22:30:54.7274780Z > Task :expo-dev-client:mergeReleaseNativeLibs NO-SOURCE
2026-10-09T22:30:54.7275665Z > Task :expo-dev-client:copyReleaseJniLibsProjectOnly
2026-10-09T22:30:54.7276187Z > Task :expo-dev-launcher:preReleaseBuild UP-TO-DATE
2026-10-09T22:30:54.7276859Z > Task :expo-constants:mergeReleaseJniLibFolders
2026-10-09T22:30:54.7277371Z > Task :expo-constants:mergeReleaseNativeLibs NO-SOURCE
2026-10-09T22:30:54.7277931Z > Task :expo-dev-launcher:mergeReleaseJniLibFolders
2026-10-09T22:30:54.7278646Z > Task :expo-constants:copyReleaseJniLibsProjectOnly
2026-10-09T22:30:54.7280023Z > Task :expo-dev-menu:preReleaseBuild UP-TO-DATE
2026-10-09T22:30:54.7280561Z > Task :expo-dev-launcher:mergeReleaseNativeLibs NO-SOURCE
2026-10-09T22:30:54.7281071Z > Task :expo-dev-menu:mergeReleaseJniLibFolders
2026-10-09T22:30:54.7281615Z > Task :expo-dev-launcher:copyReleaseJniLibsProjectOnly
2026-10-09T22:30:54.7282350Z > Task :expo-dev-menu:mergeReleaseNativeLibs NO-SOURCE
2026-10-09T22:30:54.7282880Z > Task :expo-dev-menu-interface:preReleaseBuild UP-TO-DATE
2026-10-09T22:30:54.7283434Z > Task :expo-dev-menu:copyReleaseJniLibsProjectOnly
2026-10-09T22:30:54.7284022Z > Task :expo-json-utils:preReleaseBuild UP-TO-DATE
2026-10-09T22:30:54.7284490Z > Task :expo-json-utils:mergeReleaseJniLibFolders
2026-10-09T22:30:54.7284987Z > Task :expo-dev-menu-interface:mergeReleaseJniLibFolders
2026-10-09T22:30:54.7285582Z > Task :expo-dev-menu-interface:mergeReleaseNativeLibs NO-SOURCE
2026-10-09T22:30:54.7286708Z > Task :expo-json-utils:mergeReleaseNativeLibs NO-SOURCE
2026-10-09T22:30:54.7287300Z > Task :expo-dev-menu-interface:copyReleaseJniLibsProjectOnly
2026-10-09T22:30:54.7288507Z > Task :expo-json-utils:copyReleaseJniLibsProjectOnly
2026-10-09T22:30:54.7289088Z > Task :expo-log-box:preReleaseBuild UP-TO-DATE
2026-10-09T22:30:54.7289555Z > Task :expo-manifests:preReleaseBuild UP-TO-DATE
2026-10-09T22:30:54.7290213Z > Task :expo-log-box:mergeReleaseJniLibFolders
2026-10-09T22:30:54.7290678Z > Task :expo-manifests:mergeReleaseJniLibFolders
2026-10-09T22:30:54.7291637Z > Task :expo-log-box:mergeReleaseNativeLibs NO-SOURCE
2026-10-09T22:30:54.7292197Z > Task :expo-manifests:mergeReleaseNativeLibs NO-SOURCE
2026-10-09T22:30:54.7292738Z > Task :expo-manifests:copyReleaseJniLibsProjectOnly
2026-10-09T22:30:54.7293230Z > Task :expo-modules-core:preReleaseBuild UP-TO-DATE
2026-10-09T22:30:54.7293795Z > Task :expo-log-box:copyReleaseJniLibsProjectOnly
2026-10-09T22:30:54.7294576Z > Task :expo-sqlite:preReleaseBuild UP-TO-DATE
2026-10-09T22:30:54.8254774Z > Task :react-native-safe-area-context:generateCodegenArtifactsFromSchema
2026-10-09T22:30:54.8255506Z > Task :react-native-safe-area-context:preBuild
2026-10-09T22:30:54.8256071Z > Task :expo-updates-interface:preReleaseBuild UP-TO-DATE
2026-10-09T22:30:54.8256604Z > Task :expo-updates-interface:mergeReleaseJniLibFolders
2026-10-09T22:30:54.8257213Z > Task :react-native-async-storage_async-storage:generateCodegenArtifactsFromSchema
2026-10-09T22:30:54.8258068Z > Task :react-native-async-storage_async-storage:preBuild
2026-10-09T22:30:54.8258357Z > Task :app:preBuild
2026-10-09T22:30:54.8258692Z > Task :app:preReleaseBuild
2026-10-09T22:30:54.8259008Z > Task :expo-updates-interface:mergeReleaseNativeLibs NO-SOURCE
2026-10-09T22:30:54.8259412Z > Task :expo-updates-interface:copyReleaseJniLibsProjectOnly
2026-10-09T22:30:54.8259817Z > Task :react-native-async-storage_async-storage:preReleaseBuild
2026-10-09T22:30:54.8260273Z > Task :react-native-async-storage_async-storage:mergeReleaseJniLibFolders
2026-10-09T22:30:54.8260785Z > Task :react-native-async-storage_async-storage:mergeReleaseNativeLibs NO-SOURCE
2026-10-09T22:30:54.8261327Z > Task :react-native-async-storage_async-storage:copyReleaseJniLibsProjectOnly
2026-10-09T22:30:54.8261775Z > Task :react-native-safe-area-context:preReleaseBuild
2026-10-09T22:30:54.8262172Z > Task :react-native-safe-area-context:mergeReleaseJniLibFolders
2026-10-09T22:30:54.8262625Z > Task :react-native-safe-area-context:mergeReleaseNativeLibs NO-SOURCE
2026-10-09T22:30:54.8263100Z > Task :react-native-safe-area-context:copyReleaseJniLibsProjectOnly
2026-10-09T22:30:54.8263647Z > Task :react-native-safe-area-context:checkKotlinGradlePluginConfigurationErrors SKIPPED
2026-10-09T22:30:54.8264168Z > Task :react-native-safe-area-context:generateReleaseBuildConfig
2026-10-09T22:30:54.8264596Z > Task :react-native-safe-area-context:generateReleaseResValues
2026-10-09T22:30:54.8265086Z > Task :react-native-safe-area-context:generateReleaseResources
2026-10-09T22:30:54.8265513Z > Task :react-native-safe-area-context:packageReleaseResources
2026-10-09T22:30:55.7253954Z > Task :react-native-safe-area-context:parseReleaseLocalResources
2026-10-09T22:30:55.7254284Z > Task :react-native-safe-area-context:generateReleaseRFile
2026-10-09T22:30:56.7256083Z 
2026-10-09T22:30:56.7256842Z > Task :expo-modules-core:configureCMakeRelWithDebInfo[arm64-v8a]
2026-10-09T22:30:56.7257397Z Checking the license for package CMake 3.22.1 in /usr/local/lib/android/sdk/licenses
2026-10-09T22:30:56.7257863Z License for package CMake 3.22.1 accepted.
2026-10-09T22:30:56.7258153Z Preparing "Install CMake 3.22.1 v.3.22.1".
2026-10-09T22:30:56.7258427Z "Install CMake 3.22.1 v.3.22.1" ready.
2026-10-09T22:30:56.7258927Z Installing CMake 3.22.1 in /usr/local/lib/android/sdk/cmake/3.22.1
2026-10-09T22:30:56.7259277Z "Install CMake 3.22.1 v.3.22.1" complete.
2026-10-09T22:30:56.7259544Z "Install CMake 3.22.1 v.3.22.1" finished.
2026-10-09T22:31:01.7271268Z 
2026-10-09T22:31:01.7300402Z > Task :expo-sqlite:configureCMakeRelWithDebInfo[arm64-v8a]
2026-10-09T22:31:06.2255147Z 
2026-10-09T22:31:06.2256093Z > Task :react-native-safe-area-context:compileReleaseKotlin
2026-10-09T22:31:06.2280360Z w: file:///home/runner/work/movefield/movefield/mobile/node_modules/react-native-safe-area-context/android/src/main/java/com/th3rdwave/safeareacontext/SafeAreaProviderManager.kt:39:19 'fun getEventDispatcherForReactTag(context: ReactContext, reactTag: Int): EventDispatcher?' is deprecated. reactTag is no longer needed.
2026-10-09T22:31:06.2310299Z w: file:///home/runner/work/movefield/movefield/mobile/node_modules/react-native-safe-area-context/android/src/main/java/com/th3rdwave/safeareacontext/SafeAreaView.kt:9:8 'class UIManagerModule : ReactContextBaseJavaModule, LifecycleEventListener, UIManager' is deprecated. Deprecated in Java.
2026-10-09T22:31:06.2340047Z w: file:///home/runner/work/movefield/movefield/mobile/node_modules/react-native-safe-area-context/android/src/main/java/com/th3rdwave/safeareacontext/SafeAreaView.kt:50:54 'class UIManagerModule : ReactContextBaseJavaModule, LifecycleEventListener, UIManager' is deprecated. Deprecated in Java.
2026-10-09T22:31:06.2342293Z w: file:///home/runner/work/movefield/movefield/mobile/node_modules/react-native-safe-area-context/android/src/main/java/com/th3rdwave/safeareacontext/SafeAreaView.kt:59:23 'val uiImplementation: UIImplementation!' is deprecated. Deprecated in Java.
2026-10-09T22:31:06.2370229Z w: file:///home/runner/work/movefield/movefield/mobile/node_modules/react-native-safe-area-context/android/src/main/java/com/th3rdwave/safeareacontext/SafeAreaViewShadowNode.kt:9:32 'class LayoutShadowNode : ReactShadowNodeImpl' is deprecated. This class is part of Legacy Architecture and will be removed in a future release.
2026-10-09T22:31:06.2400172Z w: file:///home/runner/work/movefield/movefield/mobile/node_modules/react-native-safe-area-context/android/src/main/java/com/th3rdwave/safeareacontext/SafeAreaViewShadowNode.kt:110:61 'class NativeViewHierarchyOptimizer : Any' is deprecated. This class is part of Legacy Architecture and will be removed in a future release.
2026-10-09T22:31:06.3259287Z 
2026-10-09T22:31:06.3279686Z > Task :react-native-safe-area-context:javaPreCompileRelease
2026-10-09T22:31:07.8279731Z > Task :app:configureCMakeRelWithDebInfo[arm64-v8a]
2026-10-09T22:31:23.3280145Z > Task :react-native-safe-area-context:compileReleaseJavaWithJavac
2026-10-09T22:31:23.5279858Z > Task :react-native-safe-area-context:bundleLibRuntimeToDirRelease
2026-10-09T22:31:30.5290417Z > Task :react-native-async-storage_async-storage:generateReleaseBuildConfig
2026-10-09T22:31:30.5379912Z > Task :react-native-async-storage_async-storage:generateReleaseResValues
2026-10-09T22:31:30.5459716Z > Task :react-native-async-storage_async-storage:generateReleaseResources
2026-10-09T22:31:30.5520665Z > Task :react-native-async-storage_async-storage:packageReleaseResources
2026-10-09T22:31:30.6269859Z > Task :react-native-async-storage_async-storage:parseReleaseLocalResources
2026-10-09T22:31:30.6321258Z > Task :react-native-async-storage_async-storage:generateReleaseRFile
2026-10-09T22:31:30.6409609Z > Task :react-native-async-storage_async-storage:javaPreCompileRelease
2026-10-09T22:31:31.7297437Z > Task :expo-sqlite:buildCMakeRelWithDebInfo[arm64-v8a]
2026-10-09T22:31:32.0266858Z Note: Some input files use or override a deprecated API.
2026-10-09T22:31:32.0267153Z 
2026-10-09T22:31:32.0323048Z Note: Recompile with -Xlint:deprecation for details.
2026-10-09T22:31:32.0323639Z > Task :react-native-async-storage_async-storage:compileReleaseJavaWithJavac
2026-10-09T22:31:32.0392290Z Note: /home/runner/work/movefield/movefield/mobile/node_modules/@react-native-async-storage/async-storage/android/src/javaPackage/java/com/reactnativecommunity/asyncstorage/AsyncStoragePackage.java uses unchecked or unsafe operations.
2026-10-09T22:31:32.0393190Z 
2026-10-09T22:31:32.0509873Z Note: Recompile with -Xlint:unchecked for details.
2026-10-09T22:31:32.0510976Z > Task :react-native-async-storage_async-storage:bundleLibRuntimeToDirRelease
2026-10-09T22:31:33.1307884Z > Task :expo:checkKotlinGradlePluginConfigurationErrors SKIPPED
2026-10-09T22:31:33.1419745Z > Task :expo:generateReleaseBuildConfig
2026-10-09T22:31:33.1462103Z > Task :expo:generateReleaseResValues
2026-10-09T22:31:33.1565027Z > Task :expo:generateReleaseResources
2026-10-09T22:31:33.1646530Z > Task :expo:packageReleaseResources
2026-10-09T22:31:33.2259571Z > Task :expo:parseReleaseLocalResources
2026-10-09T22:31:33.2389770Z > Task :expo:generateReleaseRFile
2026-10-09T22:31:33.2459833Z > Task :expo-constants:checkKotlinGradlePluginConfigurationErrors SKIPPED
2026-10-09T22:31:33.2533631Z > Task :expo-constants:generateReleaseBuildConfig
2026-10-09T22:31:33.2661533Z > Task :expo-constants:generateReleaseResValues
2026-10-09T22:31:33.2771380Z > Task :expo-constants:generateReleaseResources
2026-10-09T22:31:33.2849550Z > Task :expo-constants:packageReleaseResources
2026-10-09T22:31:33.3259253Z > Task :expo-constants:parseReleaseLocalResources
2026-10-09T22:31:33.3371328Z > Task :expo-constants:generateReleaseRFile
2026-10-09T22:31:33.3481165Z > Task :expo-constants:javaPreCompileRelease
2026-10-09T22:31:33.3580977Z > Task :expo-dev-client:checkKotlinGradlePluginConfigurationErrors SKIPPED
2026-10-09T22:31:33.4289909Z > Task :expo-dev-client:dataBindingMergeDependencyArtifactsRelease
2026-10-09T22:31:33.4351064Z > Task :expo-dev-client:generateReleaseResValues
2026-10-09T22:31:33.4429692Z > Task :expo-dev-client:generateReleaseResources
2026-10-09T22:31:33.5300018Z > Task :expo-dev-client:packageReleaseResources
2026-10-09T22:31:33.5359629Z > Task :expo-dev-client:parseReleaseLocalResources
2026-10-09T22:31:33.8259737Z > Task :expo-dev-client:dataBindingGenBaseClassesRelease
2026-10-09T22:31:33.8331742Z > Task :expo-dev-client:generateReleaseBuildConfig
2026-10-09T22:31:33.9302760Z > Task :expo-dev-client:generateReleaseRFile
2026-10-09T22:31:34.0256506Z > Task :expo-dev-client:javaPreCompileRelease
2026-10-09T22:31:34.0360008Z > Task :expo-dev-launcher:checkKotlinGradlePluginConfigurationErrors SKIPPED
2026-10-09T22:31:37.6279796Z > Task :expo-modules-core:buildCMakeRelWithDebInfo[arm64-v8a]
2026-10-09T22:31:37.8254032Z > Task :app:buildCMakeRelWithDebInfo[arm64-v8a]
2026-10-09T22:31:38.3254007Z > Task :app:mergeReleaseJniLibFolders
2026-10-09T22:31:38.3280003Z > Task :expo-dev-menu:checkKotlinGradlePluginConfigurationErrors SKIPPED
2026-10-09T22:31:38.3309424Z > Task :expo-dev-menu:generateReleaseBuildConfig
2026-10-09T22:31:38.4282833Z > Task :expo-dev-menu:generateReleaseResValues
2026-10-09T22:31:38.4370095Z > Task :expo-dev-menu:generateReleaseResources
2026-10-09T22:31:38.4429602Z > Task :expo-dev-menu:packageReleaseResources
2026-10-09T22:31:38.4509593Z > Task :expo-dev-menu:parseReleaseLocalResources
2026-10-09T22:31:38.4592982Z > Task :expo-dev-menu:generateReleaseRFile
2026-10-09T22:31:38.4689587Z > Task :expo-dev-menu:javaPreCompileRelease
2026-10-09T22:31:38.4760044Z > Task :expo-dev-menu-interface:checkKotlinGradlePluginConfigurationErrors SKIPPED
2026-10-09T22:31:38.4819906Z > Task :expo-dev-menu-interface:generateReleaseBuildConfig
2026-10-09T22:31:38.4888470Z > Task :expo-dev-menu-interface:generateReleaseResValues
2026-10-09T22:31:38.4999560Z > Task :expo-dev-menu-interface:generateReleaseResources
2026-10-09T22:31:38.5319781Z > Task :expo-dev-menu-interface:packageReleaseResources
2026-10-09T22:31:38.5363753Z > Task :expo-dev-menu-interface:parseReleaseLocalResources
2026-10-09T22:31:38.5409752Z > Task :expo-dev-menu-interface:generateReleaseRFile
2026-10-09T22:31:38.5499580Z > Task :expo-dev-menu-interface:javaPreCompileRelease
2026-10-09T22:31:38.5549705Z > Task :expo-json-utils:checkKotlinGradlePluginConfigurationErrors SKIPPED
2026-10-09T22:31:38.5550201Z > Task :expo-json-utils:generateReleaseBuildConfig
2026-10-09T22:31:38.5550544Z > Task :expo-json-utils:generateReleaseResValues
2026-10-09T22:31:38.5550886Z > Task :expo-json-utils:generateReleaseResources
2026-10-09T22:31:38.5551599Z > Task :expo-json-utils:packageReleaseResources
2026-10-09T22:31:38.5551953Z > Task :expo-json-utils:parseReleaseLocalResources
2026-10-09T22:31:38.6309699Z > Task :expo-json-utils:generateReleaseRFile
2026-10-09T22:31:38.6310136Z > Task :expo-json-utils:javaPreCompileRelease
2026-10-09T22:31:38.6310583Z > Task :expo-log-box:checkKotlinGradlePluginConfigurationErrors SKIPPED
2026-10-09T22:31:38.6311014Z > Task :expo-log-box:generateReleaseBuildConfig
2026-10-09T22:31:38.6311352Z > Task :expo-log-box:generateReleaseResValues
2026-10-09T22:31:38.6311715Z > Task :expo-log-box:generateReleaseResources
2026-10-09T22:31:38.6312036Z > Task :expo-log-box:packageReleaseResources
2026-10-09T22:31:38.6312367Z > Task :expo-log-box:parseReleaseLocalResources
2026-10-09T22:31:38.6312687Z > Task :expo-log-box:generateReleaseRFile
2026-10-09T22:31:38.6312989Z > Task :expo-log-box:javaPreCompileRelease
2026-10-09T22:31:38.6313447Z > Task :expo-manifests:checkKotlinGradlePluginConfigurationErrors SKIPPED
2026-10-09T22:31:38.6313902Z > Task :expo-manifests:generateReleaseBuildConfig
2026-10-09T22:31:38.6314245Z > Task :expo-manifests:generateReleaseResValues
2026-10-09T22:31:38.6314578Z > Task :expo-manifests:generateReleaseResources
2026-10-09T22:31:38.7294228Z > Task :expo-manifests:packageReleaseResources
2026-10-09T22:31:38.7336194Z > Task :expo-manifests:parseReleaseLocalResources
2026-10-09T22:31:38.7385280Z > Task :expo-manifests:generateReleaseRFile
2026-10-09T22:31:38.7499432Z > Task :expo-manifests:javaPreCompileRelease
2026-10-09T22:31:38.7560461Z > Task :expo-updates-interface:checkKotlinGradlePluginConfigurationErrors SKIPPED
2026-10-09T22:31:38.7690616Z > Task :expo-updates-interface:generateReleaseBuildConfig
2026-10-09T22:31:38.7719874Z > Task :expo-updates-interface:generateReleaseResValues
2026-10-09T22:31:38.7820566Z > Task :expo-updates-interface:generateReleaseResources
2026-10-09T22:31:38.7929484Z > Task :expo-updates-interface:packageReleaseResources
2026-10-09T22:31:38.7979428Z > Task :expo-updates-interface:parseReleaseLocalResources
2026-10-09T22:31:38.8049313Z > Task :expo-updates-interface:generateReleaseRFile
2026-10-09T22:31:38.8170873Z > Task :expo-updates-interface:javaPreCompileRelease
2026-10-09T22:31:38.8269382Z > Task :expo:javaPreCompileRelease
2026-10-09T22:31:41.4259119Z 
2026-10-09T22:31:41.4259872Z > Task :expo-modules-core:buildCMakeRelWithDebInfo[arm64-v8a]
2026-10-09T22:31:41.4260455Z C/C++: ninja: Entering directory `/home/runner/work/movefield/movefield/mobile/node_modules/expo-modules-core/android/.cxx/RelWithDebInfo/5a63o4e2/arm64-v8a'
2026-10-09T22:31:41.4290134Z C/C++: /home/runner/work/movefield/movefield/mobile/node_modules/expo-modules-core/android/src/main/cpp/fabric/ExpoComponentDescriptorFactory.cpp:17:5: warning: 'RawPropsParser' is deprecated [-Wdeprecated-declarations]
2026-10-09T22:31:41.4291658Z C/C++:    17 |     react::RawPropsParser(/*useRawPropsJsiValue=*/true)
2026-10-09T22:31:41.4292216Z C/C++:       |     ^
2026-10-09T22:31:41.4293520Z C/C++: /home/runner/.gradle/caches/9.3.1/transforms/2632d6d2d8d86a67264f1929d6ca7219/transformed/react-android-0.86.3-release/prefab/modules/reactnative/include/react/renderer/core/RawPropsParser.h:31:5: note: 'RawPropsParser' has been explicitly marked deprecated here
2026-10-09T22:31:41.4295080Z C/C++:    31 |   [[deprecated]] explicit RawPropsParser(bool /* ignored */) : RawPropsParser() {}
2026-10-09T22:31:41.4295588Z C/C++:       |     ^
2026-10-09T22:31:41.4295911Z C/C++: 1 warning generated.
2026-10-09T22:31:41.6269933Z 
2026-10-09T22:31:41.6300883Z > Task :expo-modules-core:mergeReleaseJniLibFolders
2026-10-09T22:31:41.8254032Z > Task :expo-dev-launcher:dataBindingMergeDependencyArtifactsRelease
2026-10-09T22:31:41.8254681Z > Task :expo-modules-core:checkKotlinGradlePluginConfigurationErrors SKIPPED
2026-10-09T22:31:41.8257156Z > Task :expo-modules-core:generateReleaseBuildConfig
2026-10-09T22:31:41.8257415Z > Task :expo-modules-core:generateReleaseResValues
2026-10-09T22:31:41.8257629Z > Task :expo-modules-core:generateReleaseResources
2026-10-09T22:31:41.8258113Z > Task :expo-modules-core:packageReleaseResources
2026-10-09T22:31:41.9255227Z > Task :expo-modules-core:parseReleaseLocalResources
2026-10-09T22:31:41.9256077Z > Task :expo-modules-core:generateReleaseRFile
2026-10-09T22:31:42.0262338Z > Task :expo-modules-core:mergeReleaseNativeLibs
2026-10-09T22:31:42.0271266Z > Task :expo-dev-launcher:generateReleaseResValues
2026-10-09T22:31:42.0301458Z > Task :expo-dev-launcher:generateReleaseResources
2026-10-09T22:31:42.0305342Z > Task :expo-dev-launcher:packageReleaseResources
2026-10-09T22:31:42.2254590Z > Task :expo-dev-launcher:parseReleaseLocalResources
2026-10-09T22:31:42.7254260Z > Task :app:checkReleaseDuplicateClasses
2026-10-09T22:31:42.7283903Z > Task :expo-dev-launcher:dataBindingGenBaseClassesRelease
2026-10-09T22:31:42.7312054Z > Task :expo-dev-launcher:generateReleaseBuildConfig
2026-10-09T22:31:42.7339104Z > Task :expo-dev-launcher:generateReleaseRFile
2026-10-09T22:31:42.7339766Z > Task :expo-dev-launcher:javaPreCompileRelease
2026-10-09T22:31:42.7366174Z > Task :app:buildKotlinToolingMetadata
2026-10-09T22:31:42.7397633Z > Task :app:checkKotlinGradlePluginConfigurationErrors SKIPPED
2026-10-09T22:31:42.7421370Z > Task :expo:writeReleaseAarMetadata
2026-10-09T22:31:42.7450555Z > Task :app:generateReleaseBuildConfig
2026-10-09T22:31:42.7497765Z > Task :expo-dev-client:writeReleaseAarMetadata
2026-10-09T22:31:42.7549566Z > Task :expo-constants:writeReleaseAarMetadata
2026-10-09T22:31:42.8254561Z > Task :expo-dev-menu:writeReleaseAarMetadata
2026-10-09T22:31:42.8260626Z > Task :expo-dev-launcher:writeReleaseAarMetadata
2026-10-09T22:31:42.8262969Z > Task :expo-dev-menu-interface:writeReleaseAarMetadata
2026-10-09T22:31:42.8298988Z > Task :expo-json-utils:writeReleaseAarMetadata
2026-10-09T22:31:42.8299310Z > Task :expo-log-box:writeReleaseAarMetadata
2026-10-09T22:31:42.8299618Z > Task :expo-manifests:writeReleaseAarMetadata
2026-10-09T22:31:42.8299960Z > Task :expo-updates-interface:writeReleaseAarMetadata
2026-10-09T22:31:42.8300406Z > Task :react-native-async-storage_async-storage:writeReleaseAarMetadata
2026-10-09T22:31:42.8300853Z > Task :react-native-safe-area-context:writeReleaseAarMetadata
2026-10-09T22:31:42.8301192Z > Task :expo:extractDeepLinksRelease
2026-10-09T22:31:42.9267395Z > Task :expo:processReleaseManifest
2026-10-09T22:31:42.9268013Z > Task :expo-constants:extractDeepLinksRelease
2026-10-09T22:31:42.9268376Z > Task :expo-constants:processReleaseManifest
2026-10-09T22:31:42.9269719Z > Task :expo-dev-client:extractDeepLinksRelease
2026-10-09T22:31:43.0271885Z > Task :expo-modules-core:copyReleaseJniLibsProjectOnly
2026-10-09T22:31:43.0299187Z > Task :expo-modules-core:javaPreCompileRelease
2026-10-09T22:31:43.0320364Z > Task :expo-modules-core:writeReleaseAarMetadata
2026-10-09T22:31:43.0351169Z > Task :expo-dev-client:processReleaseManifest
2026-10-09T22:31:43.0359104Z > Task :expo-dev-launcher:extractDeepLinksRelease
2026-10-09T22:31:43.0389035Z > Task :expo-dev-launcher:processReleaseManifest
2026-10-09T22:31:43.0419035Z > Task :expo-dev-menu:extractDeepLinksRelease
2026-10-09T22:31:43.1263147Z > Task :expo-dev-menu:processReleaseManifest
2026-10-09T22:31:43.1279394Z > Task :expo-dev-menu-interface:extractDeepLinksRelease
2026-10-09T22:31:43.1321248Z > Task :expo-dev-menu-interface:processReleaseManifest
2026-10-09T22:31:43.1336856Z > Task :expo-json-utils:extractDeepLinksRelease
2026-10-09T22:31:43.1359309Z > Task :expo-json-utils:processReleaseManifest
2026-10-09T22:31:43.1389028Z > Task :expo-log-box:extractDeepLinksRelease
2026-10-09T22:31:43.1411608Z > Task :expo-log-box:processReleaseManifest
2026-10-09T22:31:43.1439048Z > Task :expo-manifests:extractDeepLinksRelease
2026-10-09T22:31:43.2311867Z > Task :expo-manifests:processReleaseManifest
2026-10-09T22:31:43.2339634Z > Task :expo-modules-core:extractDeepLinksRelease
2026-10-09T22:31:43.2375828Z 
2026-10-09T22:31:43.2456649Z > Task :expo-modules-core:processReleaseManifest
2026-10-09T22:31:43.2480445Z /home/runner/work/movefield/movefield/mobile/node_modules/expo-modules-core/android/src/main/AndroidManifest.xml:8:9-11:45 Warning:
2026-10-09T22:31:43.2541396Z 	meta-data#com.facebook.soloader.enabled@android:value was tagged at AndroidManifest.xml:8 to replace other declarations but no other declaration present
2026-10-09T22:31:43.2572867Z 
2026-10-09T22:31:43.2620836Z > Task :expo-updates-interface:extractDeepLinksRelease
2026-10-09T22:31:43.3261972Z > Task :expo-updates-interface:processReleaseManifest
2026-10-09T22:31:43.3279496Z > Task :react-native-async-storage_async-storage:extractDeepLinksRelease
2026-10-09T22:31:43.3301366Z 
2026-10-09T22:31:43.3336105Z > Task :react-native-async-storage_async-storage:processReleaseManifest
2026-10-09T22:31:43.3337524Z package="com.reactnativecommunity.asyncstorage" found in source AndroidManifest.xml: /home/runner/work/movefield/movefield/mobile/node_modules/@react-native-async-storage/async-storage/android/src/main/AndroidManifest.xml.
2026-10-09T22:31:43.3369765Z Setting the namespace via the package attribute in the source AndroidManifest.xml is no longer supported, and the value is ignored.
2026-10-09T22:31:43.3400002Z Recommendation: remove package="com.reactnativecommunity.asyncstorage" from the source AndroidManifest.xml: /home/runner/work/movefield/movefield/mobile/node_modules/@react-native-async-storage/async-storage/android/src/main/AndroidManifest.xml.
2026-10-09T22:31:43.3428720Z 
2026-10-09T22:31:43.3429217Z > Task :react-native-safe-area-context:extractDeepLinksRelease
2026-10-09T22:31:43.3460821Z 
2026-10-09T22:31:43.3489398Z > Task :react-native-safe-area-context:processReleaseManifest
2026-10-09T22:31:43.3506142Z package="com.th3rdwave.safeareacontext" found in source AndroidManifest.xml: /home/runner/work/movefield/movefield/mobile/node_modules/react-native-safe-area-context/android/src/main/AndroidManifest.xml.
2026-10-09T22:31:43.3521945Z Setting the namespace via the package attribute in the source AndroidManifest.xml is no longer supported, and the value is ignored.
2026-10-09T22:31:43.3550070Z Recommendation: remove package="com.th3rdwave.safeareacontext" from the source AndroidManifest.xml: /home/runner/work/movefield/movefield/mobile/node_modules/react-native-safe-area-context/android/src/main/AndroidManifest.xml.
2026-10-09T22:31:43.9277665Z 
2026-10-09T22:31:43.9311638Z > Task :expo:compileReleaseLibraryResources
2026-10-09T22:31:44.0305801Z > Task :expo-constants:compileReleaseLibraryResources
2026-10-09T22:31:44.0329542Z > Task :expo-dev-client:compileReleaseLibraryResources
2026-10-09T22:31:44.0389471Z > Task :expo-dev-launcher:compileReleaseLibraryResources
2026-10-09T22:31:44.0412919Z > Task :expo-dev-menu:compileReleaseLibraryResources
2026-10-09T22:31:44.0489631Z > Task :expo-dev-menu-interface:compileReleaseLibraryResources
2026-10-09T22:31:44.0513672Z > Task :expo-json-utils:compileReleaseLibraryResources
2026-10-09T22:31:44.1279664Z > Task :expo-log-box:compileReleaseLibraryResources
2026-10-09T22:31:44.1322797Z > Task :expo-manifests:compileReleaseLibraryResources
2026-10-09T22:31:44.1349682Z > Task :expo-modules-core:compileReleaseLibraryResources
2026-10-09T22:31:44.1399695Z > Task :expo-updates-interface:compileReleaseLibraryResources
2026-10-09T22:31:44.1445603Z > Task :react-native-async-storage_async-storage:compileReleaseLibraryResources
2026-10-09T22:31:44.1489680Z > Task :react-native-safe-area-context:compileReleaseLibraryResources
2026-10-09T22:31:44.2259845Z > Task :react-native-async-storage_async-storage:bundleLibCompileToJarRelease
2026-10-09T22:31:44.3278799Z > Task :react-native-safe-area-context:bundleLibCompileToJarRelease
2026-10-09T22:31:44.3319252Z > Task :expo:prepareReleaseArtProfile
2026-10-09T22:31:44.3346690Z > Task :expo-constants:prepareReleaseArtProfile
2026-10-09T22:31:44.3400098Z > Task :expo-dev-client:prepareReleaseArtProfile
2026-10-09T22:31:44.3443356Z > Task :expo-dev-launcher:prepareReleaseArtProfile
2026-10-09T22:31:44.3487596Z > Task :expo-dev-menu:prepareReleaseArtProfile
2026-10-09T22:31:44.3535814Z > Task :expo-dev-menu-interface:prepareReleaseArtProfile
2026-10-09T22:31:44.3575012Z > Task :expo-json-utils:prepareReleaseArtProfile
2026-10-09T22:31:44.4267629Z > Task :expo-log-box:prepareReleaseArtProfile
2026-10-09T22:31:44.4439961Z > Task :expo-manifests:prepareReleaseArtProfile
2026-10-09T22:31:44.4452139Z > Task :expo-modules-core:prepareReleaseArtProfile
2026-10-09T22:31:44.4469584Z > Task :expo-updates-interface:prepareReleaseArtProfile
2026-10-09T22:31:44.4470230Z > Task :react-native-async-storage_async-storage:prepareReleaseArtProfile
2026-10-09T22:31:44.4470943Z > Task :react-native-safe-area-context:prepareReleaseArtProfile
2026-10-09T22:31:44.4473528Z > Task :react-native-safe-area-context:bundleLibRuntimeToJarRelease
2026-10-09T22:31:44.8289081Z 
2026-10-09T22:31:44.8329942Z > Task :app:createBundleReleaseJsAndAssets
2026-10-09T22:31:44.8359216Z Starting Metro Bundler
2026-10-09T22:31:44.8359643Z 
2026-10-09T22:31:44.9299906Z 
2026-10-09T22:31:44.9349793Z > Task :react-native-async-storage_async-storage:bundleLibRuntimeToJarRelease
2026-10-09T22:31:45.4303560Z > Task :expo:mergeReleaseShaders
2026-10-09T22:31:45.4322260Z > Task :expo:compileReleaseShaders NO-SOURCE
2026-10-09T22:31:45.4406970Z > Task :expo:generateReleaseAssets UP-TO-DATE
2026-10-09T22:31:45.4464419Z > Task :expo:mergeReleaseAssets
2026-10-09T22:31:45.4478503Z > Task :expo-constants:mergeReleaseShaders
2026-10-09T22:31:45.4563966Z > Task :expo-constants:compileReleaseShaders NO-SOURCE
2026-10-09T22:31:45.4671260Z > Task :expo-constants:generateReleaseAssets UP-TO-DATE
2026-10-09T22:31:45.4717782Z > Task :expo-constants:mergeReleaseAssets
2026-10-09T22:31:45.4773462Z > Task :expo-dev-client:mergeReleaseShaders
2026-10-09T22:31:45.4833503Z > Task :expo-dev-client:compileReleaseShaders NO-SOURCE
2026-10-09T22:31:45.4899488Z > Task :expo-dev-client:generateReleaseAssets UP-TO-DATE
2026-10-09T22:31:45.5300023Z > Task :expo-dev-client:mergeReleaseAssets
2026-10-09T22:31:45.5361359Z > Task :expo-dev-launcher:mergeReleaseShaders
2026-10-09T22:31:45.5389541Z > Task :expo-dev-launcher:compileReleaseShaders NO-SOURCE
2026-10-09T22:31:45.5406952Z > Task :expo-dev-launcher:generateReleaseAssets UP-TO-DATE
2026-10-09T22:31:45.5429329Z > Task :expo-dev-launcher:mergeReleaseAssets
2026-10-09T22:31:45.5450128Z > Task :expo-dev-menu:mergeReleaseShaders
2026-10-09T22:31:45.5512329Z > Task :expo-dev-menu:compileReleaseShaders NO-SOURCE
2026-10-09T22:31:45.5519064Z > Task :expo-dev-menu:generateReleaseAssets UP-TO-DATE
2026-10-09T22:31:45.5558878Z > Task :expo-dev-menu:mergeReleaseAssets
2026-10-09T22:31:45.6279755Z > Task :expo-dev-menu-interface:mergeReleaseShaders
2026-10-09T22:31:45.6290539Z > Task :expo-dev-menu-interface:compileReleaseShaders NO-SOURCE
2026-10-09T22:31:45.6329522Z > Task :expo-dev-menu-interface:generateReleaseAssets UP-TO-DATE
2026-10-09T22:31:45.6405831Z > Task :expo-dev-menu-interface:mergeReleaseAssets
2026-10-09T22:31:45.6494532Z > Task :expo-json-utils:mergeReleaseShaders
2026-10-09T22:31:45.6517067Z > Task :expo-json-utils:compileReleaseShaders NO-SOURCE
2026-10-09T22:31:45.6560326Z > Task :expo-json-utils:generateReleaseAssets UP-TO-DATE
2026-10-09T22:31:45.7290807Z > Task :expo-json-utils:mergeReleaseAssets
2026-10-09T22:31:45.7319422Z > Task :expo-log-box:mergeReleaseShaders
2026-10-09T22:31:45.7320240Z > Task :expo-log-box:compileReleaseShaders NO-SOURCE
2026-10-09T22:31:45.7349332Z > Task :expo-log-box:generateReleaseAssets UP-TO-DATE
2026-10-09T22:31:45.7372058Z > Task :expo-log-box:mergeReleaseAssets
2026-10-09T22:31:45.7384897Z > Task :expo-manifests:mergeReleaseShaders
2026-10-09T22:31:45.7409603Z > Task :expo-manifests:compileReleaseShaders NO-SOURCE
2026-10-09T22:31:45.7439264Z > Task :expo-manifests:generateReleaseAssets UP-TO-DATE
2026-10-09T22:31:45.8259234Z > Task :expo-manifests:mergeReleaseAssets
2026-10-09T22:31:45.8279935Z > Task :expo-modules-core:mergeReleaseShaders
2026-10-09T22:31:45.8309548Z > Task :expo-modules-core:compileReleaseShaders NO-SOURCE
2026-10-09T22:31:45.8339499Z > Task :expo-modules-core:generateReleaseAssets UP-TO-DATE
2026-10-09T22:31:45.8370562Z > Task :expo-modules-core:mergeReleaseAssets
2026-10-09T22:31:45.8399152Z > Task :expo-updates-interface:mergeReleaseShaders
2026-10-09T22:31:45.8402694Z > Task :expo-updates-interface:compileReleaseShaders NO-SOURCE
2026-10-09T22:31:45.8429116Z > Task :expo-updates-interface:generateReleaseAssets UP-TO-DATE
2026-10-09T22:31:45.8450816Z > Task :expo-updates-interface:mergeReleaseAssets
2026-10-09T22:31:45.9254426Z > Task :react-native-async-storage_async-storage:mergeReleaseShaders
2026-10-09T22:31:45.9271049Z > Task :react-native-async-storage_async-storage:compileReleaseShaders NO-SOURCE
2026-10-09T22:31:45.9299787Z > Task :react-native-async-storage_async-storage:generateReleaseAssets UP-TO-DATE
2026-10-09T22:31:45.9330541Z > Task :react-native-async-storage_async-storage:mergeReleaseAssets
2026-10-09T22:31:45.9359322Z > Task :react-native-safe-area-context:mergeReleaseShaders
2026-10-09T22:31:45.9360132Z > Task :react-native-safe-area-context:compileReleaseShaders NO-SOURCE
2026-10-09T22:31:45.9391443Z > Task :react-native-safe-area-context:generateReleaseAssets UP-TO-DATE
2026-10-09T22:31:45.9419284Z > Task :react-native-safe-area-context:mergeReleaseAssets
2026-10-09T22:31:46.0261967Z > Task :expo:extractProguardFiles
2026-10-09T22:31:46.0296006Z > Task :expo-constants:extractProguardFiles
2026-10-09T22:31:46.0344053Z > Task :expo-modules-core:extractProguardFiles
2026-10-09T22:31:46.0394078Z > Task :expo-modules-core:prepareLintJarForPublish
2026-10-09T22:31:46.0449513Z > Task :expo-constants:prepareLintJarForPublish
2026-10-09T22:31:46.0516704Z > Task :expo-dev-client:extractProguardFiles
2026-10-09T22:31:46.0563954Z > Task :expo-dev-client:prepareLintJarForPublish
2026-10-09T22:31:46.1280178Z > Task :expo-dev-launcher:extractProguardFiles
2026-10-09T22:31:46.1368182Z > Task :expo-dev-launcher:prepareLintJarForPublish
2026-10-09T22:31:46.1396198Z > Task :expo-dev-menu:extractProguardFiles
2026-10-09T22:31:46.1429666Z > Task :expo-dev-menu:prepareLintJarForPublish
2026-10-09T22:31:46.1481081Z > Task :expo-dev-menu-interface:extractProguardFiles
2026-10-09T22:31:46.1498285Z > Task :expo-dev-menu-interface:prepareLintJarForPublish
2026-10-09T22:31:46.1542323Z > Task :expo-json-utils:extractProguardFiles
2026-10-09T22:31:46.1559536Z > Task :expo-json-utils:prepareLintJarForPublish
2026-10-09T22:31:46.1595081Z > Task :expo-log-box:extractProguardFiles
2026-10-09T22:31:46.2261442Z > Task :expo-log-box:prepareLintJarForPublish
2026-10-09T22:31:46.2289491Z > Task :expo-manifests:extractProguardFiles
2026-10-09T22:31:46.2309257Z > Task :expo-manifests:prepareLintJarForPublish
2026-10-09T22:31:46.2363301Z > Task :expo-updates-interface:extractProguardFiles
2026-10-09T22:31:46.2387026Z > Task :expo-updates-interface:prepareLintJarForPublish
2026-10-09T22:31:46.2409103Z > Task :expo:prepareLintJarForPublish
2026-10-09T22:31:46.2429231Z > Task :react-native-async-storage_async-storage:processReleaseJavaRes NO-SOURCE
2026-10-09T22:31:46.2467800Z > Task :react-native-async-storage_async-storage:createFullJarRelease
2026-10-09T22:31:46.2489273Z > Task :react-native-async-storage_async-storage:extractProguardFiles
2026-10-09T22:31:52.7285413Z > Task :react-native-async-storage_async-storage:generateReleaseLintModel
2026-10-09T22:31:52.7343848Z > Task :react-native-async-storage_async-storage:prepareLintJarForPublish
2026-10-09T22:31:52.8270373Z > Task :react-native-safe-area-context:processReleaseJavaRes
2026-10-09T22:31:52.8321452Z > Task :react-native-safe-area-context:createFullJarRelease
2026-10-09T22:31:52.8354149Z > Task :react-native-safe-area-context:extractProguardFiles
2026-10-09T22:31:52.8409504Z > Task :react-native-safe-area-context:generateReleaseLintModel
2026-10-09T22:31:52.9259808Z > Task :react-native-safe-area-context:prepareLintJarForPublish
2026-10-09T22:31:52.9288182Z > Task :react-native-safe-area-context:stripReleaseDebugSymbols NO-SOURCE
2026-10-09T22:31:52.9319518Z > Task :react-native-safe-area-context:copyReleaseJniLibsProjectAndLocalJars
2026-10-09T22:31:52.9350164Z > Task :react-native-safe-area-context:extractDeepLinksForAarRelease
2026-10-09T22:31:59.0259287Z 
2026-10-09T22:31:59.0320058Z > Task :app:createBundleReleaseJsAndAssets
2026-10-09T22:31:59.0349436Z Android Bundled 14870ms index.ts (832 modules)
2026-10-09T22:31:59.0379515Z Writing bundle output to: /home/runner/work/movefield/movefield/mobile/android/app/build/generated/assets/react/release/index.android.bundle
2026-10-09T22:31:59.1330362Z Writing sourcemap output to: /home/runner/work/movefield/movefield/mobile/android/app/build/intermediates/sourcemaps/react/release/index.android.bundle.packager.map
2026-10-09T22:31:59.2255756Z Copying 12 asset files
2026-10-09T22:31:59.2270330Z Done writing bundle output
2026-10-09T22:31:59.2289131Z Done writing sourcemap output
2026-10-09T22:32:01.7299253Z 
2026-10-09T22:32:01.7339774Z > Task :react-native-safe-area-context:extractReleaseAnnotations
2026-10-09T22:32:01.7369357Z > Task :react-native-safe-area-context:mergeReleaseGeneratedProguardFiles
2026-10-09T22:32:01.7433167Z > Task :react-native-safe-area-context:mergeReleaseConsumerProguardFiles
2026-10-09T22:32:01.8259787Z > Task :react-native-safe-area-context:mergeReleaseJavaResource
2026-10-09T22:32:01.8275794Z > Task :react-native-safe-area-context:syncReleaseLibJars
2026-10-09T22:32:01.8300138Z > Task :react-native-safe-area-context:bundleReleaseLocalLintAar
2026-10-09T22:32:01.9269814Z > Task :react-native-async-storage_async-storage:stripReleaseDebugSymbols NO-SOURCE
2026-10-09T22:32:01.9319830Z > Task :react-native-async-storage_async-storage:copyReleaseJniLibsProjectAndLocalJars
2026-10-09T22:32:01.9349352Z > Task :react-native-async-storage_async-storage:extractDeepLinksForAarRelease
2026-10-09T22:32:01.9399570Z > Task :react-native-async-storage_async-storage:extractReleaseAnnotations
2026-10-09T22:32:01.9429551Z > Task :react-native-async-storage_async-storage:mergeReleaseGeneratedProguardFiles
2026-10-09T22:32:01.9496450Z > Task :react-native-async-storage_async-storage:mergeReleaseConsumerProguardFiles
2026-10-09T22:32:01.9538310Z > Task :react-native-async-storage_async-storage:mergeReleaseJavaResource
2026-10-09T22:32:01.9549383Z > Task :react-native-async-storage_async-storage:syncReleaseLibJars
2026-10-09T22:32:02.0271643Z > Task :react-native-async-storage_async-storage:bundleReleaseLocalLintAar
2026-10-09T22:32:02.0310880Z > Task :expo:stripReleaseDebugSymbols NO-SOURCE
2026-10-09T22:32:02.0339303Z > Task :expo:copyReleaseJniLibsProjectAndLocalJars
2026-10-09T22:32:02.0391540Z > Task :expo:extractDeepLinksForAarRelease
2026-10-09T22:32:02.0449374Z > Task :expo-log-box:stripReleaseDebugSymbols NO-SOURCE
2026-10-09T22:32:02.0519588Z > Task :expo-log-box:copyReleaseJniLibsProjectAndLocalJars
2026-10-09T22:32:02.0551623Z > Task :expo-log-box:extractDeepLinksForAarRelease
2026-10-09T22:32:02.0709684Z > Task :expo-dev-launcher:stripReleaseDebugSymbols NO-SOURCE
2026-10-09T22:32:02.0739658Z > Task :expo-dev-launcher:copyReleaseJniLibsProjectAndLocalJars
2026-10-09T22:32:02.0799419Z > Task :expo-dev-launcher:extractDeepLinksForAarRelease
2026-10-09T22:32:02.0859490Z > Task :expo-dev-menu-interface:stripReleaseDebugSymbols NO-SOURCE
2026-10-09T22:32:02.1301304Z > Task :expo-dev-menu-interface:copyReleaseJniLibsProjectAndLocalJars
2026-10-09T22:32:02.1359825Z > Task :expo-dev-menu-interface:extractDeepLinksForAarRelease
2026-10-09T22:32:02.1360679Z > Task :expo-modules-core:stripReleaseDebugSymbols
2026-10-09T22:32:02.2274197Z > Task :expo-modules-core:copyReleaseJniLibsProjectAndLocalJars
2026-10-09T22:32:02.2345428Z > Task :expo-modules-core:extractDeepLinksForAarRelease
2026-10-09T22:32:02.2369163Z > Task :expo-constants:stripReleaseDebugSymbols NO-SOURCE
2026-10-09T22:32:02.2423103Z > Task :expo-constants:copyReleaseJniLibsProjectAndLocalJars
2026-10-09T22:32:02.2461809Z > Task :expo-constants:extractDeepLinksForAarRelease
2026-10-09T22:32:02.2519394Z > Task :expo-dev-client:stripReleaseDebugSymbols NO-SOURCE
2026-10-09T22:32:02.2549172Z > Task :expo-dev-client:copyReleaseJniLibsProjectAndLocalJars
2026-10-09T22:32:02.2609657Z > Task :expo-dev-client:extractDeepLinksForAarRelease
2026-10-09T22:32:02.2719555Z > Task :expo-dev-menu:stripReleaseDebugSymbols NO-SOURCE
2026-10-09T22:32:02.2758905Z > Task :expo-dev-menu:copyReleaseJniLibsProjectAndLocalJars
2026-10-09T22:32:02.2789308Z > Task :expo-dev-menu:extractDeepLinksForAarRelease
2026-10-09T22:32:02.2789755Z > Task :expo-manifests:stripReleaseDebugSymbols NO-SOURCE
2026-10-09T22:32:02.2790178Z > Task :expo-manifests:copyReleaseJniLibsProjectAndLocalJars
2026-10-09T22:32:02.2790592Z > Task :expo-manifests:extractDeepLinksForAarRelease
2026-10-09T22:32:02.2791031Z > Task :expo-json-utils:stripReleaseDebugSymbols NO-SOURCE
2026-10-09T22:32:02.2791465Z > Task :expo-json-utils:copyReleaseJniLibsProjectAndLocalJars
2026-10-09T22:32:02.2791872Z > Task :expo-json-utils:extractDeepLinksForAarRelease
2026-10-09T22:32:02.2792303Z > Task :expo-updates-interface:stripReleaseDebugSymbols NO-SOURCE
2026-10-09T22:32:02.2792790Z > Task :expo-updates-interface:copyReleaseJniLibsProjectAndLocalJars
2026-10-09T22:32:02.2793272Z > Task :expo-updates-interface:extractDeepLinksForAarRelease
2026-10-09T22:32:02.3253484Z > Task :expo-constants:writeReleaseLintModelMetadata
2026-10-09T22:32:02.3279340Z > Task :expo-dev-client:writeReleaseLintModelMetadata
2026-10-09T22:32:02.3289595Z > Task :expo-dev-launcher:writeReleaseLintModelMetadata
2026-10-09T22:32:02.3309145Z > Task :expo-dev-menu:writeReleaseLintModelMetadata
2026-10-09T22:32:02.3345018Z > Task :expo-dev-menu-interface:writeReleaseLintModelMetadata
2026-10-09T22:32:02.3399021Z > Task :expo-json-utils:writeReleaseLintModelMetadata
2026-10-09T22:32:02.3428947Z > Task :expo-log-box:writeReleaseLintModelMetadata
2026-10-09T22:32:02.3459021Z > Task :expo-manifests:writeReleaseLintModelMetadata
2026-10-09T22:32:02.3459458Z > Task :expo-modules-core:writeReleaseLintModelMetadata
2026-10-09T22:32:02.3459891Z > Task :expo-updates-interface:writeReleaseLintModelMetadata
2026-10-09T22:32:02.3460279Z > Task :expo:writeReleaseLintModelMetadata
2026-10-09T22:32:08.9271149Z > Task :expo-sqlite:mergeReleaseJniLibFolders
2026-10-09T22:32:08.9348827Z > Task :expo-sqlite:mergeReleaseNativeLibs
2026-10-09T22:32:09.0261079Z > Task :expo-sqlite:copyReleaseJniLibsProjectOnly
2026-10-09T22:32:09.0319562Z > Task :expo-sqlite:checkKotlinGradlePluginConfigurationErrors SKIPPED
2026-10-09T22:32:09.0349913Z > Task :expo-sqlite:generateReleaseBuildConfig
2026-10-09T22:32:09.0399430Z > Task :expo-sqlite:generateReleaseResValues
2026-10-09T22:32:09.0459277Z > Task :expo-sqlite:generateReleaseResources
2026-10-09T22:32:09.0481535Z > Task :expo-sqlite:packageReleaseResources
2026-10-09T22:32:09.0549183Z > Task :expo-sqlite:parseReleaseLocalResources
2026-10-09T22:32:09.0609414Z > Task :expo-sqlite:generateReleaseRFile
2026-10-09T22:32:09.1269604Z > Task :expo-sqlite:javaPreCompileRelease
2026-10-09T22:32:09.1280107Z > Task :expo-sqlite:writeReleaseAarMetadata
2026-10-09T22:32:09.1359473Z > Task :expo-sqlite:extractDeepLinksRelease
2026-10-09T22:32:09.1429322Z > Task :expo-sqlite:processReleaseManifest
2026-10-09T22:32:09.1479494Z > Task :expo-sqlite:compileReleaseLibraryResources
2026-10-09T22:32:09.1479948Z > Task :expo-sqlite:prepareReleaseArtProfile
2026-10-09T22:32:09.1543059Z > Task :expo-sqlite:mergeReleaseShaders
2026-10-09T22:32:09.1589402Z > Task :expo-sqlite:compileReleaseShaders NO-SOURCE
2026-10-09T22:32:09.1612197Z > Task :expo-sqlite:generateReleaseAssets UP-TO-DATE
2026-10-09T22:32:09.1679294Z > Task :expo-sqlite:mergeReleaseAssets
2026-10-09T22:32:09.1710127Z > Task :expo-sqlite:extractProguardFiles
2026-10-09T22:32:09.1763810Z > Task :expo-sqlite:prepareLintJarForPublish
2026-10-09T22:32:09.2263425Z > Task :expo-sqlite:stripReleaseDebugSymbols
2026-10-09T22:32:09.2348392Z > Task :expo-sqlite:copyReleaseJniLibsProjectAndLocalJars
2026-10-09T22:32:09.2389393Z > Task :expo-sqlite:extractDeepLinksForAarRelease
2026-10-09T22:32:09.2459448Z > Task :expo-sqlite:writeReleaseLintModelMetadata
2026-10-09T22:32:09.2498162Z > Task :react-native-async-storage_async-storage:writeReleaseLintModelMetadata
2026-10-09T22:32:11.9254259Z > Task :expo-modules-core:compileReleaseKotlin
2026-10-09T22:32:14.9294598Z w: file:///home/runner/work/movefield/movefield/mobile/node_modules/expo-modules-core/android/src/main/java/expo/modules/apploader/AppLoaderProvider.kt:34:52 Unchecked cast of 'Class<*>!' to 'Class<out HeadlessAppLoader>'.
2026-10-09T22:32:14.9350328Z w: file:///home/runner/work/movefield/movefield/mobile/node_modules/expo-modules-core/android/src/main/java/expo/modules/kotlin/AppContext.kt:14:8 'class UIManagerModule : ReactContextBaseJavaModule, LifecycleEventListener, UIManager' is deprecated. Deprecated in Java.
2026-10-09T22:32:14.9398059Z w: file:///home/runner/work/movefield/movefield/mobile/node_modules/expo-modules-core/android/src/main/java/expo/modules/kotlin/AppContext.kt:22:8 'typealias ErrorManagerModule = JSLoggerModule' is deprecated. Use JSLoggerModule instead.
2026-10-09T22:32:14.9457262Z w: file:///home/runner/work/movefield/movefield/mobile/node_modules/expo-modules-core/android/src/main/java/expo/modules/kotlin/AppContext.kt:61:13 'val hostingRuntimeContext: MainRuntime' is deprecated. Use AppContext.runtimeContext instead.
2026-10-09T22:32:14.9487587Z w: file:///home/runner/work/movefield/movefield/mobile/node_modules/expo-modules-core/android/src/main/java/expo/modules/kotlin/AppContext.kt:271:21 'typealias ErrorManagerModule = JSLoggerModule' is deprecated. Use JSLoggerModule instead.
2026-10-09T22:32:14.9587787Z w: file:///home/runner/work/movefield/movefield/mobile/node_modules/expo-modules-core/android/src/main/java/expo/modules/kotlin/AppContext.kt:380:21 'val DEFAULT: Int' is deprecated. UIManagerType.DEFAULT will be deleted in the next release of React Native. Use [LEGACY] instead.
2026-10-09T22:32:14.9629047Z w: file:///home/runner/work/movefield/movefield/mobile/node_modules/expo-modules-core/android/src/main/java/expo/modules/kotlin/AppContext.kt:381:10 'class UIManagerModule : ReactContextBaseJavaModule, LifecycleEventListener, UIManager' is deprecated. Deprecated in Java.
2026-10-09T22:32:14.9677481Z w: file:///home/runner/work/movefield/movefield/mobile/node_modules/expo-modules-core/android/src/main/java/expo/modules/kotlin/defaultmodules/NativeModulesProxyModule.kt:16:5 'fun Constants(legacyConstantsProvider: () -> Map<String, Any?>): Unit' is deprecated. Use `Constant` or `Property` instead.
2026-10-09T22:32:14.9703692Z w: file:///home/runner/work/movefield/movefield/mobile/node_modules/expo-modules-core/android/src/main/java/expo/modules/kotlin/events/KModuleEventEmitterWrapper.kt:99:21 'fun getEventDispatcherForReactTag(context: ReactContext, reactTag: Int): EventDispatcher?' is deprecated. reactTag is no longer needed.
2026-10-09T22:32:14.9779233Z w: file:///home/runner/work/movefield/movefield/mobile/node_modules/expo-modules-core/android/src/main/java/expo/modules/kotlin/events/KModuleEventEmitterWrapper.kt:108:21 'fun getEventDispatcherForReactTag(context: ReactContext, reactTag: Int): EventDispatcher?' is deprecated. reactTag is no longer needed.
2026-10-09T22:32:14.9870063Z w: file:///home/runner/work/movefield/movefield/mobile/node_modules/expo-modules-core/android/src/main/java/expo/modules/kotlin/views/ViewDefinitionBuilder.kt:470:16 'val errorManager: JSLoggerModule?' is deprecated. Use AppContext.jsLogger instead.
2026-10-09T22:32:14.9953818Z w: file:///home/runner/work/movefield/movefield/mobile/node_modules/expo-modules-core/android/src/main/java/expo/modules/kotlin/views/ViewDefinitionBuilder.kt:470:30 'fun reportExceptionToLogBox(codedException: CodedException): Unit' is deprecated. Use appContext.jsLogger.error(...) instead.
2026-10-09T22:32:14.9980540Z w: file:///home/runner/work/movefield/movefield/mobile/node_modules/expo-modules-core/android/src/main/java/expo/modules/kotlin/views/ViewManagerDefinition.kt:41:16 'val errorManager: JSLoggerModule?' is deprecated. Use AppContext.jsLogger instead.
2026-10-09T22:32:15.0030602Z w: file:///home/runner/work/movefield/movefield/mobile/node_modules/expo-modules-core/android/src/main/java/expo/modules/kotlin/views/ViewManagerDefinition.kt:41:30 'fun reportExceptionToLogBox(codedException: CodedException): Unit' is deprecated. Use appContext.jsLogger.error(...) instead.
2026-10-09T22:32:15.6253160Z 
2026-10-09T22:32:15.6254618Z > Task :react-native-async-storage_async-storage:lintVitalAnalyzeRelease
2026-10-09T22:32:15.6255354Z > Task :react-native-safe-area-context:writeReleaseLintModelMetadata
2026-10-09T22:32:15.7254048Z > Task :react-native-async-storage_async-storage:generateReleaseLintVitalModel
2026-10-09T22:32:15.7279397Z > Task :react-native-safe-area-context:generateReleaseLintVitalModel
2026-10-09T22:32:17.1279670Z Note: Some input files use or override a deprecated API.
2026-10-09T22:32:17.1279997Z 
2026-10-09T22:32:17.1309075Z Note: Recompile with -Xlint:deprecation for details.
2026-10-09T22:32:17.1309500Z > Task :expo-modules-core:compileReleaseJavaWithJavac
2026-10-09T22:32:17.8269177Z 
2026-10-09T22:32:17.8299398Z > Task :expo-modules-core:bundleLibCompileToJarRelease
2026-10-09T22:32:18.1282431Z > Task :app:mergeReleaseNativeLibs
2026-10-09T22:32:18.8279885Z > Task :app:stripReleaseDebugSymbols
2026-10-09T22:32:19.2269646Z > Task :app:extractReleaseNativeSymbolTables
2026-10-09T22:32:19.4298997Z 
2026-10-09T22:32:19.4359454Z > Task :expo-constants:compileReleaseKotlin
2026-10-09T22:32:19.4420399Z w: file:///home/runner/work/movefield/movefield/mobile/node_modules/expo-constants/android/src/main/java/expo/modules/constants/ConstantsModule.kt:13:5 'fun Constants(legacyConstantsProvider: () -> Map<String, Any?>): Unit' is deprecated. Use `Constant` or `Property` instead.
2026-10-09T22:32:19.8271068Z 
2026-10-09T22:32:19.8351840Z > Task :expo-constants:compileReleaseJavaWithJavac
2026-10-09T22:32:19.8409519Z > Task :expo-constants:bundleLibCompileToJarRelease
2026-10-09T22:32:19.8439233Z > Task :expo-dev-client:compileReleaseKotlin NO-SOURCE
2026-10-09T22:32:20.0259754Z > Task :expo-dev-client:compileReleaseJavaWithJavac
2026-10-09T22:32:20.0319715Z > Task :expo-dev-client:bundleLibCompileToJarRelease
2026-10-09T22:32:20.4275481Z > Task :app:mergeReleaseNativeDebugMetadata
2026-10-09T22:32:22.0320018Z > Task :expo-dev-menu:compileReleaseKotlin
2026-10-09T22:32:22.0399076Z 
2026-10-09T22:32:22.0399651Z > Task :expo-dev-launcher:compileReleaseKotlin
2026-10-09T22:32:22.0401156Z w: file:///home/runner/work/movefield/movefield/mobile/node_modules/expo-dev-launcher/android/src/main/java/expo/modules/devlauncher/DevLauncherPackage.kt:15:16 This declaration overrides a deprecated member but is not marked as deprecated itself. Add the '@Deprecated' annotation or suppress the diagnostic.
2026-10-09T22:32:23.8253742Z 
2026-10-09T22:32:23.8269472Z > Task :react-native-async-storage_async-storage:lintAnalyzeRelease
2026-10-09T22:32:23.8302186Z > Task :expo-dev-menu-interface:compileReleaseKotlin NO-SOURCE
2026-10-09T22:32:23.9255725Z > Task :expo-dev-menu-interface:compileReleaseJavaWithJavac
2026-10-09T22:32:23.9270556Z > Task :expo-dev-menu-interface:bundleLibCompileToJarRelease
2026-10-09T22:32:23.9287760Z > Task :expo-dev-launcher:compileReleaseJavaWithJavac
2026-10-09T22:32:23.9288439Z > Task :expo-dev-launcher:bundleLibCompileToJarRelease
2026-10-09T22:32:23.9289110Z > Task :expo-dev-menu:compileReleaseJavaWithJavac
2026-10-09T22:32:23.9289618Z > Task :expo-dev-menu:bundleLibCompileToJarRelease
2026-10-09T22:32:24.4289597Z > Task :expo-json-utils:compileReleaseKotlin
2026-10-09T22:32:24.4290048Z > Task :react-native-safe-area-context:lintVitalAnalyzeRelease
2026-10-09T22:32:24.6269731Z > Task :expo-json-utils:compileReleaseJavaWithJavac
2026-10-09T22:32:24.6310424Z > Task :expo-json-utils:bundleLibCompileToJarRelease
2026-10-09T22:32:24.8260950Z > Task :expo-updates-interface:compileReleaseKotlin
2026-10-09T22:32:25.0319907Z > Task :expo-updates-interface:compileReleaseJavaWithJavac
2026-10-09T22:32:25.0359635Z > Task :expo-updates-interface:bundleLibCompileToJarRelease
2026-10-09T22:32:25.0426975Z > Task :expo-dev-launcher:bundleLibRuntimeToDirRelease
2026-10-09T22:32:25.1271148Z > Task :expo-dev-menu-interface:bundleLibRuntimeToDirRelease
2026-10-09T22:32:25.6271581Z > Task :expo-modules-core:bundleLibRuntimeToDirRelease
2026-10-09T22:32:25.8274457Z 
2026-10-09T22:32:25.8299602Z > Task :expo-manifests:compileReleaseKotlin
2026-10-09T22:32:25.8301083Z w: file:///home/runner/work/movefield/movefield/mobile/node_modules/expo-manifests/android/src/main/java/expo/modules/manifests/core/EmbeddedManifest.kt:19:16 This declaration overrides a deprecated member but is not marked as deprecated itself. Add the '@Deprecated' annotation or suppress the diagnostic.
2026-10-09T22:32:25.8303049Z w: file:///home/runner/work/movefield/movefield/mobile/node_modules/expo-manifests/android/src/main/java/expo/modules/manifests/core/EmbeddedManifest.kt:19:86 'fun getLegacyID(): String' is deprecated. Prefer scopeKey or projectId depending on use case.
2026-10-09T22:32:25.8304950Z w: file:///home/runner/work/movefield/movefield/mobile/node_modules/expo-manifests/android/src/main/java/expo/modules/manifests/core/ExpoUpdatesManifest.kt:16:16 This declaration overrides a deprecated member but is not marked as deprecated itself. Add the '@Deprecated' annotation or suppress the diagnostic.
2026-10-09T22:32:25.8306708Z w: file:///home/runner/work/movefield/movefield/mobile/node_modules/expo-manifests/android/src/main/java/expo/modules/manifests/core/Manifest.kt:13:3 Deprecations and opt-ins on a method overridden from 'Any' may not be reported.
2026-10-09T22:32:25.8308220Z w: file:///home/runner/work/movefield/movefield/mobile/node_modules/expo-manifests/android/src/main/java/expo/modules/manifests/core/Manifest.kt:15:12 'fun getRawJson(): JSONObject' is deprecated. Prefer to use specific field getters.
2026-10-09T22:32:26.0279792Z 
2026-10-09T22:32:26.0299732Z > Task :expo-log-box:compileReleaseKotlin
2026-10-09T22:32:26.0339232Z > Task :expo-manifests:compileReleaseJavaWithJavac
2026-10-09T22:32:26.0362858Z > Task :expo-manifests:bundleLibCompileToJarRelease
2026-10-09T22:32:26.1281265Z > Task :expo-constants:bundleLibRuntimeToDirRelease
2026-10-09T22:32:26.1339682Z The Daemon will expire after the build after running out of JVM Metaspace.
2026-10-09T22:32:26.1426190Z The project memory settings are likely not configured or are configured to an insufficient value.
2026-10-09T22:32:26.1459631Z The daemon will restart for the next build, which may increase subsequent build times.
2026-10-09T22:32:26.1514405Z These settings can be adjusted by setting 'org.gradle.jvmargs' in 'gradle.properties'.
2026-10-09T22:32:26.1549605Z The currently configured max heap space is '2 GiB' and the configured max metaspace is '512 MiB'.
2026-10-09T22:32:26.1550629Z For more information on how to set these values, please refer to https://docs.gradle.org/9.3.1/userguide/build_environment.html#sec:configuring_jvm_memory in the Gradle documentation.
2026-10-09T22:32:26.1551222Z To disable this warning, set 'org.gradle.daemon.performance.disable-logging=true'.
2026-10-09T22:32:26.2269824Z > Task :expo-dev-client:bundleLibRuntimeToDirRelease
2026-10-09T22:32:26.3309902Z > Task :expo-dev-menu:bundleLibRuntimeToDirRelease
2026-10-09T22:32:26.3339335Z > Task :expo-manifests:bundleLibRuntimeToDirRelease
2026-10-09T22:32:27.1279843Z > Task :expo-json-utils:bundleLibRuntimeToDirRelease
2026-10-09T22:32:27.2254575Z > Task :expo-log-box:compileReleaseJavaWithJavac
2026-10-09T22:32:27.2279419Z > Task :expo-updates-interface:bundleLibRuntimeToDirRelease
2026-10-09T22:32:27.2280109Z > Task :expo-log-box:bundleLibCompileToJarRelease
2026-10-09T22:32:27.2306541Z > Task :expo-log-box:bundleLibRuntimeToDirRelease
2026-10-09T22:32:27.6289702Z > Task :expo-log-box:bundleLibRuntimeToJarRelease
2026-10-09T22:32:27.6290129Z > Task :app:checkReleaseAarMetadata
2026-10-09T22:32:27.8289719Z > Task :app:generateReleaseResValues
2026-10-09T22:32:27.8290158Z > Task :expo-dev-launcher:bundleLibRuntimeToJarRelease
2026-10-09T22:32:27.8319214Z > Task :app:mapReleaseSourceSetPaths
2026-10-09T22:32:27.8349065Z > Task :app:generateReleaseResources
2026-10-09T22:32:27.8379172Z > Task :expo-dev-menu-interface:bundleLibRuntimeToJarRelease
2026-10-09T22:32:28.0260370Z > Task :expo-modules-core:bundleLibRuntimeToJarRelease
2026-10-09T22:32:29.0269714Z > Task :expo-sqlite:compileReleaseKotlin
2026-10-09T22:32:29.3253941Z > Task :expo-sqlite:compileReleaseJavaWithJavac
2026-10-09T22:32:29.3279148Z > Task :expo-sqlite:bundleLibCompileToJarRelease
2026-10-09T22:32:31.9253943Z > Task :app:mergeReleaseResources
2026-10-09T22:32:32.0259706Z > Task :expo-sqlite:bundleLibRuntimeToDirRelease
2026-10-09T22:32:33.8269807Z 
2026-10-09T22:32:33.8290804Z > Task :expo:compileReleaseKotlin
2026-10-09T22:32:33.8340227Z w: file:///home/runner/work/movefield/movefield/mobile/node_modules/expo/android/src/main/java/expo/modules/ExpoModulesPackage.kt:34:16 This declaration overrides a deprecated member but is not marked as deprecated itself. Add the '@Deprecated' annotation or suppress the diagnostic.
2026-10-09T22:32:33.8369817Z w: file:///home/runner/work/movefield/movefield/mobile/node_modules/expo/android/src/main/java/expo/modules/ReactActivityDelegateWrapper.kt:22:8 'class ReactInstanceManager : Any' is deprecated. Deprecated in Java.
2026-10-09T22:32:33.8371713Z w: file:///home/runner/work/movefield/movefield/mobile/node_modules/expo/android/src/main/java/expo/modules/ReactActivityDelegateWrapper.kt:102:16 This declaration overrides a deprecated member but is not marked as deprecated itself. Add the '@Deprecated' annotation or suppress the diagnostic.
2026-10-09T22:32:33.8373496Z w: file:///home/runner/work/movefield/movefield/mobile/node_modules/expo/android/src/main/java/expo/modules/ReactActivityDelegateWrapper.kt:102:43 'class ReactInstanceManager : Any' is deprecated. Deprecated in Java.
2026-10-09T22:32:33.8375380Z w: file:///home/runner/work/movefield/movefield/mobile/node_modules/expo/android/src/main/java/expo/modules/ReactActivityDelegateWrapper.kt:103:21 'val reactInstanceManager: ReactInstanceManager' is deprecated. Deprecated in Java.
2026-10-09T22:32:33.8377110Z w: file:///home/runner/work/movefield/movefield/mobile/node_modules/expo/android/src/main/java/expo/modules/fetch/ExpoFetchModule.kt:33:39 'constructor(reactContext: ReactContext): ForwardingCookieHandler' is deprecated. Use the default constructor.
2026-10-09T22:32:33.8379114Z w: file:///home/runner/work/movefield/movefield/mobile/node_modules/expo/android/src/main/java/expo/modules/fetch/NativeResponse.kt:44:16 This declaration overrides a deprecated member but is not marked as deprecated itself. Add the '@Deprecated' annotation or suppress the diagnostic.
2026-10-09T22:32:33.8380804Z w: file:///home/runner/work/movefield/movefield/mobile/node_modules/expo/android/src/main/java/expo/modules/fetch/NativeResponse.kt:46:11 'fun deallocate(): Unit' is deprecated. Use sharedObjectDidRelease() instead.
2026-10-09T22:32:35.3253838Z 
2026-10-09T22:32:35.3264170Z > Task :expo:compileReleaseJavaWithJavac
2026-10-09T22:32:35.5319863Z > Task :expo:bundleLibRuntimeToDirRelease
2026-10-09T22:32:36.2259881Z > Task :app:packageReleaseResources
2026-10-09T22:32:36.2279185Z > Task :app:parseReleaseLocalResources
2026-10-09T22:32:36.2309328Z > Task :app:createReleaseCompatibleScreenManifests
2026-10-09T22:32:36.2315111Z > Task :app:extractDeepLinksRelease
2026-10-09T22:32:37.0257992Z 
2026-10-09T22:32:37.0289518Z > Task :app:processReleaseMainManifest
2026-10-09T22:32:37.0309510Z /home/runner/work/movefield/movefield/mobile/android/app/src/main/AndroidManifest.xml:3:3-142 Warning:
2026-10-09T22:32:37.0369525Z 	uses-permission#android.permission.CAMERA was tagged at AndroidManifest.xml:3 to remove other declarations but no other declaration present
2026-10-09T22:32:37.0433424Z /home/runner/work/movefield/movefield/mobile/android/app/src/main/AndroidManifest.xml:7:3-88 Warning:
2026-10-09T22:32:37.0450453Z 	uses-permission#android.permission.RECORD_AUDIO was tagged at AndroidManifest.xml:7 to remove other declarations but no other declaration present
2026-10-09T22:32:37.0451389Z /home/runner/work/movefield/movefield/mobile/android/app/src/main/AndroidManifest.xml:8:3-95 Warning:
2026-10-09T22:32:37.0452577Z 	uses-permission#android.permission.SYSTEM_ALERT_WINDOW was tagged at AndroidManifest.xml:8 to remove other declarations but no other declaration present
2026-10-09T22:32:37.0484093Z /home/runner/work/movefield/movefield/mobile/android/app/src/main/AndroidManifest.xml Warning:
2026-10-09T22:32:37.0512329Z 	provider#expo.modules.filesystem.FileSystemFileProvider@android:authorities was tagged at AndroidManifest.xml:0 to replace other declarations but no other declaration present
2026-10-09T22:32:37.0539948Z 
2026-10-09T22:32:37.0552783Z > Task :app:expoReleaseOverrideMaxSdkConflicts
2026-10-09T22:32:37.0570258Z [33m---------- Expo Max Sdk Override Plugin ----------[0m
2026-10-09T22:32:37.0570791Z [32m>>> No 'android:maxSdkVersion' conflicts found[0m
2026-10-09T22:32:37.0571251Z [33m--------------------------------------------------[0m
2026-10-09T22:32:37.1279158Z 
2026-10-09T22:32:37.1280748Z > Task :app:processReleaseManifest
2026-10-09T22:32:37.2266034Z > Task :app:processReleaseManifestForPackage
2026-10-09T22:32:37.8259908Z > Task :expo:bundleLibCompileToJarRelease
2026-10-09T22:32:37.8330508Z > Task :expo:bundleLibRuntimeToJarRelease
2026-10-09T22:32:37.8359179Z > Task :expo-constants:bundleLibRuntimeToJarRelease
2026-10-09T22:32:38.0254086Z > Task :expo-dev-client:bundleLibRuntimeToJarRelease
2026-10-09T22:32:38.0279811Z > Task :expo-dev-menu:bundleLibRuntimeToJarRelease
2026-10-09T22:32:38.0309254Z > Task :app:javaPreCompileRelease
2026-10-09T22:32:38.1254030Z > Task :app:desugarReleaseFileDependencies
2026-10-09T22:32:38.1289216Z > Task :app:mergeReleaseStartupProfile
2026-10-09T22:32:39.1279663Z > Task :expo-json-utils:bundleLibRuntimeToJarRelease
2026-10-09T22:32:39.2254254Z > Task :expo-sqlite:bundleLibRuntimeToJarRelease
2026-10-09T22:32:43.7257988Z > Task :expo-updates-interface:bundleLibRuntimeToJarRelease
2026-10-09T22:32:43.7269310Z > Task :expo:processReleaseJavaRes
2026-10-09T22:32:43.7337776Z > Task :expo:createFullJarRelease
2026-10-09T22:32:43.8269686Z > Task :expo-constants:processReleaseJavaRes
2026-10-09T22:32:43.8329269Z > Task :expo-constants:createFullJarRelease
2026-10-09T22:32:43.8389254Z > Task :expo-modules-core:processReleaseJavaRes
2026-10-09T22:32:43.9279593Z > Task :expo-modules-core:createFullJarRelease
2026-10-09T22:32:44.1279793Z > Task :app:processReleaseResources
2026-10-09T22:32:44.1310600Z > Task :expo-dev-client:processReleaseJavaRes NO-SOURCE
2026-10-09T22:32:44.1349160Z > Task :expo-dev-client:createFullJarRelease
2026-10-09T22:32:44.1409178Z > Task :expo-dev-launcher:processReleaseJavaRes
2026-10-09T22:32:44.1439155Z > Task :expo-dev-launcher:createFullJarRelease
2026-10-09T22:32:44.1469105Z > Task :expo-dev-menu:processReleaseJavaRes
2026-10-09T22:32:44.1511637Z > Task :expo-dev-menu:createFullJarRelease
2026-10-09T22:32:44.1559329Z > Task :expo-dev-menu-interface:processReleaseJavaRes NO-SOURCE
2026-10-09T22:32:44.1619713Z > Task :expo-dev-menu-interface:createFullJarRelease
2026-10-09T22:32:44.1649150Z > Task :expo-json-utils:processReleaseJavaRes
2026-10-09T22:32:44.1679123Z > Task :expo-json-utils:createFullJarRelease
2026-10-09T22:32:44.1679490Z > Task :expo-log-box:processReleaseJavaRes
2026-10-09T22:32:44.1679810Z > Task :expo-log-box:createFullJarRelease
2026-10-09T22:32:44.1680130Z > Task :expo-manifests:processReleaseJavaRes
2026-10-09T22:32:44.1680448Z > Task :expo-sqlite:processReleaseJavaRes
2026-10-09T22:32:44.2279645Z > Task :expo-sqlite:createFullJarRelease
2026-10-09T22:32:44.2339650Z > Task :expo-updates-interface:processReleaseJavaRes
2026-10-09T22:32:44.2387384Z > Task :expo-updates-interface:createFullJarRelease
2026-10-09T22:32:44.2449257Z > Task :expo:extractReleaseAnnotations
2026-10-09T22:32:44.2489161Z > Task :expo:mergeReleaseGeneratedProguardFiles
2026-10-09T22:32:44.2539172Z > Task :expo:mergeReleaseConsumerProguardFiles
2026-10-09T22:33:01.3279787Z > Task :expo:mergeReleaseJavaResource
2026-10-09T22:33:01.3369507Z > Task :expo:syncReleaseLibJars
2026-10-09T22:33:01.3369867Z > Task :expo:bundleReleaseLocalLintAar
2026-10-09T22:33:01.3370523Z > Task :expo-log-box:extractReleaseAnnotations
2026-10-09T22:33:01.3370906Z > Task :expo-log-box:mergeReleaseGeneratedProguardFiles
2026-10-09T22:33:01.4279661Z > Task :expo-log-box:mergeReleaseConsumerProguardFiles
2026-10-09T22:33:01.4280120Z > Task :expo-manifests:bundleLibRuntimeToJarRelease
2026-10-09T22:33:01.6291607Z > Task :expo-manifests:createFullJarRelease
2026-10-09T22:33:01.6331567Z > Task :expo-dev-launcher:extractReleaseAnnotations
2026-10-09T22:33:01.6399715Z > Task :expo-dev-launcher:mergeReleaseGeneratedProguardFiles
2026-10-09T22:33:01.6469775Z > Task :expo-dev-launcher:mergeReleaseConsumerProguardFiles
2026-10-09T22:33:01.6499407Z > Task :expo-dev-launcher:mergeReleaseJavaResource
2026-10-09T22:33:01.6542624Z > Task :expo-dev-launcher:syncReleaseLibJars
2026-10-09T22:33:01.6553740Z > Task :expo-dev-launcher:bundleReleaseLocalLintAar
2026-10-09T22:33:01.6554177Z > Task :expo-dev-menu-interface:extractReleaseAnnotations
2026-10-09T22:33:01.6595255Z > Task :expo-dev-menu-interface:mergeReleaseGeneratedProguardFiles
2026-10-09T22:33:01.6619139Z > Task :expo-dev-menu-interface:mergeReleaseConsumerProguardFiles
2026-10-09T22:33:01.7289759Z > Task :expo-modules-core:generateReleaseLintModel
2026-10-09T22:33:01.8289948Z > Task :expo-constants:generateReleaseLintModel
2026-10-09T22:33:01.8319290Z > Task :expo-dev-client:generateReleaseLintModel
2026-10-09T22:33:02.1269759Z > Task :expo-log-box:mergeReleaseJavaResource
2026-10-09T22:33:02.5254832Z > Task :expo-dev-menu-interface:mergeReleaseJavaResource
2026-10-09T22:33:02.5289560Z > Task :expo-dev-menu-interface:generateReleaseLintModel
2026-10-09T22:33:02.5369140Z > Task :expo-json-utils:generateReleaseLintModel
2026-10-09T22:33:02.9269856Z > Task :expo-dev-launcher:generateReleaseLintModel
2026-10-09T22:33:02.9285065Z > Task :expo-dev-menu:generateReleaseLintModel
2026-10-09T22:33:02.9330866Z > Task :expo-manifests:generateReleaseLintModel
2026-10-09T22:33:02.9409249Z > Task :expo-updates-interface:generateReleaseLintModel
2026-10-09T22:33:02.9451222Z > Task :expo-dev-menu-interface:syncReleaseLibJars
2026-10-09T22:33:02.9509203Z > Task :expo-log-box:generateReleaseLintModel
2026-10-09T22:33:02.9539125Z > Task :expo-dev-menu-interface:bundleReleaseLocalLintAar
2026-10-09T22:33:03.0254427Z > Task :expo-log-box:syncReleaseLibJars
2026-10-09T22:33:03.0319679Z > Task :expo-log-box:bundleReleaseLocalLintAar
2026-10-09T22:33:03.0392351Z > Task :expo-constants:extractReleaseAnnotations
2026-10-09T22:33:03.0443855Z > Task :expo-modules-core:extractReleaseAnnotations
2026-10-09T22:33:03.0476427Z > Task :expo-constants:mergeReleaseGeneratedProguardFiles
2026-10-09T22:33:03.0533573Z > Task :expo-modules-core:mergeReleaseGeneratedProguardFiles
2026-10-09T22:33:03.0592824Z > Task :expo-constants:mergeReleaseConsumerProguardFiles
2026-10-09T22:33:03.0609448Z > Task :expo-modules-core:mergeReleaseConsumerProguardFiles
2026-10-09T22:33:03.0658818Z > Task :expo-sqlite:generateReleaseLintModel
2026-10-09T22:33:03.0719244Z > Task :expo-constants:mergeReleaseJavaResource
2026-10-09T22:33:03.0729213Z > Task :expo-constants:syncReleaseLibJars
2026-10-09T22:33:03.0779275Z > Task :expo-modules-core:mergeReleaseJavaResource
2026-10-09T22:33:03.0840143Z > Task :expo-constants:bundleReleaseLocalLintAar
2026-10-09T22:33:03.1279633Z > Task :expo-dev-client:extractReleaseAnnotations
2026-10-09T22:33:03.1309546Z > Task :expo-dev-client:mergeReleaseGeneratedProguardFiles
2026-10-09T22:33:03.1339354Z > Task :expo-dev-client:mergeReleaseConsumerProguardFiles
2026-10-09T22:33:03.1395075Z > Task :expo-dev-client:mergeReleaseJavaResource
2026-10-09T22:33:03.1419223Z > Task :expo-dev-client:syncReleaseLibJars
2026-10-09T22:33:03.1448956Z > Task :expo-dev-client:bundleReleaseLocalLintAar
2026-10-09T22:33:03.1469749Z > Task :expo-dev-menu:extractReleaseAnnotations
2026-10-09T22:33:03.1478976Z > Task :expo-dev-menu:mergeReleaseGeneratedProguardFiles
2026-10-09T22:33:03.1479408Z > Task :expo-dev-menu:mergeReleaseConsumerProguardFiles
2026-10-09T22:33:03.2264328Z > Task :expo-dev-menu:mergeReleaseJavaResource
2026-10-09T22:33:03.2321173Z > Task :expo-dev-menu:syncReleaseLibJars
2026-10-09T22:33:03.2359179Z > Task :expo-dev-menu:bundleReleaseLocalLintAar
2026-10-09T22:33:03.2409047Z > Task :expo-manifests:extractReleaseAnnotations
2026-10-09T22:33:03.2439012Z > Task :expo-manifests:mergeReleaseGeneratedProguardFiles
2026-10-09T22:33:03.2479089Z > Task :expo-manifests:mergeReleaseConsumerProguardFiles
2026-10-09T22:33:03.2589293Z > Task :expo-manifests:mergeReleaseJavaResource
2026-10-09T22:33:03.2639102Z > Task :expo-manifests:syncReleaseLibJars
2026-10-09T22:33:03.2706791Z > Task :expo-manifests:bundleReleaseLocalLintAar
2026-10-09T22:33:03.3279589Z > Task :expo-json-utils:extractReleaseAnnotations
2026-10-09T22:33:03.3339282Z > Task :expo-json-utils:mergeReleaseGeneratedProguardFiles
2026-10-09T22:33:03.3389393Z > Task :expo-json-utils:mergeReleaseConsumerProguardFiles
2026-10-09T22:33:03.3418981Z > Task :expo-json-utils:mergeReleaseJavaResource
2026-10-09T22:33:03.3448907Z > Task :expo-json-utils:syncReleaseLibJars
2026-10-09T22:33:03.3509031Z > Task :expo-json-utils:bundleReleaseLocalLintAar
2026-10-09T22:33:03.3538915Z > Task :expo-sqlite:extractReleaseAnnotations
2026-10-09T22:33:03.3604579Z > Task :expo-sqlite:mergeReleaseGeneratedProguardFiles
2026-10-09T22:33:03.3628984Z > Task :expo-sqlite:mergeReleaseConsumerProguardFiles
2026-10-09T22:33:03.3681183Z > Task :expo-sqlite:mergeReleaseJavaResource
2026-10-09T22:33:03.4272570Z > Task :expo-sqlite:syncReleaseLibJars
2026-10-09T22:33:03.4298471Z > Task :expo-sqlite:bundleReleaseLocalLintAar
2026-10-09T22:33:03.4319743Z > Task :expo-modules-core:syncReleaseLibJars
2026-10-09T22:33:03.5269906Z > Task :expo-modules-core:bundleReleaseLocalLintAar
2026-10-09T22:33:03.5293533Z > Task :expo-updates-interface:extractReleaseAnnotations
2026-10-09T22:33:03.5299151Z > Task :expo-updates-interface:mergeReleaseGeneratedProguardFiles
2026-10-09T22:33:03.5319157Z > Task :expo-updates-interface:mergeReleaseConsumerProguardFiles
2026-10-09T22:33:03.5349497Z > Task :expo-updates-interface:mergeReleaseJavaResource
2026-10-09T22:33:03.5378984Z > Task :expo:generateReleaseLintModel
2026-10-09T22:33:03.6279785Z > Task :expo-updates-interface:syncReleaseLibJars
2026-10-09T22:33:03.6309237Z > Task :expo-updates-interface:bundleReleaseLocalLintAar
2026-10-09T22:33:04.5276352Z > Task :expo-constants:lintVitalAnalyzeRelease
2026-10-09T22:33:05.5272280Z > Task :app:mergeReleaseArtProfile
2026-10-09T22:33:05.5299386Z > Task :app:mergeReleaseShaders
2026-10-09T22:33:05.5349115Z > Task :app:compileReleaseKotlin
2026-10-09T22:33:05.5429275Z > Task :app:compileReleaseShaders NO-SOURCE
2026-10-09T22:33:05.8269611Z > Task :app:compileReleaseJavaWithJavac
2026-10-09T22:33:06.7280863Z > Task :app:dexBuilderRelease
2026-10-09T22:33:07.1254086Z > Task :expo-dev-client:lintVitalAnalyzeRelease
2026-10-09T22:33:07.1269153Z > Task :app:generateReleaseAssets UP-TO-DATE
2026-10-09T22:33:07.4279773Z > Task :app:mergeReleaseGlobalSynthetics
2026-10-09T22:33:07.4309447Z > Task :app:mergeReleaseAssets
2026-10-09T22:33:07.4339155Z > Task :app:compressReleaseAssets
2026-10-09T22:33:07.6282194Z > Task :app:extractReleaseVersionControlInfo
2026-10-09T22:33:07.6339572Z > Task :app:extractProguardFiles
2026-10-09T22:33:08.0259560Z > Task :app:mergeExtDexRelease
2026-10-09T22:33:10.1254010Z > Task :app:generateReleaseLintVitalReportModel
2026-10-09T22:33:10.4254103Z > Task :expo-dev-launcher:lintVitalAnalyzeRelease
2026-10-09T22:33:10.8254205Z > Task :expo-dev-menu:lintVitalAnalyzeRelease
2026-10-09T22:33:11.4265697Z > Task :expo-dev-menu-interface:lintVitalAnalyzeRelease
2026-10-09T22:33:12.4259743Z > Task :expo-json-utils:lintVitalAnalyzeRelease
2026-10-09T22:33:13.0268738Z > Task :expo:lintVitalAnalyzeRelease
2026-10-09T22:33:14.9269715Z > Task :app:mergeDexRelease
2026-10-09T22:33:15.7274242Z > Task :expo-manifests:lintVitalAnalyzeRelease
2026-10-09T22:33:15.7353677Z > Task :app:compileReleaseArtProfile
2026-10-09T22:33:15.8275464Z > Task :expo:generateReleaseLintVitalModel
2026-10-09T22:33:15.8309541Z > Task :expo-constants:generateReleaseLintVitalModel
2026-10-09T22:33:15.8339301Z > Task :expo-dev-client:generateReleaseLintVitalModel
2026-10-09T22:33:15.8399320Z > Task :expo-dev-launcher:generateReleaseLintVitalModel
2026-10-09T22:33:15.8429003Z > Task :expo-dev-menu:generateReleaseLintVitalModel
2026-10-09T22:33:15.9279725Z > Task :expo-dev-menu-interface:generateReleaseLintVitalModel
2026-10-09T22:33:15.9339429Z > Task :expo-json-utils:generateReleaseLintVitalModel
2026-10-09T22:33:15.9369206Z > Task :expo-log-box:generateReleaseLintVitalModel
2026-10-09T22:33:15.9369651Z > Task :expo-manifests:generateReleaseLintVitalModel
2026-10-09T22:33:16.0279702Z > Task :expo-modules-core:generateReleaseLintVitalModel
2026-10-09T22:33:16.0302467Z > Task :expo-sqlite:generateReleaseLintVitalModel
2026-10-09T22:33:16.0339187Z > Task :expo-updates-interface:generateReleaseLintVitalModel
2026-10-09T22:33:16.0368973Z > Task :app:processReleaseJavaRes
2026-10-09T22:33:16.9253674Z > Task :expo-log-box:lintVitalAnalyzeRelease
2026-10-09T22:33:17.5270142Z > Task :expo-updates-interface:lintVitalAnalyzeRelease
2026-10-09T22:33:18.0299752Z > Task :app:optimizeReleaseResources
2026-10-09T22:33:18.4253975Z > Task :app:collectReleaseDependencies
2026-10-09T22:33:18.5269597Z > Task :app:mergeReleaseJavaResource
2026-10-09T22:33:18.6255312Z > Task :app:sdkReleaseDependencyData
2026-10-09T22:33:18.6269304Z > Task :app:validateSigningRelease
2026-10-09T22:33:18.6299044Z > Task :app:writeReleaseAppMetadata
2026-10-09T22:33:18.6321290Z > Task :app:writeReleaseSigningConfigVersions
2026-10-09T22:33:18.6328975Z > Task :app:generateReleaseLintReportModel
2026-10-09T22:33:18.6359093Z > Task :app:bundleReleaseClassesToCompileJar
2026-10-09T22:33:18.6379161Z > Task :app:preReleaseUnitTestBuild
2026-10-09T22:33:18.7279673Z > Task :app:generateReleaseUnitTestLintModel
2026-10-09T22:33:18.7280509Z > Task :expo:preReleaseUnitTestBuild
2026-10-09T22:33:19.3299832Z > Task :expo-sqlite:lintVitalAnalyzeRelease
2026-10-09T22:33:26.4254339Z > Task :expo:generateReleaseUnitTestLintModel
2026-10-09T22:33:26.4269398Z > Task :expo-constants:preReleaseUnitTestBuild
2026-10-09T22:33:26.4321241Z > Task :expo-constants:generateReleaseUnitTestLintModel
2026-10-09T22:33:26.4368226Z > Task :expo-dev-client:preReleaseUnitTestBuild UP-TO-DATE
2026-10-09T22:33:26.4369058Z > Task :expo-dev-client:generateReleaseUnitTestLintModel
2026-10-09T22:33:26.5269635Z > Task :expo-dev-launcher:preReleaseUnitTestBuild UP-TO-DATE
2026-10-09T22:33:29.9253717Z > Task :react-native-safe-area-context:lintAnalyzeRelease
2026-10-09T22:33:30.6259612Z > Task :app:lintAnalyzeReleaseUnitTest
2026-10-09T22:33:33.3280739Z > Task :expo:lintAnalyzeReleaseUnitTest
2026-10-09T22:33:33.8259811Z > Task :expo-constants:lintAnalyzeReleaseUnitTest
2026-10-09T22:33:34.0254367Z > Task :expo-dev-client:lintAnalyzeReleaseUnitTest
2026-10-09T22:33:34.0309548Z > Task :expo-dev-menu:preReleaseUnitTestBuild UP-TO-DATE
2026-10-09T22:33:34.0341353Z > Task :expo-dev-menu:generateReleaseUnitTestLintModel
2026-10-09T22:33:34.4279993Z > Task :expo-dev-launcher:generateReleaseUnitTestLintModel
2026-10-09T22:33:34.4299239Z > Task :expo-dev-menu-interface:preReleaseUnitTestBuild UP-TO-DATE
2026-10-09T22:33:34.4329676Z > Task :expo-dev-menu-interface:generateReleaseUnitTestLintModel
2026-10-09T22:33:34.4339392Z > Task :expo-json-utils:preReleaseUnitTestBuild UP-TO-DATE
2026-10-09T22:33:34.5256128Z > Task :expo-dev-menu:lintAnalyzeReleaseUnitTest
2026-10-09T22:33:35.2267269Z > Task :expo-json-utils:generateReleaseUnitTestLintModel
2026-10-09T22:33:35.2268297Z > Task :expo-log-box:preReleaseUnitTestBuild UP-TO-DATE
2026-10-09T22:33:35.2299647Z > Task :expo-log-box:generateReleaseUnitTestLintModel
2026-10-09T22:33:35.2329102Z > Task :expo-manifests:preReleaseUnitTestBuild UP-TO-DATE
2026-10-09T22:33:35.5278927Z > Task :expo-dev-launcher:lintAnalyzeReleaseUnitTest
2026-10-09T22:33:35.5299153Z > Task :expo-dev-menu-interface:lintAnalyzeReleaseUnitTest
2026-10-09T22:33:35.6253842Z > Task :expo-json-utils:lintAnalyzeReleaseUnitTest
2026-10-09T22:33:35.7254222Z > Task :expo-manifests:generateReleaseUnitTestLintModel
2026-10-09T22:33:35.7279206Z > Task :expo-modules-core:preReleaseUnitTestBuild UP-TO-DATE
2026-10-09T22:33:36.3279859Z > Task :expo-log-box:lintAnalyzeReleaseUnitTest
2026-10-09T22:33:36.7299722Z > Task :expo-manifests:lintAnalyzeReleaseUnitTest
2026-10-09T22:33:36.7359531Z > Task :expo-sqlite:preReleaseUnitTestBuild UP-TO-DATE
2026-10-09T22:33:36.7379304Z > Task :expo-sqlite:generateReleaseUnitTestLintModel
2026-10-09T22:33:36.9255398Z > Task :expo-sqlite:lintAnalyzeReleaseUnitTest
2026-10-09T22:33:36.9279354Z > Task :expo-updates-interface:preReleaseUnitTestBuild UP-TO-DATE
2026-10-09T22:33:37.0270118Z > Task :expo-updates-interface:generateReleaseUnitTestLintModel
2026-10-09T22:33:37.2259706Z > Task :expo-updates-interface:lintAnalyzeReleaseUnitTest
2026-10-09T22:33:37.2300121Z > Task :react-native-async-storage_async-storage:preReleaseUnitTestBuild
2026-10-09T22:33:37.2409542Z > Task :react-native-async-storage_async-storage:generateReleaseUnitTestLintModel
2026-10-09T22:33:37.3279900Z > Task :expo-modules-core:generateReleaseUnitTestLintModel
2026-10-09T22:33:37.3324493Z > Task :react-native-safe-area-context:preReleaseUnitTestBuild
2026-10-09T22:33:37.4273730Z > Task :react-native-safe-area-context:generateReleaseUnitTestLintModel
2026-10-09T22:33:37.4299631Z > Task :app:bundleReleaseClassesToRuntimeJar
2026-10-09T22:33:37.4309074Z > Task :app:compileReleaseUnitTestKotlin NO-SOURCE
2026-10-09T22:33:37.4379131Z > Task :app:javaPreCompileReleaseUnitTest
2026-10-09T22:33:37.4428880Z > Task :app:compileReleaseUnitTestJavaWithJavac NO-SOURCE
2026-10-09T22:33:37.4479195Z > Task :app:processReleaseUnitTestJavaRes NO-SOURCE
2026-10-09T22:33:37.4499077Z > Task :app:testReleaseUnitTest NO-SOURCE
2026-10-09T22:33:38.7271303Z > Task :react-native-async-storage_async-storage:lintAnalyzeReleaseUnitTest
2026-10-09T22:33:39.8270062Z > Task :expo-modules-core:lintAnalyzeReleaseUnitTest
2026-10-09T22:33:40.0279789Z > Task :react-native-safe-area-context:lintAnalyzeReleaseUnitTest
2026-10-09T22:33:43.0273218Z > Task :expo-modules-core:lintVitalAnalyzeRelease
2026-10-09T22:33:46.9259785Z > Task :app:lintVitalAnalyzeRelease
2026-10-09T22:33:46.9309283Z > Task :app:lintVitalReportRelease SKIPPED
2026-10-09T22:33:46.9339382Z > Task :app:lintVitalRelease SKIPPED
2026-10-09T22:33:47.7254003Z > Task :app:packageRelease
2026-10-09T22:33:47.7264549Z > Task :app:createReleaseApkListingFileRedirect
2026-10-09T22:33:47.7265033Z > Task :app:assembleRelease
2026-10-09T22:33:48.5253992Z > Task :expo-modules-core:lintAnalyzeRelease
2026-10-09T22:34:00.6279965Z > Task :expo-constants:lintAnalyzeRelease
2026-10-09T22:34:01.7281211Z > Task :expo-dev-menu:lintAnalyzeRelease
2026-10-09T22:34:01.9257326Z > Task :expo-dev-client:lintAnalyzeRelease
2026-10-09T22:34:02.5282848Z > Task :expo-dev-launcher:lintAnalyzeRelease
2026-10-09T22:34:02.6269866Z > Task :expo-dev-menu-interface:lintAnalyzeRelease
2026-10-09T22:34:03.1279816Z > Task :expo-json-utils:lintAnalyzeRelease
2026-10-09T22:34:05.3254166Z > Task :expo-sqlite:lintAnalyzeRelease
2026-10-09T22:34:05.6259758Z > Task :expo-updates-interface:lintAnalyzeRelease
2026-10-09T22:34:05.7253971Z > Task :expo-manifests:lintAnalyzeRelease
2026-10-09T22:34:06.1269652Z > Task :expo-log-box:lintAnalyzeRelease
2026-10-09T22:34:11.3253958Z > Task :expo:lintAnalyzeRelease
2026-10-09T22:34:13.3255109Z > Task :app:lintAnalyzeRelease
2026-10-09T22:34:13.4253470Z 
2026-10-09T22:34:13.4259500Z > Task :app:lintReportRelease
2026-10-09T22:34:13.4260152Z Wrote HTML report to file:///home/runner/work/movefield/movefield/mobile/android/app/build/reports/lint-results-release.html
2026-10-09T22:34:13.4260506Z 
2026-10-09T22:34:13.4260682Z > Task :app:lintRelease
2026-10-09T22:34:13.5257185Z 
2026-10-09T22:34:13.5262990Z [Incubating] Problems report is available at: file:///home/runner/work/movefield/movefield/mobile/android/build/reports/problems/problems-report.html
2026-10-09T22:34:13.5263542Z 
2026-10-09T22:34:13.5264203Z Deprecated Gradle features were used in this build, making it incompatible with Gradle 10.
2026-10-09T22:34:13.5264522Z 
2026-10-09T22:34:13.5265018Z You can use '--warning-mode all' to show the individual deprecation warnings and determine if they come from your own scripts or plugins.
2026-10-09T22:34:13.5265466Z 
2026-10-09T22:34:13.5266033Z For more on this, please refer to https://docs.gradle.org/9.3.1/userguide/command_line_interface.html#sec:command_line_warnings in the Gradle documentation.
2026-10-09T22:34:13.5266527Z 
2026-10-09T22:34:13.5266648Z BUILD SUCCESSFUL in 6m
2026-10-09T22:34:13.5266905Z 669 actionable tasks: 669 executed
2026-10-09T22:34:13.8669793Z ##[group]Run mkdir -p native-evidence/android
2026-10-09T22:34:13.8670014Z [36;1mmkdir -p native-evidence/android[0m
2026-10-09T22:34:13.8670401Z [36;1m"$ANDROID_HOME/cmdline-tools/latest/bin/apkanalyzer" manifest print mobile/android/app/build/outputs/apk/release/app-release.apk > native-evidence/android/manifest.xml[0m
2026-10-09T22:34:13.8670973Z [36;1m"$ANDROID_HOME/build-tools/36.0.0/aapt2" dump resources mobile/android/app/build/outputs/apk/release/app-release.apk > native-evidence/android/resources.txt[0m
2026-10-09T22:34:13.8671683Z [36;1mpython3 scripts/extract-apk-rules.py mobile/android/app/build/outputs/apk/release/app-release.apk native-evidence/android/manifest.xml native-evidence/android/resources.txt "$ANDROID_HOME/cmdline-tools/latest/bin/apkanalyzer" native-evidence/android[0m
2026-10-09T22:34:13.8672431Z [36;1m"$ANDROID_HOME/build-tools/36.0.0/apksigner" verify --print-certs mobile/android/app/build/outputs/apk/release/app-release.apk > native-evidence/android/signing.txt[0m
2026-10-09T22:34:13.8673276Z [36;1mpython3 scripts/inspect-native-artifacts.py android native-evidence/android/manifest.xml native-evidence/android/backup.xml native-evidence/android/extraction.xml native-evidence/android/resources.txt > native-evidence/android/inspection.json[0m
2026-10-09T22:34:13.8673924Z [36;1msha256sum mobile/android/app/build/outputs/apk/release/app-release.apk > native-evidence/android/apk.sha256[0m
2026-10-09T22:34:13.8805982Z shell: /usr/bin/bash -e {0}
2026-10-09T22:34:13.8806119Z env:
2026-10-09T22:34:13.8806221Z   CI: 1
2026-10-09T22:34:13.8806322Z   EXPO_NO_TELEMETRY: 1
2026-10-09T22:34:13.8806498Z   JAVA_HOME: /opt/hostedtoolcache/Java_Temurin-Hotspot_jdk/17.0.20-1/x64
2026-10-09T22:34:13.8806752Z   JAVA_HOME_17_X64: /opt/hostedtoolcache/Java_Temurin-Hotspot_jdk/17.0.20-1/x64
2026-10-09T22:34:13.8806945Z   MAVEN_ARGS: -ntp
2026-10-09T22:34:13.8807066Z ##[endgroup]
2026-10-09T22:34:17.8032418Z {
2026-10-09T22:34:17.8032810Z   "apkSHA256": "1dff6c68f5acec0829cd2f7a82a0c43138092aa42d41bb722551a28001ce4f1b",
2026-10-09T22:34:17.8033163Z   "manifestSHA256": "b3bd4fa452a9ba8053ca8d4d2c2ae0ec24a6a337b96de5b69f33920ee227e73c",
2026-10-09T22:34:17.8033515Z   "resourceTableSHA256": "497d848e114f317f1871a466e966e020642ec3d31ef27e1ab01532731cb6119c",
2026-10-09T22:34:17.8033746Z   "rules": [
2026-10-09T22:34:17.8033854Z     {
2026-10-09T22:34:17.8033983Z       "name": "movefield_backup_rules",
2026-10-09T22:34:17.8034146Z       "identifier": 2132017157,
2026-10-09T22:34:17.8034285Z       "file": "res/r1.xml",
2026-10-09T22:34:17.8034430Z       "decodedFile": "backup.xml",
2026-10-09T22:34:17.8034676Z       "decodedSHA256": "4d7c79acb6045b86b7aa2c04ccb35663d3ed45154b2b2dea01ca69a477eb07ff"
2026-10-09T22:34:17.8034890Z     },
2026-10-09T22:34:17.8034989Z     {
2026-10-09T22:34:17.8035123Z       "name": "movefield_data_extraction_rules",
2026-10-09T22:34:17.8035287Z       "identifier": 2132017158,
2026-10-09T22:34:17.8035429Z       "file": "res/zk.xml",
2026-10-09T22:34:17.8035575Z       "decodedFile": "extraction.xml",
2026-10-09T22:34:17.8035821Z       "decodedSHA256": "60fcfa7ac685d16e5a307e1107e68eeaaf6f56a61253470973191eea6e67b032"
2026-10-09T22:34:17.8036032Z     }
2026-10-09T22:34:17.8036125Z   ]
2026-10-09T22:34:17.8036219Z }
2026-10-09T22:34:18.3798963Z ##[group]Run mkdir -p build
2026-10-09T22:34:18.3799146Z [36;1mmkdir -p build[0m
2026-10-09T22:34:18.3799636Z [36;1m./gradlew :app:dependencies --configuration releaseRuntimeClasspath --console=plain --no-daemon -PreactNativeArchitectures=arm64-v8a -Porg.gradle.jvmargs="-Xmx5g -XX:MaxMetaspaceSize=1g" > build/release-runtime-classpath.raw.txt[0m
2026-10-09T22:34:18.3800265Z [36;1mpython3 ../../scripts/collect-native-build-evidence.py android ../.. ../../native-evidence/android[0m
2026-10-09T22:34:18.3850273Z shell: /usr/bin/bash -e {0}
2026-10-09T22:34:18.3850405Z env:
2026-10-09T22:34:18.3850507Z   CI: 1
2026-10-09T22:34:18.3850622Z   EXPO_NO_TELEMETRY: 1
2026-10-09T22:34:18.3850800Z   JAVA_HOME: /opt/hostedtoolcache/Java_Temurin-Hotspot_jdk/17.0.20-1/x64
2026-10-09T22:34:18.3851055Z   JAVA_HOME_17_X64: /opt/hostedtoolcache/Java_Temurin-Hotspot_jdk/17.0.20-1/x64
2026-10-09T22:34:18.3851254Z   MAVEN_ARGS: -ntp
2026-10-09T22:34:18.3851394Z ##[endgroup]
2026-10-09T22:34:31.1315657Z ##[group]Run mkdir -p native-preview/android
2026-10-09T22:34:31.1316129Z [36;1mmkdir -p native-preview/android[0m
2026-10-09T22:34:31.1316801Z [36;1mcp mobile/android/app/build/outputs/apk/release/app-release.apk native-preview/android/Movefield-arm64-test.apk[0m
2026-10-09T22:34:31.1317476Z [36;1mcp native-evidence/android/source.txt native-preview/android/source.txt[0m
2026-10-09T22:34:31.1318017Z [36;1mcp native-evidence/android/signing.txt native-preview/android/signing.txt[0m
2026-10-09T22:34:31.1318836Z [36;1mcp native-evidence/android/inspection.json native-preview/android/inspection.json[0m
2026-10-09T22:34:31.1319778Z [36;1mcp native-evidence/android/build-route-evidence.json native-preview/android/build-route-evidence.json[0m
2026-10-09T22:34:31.1320424Z [36;1mcd native-preview/android[0m
2026-10-09T22:34:31.1320781Z [36;1msha256sum Movefield-arm64-test.apk > SHA256SUMS[0m
2026-10-09T22:34:31.1373460Z shell: /usr/bin/bash -e {0}
2026-10-09T22:34:31.1373837Z env:
2026-10-09T22:34:31.1374010Z   CI: 1
2026-10-09T22:34:31.1374186Z   EXPO_NO_TELEMETRY: 1
2026-10-09T22:34:31.1374475Z   JAVA_HOME: /opt/hostedtoolcache/Java_Temurin-Hotspot_jdk/17.0.20-1/x64
2026-10-09T22:34:31.1374802Z   JAVA_HOME_17_X64: /opt/hostedtoolcache/Java_Temurin-Hotspot_jdk/17.0.20-1/x64
2026-10-09T22:34:31.1375148Z   MAVEN_ARGS: -ntp
2026-10-09T22:34:31.1375344Z ##[endgroup]
2026-10-09T22:34:31.1801891Z ##[group]Run actions/upload-artifact@ea165f8d65b6e75b540449e92b4886f43607fa02
2026-10-09T22:34:31.1802112Z with:
2026-10-09T22:34:31.1802232Z   name: android-arm64-preview-test-only
2026-10-09T22:34:31.1802385Z   path: native-preview/android
2026-10-09T22:34:31.1802535Z   if-no-files-found: error
2026-10-09T22:34:31.1802657Z   retention-days: 30
2026-10-09T22:34:31.1802772Z   compression-level: 6
2026-10-09T22:34:31.1802888Z   overwrite: false
2026-10-09T22:34:31.1803004Z   include-hidden-files: false
2026-10-09T22:34:31.1803130Z env:
2026-10-09T22:34:31.1803224Z   CI: 1
2026-10-09T22:34:31.1803322Z   EXPO_NO_TELEMETRY: 1
2026-10-09T22:34:31.1803496Z   JAVA_HOME: /opt/hostedtoolcache/Java_Temurin-Hotspot_jdk/17.0.20-1/x64
2026-10-09T22:34:31.1803748Z   JAVA_HOME_17_X64: /opt/hostedtoolcache/Java_Temurin-Hotspot_jdk/17.0.20-1/x64
2026-10-09T22:34:31.1803945Z   MAVEN_ARGS: -ntp
2026-10-09T22:34:31.1804053Z ##[endgroup]
2026-10-09T22:34:31.4474604Z (node:4481) [DEP0040] DeprecationWarning: The `punycode` module is deprecated. Please use a userland alternative instead.
2026-10-09T22:34:31.4475421Z (Use `node --trace-deprecation ...` to show where the warning was created)
2026-10-09T22:34:31.4527842Z With the provided path, there will be 6 files uploaded
2026-10-09T22:34:31.4530441Z Artifact name is valid!
2026-10-09T22:34:31.4530957Z Root directory input is valid!
2026-10-09T22:34:31.7252704Z Beginning upload of artifact content to blob storage
2026-10-09T22:34:31.9020217Z (node:4481) [DEP0169] DeprecationWarning: `url.parse()` behavior is not standardized and prone to errors that have security implications. Use the WHATWG URL API instead. CVEs are not issued for `url.parse()` vulnerabilities.
2026-10-09T22:34:32.3541716Z Uploaded bytes 8388608
2026-10-09T22:34:32.6450344Z Uploaded bytes 16777216
2026-10-09T22:34:32.7632220Z Uploaded bytes 18814590
2026-10-09T22:34:32.7990369Z Finished uploading artifact content to blob storage!
2026-10-09T22:34:32.7991113Z SHA256 digest of uploaded artifact zip is 07213023a09000a168ae58d2f702bd0b0ec9fb23e042d24cdf2e979538efcc98
2026-10-09T22:34:32.7992461Z Finalizing artifact upload
2026-10-09T22:34:33.0257013Z Artifact android-arm64-preview-test-only.zip successfully finalized. Artifact ID 11648024239
2026-10-09T22:34:33.0257699Z Artifact android-arm64-preview-test-only has been successfully uploaded! Final size is 18814590 bytes. Artifact ID is 11648024239
2026-10-09T22:34:33.0261062Z Artifact download URL: https://github.com/ghinz32-cloud/movefield/actions/runs/37999301260/artifacts/11648024239
2026-10-09T22:34:33.0477310Z ##[group]Run actions/upload-artifact@ea165f8d65b6e75b540449e92b4886f43607fa02
2026-10-09T22:34:33.0477524Z with:
2026-10-09T22:34:33.0477654Z   name: android-release-compilation-test-only
2026-10-09T22:34:33.0477864Z   path: native-evidence/android
mobile/android/app/build/reports

2026-10-09T22:34:33.0478060Z   if-no-files-found: warn
2026-10-09T22:34:33.0478188Z   compression-level: 6
2026-10-09T22:34:33.0478304Z   overwrite: false
2026-10-09T22:34:33.0478423Z   include-hidden-files: false
2026-10-09T22:34:33.0478744Z env:
2026-10-09T22:34:33.0478883Z   CI: 1
2026-10-09T22:34:33.0479037Z   EXPO_NO_TELEMETRY: 1
2026-10-09T22:34:33.0479246Z   JAVA_HOME: /opt/hostedtoolcache/Java_Temurin-Hotspot_jdk/17.0.20-1/x64
2026-10-09T22:34:33.0479626Z   JAVA_HOME_17_X64: /opt/hostedtoolcache/Java_Temurin-Hotspot_jdk/17.0.20-1/x64
2026-10-09T22:34:33.0479825Z   MAVEN_ARGS: -ntp
2026-10-09T22:34:33.0479935Z ##[endgroup]
2026-10-09T22:34:33.1471187Z (node:4495) [DEP0040] DeprecationWarning: The `punycode` module is deprecated. Please use a userland alternative instead.
2026-10-09T22:34:33.1471631Z (Use `node --trace-deprecation ...` to show where the warning was created)
2026-10-09T22:34:33.1532322Z Multiple search paths detected. Calculating the least common ancestor of all paths
2026-10-09T22:34:33.1533320Z The least common ancestor is /home/runner/work/movefield/movefield. This will be the root directory of the artifact
2026-10-09T22:34:33.1533935Z With the provided path, there will be 15 files uploaded
2026-10-09T22:34:33.1534367Z Artifact name is valid!
2026-10-09T22:34:33.1534612Z Root directory input is valid!
2026-10-09T22:34:33.4022720Z Beginning upload of artifact content to blob storage
2026-10-09T22:34:33.4441217Z (node:4495) [DEP0169] DeprecationWarning: `url.parse()` behavior is not standardized and prone to errors that have security implications. Use the WHATWG URL API instead. CVEs are not issued for `url.parse()` vulnerabilities.
2026-10-09T22:34:33.7129134Z Uploaded bytes 344395
2026-10-09T22:34:33.7556525Z Finished uploading artifact content to blob storage!
2026-10-09T22:34:33.7557138Z SHA256 digest of uploaded artifact zip is 9fd69692ab7b06e24b77384d4ee8464fa340a64b0545327bc54bd6b8b420f4e8
2026-10-09T22:34:33.7558197Z Finalizing artifact upload
2026-10-09T22:34:33.9887972Z Artifact android-release-compilation-test-only.zip successfully finalized. Artifact ID 11647994491
2026-10-09T22:34:33.9888507Z Artifact android-release-compilation-test-only has been successfully uploaded! Final size is 344395 bytes. Artifact ID is 11647994491
2026-10-09T22:34:33.9892177Z Artifact download URL: https://github.com/ghinz32-cloud/movefield/actions/runs/37999301260/artifacts/11647994491
2026-10-09T22:34:34.0057903Z Post job cleanup.
2026-10-09T22:34:34.1000664Z Post job cleanup.
2026-10-09T22:34:34.1803126Z (node:4515) [DEP0040] DeprecationWarning: The `punycode` module is deprecated. Please use a userland alternative instead.
2026-10-09T22:34:34.1803816Z (Use `node --trace-deprecation ...` to show where the warning was created)
2026-10-09T22:34:34.1921006Z Post job cleanup.
2026-10-09T22:34:34.2524508Z [command]/usr/bin/git version
2026-10-09T22:34:34.2558005Z git version 2.55.0
2026-10-09T22:34:34.2579065Z Temporarily overriding HOME='/home/runner/work/_temp/a6e383f1-312a-476c-8237-1a1f35f4ca99' before making global git config changes
2026-10-09T22:34:34.2579827Z Adding repository directory to the temporary git global config as a safe directory
2026-10-09T22:34:34.2582485Z [command]/usr/bin/git config --global --add safe.directory /home/runner/work/movefield/movefield
2026-10-09T22:34:34.2610896Z [command]/usr/bin/git config --local --name-only --get-regexp core\.sshCommand
2026-10-09T22:34:34.2667924Z [command]/usr/bin/git submodule foreach --recursive sh -c "git config --local --name-only --get-regexp 'core\.sshCommand' && git config --local --unset-all 'core.sshCommand' || :"
2026-10-09T22:34:34.2860488Z [command]/usr/bin/git config --local --name-only --get-regexp http\.https\:\/\/github\.com\/\.extraheader
2026-10-09T22:34:34.2888952Z [command]/usr/bin/git submodule foreach --recursive sh -c "git config --local --name-only --get-regexp 'http\.https\:\/\/github\.com\/\.extraheader' && git config --local --unset-all 'http.https://github.com/.extraheader' || :"
2026-10-09T22:34:34.3076951Z [command]/usr/bin/git config --local --name-only --get-regexp ^includeIf\.gitdir:
2026-10-09T22:34:34.3106887Z [command]/usr/bin/git submodule foreach --recursive git config --local --show-origin --name-only --get-regexp remote.origin.url
2026-10-09T22:34:34.3385446Z Cleaning up orphan processes
2026-10-09T22:34:34.3639579Z ##[warning]Node.js 20 is deprecated. The following actions target Node.js 20 but are being forced to run on Node.js 24: actions/upload-artifact@ea165f8d65b6e75b540449e92b4886f43607fa02. For more information see: https://github.blog/changelog/2025-09-19-deprecation-of-node-20-on-github-actions-runners/
