2026-10-09T22:33:18.6979071Z Current runner version: '2.337.0'
2026-10-09T22:33:18.6998504Z ##[group]Runner Image Provisioner
2026-10-09T22:33:18.6999113Z Hosted Compute Agent
2026-10-09T22:33:18.6999465Z Version: 20261002.596
2026-10-09T22:33:18.6999833Z Commit: c3d12f3313a95f25162a1503be624f3b0617f8c0
2026-10-09T22:33:18.7000342Z Build Date: 2026-10-02T22:28:27Z
2026-10-09T22:33:18.7000734Z Worker ID: {c020157e-ae39-4a72-9c28-82e4a10934ee}
2026-10-09T22:33:18.7001158Z Region: centralus
2026-10-09T22:33:18.7001488Z Cloud: Azure
2026-10-09T22:33:18.7001801Z ##[endgroup]
2026-10-09T22:33:18.7002780Z ##[group]Operating System
2026-10-09T22:33:18.7003131Z Ubuntu
2026-10-09T22:33:18.7003426Z 24.04.5
2026-10-09T22:33:18.7003775Z LTS
2026-10-09T22:33:18.7004072Z ##[endgroup]
2026-10-09T22:33:18.7004477Z ##[group]Runner Image
2026-10-09T22:33:18.7004828Z Image: ubuntu-24.04
2026-10-09T22:33:18.7005145Z Version: 20261004.327.1
2026-10-09T22:33:18.7005933Z Included Software: https://github.com/actions/runner-images/blob/ubuntu24/20261004.327/images/ubuntu/Ubuntu2404-Readme.md
2026-10-09T22:33:18.7006842Z Image Release: https://github.com/actions/runner-images/releases/tag/ubuntu24%2F20261004.327
2026-10-09T22:33:18.7007385Z ##[endgroup]
2026-10-09T22:33:18.7008034Z ##[group]GITHUB_TOKEN Permissions
2026-10-09T22:33:18.7009205Z Contents: read
2026-10-09T22:33:18.7009539Z Metadata: read
2026-10-09T22:33:18.7009947Z ##[endgroup]
2026-10-09T22:33:18.7011281Z Secret source: Actions
2026-10-09T22:33:18.7011865Z Cache mode: write
2026-10-09T22:33:18.7012439Z Prepare workflow directory
2026-10-09T22:33:18.7284391Z Prepare all required actions
2026-10-09T22:33:18.7315230Z Getting action download info
2026-10-09T22:33:18.9505927Z Download action repository 'actions/checkout@fbc6f3992d24b796d5a048ff273f7fcc4a7b6c09' (SHA:fbc6f3992d24b796d5a048ff273f7fcc4a7b6c09)
2026-10-09T22:33:19.0328348Z Download action repository 'actions/setup-node@a0853c24544627f65ddf259abe73b1d18a591444' (SHA:a0853c24544627f65ddf259abe73b1d18a591444)
2026-10-09T22:33:19.1707351Z Download action repository 'actions/upload-artifact@ea165f8d65b6e75b540449e92b4886f43607fa02' (SHA:ea165f8d65b6e75b540449e92b4886f43607fa02)
2026-10-09T22:33:19.3635186Z Complete job name: quality
2026-10-09T22:33:19.4112999Z ##[group]Run actions/checkout@fbc6f3992d24b796d5a048ff273f7fcc4a7b6c09
2026-10-09T22:33:19.4113523Z with:
2026-10-09T22:33:19.4113761Z   persist-credentials: false
2026-10-09T22:33:19.4114044Z   repository: ghinz32-cloud/movefield
2026-10-09T22:33:19.4116175Z   token: ***
2026-10-09T22:33:19.4116396Z   ssh-strict: true
2026-10-09T22:33:19.4116622Z   ssh-user: git
2026-10-09T22:33:19.4116844Z   clean: true
2026-10-09T22:33:19.4117080Z   sparse-checkout-cone-mode: true
2026-10-09T22:33:19.4117356Z   fetch-depth: 1
2026-10-09T22:33:19.4117579Z   fetch-tags: false
2026-10-09T22:33:19.4117814Z   show-progress: true
2026-10-09T22:33:19.4118047Z   lfs: false
2026-10-09T22:33:19.4118261Z   submodules: false
2026-10-09T22:33:19.4118495Z   set-safe-directory: true
2026-10-09T22:33:19.4118767Z   allow-unsafe-pr-checkout: false
2026-10-09T22:33:19.4119117Z env:
2026-10-09T22:33:19.4119335Z   WRANGLER_SEND_METRICS: false
2026-10-09T22:33:19.4119590Z   CI: true
2026-10-09T22:33:19.4119825Z ##[endgroup]
2026-10-09T22:33:19.4815620Z Syncing repository: ghinz32-cloud/movefield
2026-10-09T22:33:19.4816931Z ##[group]Getting Git version info
2026-10-09T22:33:19.4817355Z Working directory is '/home/runner/work/movefield/movefield'
2026-10-09T22:33:19.4818026Z [command]/usr/bin/git version
2026-10-09T22:33:19.4910875Z git version 2.55.0
2026-10-09T22:33:19.4925843Z ##[endgroup]
2026-10-09T22:33:19.4938158Z Temporarily overriding HOME='/home/runner/work/_temp/3b469969-8a45-4c64-b6a5-1a52dfc92d4c' before making global git config changes
2026-10-09T22:33:19.4944001Z Adding repository directory to the temporary git global config as a safe directory
2026-10-09T22:33:19.4944657Z [command]/usr/bin/git config --global --add safe.directory /home/runner/work/movefield/movefield
2026-10-09T22:33:19.4989297Z Deleting the contents of '/home/runner/work/movefield/movefield'
2026-10-09T22:33:19.4993892Z ##[group]Initializing the repository
2026-10-09T22:33:19.4997592Z [command]/usr/bin/git init /home/runner/work/movefield/movefield
2026-10-09T22:33:19.5086339Z hint: Using 'master' as the name for the initial branch. This default branch name
2026-10-09T22:33:19.5087690Z hint: will change to "main" in Git 3.0. To configure the initial branch name
2026-10-09T22:33:19.5088688Z hint: to use in all of your new repositories, which will suppress this warning,
2026-10-09T22:33:19.5089471Z hint: call:
2026-10-09T22:33:19.5089828Z hint:
2026-10-09T22:33:19.5090264Z hint: 	git config --global init.defaultBranch <name>
2026-10-09T22:33:19.5090719Z hint:
2026-10-09T22:33:19.5091151Z hint: Names commonly chosen instead of 'master' are 'main', 'trunk' and
2026-10-09T22:33:19.5091786Z hint: 'development'. The just-created branch can be renamed via this command:
2026-10-09T22:33:19.5092452Z hint:
2026-10-09T22:33:19.5092789Z hint: 	git branch -m <name>
2026-10-09T22:33:19.5093213Z hint:
2026-10-09T22:33:19.5093717Z hint: Disable this message with "git config set advice.defaultBranchName false"
2026-10-09T22:33:19.5094590Z Initialized empty Git repository in /home/runner/work/movefield/movefield/.git/
2026-10-09T22:33:19.5096378Z [command]/usr/bin/git remote add origin https://github.com/ghinz32-cloud/movefield
2026-10-09T22:33:19.5150588Z ##[endgroup]
2026-10-09T22:33:19.5151086Z ##[group]Disabling automatic garbage collection
2026-10-09T22:33:19.5158380Z [command]/usr/bin/git config --local gc.auto 0
2026-10-09T22:33:19.5185856Z ##[endgroup]
2026-10-09T22:33:19.5186308Z ##[group]Setting up auth
2026-10-09T22:33:19.5192613Z [command]/usr/bin/git config --local --name-only --get-regexp core\.sshCommand
2026-10-09T22:33:19.5226749Z [command]/usr/bin/git submodule foreach --recursive sh -c "git config --local --name-only --get-regexp 'core\.sshCommand' && git config --local --unset-all 'core.sshCommand' || :"
2026-10-09T22:33:19.5512903Z [command]/usr/bin/git config --local --name-only --get-regexp http\.https\:\/\/github\.com\/\.extraheader
2026-10-09T22:33:19.5545222Z [command]/usr/bin/git submodule foreach --recursive sh -c "git config --local --name-only --get-regexp 'http\.https\:\/\/github\.com\/\.extraheader' && git config --local --unset-all 'http.https://github.com/.extraheader' || :"
2026-10-09T22:33:19.5727539Z [command]/usr/bin/git config --local --name-only --get-regexp ^includeIf\.gitdir:
2026-10-09T22:33:19.5757803Z [command]/usr/bin/git submodule foreach --recursive git config --local --show-origin --name-only --get-regexp remote.origin.url
2026-10-09T22:33:19.5944080Z [command]/usr/bin/git config --local http.https://github.com/.extraheader AUTHORIZATION: basic ***
2026-10-09T22:33:19.5979928Z ##[endgroup]
2026-10-09T22:33:19.5980458Z ##[group]Fetching the repository
2026-10-09T22:33:19.5986465Z [command]/usr/bin/git -c protocol.version=2 fetch --no-tags --prune --no-recurse-submodules --depth=1 origin +7a7f97c36535df75468335cf7d44d6830aea523f:refs/remotes/pull/1/merge
2026-10-09T22:33:20.7095630Z From https://github.com/ghinz32-cloud/movefield
2026-10-09T22:33:20.7097284Z  * [new ref]         7a7f97c36535df75468335cf7d44d6830aea523f -> pull/1/merge
2026-10-09T22:33:20.7100750Z ##[endgroup]
2026-10-09T22:33:20.7102266Z ##[group]Determining the checkout info
2026-10-09T22:33:20.7103707Z ##[endgroup]
2026-10-09T22:33:20.7104556Z [command]/usr/bin/git sparse-checkout disable
2026-10-09T22:33:20.7152844Z [command]/usr/bin/git config --local --unset-all extensions.worktreeConfig
2026-10-09T22:33:20.7184564Z ##[group]Checking out the ref
2026-10-09T22:33:20.7187178Z [command]/usr/bin/git checkout --progress --force refs/remotes/pull/1/merge
2026-10-09T22:33:20.8192310Z Note: switching to 'refs/remotes/pull/1/merge'.
2026-10-09T22:33:20.8193184Z 
2026-10-09T22:33:20.8193754Z You are in 'detached HEAD' state. You can look around, make experimental
2026-10-09T22:33:20.8194942Z changes and commit them, and you can discard any commits you make in this
2026-10-09T22:33:20.8196371Z state without impacting any branches by switching back to a branch.
2026-10-09T22:33:20.8197079Z 
2026-10-09T22:33:20.8197551Z If you want to create a new branch to retain commits you create, you may
2026-10-09T22:33:20.8198624Z do so (now or later) by using -c with the switch command. Example:
2026-10-09T22:33:20.8199250Z 
2026-10-09T22:33:20.8199506Z   git switch -c <new-branch-name>
2026-10-09T22:33:20.8199913Z 
2026-10-09T22:33:20.8200199Z Or undo this operation with:
2026-10-09T22:33:20.8200676Z 
2026-10-09T22:33:20.8200984Z   git switch -
2026-10-09T22:33:20.8201411Z 
2026-10-09T22:33:20.8202066Z Turn off this advice by setting config variable advice.detachedHead to false
2026-10-09T22:33:20.8202902Z 
2026-10-09T22:33:20.8204046Z HEAD is now at 7a7f97c Merge 96496ffd4e94b32becccb5db61667fb4fea4ce01 into 80e6ea26437f0aeaa1d8f816ace464da81fe0a81
2026-10-09T22:33:20.8207367Z ##[endgroup]
2026-10-09T22:33:20.8243223Z [command]/usr/bin/git log -1 --format=%H
2026-10-09T22:33:20.8267770Z 7a7f97c36535df75468335cf7d44d6830aea523f
2026-10-09T22:33:20.8276343Z ##[group]Removing auth
2026-10-09T22:33:20.8279384Z [command]/usr/bin/git config --local --name-only --get-regexp core\.sshCommand
2026-10-09T22:33:20.8310104Z [command]/usr/bin/git submodule foreach --recursive sh -c "git config --local --name-only --get-regexp 'core\.sshCommand' && git config --local --unset-all 'core.sshCommand' || :"
2026-10-09T22:33:20.8484661Z [command]/usr/bin/git config --local --name-only --get-regexp http\.https\:\/\/github\.com\/\.extraheader
2026-10-09T22:33:20.8508501Z http.https://github.com/.extraheader
2026-10-09T22:33:20.8514576Z [command]/usr/bin/git config --local --unset-all http.https://github.com/.extraheader
2026-10-09T22:33:20.8546427Z [command]/usr/bin/git submodule foreach --recursive sh -c "git config --local --name-only --get-regexp 'http\.https\:\/\/github\.com\/\.extraheader' && git config --local --unset-all 'http.https://github.com/.extraheader' || :"
2026-10-09T22:33:20.8719108Z [command]/usr/bin/git config --local --name-only --get-regexp ^includeIf\.gitdir:
2026-10-09T22:33:20.8746951Z [command]/usr/bin/git submodule foreach --recursive git config --local --show-origin --name-only --get-regexp remote.origin.url
2026-10-09T22:33:20.8922164Z ##[endgroup]
2026-10-09T22:33:20.9112268Z ##[group]Run git rev-parse HEAD HEAD^{tree} > .sites-runtime-quality-source.txt
2026-10-09T22:33:20.9113772Z [36;1mgit rev-parse HEAD HEAD^{tree} > .sites-runtime-quality-source.txt[0m
2026-10-09T22:33:20.9315569Z shell: /usr/bin/bash -e {0}
2026-10-09T22:33:20.9316351Z env:
2026-10-09T22:33:20.9316909Z   WRANGLER_SEND_METRICS: false
2026-10-09T22:33:20.9317550Z   CI: true
2026-10-09T22:33:20.9318063Z ##[endgroup]
2026-10-09T22:33:20.9564745Z ##[group]Run actions/setup-node@a0853c24544627f65ddf259abe73b1d18a591444
2026-10-09T22:33:20.9565701Z with:
2026-10-09T22:33:20.9566210Z   node-version: 24
2026-10-09T22:33:20.9566786Z   package-manager-cache: false
2026-10-09T22:33:20.9567427Z   always-auth: false
2026-10-09T22:33:20.9568010Z   check-latest: false
2026-10-09T22:33:20.9573608Z   token: ***
2026-10-09T22:33:20.9574116Z env:
2026-10-09T22:33:20.9574624Z   WRANGLER_SEND_METRICS: false
2026-10-09T22:33:20.9575242Z   CI: true
2026-10-09T22:33:20.9575744Z ##[endgroup]
2026-10-09T22:33:21.0534138Z Found in cache @ /opt/hostedtoolcache/node/24.21.0/x64
2026-10-09T22:33:21.0538322Z (node:2211) [DEP0040] DeprecationWarning: The `punycode` module is deprecated. Please use a userland alternative instead.
2026-10-09T22:33:21.0540730Z (Use `node --trace-deprecation ...` to show where the warning was created)
2026-10-09T22:33:21.0542997Z ##[group]Environment details
2026-10-09T22:33:21.3179612Z node: v24.21.0
2026-10-09T22:33:21.3180176Z npm: 11.19.0
2026-10-09T22:33:21.3180434Z yarn: 1.22.22
2026-10-09T22:33:21.3181132Z ##[endgroup]
2026-10-09T22:33:21.3332686Z ##[group]Run npm install --global pnpm@11.25.0 --ignore-scripts --no-audit --no-fund
2026-10-09T22:33:21.3333087Z [36;1mnpm install --global pnpm@11.25.0 --ignore-scripts --no-audit --no-fund[0m
2026-10-09T22:33:21.3390815Z shell: /usr/bin/bash -e {0}
2026-10-09T22:33:21.3391007Z env:
2026-10-09T22:33:21.3391157Z   WRANGLER_SEND_METRICS: false
2026-10-09T22:33:21.3391319Z   CI: true
2026-10-09T22:33:21.3391453Z ##[endgroup]
2026-10-09T22:33:22.3689742Z 
2026-10-09T22:33:22.3697817Z added 1 package in 986ms
2026-10-09T22:33:22.4053466Z ##[group]Run npm run install:ci
2026-10-09T22:33:22.4053754Z [36;1mnpm run install:ci[0m
2026-10-09T22:33:22.4108426Z shell: /usr/bin/bash -e {0}
2026-10-09T22:33:22.4108579Z env:
2026-10-09T22:33:22.4108710Z   WRANGLER_SEND_METRICS: false
2026-10-09T22:33:22.4108844Z   CI: true
2026-10-09T22:33:22.4108955Z ##[endgroup]
2026-10-09T22:33:22.4832313Z 
2026-10-09T22:33:22.4833038Z > site-creator-vinext-starter@0.1.0 install:ci
2026-10-09T22:33:22.4833390Z > bash scripts/install-pnpm.sh
2026-10-09T22:33:22.4833513Z 
2026-10-09T22:33:24.9023960Z Lockfile is up to date, resolution step is skipped
2026-10-09T22:33:24.9555171Z Unsupported platform for @next/swc-darwin-arm64@16.3.8: wanted {"cpu":["arm64"],"os":["darwin"],"libc":["any"]} (current: {"os":"linux","cpu":"x64","libc":"glibc"})
2026-10-09T22:33:24.9567917Z Unsupported platform for @next/swc-darwin-x64@16.3.8: wanted {"cpu":["x64"],"os":["darwin"],"libc":["any"]} (current: {"os":"linux","cpu":"x64","libc":"glibc"})
2026-10-09T22:33:24.9614870Z Unsupported platform for @next/swc-linux-arm64-gnu@16.3.8: wanted {"cpu":["arm64"],"os":["linux"],"libc":["glibc"]} (current: {"os":"linux","cpu":"x64","libc":"glibc"})
2026-10-09T22:33:24.9622935Z Unsupported platform for @next/swc-linux-arm64-musl@16.3.8: wanted {"cpu":["arm64"],"os":["linux"],"libc":["musl"]} (current: {"os":"linux","cpu":"x64","libc":"glibc"})
2026-10-09T22:33:24.9624487Z Unsupported platform for @next/swc-linux-x64-musl@16.3.8: wanted {"cpu":["x64"],"os":["linux"],"libc":["musl"]} (current: {"os":"linux","cpu":"x64","libc":"glibc"})
2026-10-09T22:33:24.9625765Z Unsupported platform for @next/swc-win32-arm64-msvc@16.3.8: wanted {"cpu":["arm64"],"os":["win32"],"libc":["any"]} (current: {"os":"linux","cpu":"x64","libc":"glibc"})
2026-10-09T22:33:24.9656506Z Unsupported platform for @next/swc-win32-x64-msvc@16.3.8: wanted {"cpu":["x64"],"os":["win32"],"libc":["any"]} (current: {"os":"linux","cpu":"x64","libc":"glibc"})
2026-10-09T22:33:24.9663082Z Unsupported platform for fsevents@2.3.3: wanted {"cpu":["any"],"os":["darwin"],"libc":["any"]} (current: {"os":"linux","cpu":"x64","libc":"glibc"})
2026-10-09T22:33:24.9668399Z Unsupported platform for @img/sharp-darwin-arm64@0.35.5: wanted {"cpu":["arm64"],"os":["darwin"],"libc":["any"]} (current: {"os":"linux","cpu":"x64","libc":"glibc"})
2026-10-09T22:33:24.9669531Z Unsupported platform for @img/sharp-darwin-x64@0.35.5: wanted {"cpu":["x64"],"os":["darwin"],"libc":["any"]} (current: {"os":"linux","cpu":"x64","libc":"glibc"})
2026-10-09T22:33:24.9670784Z Unsupported platform for @img/sharp-freebsd-wasm32@0.35.5: wanted {"cpu":["wasm32"],"os":["freebsd"],"libc":["any"]} (current: {"os":"linux","cpu":"x64","libc":"glibc"})
2026-10-09T22:33:24.9672210Z Unsupported platform for @img/sharp-libvips-darwin-arm64@1.3.4: wanted {"cpu":["arm64"],"os":["darwin"],"libc":["any"]} (current: {"os":"linux","cpu":"x64","libc":"glibc"})
2026-10-09T22:33:24.9673554Z Unsupported platform for @img/sharp-libvips-darwin-x64@1.3.4: wanted {"cpu":["x64"],"os":["darwin"],"libc":["any"]} (current: {"os":"linux","cpu":"x64","libc":"glibc"})
2026-10-09T22:33:24.9679134Z Unsupported platform for @img/sharp-libvips-linux-arm@1.3.4: wanted {"cpu":["arm"],"os":["linux"],"libc":["glibc"]} (current: {"os":"linux","cpu":"x64","libc":"glibc"})
2026-10-09T22:33:24.9682885Z Unsupported platform for @img/sharp-libvips-linux-arm64@1.3.4: wanted {"cpu":["arm64"],"os":["linux"],"libc":["glibc"]} (current: {"os":"linux","cpu":"x64","libc":"glibc"})
2026-10-09T22:33:24.9684640Z Unsupported platform for @img/sharp-libvips-linux-ppc64@1.3.4: wanted {"cpu":["ppc64"],"os":["linux"],"libc":["glibc"]} (current: {"os":"linux","cpu":"x64","libc":"glibc"})
2026-10-09T22:33:24.9687170Z Unsupported platform for @img/sharp-libvips-linux-riscv64@1.3.4: wanted {"cpu":["riscv64"],"os":["linux"],"libc":["glibc"]} (current: {"os":"linux","cpu":"x64","libc":"glibc"})
2026-10-09T22:33:24.9688801Z Unsupported platform for @img/sharp-libvips-linux-s390x@1.3.4: wanted {"cpu":["s390x"],"os":["linux"],"libc":["glibc"]} (current: {"os":"linux","cpu":"x64","libc":"glibc"})
2026-10-09T22:33:24.9689963Z Unsupported platform for @img/sharp-libvips-linuxmusl-arm64@1.3.4: wanted {"cpu":["arm64"],"os":["linux"],"libc":["musl"]} (current: {"os":"linux","cpu":"x64","libc":"glibc"})
2026-10-09T22:33:24.9691153Z Unsupported platform for @img/sharp-libvips-linuxmusl-x64@1.3.4: wanted {"cpu":["x64"],"os":["linux"],"libc":["musl"]} (current: {"os":"linux","cpu":"x64","libc":"glibc"})
2026-10-09T22:33:24.9692344Z Unsupported platform for @img/sharp-linux-arm@0.35.5: wanted {"cpu":["arm"],"os":["linux"],"libc":["glibc"]} (current: {"os":"linux","cpu":"x64","libc":"glibc"})
2026-10-09T22:33:24.9693437Z Unsupported platform for @img/sharp-linux-arm64@0.35.5: wanted {"cpu":["arm64"],"os":["linux"],"libc":["glibc"]} (current: {"os":"linux","cpu":"x64","libc":"glibc"})
2026-10-09T22:33:24.9694593Z Unsupported platform for @img/sharp-linux-ppc64@0.35.5: wanted {"cpu":["ppc64"],"os":["linux"],"libc":["glibc"]} (current: {"os":"linux","cpu":"x64","libc":"glibc"})
2026-10-09T22:33:24.9695689Z Unsupported platform for @img/sharp-linux-riscv64@0.35.5: wanted {"cpu":["riscv64"],"os":["linux"],"libc":["glibc"]} (current: {"os":"linux","cpu":"x64","libc":"glibc"})
2026-10-09T22:33:24.9696777Z Unsupported platform for @img/sharp-linux-s390x@0.35.5: wanted {"cpu":["s390x"],"os":["linux"],"libc":["glibc"]} (current: {"os":"linux","cpu":"x64","libc":"glibc"})
2026-10-09T22:33:24.9697860Z Unsupported platform for @img/sharp-linuxmusl-arm64@0.35.5: wanted {"cpu":["arm64"],"os":["linux"],"libc":["musl"]} (current: {"os":"linux","cpu":"x64","libc":"glibc"})
2026-10-09T22:33:24.9698935Z Unsupported platform for @img/sharp-linuxmusl-x64@0.35.5: wanted {"cpu":["x64"],"os":["linux"],"libc":["musl"]} (current: {"os":"linux","cpu":"x64","libc":"glibc"})
2026-10-09T22:33:24.9700048Z Unsupported platform for @img/sharp-webcontainers-wasm32@0.35.5: wanted {"cpu":["wasm32"],"os":["any"],"libc":["any"]} (current: {"os":"linux","cpu":"x64","libc":"glibc"})
2026-10-09T22:33:24.9701211Z Unsupported platform for @img/sharp-win32-arm64@0.35.5: wanted {"cpu":["arm64"],"os":["win32"],"libc":["any"]} (current: {"os":"linux","cpu":"x64","libc":"glibc"})
2026-10-09T22:33:24.9702342Z Unsupported platform for @img/sharp-win32-ia32@0.35.5: wanted {"cpu":["ia32"],"os":["win32"],"libc":["any"]} (current: {"os":"linux","cpu":"x64","libc":"glibc"})
2026-10-09T22:33:24.9703380Z Unsupported platform for @img/sharp-win32-x64@0.35.5: wanted {"cpu":["x64"],"os":["win32"],"libc":["any"]} (current: {"os":"linux","cpu":"x64","libc":"glibc"})
2026-10-09T22:33:24.9704530Z Unsupported platform for @tailwindcss/oxide-android-arm64@4.2.1: wanted {"cpu":["arm64"],"os":["android"],"libc":["any"]} (current: {"os":"linux","cpu":"x64","libc":"glibc"})
2026-10-09T22:33:24.9705685Z Unsupported platform for @tailwindcss/oxide-darwin-arm64@4.2.1: wanted {"cpu":["arm64"],"os":["darwin"],"libc":["any"]} (current: {"os":"linux","cpu":"x64","libc":"glibc"})
2026-10-09T22:33:24.9706789Z Unsupported platform for @tailwindcss/oxide-darwin-x64@4.2.1: wanted {"cpu":["x64"],"os":["darwin"],"libc":["any"]} (current: {"os":"linux","cpu":"x64","libc":"glibc"})
2026-10-09T22:33:24.9707882Z Unsupported platform for @tailwindcss/oxide-freebsd-x64@4.2.1: wanted {"cpu":["x64"],"os":["freebsd"],"libc":["any"]} (current: {"os":"linux","cpu":"x64","libc":"glibc"})
2026-10-09T22:33:24.9709065Z Unsupported platform for @tailwindcss/oxide-linux-arm-gnueabihf@4.2.1: wanted {"cpu":["arm"],"os":["linux"],"libc":["glibc"]} (current: {"os":"linux","cpu":"x64","libc":"glibc"})
2026-10-09T22:33:24.9710243Z Unsupported platform for @tailwindcss/oxide-linux-arm64-gnu@4.2.1: wanted {"cpu":["arm64"],"os":["linux"],"libc":["glibc"]} (current: {"os":"linux","cpu":"x64","libc":"glibc"})
2026-10-09T22:33:24.9711548Z Unsupported platform for @tailwindcss/oxide-linux-arm64-musl@4.2.1: wanted {"cpu":["arm64"],"os":["linux"],"libc":["musl"]} (current: {"os":"linux","cpu":"x64","libc":"glibc"})
2026-10-09T22:33:24.9713526Z Unsupported platform for @tailwindcss/oxide-linux-x64-musl@4.2.1: wanted {"cpu":["x64"],"os":["linux"],"libc":["musl"]} (current: {"os":"linux","cpu":"x64","libc":"glibc"})
2026-10-09T22:33:24.9714640Z Unsupported platform for @tailwindcss/oxide-wasm32-wasi@4.2.1: wanted {"cpu":["wasm32"],"os":["any"],"libc":["any"]} (current: {"os":"linux","cpu":"x64","libc":"glibc"})
2026-10-09T22:33:24.9715773Z Unsupported platform for @tailwindcss/oxide-win32-arm64-msvc@4.2.1: wanted {"cpu":["arm64"],"os":["win32"],"libc":["any"]} (current: {"os":"linux","cpu":"x64","libc":"glibc"})
2026-10-09T22:33:24.9716912Z Unsupported platform for @tailwindcss/oxide-win32-x64-msvc@4.2.1: wanted {"cpu":["x64"],"os":["win32"],"libc":["any"]} (current: {"os":"linux","cpu":"x64","libc":"glibc"})
2026-10-09T22:33:24.9717988Z Unsupported platform for @esbuild/aix-ppc64@0.25.12: wanted {"cpu":["ppc64"],"os":["aix"],"libc":["any"]} (current: {"os":"linux","cpu":"x64","libc":"glibc"})
2026-10-09T22:33:24.9719053Z Unsupported platform for @esbuild/android-arm@0.25.12: wanted {"cpu":["arm"],"os":["android"],"libc":["any"]} (current: {"os":"linux","cpu":"x64","libc":"glibc"})
2026-10-09T22:33:24.9720115Z Unsupported platform for @esbuild/android-arm64@0.25.12: wanted {"cpu":["arm64"],"os":["android"],"libc":["any"]} (current: {"os":"linux","cpu":"x64","libc":"glibc"})
2026-10-09T22:33:24.9721183Z Unsupported platform for @esbuild/android-x64@0.25.12: wanted {"cpu":["x64"],"os":["android"],"libc":["any"]} (current: {"os":"linux","cpu":"x64","libc":"glibc"})
2026-10-09T22:33:24.9722347Z Unsupported platform for @esbuild/darwin-arm64@0.25.12: wanted {"cpu":["arm64"],"os":["darwin"],"libc":["any"]} (current: {"os":"linux","cpu":"x64","libc":"glibc"})
2026-10-09T22:33:24.9723402Z Unsupported platform for @esbuild/darwin-x64@0.25.12: wanted {"cpu":["x64"],"os":["darwin"],"libc":["any"]} (current: {"os":"linux","cpu":"x64","libc":"glibc"})
2026-10-09T22:33:24.9724470Z Unsupported platform for @esbuild/freebsd-arm64@0.25.12: wanted {"cpu":["arm64"],"os":["freebsd"],"libc":["any"]} (current: {"os":"linux","cpu":"x64","libc":"glibc"})
2026-10-09T22:33:24.9725531Z Unsupported platform for @esbuild/freebsd-x64@0.25.12: wanted {"cpu":["x64"],"os":["freebsd"],"libc":["any"]} (current: {"os":"linux","cpu":"x64","libc":"glibc"})
2026-10-09T22:33:24.9726550Z Unsupported platform for @esbuild/linux-arm@0.25.12: wanted {"cpu":["arm"],"os":["linux"],"libc":["any"]} (current: {"os":"linux","cpu":"x64","libc":"glibc"})
2026-10-09T22:33:24.9727570Z Unsupported platform for @esbuild/linux-arm64@0.25.12: wanted {"cpu":["arm64"],"os":["linux"],"libc":["any"]} (current: {"os":"linux","cpu":"x64","libc":"glibc"})
2026-10-09T22:33:24.9728604Z Unsupported platform for @esbuild/linux-ia32@0.25.12: wanted {"cpu":["ia32"],"os":["linux"],"libc":["any"]} (current: {"os":"linux","cpu":"x64","libc":"glibc"})
2026-10-09T22:33:24.9729658Z Unsupported platform for @esbuild/linux-loong64@0.25.12: wanted {"cpu":["loong64"],"os":["linux"],"libc":["any"]} (current: {"os":"linux","cpu":"x64","libc":"glibc"})
2026-10-09T22:33:24.9730741Z Unsupported platform for @esbuild/linux-mips64el@0.25.12: wanted {"cpu":["mips64el"],"os":["linux"],"libc":["any"]} (current: {"os":"linux","cpu":"x64","libc":"glibc"})
2026-10-09T22:33:24.9731811Z Unsupported platform for @esbuild/linux-ppc64@0.25.12: wanted {"cpu":["ppc64"],"os":["linux"],"libc":["any"]} (current: {"os":"linux","cpu":"x64","libc":"glibc"})
2026-10-09T22:33:24.9732973Z Unsupported platform for @esbuild/linux-riscv64@0.25.12: wanted {"cpu":["riscv64"],"os":["linux"],"libc":["any"]} (current: {"os":"linux","cpu":"x64","libc":"glibc"})
2026-10-09T22:33:24.9734021Z Unsupported platform for @esbuild/linux-s390x@0.25.12: wanted {"cpu":["s390x"],"os":["linux"],"libc":["any"]} (current: {"os":"linux","cpu":"x64","libc":"glibc"})
2026-10-09T22:33:24.9735239Z Unsupported platform for @esbuild/netbsd-arm64@0.25.12: wanted {"cpu":["arm64"],"os":["netbsd"],"libc":["any"]} (current: {"os":"linux","cpu":"x64","libc":"glibc"})
2026-10-09T22:33:24.9736402Z Unsupported platform for @esbuild/netbsd-x64@0.25.12: wanted {"cpu":["x64"],"os":["netbsd"],"libc":["any"]} (current: {"os":"linux","cpu":"x64","libc":"glibc"})
2026-10-09T22:33:24.9737453Z Unsupported platform for @esbuild/openbsd-arm64@0.25.12: wanted {"cpu":["arm64"],"os":["openbsd"],"libc":["any"]} (current: {"os":"linux","cpu":"x64","libc":"glibc"})
2026-10-09T22:33:24.9738497Z Unsupported platform for @esbuild/openbsd-x64@0.25.12: wanted {"cpu":["x64"],"os":["openbsd"],"libc":["any"]} (current: {"os":"linux","cpu":"x64","libc":"glibc"})
2026-10-09T22:33:24.9739597Z Unsupported platform for @esbuild/openharmony-arm64@0.25.12: wanted {"cpu":["arm64"],"os":["openharmony"],"libc":["any"]} (current: {"os":"linux","cpu":"x64","libc":"glibc"})
2026-10-09T22:33:24.9741264Z Unsupported platform for @esbuild/sunos-x64@0.25.12: wanted {"cpu":["x64"],"os":["sunos"],"libc":["any"]} (current: {"os":"linux","cpu":"x64","libc":"glibc"})
2026-10-09T22:33:24.9742388Z Unsupported platform for @esbuild/win32-arm64@0.25.12: wanted {"cpu":["arm64"],"os":["win32"],"libc":["any"]} (current: {"os":"linux","cpu":"x64","libc":"glibc"})
2026-10-09T22:33:24.9743454Z Unsupported platform for @esbuild/win32-ia32@0.25.12: wanted {"cpu":["ia32"],"os":["win32"],"libc":["any"]} (current: {"os":"linux","cpu":"x64","libc":"glibc"})
2026-10-09T22:33:24.9744543Z Unsupported platform for @esbuild/win32-x64@0.25.12: wanted {"cpu":["x64"],"os":["win32"],"libc":["any"]} (current: {"os":"linux","cpu":"x64","libc":"glibc"})
2026-10-09T22:33:24.9745626Z Unsupported platform for lightningcss-android-arm64@1.32.0: wanted {"cpu":["arm64"],"os":["android"],"libc":["any"]} (current: {"os":"linux","cpu":"x64","libc":"glibc"})
2026-10-09T22:33:24.9746805Z Unsupported platform for lightningcss-darwin-arm64@1.32.0: wanted {"cpu":["arm64"],"os":["darwin"],"libc":["any"]} (current: {"os":"linux","cpu":"x64","libc":"glibc"})
2026-10-09T22:33:24.9747931Z Unsupported platform for lightningcss-darwin-x64@1.32.0: wanted {"cpu":["x64"],"os":["darwin"],"libc":["any"]} (current: {"os":"linux","cpu":"x64","libc":"glibc"})
2026-10-09T22:33:24.9749004Z Unsupported platform for lightningcss-freebsd-x64@1.32.0: wanted {"cpu":["x64"],"os":["freebsd"],"libc":["any"]} (current: {"os":"linux","cpu":"x64","libc":"glibc"})
2026-10-09T22:33:24.9750131Z Unsupported platform for lightningcss-linux-arm-gnueabihf@1.32.0: wanted {"cpu":["arm"],"os":["linux"],"libc":["glibc"]} (current: {"os":"linux","cpu":"x64","libc":"glibc"})
2026-10-09T22:33:24.9751276Z Unsupported platform for lightningcss-linux-arm64-gnu@1.32.0: wanted {"cpu":["arm64"],"os":["linux"],"libc":["glibc"]} (current: {"os":"linux","cpu":"x64","libc":"glibc"})
2026-10-09T22:33:24.9752546Z Unsupported platform for lightningcss-linux-arm64-musl@1.32.0: wanted {"cpu":["arm64"],"os":["linux"],"libc":["musl"]} (current: {"os":"linux","cpu":"x64","libc":"glibc"})
2026-10-09T22:33:24.9753674Z Unsupported platform for lightningcss-linux-x64-musl@1.32.0: wanted {"cpu":["x64"],"os":["linux"],"libc":["musl"]} (current: {"os":"linux","cpu":"x64","libc":"glibc"})
2026-10-09T22:33:24.9754822Z Unsupported platform for lightningcss-win32-arm64-msvc@1.32.0: wanted {"cpu":["arm64"],"os":["win32"],"libc":["any"]} (current: {"os":"linux","cpu":"x64","libc":"glibc"})
2026-10-09T22:33:24.9755926Z Unsupported platform for lightningcss-win32-x64-msvc@1.32.0: wanted {"cpu":["x64"],"os":["win32"],"libc":["any"]} (current: {"os":"linux","cpu":"x64","libc":"glibc"})
2026-10-09T22:33:24.9757104Z Unsupported platform for @rolldown/binding-android-arm64@1.0.3: wanted {"cpu":["arm64"],"os":["android"],"libc":["any"]} (current: {"os":"linux","cpu":"x64","libc":"glibc"})
2026-10-09T22:33:24.9758250Z Unsupported platform for @rolldown/binding-darwin-arm64@1.0.3: wanted {"cpu":["arm64"],"os":["darwin"],"libc":["any"]} (current: {"os":"linux","cpu":"x64","libc":"glibc"})
2026-10-09T22:33:24.9759498Z Unsupported platform for @rolldown/binding-darwin-x64@1.0.3: wanted {"cpu":["x64"],"os":["darwin"],"libc":["any"]} (current: {"os":"linux","cpu":"x64","libc":"glibc"})
2026-10-09T22:33:24.9760718Z Unsupported platform for @rolldown/binding-freebsd-x64@1.0.3: wanted {"cpu":["x64"],"os":["freebsd"],"libc":["any"]} (current: {"os":"linux","cpu":"x64","libc":"glibc"})
2026-10-09T22:33:24.9761912Z Unsupported platform for @rolldown/binding-linux-arm-gnueabihf@1.0.3: wanted {"cpu":["arm"],"os":["linux"],"libc":["glibc"]} (current: {"os":"linux","cpu":"x64","libc":"glibc"})
2026-10-09T22:33:24.9763160Z Unsupported platform for @rolldown/binding-linux-arm64-gnu@1.0.3: wanted {"cpu":["arm64"],"os":["linux"],"libc":["glibc"]} (current: {"os":"linux","cpu":"x64","libc":"glibc"})
2026-10-09T22:33:24.9764317Z Unsupported platform for @rolldown/binding-linux-arm64-musl@1.0.3: wanted {"cpu":["arm64"],"os":["linux"],"libc":["musl"]} (current: {"os":"linux","cpu":"x64","libc":"glibc"})
2026-10-09T22:33:24.9765477Z Unsupported platform for @rolldown/binding-linux-ppc64-gnu@1.0.3: wanted {"cpu":["ppc64"],"os":["linux"],"libc":["glibc"]} (current: {"os":"linux","cpu":"x64","libc":"glibc"})
2026-10-09T22:33:24.9766631Z Unsupported platform for @rolldown/binding-linux-s390x-gnu@1.0.3: wanted {"cpu":["s390x"],"os":["linux"],"libc":["glibc"]} (current: {"os":"linux","cpu":"x64","libc":"glibc"})
2026-10-09T22:33:24.9767766Z Unsupported platform for @rolldown/binding-linux-x64-musl@1.0.3: wanted {"cpu":["x64"],"os":["linux"],"libc":["musl"]} (current: {"os":"linux","cpu":"x64","libc":"glibc"})
2026-10-09T22:33:24.9768942Z Unsupported platform for @rolldown/binding-openharmony-arm64@1.0.3: wanted {"cpu":["arm64"],"os":["openharmony"],"libc":["any"]} (current: {"os":"linux","cpu":"x64","libc":"glibc"})
2026-10-09T22:33:24.9770092Z Unsupported platform for @rolldown/binding-wasm32-wasi@1.0.3: wanted {"cpu":["wasm32"],"os":["any"],"libc":["any"]} (current: {"os":"linux","cpu":"x64","libc":"glibc"})
2026-10-09T22:33:24.9771213Z Unsupported platform for @rolldown/binding-win32-arm64-msvc@1.0.3: wanted {"cpu":["arm64"],"os":["win32"],"libc":["any"]} (current: {"os":"linux","cpu":"x64","libc":"glibc"})
2026-10-09T22:33:24.9772780Z Unsupported platform for @rolldown/binding-win32-x64-msvc@1.0.3: wanted {"cpu":["x64"],"os":["win32"],"libc":["any"]} (current: {"os":"linux","cpu":"x64","libc":"glibc"})
2026-10-09T22:33:24.9773836Z Unsupported platform for @esbuild/aix-ppc64@0.28.1: wanted {"cpu":["ppc64"],"os":["aix"],"libc":["any"]} (current: {"os":"linux","cpu":"x64","libc":"glibc"})
2026-10-09T22:33:24.9774883Z Unsupported platform for @esbuild/android-arm@0.28.1: wanted {"cpu":["arm"],"os":["android"],"libc":["any"]} (current: {"os":"linux","cpu":"x64","libc":"glibc"})
2026-10-09T22:33:24.9775956Z Unsupported platform for @esbuild/android-arm64@0.28.1: wanted {"cpu":["arm64"],"os":["android"],"libc":["any"]} (current: {"os":"linux","cpu":"x64","libc":"glibc"})
2026-10-09T22:33:24.9777066Z Unsupported platform for @esbuild/android-x64@0.28.1: wanted {"cpu":["x64"],"os":["android"],"libc":["any"]} (current: {"os":"linux","cpu":"x64","libc":"glibc"})
2026-10-09T22:33:24.9778232Z Unsupported platform for @esbuild/darwin-arm64@0.28.1: wanted {"cpu":["arm64"],"os":["darwin"],"libc":["any"]} (current: {"os":"linux","cpu":"x64","libc":"glibc"})
2026-10-09T22:33:24.9779279Z Unsupported platform for @esbuild/darwin-x64@0.28.1: wanted {"cpu":["x64"],"os":["darwin"],"libc":["any"]} (current: {"os":"linux","cpu":"x64","libc":"glibc"})
2026-10-09T22:33:24.9780396Z Unsupported platform for @esbuild/freebsd-arm64@0.28.1: wanted {"cpu":["arm64"],"os":["freebsd"],"libc":["any"]} (current: {"os":"linux","cpu":"x64","libc":"glibc"})
2026-10-09T22:33:24.9781442Z Unsupported platform for @esbuild/freebsd-x64@0.28.1: wanted {"cpu":["x64"],"os":["freebsd"],"libc":["any"]} (current: {"os":"linux","cpu":"x64","libc":"glibc"})
2026-10-09T22:33:24.9782739Z Unsupported platform for @esbuild/linux-arm@0.28.1: wanted {"cpu":["arm"],"os":["linux"],"libc":["any"]} (current: {"os":"linux","cpu":"x64","libc":"glibc"})
2026-10-09T22:33:24.9783911Z Unsupported platform for @esbuild/linux-arm64@0.28.1: wanted {"cpu":["arm64"],"os":["linux"],"libc":["any"]} (current: {"os":"linux","cpu":"x64","libc":"glibc"})
2026-10-09T22:33:24.9784994Z Unsupported platform for @esbuild/linux-ia32@0.28.1: wanted {"cpu":["ia32"],"os":["linux"],"libc":["any"]} (current: {"os":"linux","cpu":"x64","libc":"glibc"})
2026-10-09T22:33:24.9786048Z Unsupported platform for @esbuild/linux-loong64@0.28.1: wanted {"cpu":["loong64"],"os":["linux"],"libc":["any"]} (current: {"os":"linux","cpu":"x64","libc":"glibc"})
2026-10-09T22:33:24.9787222Z Unsupported platform for @esbuild/linux-mips64el@0.28.1: wanted {"cpu":["mips64el"],"os":["linux"],"libc":["any"]} (current: {"os":"linux","cpu":"x64","libc":"glibc"})
2026-10-09T22:33:24.9788311Z Unsupported platform for @esbuild/linux-ppc64@0.28.1: wanted {"cpu":["ppc64"],"os":["linux"],"libc":["any"]} (current: {"os":"linux","cpu":"x64","libc":"glibc"})
2026-10-09T22:33:24.9789419Z Unsupported platform for @esbuild/linux-riscv64@0.28.1: wanted {"cpu":["riscv64"],"os":["linux"],"libc":["any"]} (current: {"os":"linux","cpu":"x64","libc":"glibc"})
2026-10-09T22:33:24.9790556Z Unsupported platform for @esbuild/linux-s390x@0.28.1: wanted {"cpu":["s390x"],"os":["linux"],"libc":["any"]} (current: {"os":"linux","cpu":"x64","libc":"glibc"})
2026-10-09T22:33:24.9791640Z Unsupported platform for @esbuild/netbsd-arm64@0.28.1: wanted {"cpu":["arm64"],"os":["netbsd"],"libc":["any"]} (current: {"os":"linux","cpu":"x64","libc":"glibc"})
2026-10-09T22:33:24.9792751Z Unsupported platform for @esbuild/netbsd-x64@0.28.1: wanted {"cpu":["x64"],"os":["netbsd"],"libc":["any"]} (current: {"os":"linux","cpu":"x64","libc":"glibc"})
2026-10-09T22:33:24.9793790Z Unsupported platform for @esbuild/openbsd-arm64@0.28.1: wanted {"cpu":["arm64"],"os":["openbsd"],"libc":["any"]} (current: {"os":"linux","cpu":"x64","libc":"glibc"})
2026-10-09T22:33:24.9794857Z Unsupported platform for @esbuild/openbsd-x64@0.28.1: wanted {"cpu":["x64"],"os":["openbsd"],"libc":["any"]} (current: {"os":"linux","cpu":"x64","libc":"glibc"})
2026-10-09T22:33:24.9795952Z Unsupported platform for @esbuild/openharmony-arm64@0.28.1: wanted {"cpu":["arm64"],"os":["openharmony"],"libc":["any"]} (current: {"os":"linux","cpu":"x64","libc":"glibc"})
2026-10-09T22:33:24.9797036Z Unsupported platform for @esbuild/sunos-x64@0.28.1: wanted {"cpu":["x64"],"os":["sunos"],"libc":["any"]} (current: {"os":"linux","cpu":"x64","libc":"glibc"})
2026-10-09T22:33:24.9798076Z Unsupported platform for @esbuild/win32-arm64@0.28.1: wanted {"cpu":["arm64"],"os":["win32"],"libc":["any"]} (current: {"os":"linux","cpu":"x64","libc":"glibc"})
2026-10-09T22:33:24.9799126Z Unsupported platform for @esbuild/win32-ia32@0.28.1: wanted {"cpu":["ia32"],"os":["win32"],"libc":["any"]} (current: {"os":"linux","cpu":"x64","libc":"glibc"})
2026-10-09T22:33:24.9800141Z Unsupported platform for @esbuild/win32-x64@0.28.1: wanted {"cpu":["x64"],"os":["win32"],"libc":["any"]} (current: {"os":"linux","cpu":"x64","libc":"glibc"})
2026-10-09T22:33:24.9801237Z Unsupported platform for @cloudflare/workerd-darwin-64@1.20260515.1: wanted {"cpu":["x64"],"os":["darwin"],"libc":["any"]} (current: {"os":"linux","cpu":"x64","libc":"glibc"})
2026-10-09T22:33:24.9802507Z Unsupported platform for @cloudflare/workerd-darwin-arm64@1.20260515.1: wanted {"cpu":["arm64"],"os":["darwin"],"libc":["any"]} (current: {"os":"linux","cpu":"x64","libc":"glibc"})
2026-10-09T22:33:24.9803691Z Unsupported platform for @cloudflare/workerd-linux-arm64@1.20260515.1: wanted {"cpu":["arm64"],"os":["linux"],"libc":["any"]} (current: {"os":"linux","cpu":"x64","libc":"glibc"})
2026-10-09T22:33:24.9804864Z Unsupported platform for @cloudflare/workerd-windows-64@1.20260515.1: wanted {"cpu":["x64"],"os":["win32"],"libc":["any"]} (current: {"os":"linux","cpu":"x64","libc":"glibc"})
2026-10-09T22:33:24.9805994Z Unsupported platform for lightningcss-android-arm64@1.31.1: wanted {"cpu":["arm64"],"os":["android"],"libc":["any"]} (current: {"os":"linux","cpu":"x64","libc":"glibc"})
2026-10-09T22:33:24.9807391Z Unsupported platform for lightningcss-darwin-arm64@1.31.1: wanted {"cpu":["arm64"],"os":["darwin"],"libc":["any"]} (current: {"os":"linux","cpu":"x64","libc":"glibc"})
2026-10-09T22:33:24.9808476Z Unsupported platform for lightningcss-darwin-x64@1.31.1: wanted {"cpu":["x64"],"os":["darwin"],"libc":["any"]} (current: {"os":"linux","cpu":"x64","libc":"glibc"})
2026-10-09T22:33:24.9809542Z Unsupported platform for lightningcss-freebsd-x64@1.31.1: wanted {"cpu":["x64"],"os":["freebsd"],"libc":["any"]} (current: {"os":"linux","cpu":"x64","libc":"glibc"})
2026-10-09T22:33:24.9810703Z Unsupported platform for lightningcss-linux-arm-gnueabihf@1.31.1: wanted {"cpu":["arm"],"os":["linux"],"libc":["glibc"]} (current: {"os":"linux","cpu":"x64","libc":"glibc"})
2026-10-09T22:33:24.9811878Z Unsupported platform for lightningcss-linux-arm64-gnu@1.31.1: wanted {"cpu":["arm64"],"os":["linux"],"libc":["glibc"]} (current: {"os":"linux","cpu":"x64","libc":"glibc"})
2026-10-09T22:33:24.9813361Z Unsupported platform for lightningcss-linux-arm64-musl@1.31.1: wanted {"cpu":["arm64"],"os":["linux"],"libc":["musl"]} (current: {"os":"linux","cpu":"x64","libc":"glibc"})
2026-10-09T22:33:24.9814470Z Unsupported platform for lightningcss-linux-x64-musl@1.31.1: wanted {"cpu":["x64"],"os":["linux"],"libc":["musl"]} (current: {"os":"linux","cpu":"x64","libc":"glibc"})
2026-10-09T22:33:24.9815574Z Unsupported platform for lightningcss-win32-arm64-msvc@1.31.1: wanted {"cpu":["arm64"],"os":["win32"],"libc":["any"]} (current: {"os":"linux","cpu":"x64","libc":"glibc"})
2026-10-09T22:33:24.9816662Z Unsupported platform for lightningcss-win32-x64-msvc@1.31.1: wanted {"cpu":["x64"],"os":["win32"],"libc":["any"]} (current: {"os":"linux","cpu":"x64","libc":"glibc"})
2026-10-09T22:33:24.9817816Z Unsupported platform for @unrs/resolver-binding-android-arm-eabi@1.11.1: wanted {"cpu":["arm"],"os":["android"],"libc":["any"]} (current: {"os":"linux","cpu":"x64","libc":"glibc"})
2026-10-09T22:33:24.9819030Z Unsupported platform for @unrs/resolver-binding-android-arm64@1.11.1: wanted {"cpu":["arm64"],"os":["android"],"libc":["any"]} (current: {"os":"linux","cpu":"x64","libc":"glibc"})
2026-10-09T22:33:24.9820212Z Unsupported platform for @unrs/resolver-binding-darwin-arm64@1.11.1: wanted {"cpu":["arm64"],"os":["darwin"],"libc":["any"]} (current: {"os":"linux","cpu":"x64","libc":"glibc"})
2026-10-09T22:33:24.9821470Z Unsupported platform for @unrs/resolver-binding-darwin-x64@1.11.1: wanted {"cpu":["x64"],"os":["darwin"],"libc":["any"]} (current: {"os":"linux","cpu":"x64","libc":"glibc"})
2026-10-09T22:33:24.9853384Z Unsupported platform for @unrs/resolver-binding-freebsd-x64@1.11.1: wanted {"cpu":["x64"],"os":["freebsd"],"libc":["any"]} (current: {"os":"linux","cpu":"x64","libc":"glibc"})
2026-10-09T22:33:24.9854679Z Unsupported platform for @unrs/resolver-binding-linux-arm-gnueabihf@1.11.1: wanted {"cpu":["arm"],"os":["linux"],"libc":["glibc"]} (current: {"os":"linux","cpu":"x64","libc":"glibc"})
2026-10-09T22:33:24.9855981Z Unsupported platform for @unrs/resolver-binding-linux-arm-musleabihf@1.11.1: wanted {"cpu":["arm"],"os":["linux"],"libc":["musl"]} (current: {"os":"linux","cpu":"x64","libc":"glibc"})
2026-10-09T22:33:24.9857290Z Unsupported platform for @unrs/resolver-binding-linux-arm64-gnu@1.11.1: wanted {"cpu":["arm64"],"os":["linux"],"libc":["glibc"]} (current: {"os":"linux","cpu":"x64","libc":"glibc"})
2026-10-09T22:33:24.9858553Z Unsupported platform for @unrs/resolver-binding-linux-arm64-musl@1.11.1: wanted {"cpu":["arm64"],"os":["linux"],"libc":["musl"]} (current: {"os":"linux","cpu":"x64","libc":"glibc"})
2026-10-09T22:33:24.9859788Z Unsupported platform for @unrs/resolver-binding-linux-ppc64-gnu@1.11.1: wanted {"cpu":["ppc64"],"os":["linux"],"libc":["glibc"]} (current: {"os":"linux","cpu":"x64","libc":"glibc"})
2026-10-09T22:33:24.9861022Z Unsupported platform for @unrs/resolver-binding-linux-riscv64-gnu@1.11.1: wanted {"cpu":["riscv64"],"os":["linux"],"libc":["glibc"]} (current: {"os":"linux","cpu":"x64","libc":"glibc"})
2026-10-09T22:33:24.9866115Z Unsupported platform for @unrs/resolver-binding-linux-riscv64-musl@1.11.1: wanted {"cpu":["riscv64"],"os":["linux"],"libc":["musl"]} (current: {"os":"linux","cpu":"x64","libc":"glibc"})
2026-10-09T22:33:24.9867358Z Unsupported platform for @unrs/resolver-binding-linux-s390x-gnu@1.11.1: wanted {"cpu":["s390x"],"os":["linux"],"libc":["glibc"]} (current: {"os":"linux","cpu":"x64","libc":"glibc"})
2026-10-09T22:33:24.9868560Z Unsupported platform for @unrs/resolver-binding-linux-x64-musl@1.11.1: wanted {"cpu":["x64"],"os":["linux"],"libc":["musl"]} (current: {"os":"linux","cpu":"x64","libc":"glibc"})
2026-10-09T22:33:24.9869814Z Unsupported platform for @unrs/resolver-binding-wasm32-wasi@1.11.1: wanted {"cpu":["wasm32"],"os":["any"],"libc":["any"]} (current: {"os":"linux","cpu":"x64","libc":"glibc"})
2026-10-09T22:33:24.9871015Z Unsupported platform for @unrs/resolver-binding-win32-arm64-msvc@1.11.1: wanted {"cpu":["arm64"],"os":["win32"],"libc":["any"]} (current: {"os":"linux","cpu":"x64","libc":"glibc"})
2026-10-09T22:33:24.9872341Z Unsupported platform for @unrs/resolver-binding-win32-ia32-msvc@1.11.1: wanted {"cpu":["ia32"],"os":["win32"],"libc":["any"]} (current: {"os":"linux","cpu":"x64","libc":"glibc"})
2026-10-09T22:33:24.9873502Z Unsupported platform for @unrs/resolver-binding-win32-x64-msvc@1.11.1: wanted {"cpu":["x64"],"os":["win32"],"libc":["any"]} (current: {"os":"linux","cpu":"x64","libc":"glibc"})
2026-10-09T22:33:24.9881661Z Unsupported platform for @next/swc-darwin-arm64@16.3.8: wanted {"cpu":["arm64"],"os":["darwin"],"libc":["any"]} (current: {"os":"linux","cpu":"x64","libc":"glibc"})
2026-10-09T22:33:24.9888233Z Unsupported platform for @next/swc-darwin-x64@16.3.8: wanted {"cpu":["x64"],"os":["darwin"],"libc":["any"]} (current: {"os":"linux","cpu":"x64","libc":"glibc"})
2026-10-09T22:33:24.9890504Z Unsupported platform for @next/swc-linux-arm64-gnu@16.3.8: wanted {"cpu":["arm64"],"os":["linux"],"libc":["glibc"]} (current: {"os":"linux","cpu":"x64","libc":"glibc"})
2026-10-09T22:33:24.9897452Z Unsupported platform for @next/swc-linux-arm64-musl@16.3.8: wanted {"cpu":["arm64"],"os":["linux"],"libc":["musl"]} (current: {"os":"linux","cpu":"x64","libc":"glibc"})
2026-10-09T22:33:24.9898751Z Unsupported platform for @next/swc-linux-x64-musl@16.3.8: wanted {"cpu":["x64"],"os":["linux"],"libc":["musl"]} (current: {"os":"linux","cpu":"x64","libc":"glibc"})
2026-10-09T22:33:24.9899950Z Unsupported platform for @next/swc-win32-arm64-msvc@16.3.8: wanted {"cpu":["arm64"],"os":["win32"],"libc":["any"]} (current: {"os":"linux","cpu":"x64","libc":"glibc"})
2026-10-09T22:33:24.9901171Z Unsupported platform for @next/swc-win32-x64-msvc@16.3.8: wanted {"cpu":["x64"],"os":["win32"],"libc":["any"]} (current: {"os":"linux","cpu":"x64","libc":"glibc"})
2026-10-09T22:33:24.9902608Z Unsupported platform for fsevents@2.3.3: wanted {"cpu":["any"],"os":["darwin"],"libc":["any"]} (current: {"os":"linux","cpu":"x64","libc":"glibc"})
2026-10-09T22:33:24.9906256Z Unsupported platform for @img/sharp-darwin-arm64@0.35.5: wanted {"cpu":["arm64"],"os":["darwin"],"libc":["any"]} (current: {"os":"linux","cpu":"x64","libc":"glibc"})
2026-10-09T22:33:24.9907568Z Unsupported platform for @img/sharp-darwin-x64@0.35.5: wanted {"cpu":["x64"],"os":["darwin"],"libc":["any"]} (current: {"os":"linux","cpu":"x64","libc":"glibc"})
2026-10-09T22:33:24.9909387Z Unsupported platform for @img/sharp-freebsd-wasm32@0.35.5: wanted {"cpu":["wasm32"],"os":["freebsd"],"libc":["any"]} (current: {"os":"linux","cpu":"x64","libc":"glibc"})
2026-10-09T22:33:24.9913909Z Unsupported platform for @img/sharp-libvips-darwin-arm64@1.3.4: wanted {"cpu":["arm64"],"os":["darwin"],"libc":["any"]} (current: {"os":"linux","cpu":"x64","libc":"glibc"})
2026-10-09T22:33:24.9915183Z Unsupported platform for @img/sharp-libvips-darwin-x64@1.3.4: wanted {"cpu":["x64"],"os":["darwin"],"libc":["any"]} (current: {"os":"linux","cpu":"x64","libc":"glibc"})
2026-10-09T22:33:24.9932798Z Unsupported platform for @img/sharp-libvips-linux-arm@1.3.4: wanted {"cpu":["arm"],"os":["linux"],"libc":["glibc"]} (current: {"os":"linux","cpu":"x64","libc":"glibc"})
2026-10-09T22:33:24.9945460Z Unsupported platform for @img/sharp-libvips-linux-arm64@1.3.4: wanted {"cpu":["arm64"],"os":["linux"],"libc":["glibc"]} (current: {"os":"linux","cpu":"x64","libc":"glibc"})
2026-10-09T22:33:24.9946650Z Unsupported platform for @img/sharp-libvips-linux-ppc64@1.3.4: wanted {"cpu":["ppc64"],"os":["linux"],"libc":["glibc"]} (current: {"os":"linux","cpu":"x64","libc":"glibc"})
2026-10-09T22:33:24.9947810Z Unsupported platform for @img/sharp-libvips-linux-riscv64@1.3.4: wanted {"cpu":["riscv64"],"os":["linux"],"libc":["glibc"]} (current: {"os":"linux","cpu":"x64","libc":"glibc"})
2026-10-09T22:33:24.9948955Z Unsupported platform for @img/sharp-libvips-linux-s390x@1.3.4: wanted {"cpu":["s390x"],"os":["linux"],"libc":["glibc"]} (current: {"os":"linux","cpu":"x64","libc":"glibc"})
2026-10-09T22:33:24.9954622Z Unsupported platform for @img/sharp-libvips-linuxmusl-arm64@1.3.4: wanted {"cpu":["arm64"],"os":["linux"],"libc":["musl"]} (current: {"os":"linux","cpu":"x64","libc":"glibc"})
2026-10-09T22:33:24.9956323Z Unsupported platform for @img/sharp-libvips-linuxmusl-x64@1.3.4: wanted {"cpu":["x64"],"os":["linux"],"libc":["musl"]} (current: {"os":"linux","cpu":"x64","libc":"glibc"})
2026-10-09T22:33:24.9957423Z Unsupported platform for @img/sharp-linux-arm@0.35.5: wanted {"cpu":["arm"],"os":["linux"],"libc":["glibc"]} (current: {"os":"linux","cpu":"x64","libc":"glibc"})
2026-10-09T22:33:24.9958501Z Unsupported platform for @img/sharp-linux-arm64@0.35.5: wanted {"cpu":["arm64"],"os":["linux"],"libc":["glibc"]} (current: {"os":"linux","cpu":"x64","libc":"glibc"})
2026-10-09T22:33:24.9960498Z Unsupported platform for @img/sharp-linux-ppc64@0.35.5: wanted {"cpu":["ppc64"],"os":["linux"],"libc":["glibc"]} (current: {"os":"linux","cpu":"x64","libc":"glibc"})
2026-10-09T22:33:24.9961589Z Unsupported platform for @img/sharp-linux-riscv64@0.35.5: wanted {"cpu":["riscv64"],"os":["linux"],"libc":["glibc"]} (current: {"os":"linux","cpu":"x64","libc":"glibc"})
2026-10-09T22:33:24.9962846Z Unsupported platform for @img/sharp-linux-s390x@0.35.5: wanted {"cpu":["s390x"],"os":["linux"],"libc":["glibc"]} (current: {"os":"linux","cpu":"x64","libc":"glibc"})
2026-10-09T22:33:24.9963952Z Unsupported platform for @img/sharp-linuxmusl-arm64@0.35.5: wanted {"cpu":["arm64"],"os":["linux"],"libc":["musl"]} (current: {"os":"linux","cpu":"x64","libc":"glibc"})
2026-10-09T22:33:24.9965034Z Unsupported platform for @img/sharp-linuxmusl-x64@0.35.5: wanted {"cpu":["x64"],"os":["linux"],"libc":["musl"]} (current: {"os":"linux","cpu":"x64","libc":"glibc"})
2026-10-09T22:33:24.9966626Z Unsupported platform for @img/sharp-webcontainers-wasm32@0.35.5: wanted {"cpu":["wasm32"],"os":["any"],"libc":["any"]} (current: {"os":"linux","cpu":"x64","libc":"glibc"})
2026-10-09T22:33:24.9967716Z Unsupported platform for @img/sharp-win32-arm64@0.35.5: wanted {"cpu":["arm64"],"os":["win32"],"libc":["any"]} (current: {"os":"linux","cpu":"x64","libc":"glibc"})
2026-10-09T22:33:24.9968825Z Unsupported platform for @img/sharp-win32-ia32@0.35.5: wanted {"cpu":["ia32"],"os":["win32"],"libc":["any"]} (current: {"os":"linux","cpu":"x64","libc":"glibc"})
2026-10-09T22:33:24.9969880Z Unsupported platform for @img/sharp-win32-x64@0.35.5: wanted {"cpu":["x64"],"os":["win32"],"libc":["any"]} (current: {"os":"linux","cpu":"x64","libc":"glibc"})
2026-10-09T22:33:24.9971024Z Unsupported platform for @tailwindcss/oxide-android-arm64@4.2.1: wanted {"cpu":["arm64"],"os":["android"],"libc":["any"]} (current: {"os":"linux","cpu":"x64","libc":"glibc"})
2026-10-09T22:33:24.9972209Z Unsupported platform for @tailwindcss/oxide-darwin-arm64@4.2.1: wanted {"cpu":["arm64"],"os":["darwin"],"libc":["any"]} (current: {"os":"linux","cpu":"x64","libc":"glibc"})
2026-10-09T22:33:24.9973267Z Unsupported platform for @tailwindcss/oxide-darwin-x64@4.2.1: wanted {"cpu":["x64"],"os":["darwin"],"libc":["any"]} (current: {"os":"linux","cpu":"x64","libc":"glibc"})
2026-10-09T22:33:24.9974606Z Unsupported platform for @tailwindcss/oxide-freebsd-x64@4.2.1: wanted {"cpu":["x64"],"os":["freebsd"],"libc":["any"]} (current: {"os":"linux","cpu":"x64","libc":"glibc"})
2026-10-09T22:33:24.9975858Z Unsupported platform for @tailwindcss/oxide-linux-arm-gnueabihf@4.2.1: wanted {"cpu":["arm"],"os":["linux"],"libc":["glibc"]} (current: {"os":"linux","cpu":"x64","libc":"glibc"})
2026-10-09T22:33:24.9976979Z Unsupported platform for @tailwindcss/oxide-linux-arm64-gnu@4.2.1: wanted {"cpu":["arm64"],"os":["linux"],"libc":["glibc"]} (current: {"os":"linux","cpu":"x64","libc":"glibc"})
2026-10-09T22:33:24.9978078Z Unsupported platform for @tailwindcss/oxide-linux-arm64-musl@4.2.1: wanted {"cpu":["arm64"],"os":["linux"],"libc":["musl"]} (current: {"os":"linux","cpu":"x64","libc":"glibc"})
2026-10-09T22:33:24.9979078Z Unsupported platform for @tailwindcss/oxide-linux-x64-musl@4.2.1: wanted {"cpu":["x64"],"os":["linux"],"libc":["musl"]} (current: {"os":"linux","cpu":"x64","libc":"glibc"})
2026-10-09T22:33:24.9980369Z Unsupported platform for @tailwindcss/oxide-wasm32-wasi@4.2.1: wanted {"cpu":["wasm32"],"os":["any"],"libc":["any"]} (current: {"os":"linux","cpu":"x64","libc":"glibc"})
2026-10-09T22:33:24.9981831Z Unsupported platform for @tailwindcss/oxide-win32-arm64-msvc@4.2.1: wanted {"cpu":["arm64"],"os":["win32"],"libc":["any"]} (current: {"os":"linux","cpu":"x64","libc":"glibc"})
2026-10-09T22:33:24.9983083Z Unsupported platform for @tailwindcss/oxide-win32-x64-msvc@4.2.1: wanted {"cpu":["x64"],"os":["win32"],"libc":["any"]} (current: {"os":"linux","cpu":"x64","libc":"glibc"})
2026-10-09T22:33:24.9984130Z Unsupported platform for @esbuild/aix-ppc64@0.25.12: wanted {"cpu":["ppc64"],"os":["aix"],"libc":["any"]} (current: {"os":"linux","cpu":"x64","libc":"glibc"})
2026-10-09T22:33:24.9985147Z Unsupported platform for @esbuild/android-arm@0.25.12: wanted {"cpu":["arm"],"os":["android"],"libc":["any"]} (current: {"os":"linux","cpu":"x64","libc":"glibc"})
2026-10-09T22:33:24.9986230Z Unsupported platform for @esbuild/android-arm64@0.25.12: wanted {"cpu":["arm64"],"os":["android"],"libc":["any"]} (current: {"os":"linux","cpu":"x64","libc":"glibc"})
2026-10-09T22:33:24.9987378Z Unsupported platform for @esbuild/android-x64@0.25.12: wanted {"cpu":["x64"],"os":["android"],"libc":["any"]} (current: {"os":"linux","cpu":"x64","libc":"glibc"})
2026-10-09T22:33:24.9988423Z Unsupported platform for @esbuild/darwin-arm64@0.25.12: wanted {"cpu":["arm64"],"os":["darwin"],"libc":["any"]} (current: {"os":"linux","cpu":"x64","libc":"glibc"})
2026-10-09T22:33:24.9989355Z Unsupported platform for @esbuild/darwin-x64@0.25.12: wanted {"cpu":["x64"],"os":["darwin"],"libc":["any"]} (current: {"os":"linux","cpu":"x64","libc":"glibc"})
2026-10-09T22:33:24.9990353Z Unsupported platform for @esbuild/freebsd-arm64@0.25.12: wanted {"cpu":["arm64"],"os":["freebsd"],"libc":["any"]} (current: {"os":"linux","cpu":"x64","libc":"glibc"})
2026-10-09T22:33:24.9991424Z Unsupported platform for @esbuild/freebsd-x64@0.25.12: wanted {"cpu":["x64"],"os":["freebsd"],"libc":["any"]} (current: {"os":"linux","cpu":"x64","libc":"glibc"})
2026-10-09T22:33:24.9992596Z Unsupported platform for @esbuild/linux-arm@0.25.12: wanted {"cpu":["arm"],"os":["linux"],"libc":["any"]} (current: {"os":"linux","cpu":"x64","libc":"glibc"})
2026-10-09T22:33:24.9993611Z Unsupported platform for @esbuild/linux-arm64@0.25.12: wanted {"cpu":["arm64"],"os":["linux"],"libc":["any"]} (current: {"os":"linux","cpu":"x64","libc":"glibc"})
2026-10-09T22:33:24.9994625Z Unsupported platform for @esbuild/linux-ia32@0.25.12: wanted {"cpu":["ia32"],"os":["linux"],"libc":["any"]} (current: {"os":"linux","cpu":"x64","libc":"glibc"})
2026-10-09T22:33:24.9995693Z Unsupported platform for @esbuild/linux-loong64@0.25.12: wanted {"cpu":["loong64"],"os":["linux"],"libc":["any"]} (current: {"os":"linux","cpu":"x64","libc":"glibc"})
2026-10-09T22:33:24.9997277Z Unsupported platform for @esbuild/linux-mips64el@0.25.12: wanted {"cpu":["mips64el"],"os":["linux"],"libc":["any"]} (current: {"os":"linux","cpu":"x64","libc":"glibc"})
2026-10-09T22:33:24.9998742Z Unsupported platform for @esbuild/linux-ppc64@0.25.12: wanted {"cpu":["ppc64"],"os":["linux"],"libc":["any"]} (current: {"os":"linux","cpu":"x64","libc":"glibc"})
2026-10-09T22:33:25.0000000Z Unsupported platform for @esbuild/linux-riscv64@0.25.12: wanted {"cpu":["riscv64"],"os":["linux"],"libc":["any"]} (current: {"os":"linux","cpu":"x64","libc":"glibc"})
2026-10-09T22:33:25.0000994Z Unsupported platform for @esbuild/linux-s390x@0.25.12: wanted {"cpu":["s390x"],"os":["linux"],"libc":["any"]} (current: {"os":"linux","cpu":"x64","libc":"glibc"})
2026-10-09T22:33:25.0002175Z Unsupported platform for @esbuild/netbsd-arm64@0.25.12: wanted {"cpu":["arm64"],"os":["netbsd"],"libc":["any"]} (current: {"os":"linux","cpu":"x64","libc":"glibc"})
2026-10-09T22:33:25.0003165Z Unsupported platform for @esbuild/netbsd-x64@0.25.12: wanted {"cpu":["x64"],"os":["netbsd"],"libc":["any"]} (current: {"os":"linux","cpu":"x64","libc":"glibc"})
2026-10-09T22:33:25.0004183Z Unsupported platform for @esbuild/openbsd-arm64@0.25.12: wanted {"cpu":["arm64"],"os":["openbsd"],"libc":["any"]} (current: {"os":"linux","cpu":"x64","libc":"glibc"})
2026-10-09T22:33:25.0005159Z Unsupported platform for @esbuild/openbsd-x64@0.25.12: wanted {"cpu":["x64"],"os":["openbsd"],"libc":["any"]} (current: {"os":"linux","cpu":"x64","libc":"glibc"})
2026-10-09T22:33:25.0006226Z Unsupported platform for @esbuild/openharmony-arm64@0.25.12: wanted {"cpu":["arm64"],"os":["openharmony"],"libc":["any"]} (current: {"os":"linux","cpu":"x64","libc":"glibc"})
2026-10-09T22:33:25.0007223Z Unsupported platform for @esbuild/sunos-x64@0.25.12: wanted {"cpu":["x64"],"os":["sunos"],"libc":["any"]} (current: {"os":"linux","cpu":"x64","libc":"glibc"})
2026-10-09T22:33:25.0008157Z Unsupported platform for @esbuild/win32-arm64@0.25.12: wanted {"cpu":["arm64"],"os":["win32"],"libc":["any"]} (current: {"os":"linux","cpu":"x64","libc":"glibc"})
2026-10-09T22:33:25.0009084Z Unsupported platform for @esbuild/win32-ia32@0.25.12: wanted {"cpu":["ia32"],"os":["win32"],"libc":["any"]} (current: {"os":"linux","cpu":"x64","libc":"glibc"})
2026-10-09T22:33:25.0010019Z Unsupported platform for @esbuild/win32-x64@0.25.12: wanted {"cpu":["x64"],"os":["win32"],"libc":["any"]} (current: {"os":"linux","cpu":"x64","libc":"glibc"})
2026-10-09T22:33:25.0011168Z Unsupported platform for lightningcss-android-arm64@1.32.0: wanted {"cpu":["arm64"],"os":["android"],"libc":["any"]} (current: {"os":"linux","cpu":"x64","libc":"glibc"})
2026-10-09T22:33:25.0012421Z Unsupported platform for lightningcss-darwin-arm64@1.32.0: wanted {"cpu":["arm64"],"os":["darwin"],"libc":["any"]} (current: {"os":"linux","cpu":"x64","libc":"glibc"})
2026-10-09T22:33:25.0013426Z Unsupported platform for lightningcss-darwin-x64@1.32.0: wanted {"cpu":["x64"],"os":["darwin"],"libc":["any"]} (current: {"os":"linux","cpu":"x64","libc":"glibc"})
2026-10-09T22:33:25.0014504Z Unsupported platform for lightningcss-freebsd-x64@1.32.0: wanted {"cpu":["x64"],"os":["freebsd"],"libc":["any"]} (current: {"os":"linux","cpu":"x64","libc":"glibc"})
2026-10-09T22:33:25.0015535Z Unsupported platform for lightningcss-linux-arm-gnueabihf@1.32.0: wanted {"cpu":["arm"],"os":["linux"],"libc":["glibc"]} (current: {"os":"linux","cpu":"x64","libc":"glibc"})
2026-10-09T22:33:25.0016673Z Unsupported platform for lightningcss-linux-arm64-gnu@1.32.0: wanted {"cpu":["arm64"],"os":["linux"],"libc":["glibc"]} (current: {"os":"linux","cpu":"x64","libc":"glibc"})
2026-10-09T22:33:25.0017805Z Unsupported platform for lightningcss-linux-arm64-musl@1.32.0: wanted {"cpu":["arm64"],"os":["linux"],"libc":["musl"]} (current: {"os":"linux","cpu":"x64","libc":"glibc"})
2026-10-09T22:33:25.0018958Z Unsupported platform for lightningcss-linux-x64-musl@1.32.0: wanted {"cpu":["x64"],"os":["linux"],"libc":["musl"]} (current: {"os":"linux","cpu":"x64","libc":"glibc"})
2026-10-09T22:33:25.0020062Z Unsupported platform for lightningcss-win32-arm64-msvc@1.32.0: wanted {"cpu":["arm64"],"os":["win32"],"libc":["any"]} (current: {"os":"linux","cpu":"x64","libc":"glibc"})
2026-10-09T22:33:25.0021482Z Unsupported platform for lightningcss-win32-x64-msvc@1.32.0: wanted {"cpu":["x64"],"os":["win32"],"libc":["any"]} (current: {"os":"linux","cpu":"x64","libc":"glibc"})
2026-10-09T22:33:25.0022687Z Unsupported platform for @rolldown/binding-android-arm64@1.0.3: wanted {"cpu":["arm64"],"os":["android"],"libc":["any"]} (current: {"os":"linux","cpu":"x64","libc":"glibc"})
2026-10-09T22:33:25.0023838Z Unsupported platform for @rolldown/binding-darwin-arm64@1.0.3: wanted {"cpu":["arm64"],"os":["darwin"],"libc":["any"]} (current: {"os":"linux","cpu":"x64","libc":"glibc"})
2026-10-09T22:33:25.0024940Z Unsupported platform for @rolldown/binding-darwin-x64@1.0.3: wanted {"cpu":["x64"],"os":["darwin"],"libc":["any"]} (current: {"os":"linux","cpu":"x64","libc":"glibc"})
2026-10-09T22:33:25.0026306Z Unsupported platform for @rolldown/binding-freebsd-x64@1.0.3: wanted {"cpu":["x64"],"os":["freebsd"],"libc":["any"]} (current: {"os":"linux","cpu":"x64","libc":"glibc"})
2026-10-09T22:33:25.0027439Z Unsupported platform for @rolldown/binding-linux-arm-gnueabihf@1.0.3: wanted {"cpu":["arm"],"os":["linux"],"libc":["glibc"]} (current: {"os":"linux","cpu":"x64","libc":"glibc"})
2026-10-09T22:33:25.0029518Z Unsupported platform for @rolldown/binding-linux-arm64-gnu@1.0.3: wanted {"cpu":["arm64"],"os":["linux"],"libc":["glibc"]} (current: {"os":"linux","cpu":"x64","libc":"glibc"})
2026-10-09T22:33:25.0030691Z Unsupported platform for @rolldown/binding-linux-arm64-musl@1.0.3: wanted {"cpu":["arm64"],"os":["linux"],"libc":["musl"]} (current: {"os":"linux","cpu":"x64","libc":"glibc"})
2026-10-09T22:33:25.0031894Z Unsupported platform for @rolldown/binding-linux-ppc64-gnu@1.0.3: wanted {"cpu":["ppc64"],"os":["linux"],"libc":["glibc"]} (current: {"os":"linux","cpu":"x64","libc":"glibc"})
2026-10-09T22:33:25.0033266Z Unsupported platform for @rolldown/binding-linux-s390x-gnu@1.0.3: wanted {"cpu":["s390x"],"os":["linux"],"libc":["glibc"]} (current: {"os":"linux","cpu":"x64","libc":"glibc"})
2026-10-09T22:33:25.0035802Z Unsupported platform for @rolldown/binding-linux-x64-musl@1.0.3: wanted {"cpu":["x64"],"os":["linux"],"libc":["musl"]} (current: {"os":"linux","cpu":"x64","libc":"glibc"})
2026-10-09T22:33:25.0037040Z Unsupported platform for @rolldown/binding-openharmony-arm64@1.0.3: wanted {"cpu":["arm64"],"os":["openharmony"],"libc":["any"]} (current: {"os":"linux","cpu":"x64","libc":"glibc"})
2026-10-09T22:33:25.0038264Z Unsupported platform for @rolldown/binding-wasm32-wasi@1.0.3: wanted {"cpu":["wasm32"],"os":["any"],"libc":["any"]} (current: {"os":"linux","cpu":"x64","libc":"glibc"})
2026-10-09T22:33:25.0039420Z Unsupported platform for @rolldown/binding-win32-arm64-msvc@1.0.3: wanted {"cpu":["arm64"],"os":["win32"],"libc":["any"]} (current: {"os":"linux","cpu":"x64","libc":"glibc"})
2026-10-09T22:33:25.0040607Z Unsupported platform for @rolldown/binding-win32-x64-msvc@1.0.3: wanted {"cpu":["x64"],"os":["win32"],"libc":["any"]} (current: {"os":"linux","cpu":"x64","libc":"glibc"})
2026-10-09T22:33:25.0041717Z Unsupported platform for @esbuild/aix-ppc64@0.28.1: wanted {"cpu":["ppc64"],"os":["aix"],"libc":["any"]} (current: {"os":"linux","cpu":"x64","libc":"glibc"})
2026-10-09T22:33:25.0042917Z Unsupported platform for @esbuild/android-arm@0.28.1: wanted {"cpu":["arm"],"os":["android"],"libc":["any"]} (current: {"os":"linux","cpu":"x64","libc":"glibc"})
2026-10-09T22:33:25.0043960Z Unsupported platform for @esbuild/android-arm64@0.28.1: wanted {"cpu":["arm64"],"os":["android"],"libc":["any"]} (current: {"os":"linux","cpu":"x64","libc":"glibc"})
2026-10-09T22:33:25.0045246Z Unsupported platform for @esbuild/android-x64@0.28.1: wanted {"cpu":["x64"],"os":["android"],"libc":["any"]} (current: {"os":"linux","cpu":"x64","libc":"glibc"})
2026-10-09T22:33:25.0046492Z Unsupported platform for @esbuild/darwin-arm64@0.28.1: wanted {"cpu":["arm64"],"os":["darwin"],"libc":["any"]} (current: {"os":"linux","cpu":"x64","libc":"glibc"})
2026-10-09T22:33:25.0047878Z Unsupported platform for @esbuild/darwin-x64@0.28.1: wanted {"cpu":["x64"],"os":["darwin"],"libc":["any"]} (current: {"os":"linux","cpu":"x64","libc":"glibc"})
2026-10-09T22:33:25.0049147Z Unsupported platform for @esbuild/freebsd-arm64@0.28.1: wanted {"cpu":["arm64"],"os":["freebsd"],"libc":["any"]} (current: {"os":"linux","cpu":"x64","libc":"glibc"})
2026-10-09T22:33:25.0050246Z Unsupported platform for @esbuild/freebsd-x64@0.28.1: wanted {"cpu":["x64"],"os":["freebsd"],"libc":["any"]} (current: {"os":"linux","cpu":"x64","libc":"glibc"})
2026-10-09T22:33:25.0051296Z Unsupported platform for @esbuild/linux-arm@0.28.1: wanted {"cpu":["arm"],"os":["linux"],"libc":["any"]} (current: {"os":"linux","cpu":"x64","libc":"glibc"})
2026-10-09T22:33:25.0052393Z Unsupported platform for @esbuild/linux-arm64@0.28.1: wanted {"cpu":["arm64"],"os":["linux"],"libc":["any"]} (current: {"os":"linux","cpu":"x64","libc":"glibc"})
2026-10-09T22:33:25.0053380Z Unsupported platform for @esbuild/linux-ia32@0.28.1: wanted {"cpu":["ia32"],"os":["linux"],"libc":["any"]} (current: {"os":"linux","cpu":"x64","libc":"glibc"})
2026-10-09T22:33:25.0054439Z Unsupported platform for @esbuild/linux-loong64@0.28.1: wanted {"cpu":["loong64"],"os":["linux"],"libc":["any"]} (current: {"os":"linux","cpu":"x64","libc":"glibc"})
2026-10-09T22:33:25.0055538Z Unsupported platform for @esbuild/linux-mips64el@0.28.1: wanted {"cpu":["mips64el"],"os":["linux"],"libc":["any"]} (current: {"os":"linux","cpu":"x64","libc":"glibc"})
2026-10-09T22:33:25.0056639Z Unsupported platform for @esbuild/linux-ppc64@0.28.1: wanted {"cpu":["ppc64"],"os":["linux"],"libc":["any"]} (current: {"os":"linux","cpu":"x64","libc":"glibc"})
2026-10-09T22:33:25.0057737Z Unsupported platform for @esbuild/linux-riscv64@0.28.1: wanted {"cpu":["riscv64"],"os":["linux"],"libc":["any"]} (current: {"os":"linux","cpu":"x64","libc":"glibc"})
2026-10-09T22:33:25.0059474Z Unsupported platform for @esbuild/linux-s390x@0.28.1: wanted {"cpu":["s390x"],"os":["linux"],"libc":["any"]} (current: {"os":"linux","cpu":"x64","libc":"glibc"})
2026-10-09T22:33:25.0060513Z Unsupported platform for @esbuild/netbsd-arm64@0.28.1: wanted {"cpu":["arm64"],"os":["netbsd"],"libc":["any"]} (current: {"os":"linux","cpu":"x64","libc":"glibc"})
2026-10-09T22:33:25.0061550Z Unsupported platform for @esbuild/netbsd-x64@0.28.1: wanted {"cpu":["x64"],"os":["netbsd"],"libc":["any"]} (current: {"os":"linux","cpu":"x64","libc":"glibc"})
2026-10-09T22:33:25.0062955Z Unsupported platform for @esbuild/openbsd-arm64@0.28.1: wanted {"cpu":["arm64"],"os":["openbsd"],"libc":["any"]} (current: {"os":"linux","cpu":"x64","libc":"glibc"})
2026-10-09T22:33:25.0063998Z Unsupported platform for @esbuild/openbsd-x64@0.28.1: wanted {"cpu":["x64"],"os":["openbsd"],"libc":["any"]} (current: {"os":"linux","cpu":"x64","libc":"glibc"})
2026-10-09T22:33:25.0065095Z Unsupported platform for @esbuild/openharmony-arm64@0.28.1: wanted {"cpu":["arm64"],"os":["openharmony"],"libc":["any"]} (current: {"os":"linux","cpu":"x64","libc":"glibc"})
2026-10-09T22:33:25.0066183Z Unsupported platform for @esbuild/sunos-x64@0.28.1: wanted {"cpu":["x64"],"os":["sunos"],"libc":["any"]} (current: {"os":"linux","cpu":"x64","libc":"glibc"})
2026-10-09T22:33:25.0067239Z Unsupported platform for @esbuild/win32-arm64@0.28.1: wanted {"cpu":["arm64"],"os":["win32"],"libc":["any"]} (current: {"os":"linux","cpu":"x64","libc":"glibc"})
2026-10-09T22:33:25.0068270Z Unsupported platform for @esbuild/win32-ia32@0.28.1: wanted {"cpu":["ia32"],"os":["win32"],"libc":["any"]} (current: {"os":"linux","cpu":"x64","libc":"glibc"})
2026-10-09T22:33:25.0069279Z Unsupported platform for @esbuild/win32-x64@0.28.1: wanted {"cpu":["x64"],"os":["win32"],"libc":["any"]} (current: {"os":"linux","cpu":"x64","libc":"glibc"})
2026-10-09T22:33:25.0070365Z Unsupported platform for @cloudflare/workerd-darwin-64@1.20260515.1: wanted {"cpu":["x64"],"os":["darwin"],"libc":["any"]} (current: {"os":"linux","cpu":"x64","libc":"glibc"})
2026-10-09T22:33:25.0071737Z Unsupported platform for @cloudflare/workerd-darwin-arm64@1.20260515.1: wanted {"cpu":["arm64"],"os":["darwin"],"libc":["any"]} (current: {"os":"linux","cpu":"x64","libc":"glibc"})
2026-10-09T22:33:25.0073111Z Unsupported platform for @cloudflare/workerd-linux-arm64@1.20260515.1: wanted {"cpu":["arm64"],"os":["linux"],"libc":["any"]} (current: {"os":"linux","cpu":"x64","libc":"glibc"})
2026-10-09T22:33:25.0074271Z Unsupported platform for @cloudflare/workerd-windows-64@1.20260515.1: wanted {"cpu":["x64"],"os":["win32"],"libc":["any"]} (current: {"os":"linux","cpu":"x64","libc":"glibc"})
2026-10-09T22:33:25.0075462Z Unsupported platform for lightningcss-android-arm64@1.31.1: wanted {"cpu":["arm64"],"os":["android"],"libc":["any"]} (current: {"os":"linux","cpu":"x64","libc":"glibc"})
2026-10-09T22:33:25.0076651Z Unsupported platform for lightningcss-darwin-arm64@1.31.1: wanted {"cpu":["arm64"],"os":["darwin"],"libc":["any"]} (current: {"os":"linux","cpu":"x64","libc":"glibc"})
2026-10-09T22:33:25.0077877Z Unsupported platform for lightningcss-darwin-x64@1.31.1: wanted {"cpu":["x64"],"os":["darwin"],"libc":["any"]} (current: {"os":"linux","cpu":"x64","libc":"glibc"})
2026-10-09T22:33:25.0078966Z Unsupported platform for lightningcss-freebsd-x64@1.31.1: wanted {"cpu":["x64"],"os":["freebsd"],"libc":["any"]} (current: {"os":"linux","cpu":"x64","libc":"glibc"})
2026-10-09T22:33:25.0086368Z Unsupported platform for lightningcss-linux-arm-gnueabihf@1.31.1: wanted {"cpu":["arm"],"os":["linux"],"libc":["glibc"]} (current: {"os":"linux","cpu":"x64","libc":"glibc"})
2026-10-09T22:33:25.0087792Z Unsupported platform for lightningcss-linux-arm64-gnu@1.31.1: wanted {"cpu":["arm64"],"os":["linux"],"libc":["glibc"]} (current: {"os":"linux","cpu":"x64","libc":"glibc"})
2026-10-09T22:33:25.0089120Z Unsupported platform for lightningcss-linux-arm64-musl@1.31.1: wanted {"cpu":["arm64"],"os":["linux"],"libc":["musl"]} (current: {"os":"linux","cpu":"x64","libc":"glibc"})
2026-10-09T22:33:25.0090317Z Unsupported platform for lightningcss-linux-x64-musl@1.31.1: wanted {"cpu":["x64"],"os":["linux"],"libc":["musl"]} (current: {"os":"linux","cpu":"x64","libc":"glibc"})
2026-10-09T22:33:25.0091475Z Unsupported platform for lightningcss-win32-arm64-msvc@1.31.1: wanted {"cpu":["arm64"],"os":["win32"],"libc":["any"]} (current: {"os":"linux","cpu":"x64","libc":"glibc"})
2026-10-09T22:33:25.0092785Z Unsupported platform for lightningcss-win32-x64-msvc@1.31.1: wanted {"cpu":["x64"],"os":["win32"],"libc":["any"]} (current: {"os":"linux","cpu":"x64","libc":"glibc"})
2026-10-09T22:33:25.0093978Z Unsupported platform for @unrs/resolver-binding-android-arm-eabi@1.11.1: wanted {"cpu":["arm"],"os":["android"],"libc":["any"]} (current: {"os":"linux","cpu":"x64","libc":"glibc"})
2026-10-09T22:33:25.0095248Z Unsupported platform for @unrs/resolver-binding-android-arm64@1.11.1: wanted {"cpu":["arm64"],"os":["android"],"libc":["any"]} (current: {"os":"linux","cpu":"x64","libc":"glibc"})
2026-10-09T22:33:25.0096481Z Unsupported platform for @unrs/resolver-binding-darwin-arm64@1.11.1: wanted {"cpu":["arm64"],"os":["darwin"],"libc":["any"]} (current: {"os":"linux","cpu":"x64","libc":"glibc"})
2026-10-09T22:33:25.0097715Z Unsupported platform for @unrs/resolver-binding-darwin-x64@1.11.1: wanted {"cpu":["x64"],"os":["darwin"],"libc":["any"]} (current: {"os":"linux","cpu":"x64","libc":"glibc"})
2026-10-09T22:33:25.0098899Z Unsupported platform for @unrs/resolver-binding-freebsd-x64@1.11.1: wanted {"cpu":["x64"],"os":["freebsd"],"libc":["any"]} (current: {"os":"linux","cpu":"x64","libc":"glibc"})
2026-10-09T22:33:25.0100148Z Unsupported platform for @unrs/resolver-binding-linux-arm-gnueabihf@1.11.1: wanted {"cpu":["arm"],"os":["linux"],"libc":["glibc"]} (current: {"os":"linux","cpu":"x64","libc":"glibc"})
2026-10-09T22:33:25.0101368Z Unsupported platform for @unrs/resolver-binding-linux-arm-musleabihf@1.11.1: wanted {"cpu":["arm"],"os":["linux"],"libc":["musl"]} (current: {"os":"linux","cpu":"x64","libc":"glibc"})
2026-10-09T22:33:25.0102733Z Unsupported platform for @unrs/resolver-binding-linux-arm64-gnu@1.11.1: wanted {"cpu":["arm64"],"os":["linux"],"libc":["glibc"]} (current: {"os":"linux","cpu":"x64","libc":"glibc"})
2026-10-09T22:33:25.0104461Z Unsupported platform for @unrs/resolver-binding-linux-arm64-musl@1.11.1: wanted {"cpu":["arm64"],"os":["linux"],"libc":["musl"]} (current: {"os":"linux","cpu":"x64","libc":"glibc"})
2026-10-09T22:33:25.0105908Z Unsupported platform for @unrs/resolver-binding-linux-ppc64-gnu@1.11.1: wanted {"cpu":["ppc64"],"os":["linux"],"libc":["glibc"]} (current: {"os":"linux","cpu":"x64","libc":"glibc"})
2026-10-09T22:33:25.0107192Z Unsupported platform for @unrs/resolver-binding-linux-riscv64-gnu@1.11.1: wanted {"cpu":["riscv64"],"os":["linux"],"libc":["glibc"]} (current: {"os":"linux","cpu":"x64","libc":"glibc"})
2026-10-09T22:33:25.0108503Z Unsupported platform for @unrs/resolver-binding-linux-riscv64-musl@1.11.1: wanted {"cpu":["riscv64"],"os":["linux"],"libc":["musl"]} (current: {"os":"linux","cpu":"x64","libc":"glibc"})
2026-10-09T22:33:25.0109785Z Unsupported platform for @unrs/resolver-binding-linux-s390x-gnu@1.11.1: wanted {"cpu":["s390x"],"os":["linux"],"libc":["glibc"]} (current: {"os":"linux","cpu":"x64","libc":"glibc"})
2026-10-09T22:33:25.0111025Z Unsupported platform for @unrs/resolver-binding-linux-x64-musl@1.11.1: wanted {"cpu":["x64"],"os":["linux"],"libc":["musl"]} (current: {"os":"linux","cpu":"x64","libc":"glibc"})
2026-10-09T22:33:25.0112325Z Unsupported platform for @unrs/resolver-binding-wasm32-wasi@1.11.1: wanted {"cpu":["wasm32"],"os":["any"],"libc":["any"]} (current: {"os":"linux","cpu":"x64","libc":"glibc"})
2026-10-09T22:33:25.0113499Z Unsupported platform for @unrs/resolver-binding-win32-arm64-msvc@1.11.1: wanted {"cpu":["arm64"],"os":["win32"],"libc":["any"]} (current: {"os":"linux","cpu":"x64","libc":"glibc"})
2026-10-09T22:33:25.0114749Z Unsupported platform for @unrs/resolver-binding-win32-ia32-msvc@1.11.1: wanted {"cpu":["ia32"],"os":["win32"],"libc":["any"]} (current: {"os":"linux","cpu":"x64","libc":"glibc"})
2026-10-09T22:33:25.0115945Z Unsupported platform for @unrs/resolver-binding-win32-x64-msvc@1.11.1: wanted {"cpu":["x64"],"os":["win32"],"libc":["any"]} (current: {"os":"linux","cpu":"x64","libc":"glibc"})
2026-10-09T22:34:01.7385370Z [sites] pnpm reused 0 packages and downloaded 642
2026-10-09T22:34:01.7385678Z [sites] dependency setup passed
2026-10-09T22:34:01.7525468Z ##[group]Run npm run check
2026-10-09T22:34:01.7525666Z [36;1mnpm run check[0m
2026-10-09T22:34:01.7525784Z [36;1mnpm run lint[0m
2026-10-09T22:34:01.7578200Z shell: /usr/bin/bash -e {0}
2026-10-09T22:34:01.7578350Z env:
2026-10-09T22:34:01.7578476Z   WRANGLER_SEND_METRICS: false
2026-10-09T22:34:01.7578602Z   CI: true
2026-10-09T22:34:01.7578709Z ##[endgroup]
2026-10-09T22:34:01.8245674Z 
2026-10-09T22:34:01.8246395Z > site-creator-vinext-starter@0.1.0 check
2026-10-09T22:34:01.8246724Z > tsc --noEmit
2026-10-09T22:34:01.8246925Z 
2026-10-09T22:34:08.4394141Z 
2026-10-09T22:34:08.4394808Z > site-creator-vinext-starter@0.1.0 lint
2026-10-09T22:34:08.4395576Z > eslint app components lib hooks db vite.config.ts next.config.ts mobile/App.tsx mobile/src --ignore-pattern mobile/src/shared
2026-10-09T22:34:08.4395980Z 
2026-10-09T22:34:19.5104578Z ##[group]Run npm ci --no-audit --no-fund --ignore-scripts
2026-10-09T22:34:19.5104843Z [36;1mnpm ci --no-audit --no-fund --ignore-scripts[0m
2026-10-09T22:34:19.5155266Z shell: /usr/bin/bash -e {0}
2026-10-09T22:34:19.5155402Z env:
2026-10-09T22:34:19.5155518Z   WRANGLER_SEND_METRICS: false
2026-10-09T22:34:19.5155650Z   CI: true
2026-10-09T22:34:19.5155757Z ##[endgroup]
2026-10-09T22:34:25.6509394Z 
2026-10-09T22:34:25.6509972Z added 514 packages in 6s
2026-10-09T22:34:25.6862681Z ##[group]Run npm run test:regression
2026-10-09T22:34:25.6862893Z [36;1mnpm run test:regression[0m
2026-10-09T22:34:25.6863073Z [36;1mpython3 scripts/test-native-artifact-inspector.py[0m
2026-10-09T22:34:25.6863284Z [36;1mpython3 scripts/test-apk-rule-extractor.py[0m
2026-10-09T22:34:25.6863628Z [36;1mpython3 scripts/test-native-change-gate.py[0m
2026-10-09T22:34:25.6917242Z shell: /usr/bin/bash -e {0}
2026-10-09T22:34:25.6917383Z env:
2026-10-09T22:34:25.6917498Z   WRANGLER_SEND_METRICS: false
2026-10-09T22:34:25.6917627Z   CI: true
2026-10-09T22:34:25.6917730Z ##[endgroup]
2026-10-09T22:34:25.7543686Z 
2026-10-09T22:34:25.7544302Z > site-creator-vinext-starter@0.1.0 test:regression
2026-10-09T22:34:25.7544687Z > node scripts/check-all.cjs
2026-10-09T22:34:25.7544829Z 
2026-10-09T22:34:25.7741766Z Checking check-audit.cjs
2026-10-09T22:34:26.1563093Z PASS New competition blocks an existing jump session before start
2026-10-09T22:34:26.1573985Z PASS Cascade rejects new competition proximity without moving any dates
2026-10-09T22:34:26.1579716Z PASS Unchanged jump sessions are rechecked when another workout moves
2026-10-09T22:34:26.1587578Z PASS Restore cannot create a workout collision
2026-10-09T22:34:26.1593139Z PASS Restore rejects an existing fixed commitment
2026-10-09T22:34:26.1600716Z PASS Long machine labels and unbounded timed additions fail before mutation
2026-10-09T22:34:26.1605042Z PASS Non-finite target ranges are rejected
2026-10-09T22:34:26.1632655Z PASS Full archive rejects new block without deleting existing plans
2026-10-09T22:34:26.1662481Z PASS Return preview clears old accepted weights and leaves history intact
2026-10-09T22:34:26.1676082Z PASS Prerequisites use the latest timestamp regardless of array ordering
2026-10-09T22:34:26.1676807Z PASS Unknown side values are rejected; alternating data cannot suggest loads
2026-10-09T22:34:26.1677247Z 11 deep-audit regression checks passed
2026-10-09T22:34:26.1837642Z Checking check-backend.cjs
2026-10-09T22:34:27.0850011Z PASS Anonymous and synthetic native credentials cannot access account rows
2026-10-09T22:34:27.0909633Z PASS CSRF, cross-site fetch, missing origin and invalid methods are denied
2026-10-09T22:34:27.1156438Z PASS Account-bound reads and writes fail before database access when signed-in identity changes
2026-10-09T22:34:27.1274478Z PASS Malformed, plaintext, secret-bearing and duplicate identities are rejected before any save
2026-10-09T22:34:27.1316754Z PASS Declared and streaming payload limits reject oversized and invalid UTF-8 bodies
2026-10-09T22:34:27.1918130Z PASS Atomic encrypted record batch commits once and reads exact receipt
2026-10-09T22:34:27.2525874Z PASS Tenant identities scope all pulls, writes, receipts and account revisions
2026-10-09T22:34:27.3118436Z PASS Concurrent same-base clients preserve one committed revision and reject the loser
2026-10-09T22:34:27.3679073Z PASS Concurrent identical mutation retries commit once and identify replay
2026-10-09T22:34:27.4430773Z PASS D1 failure midway through batch rolls back records, account revision and receipt
2026-10-09T22:34:27.7324264Z PASS Pagination preserves tied revisions and tombstones with bounded opaque cursors
2026-10-09T22:34:27.7504005Z PASS Feedback provider absence and unapproved host fail unavailable without saving jobs
2026-10-09T22:34:27.7609378Z PASS Feedback accepts only consented adult completed metric arrays without notes or profile
2026-10-09T22:34:27.8049577Z PASS Generated text is absent from accepted response and visible only after actual database save
2026-10-09T22:34:27.8220117Z PASS Feedback idempotency returns persisted completion and protects tenants and payload identity
2026-10-09T22:34:28.0077609Z PASS Provider malformed or unsafe output fails closed and never returns generated text
2026-10-09T22:34:36.0891150Z PASS Timeout aborts provider fetch, persists backoff and prevents simultaneous lease claims
2026-10-09T22:34:36.1526805Z PASS Expired final attempt becomes terminal rather than a permanently processing job
2026-10-09T22:34:36.2025026Z PASS Failed result persistence exposes no generated string and remains safely retryable
2026-10-09T22:34:36.2089671Z PASS Sensitive APIs always return private no-store and no provider secrets in errors
2026-10-09T22:34:36.4108486Z PASS Outstanding job limits are tenant-scoped and abandoned jobs release capacity explicitly
2026-10-09T22:34:36.8501095Z PASS Rolling daily feedback limits reject new jobs without deleting completed results
2026-10-09T22:34:36.8501646Z 22 backend D1 integration groups passed
2026-10-09T22:34:36.8792464Z Checking check-backup.cjs
2026-10-09T22:34:37.3504856Z PASS Backup preserves exact history, unknown and zero loads, Unicode notes and optional measurements
2026-10-09T22:34:37.3550634Z PASS Unknown future fields refuse export and import without altering original records
2026-10-09T22:34:37.3623943Z PASS Restore rejects a stale preview and leaves current records unchanged
2026-10-09T22:34:37.3655299Z PASS Restore protects an in-progress workout
2026-10-09T22:34:37.3761649Z PASS Restored proposals need review; concern holds and logged actuals stay intact
2026-10-09T22:34:37.3878118Z PASS Malformed, prototype-polluting, oversized and invalid-record backups fail before replacement
2026-10-09T22:34:37.3880019Z PASS Assisted or one-sided sets cannot create an adult strength estimate
2026-10-09T22:34:37.3880383Z 7 backup and measurement checks passed.
2026-10-09T22:34:37.4030932Z Checking check-browser-history.cjs
2026-10-09T22:34:39.3186618Z PASS 5000 histories save in individually encrypted rows and fresh vault reopens exact profile above the old ceiling
2026-10-09T22:34:41.3732533Z PASS Warm profile edit reads and writes no history rows; one completion changes exactly one entity
2026-10-09T22:34:41.4026028Z PASS Plain and whole-ciphertext legacy profiles migrate with unchanged key and source survives aborted entity transaction
2026-10-09T22:34:43.3805247Z PASS Head/entity/outbox rollback is atomic and stale cross-tab saves preserve the installed generation
2026-10-09T22:34:43.3964203Z PASS Missing/corrupt entity and missing/replaced key are detected; recovery copy includes every retained encrypted row
2026-10-09T22:34:43.4111582Z PASS Explicit restore/reset retires all owned orphan rows, including missing-key orphans; unrelated records survive
2026-10-09T22:34:43.4164597Z PASS Reviewed account rebase atomically compares full outbox and preserves unrelated accounts and stale receipts
2026-10-09T22:34:43.4168973Z {"passed":true,"checks":53,"scenarios":["5000 histories save in individually encrypted rows and fresh vault reopens exact profile above the old ceiling","Warm profile edit reads and writes no history rows; one completion changes exactly one entity","Plain and whole-ciphertext legacy profiles migrate with unchanged key and source survives aborted entity transaction","Head/entity/outbox rollback is atomic and stale cross-tab saves preserve the installed generation","Missing/corrupt entity and missing/replaced key are detected; recovery copy includes every retained encrypted row","Explicit restore/reset retires all owned orphan rows, including missing-key orphans; unrelated records survive","Reviewed account rebase atomically compares full outbox and preserves unrelated accounts and stale receipts"],"historyCount":5000,"plainChars":8664825,"scope":"Actual IndexedDB transaction adapter with fake-indexeddb, real WebCrypto, strict schema and fresh-vault reopen. No physical-browser/device memory, latency or OS restart acceptance."}
2026-10-09T22:34:43.4939453Z Checking check-browser-qwen-cache.cjs
2026-10-09T22:34:43.9775404Z PASS browser Qwen IndexedDB transactions: 74 assertions; fake-indexeddb, no browser/OS durability claim.
2026-10-09T22:34:43.9884524Z Checking check-browser-record-store.cjs
2026-10-09T22:34:44.2813620Z PASS browser record store: 76 checks (actual fake-indexeddb transactions, real WebCrypto)
2026-10-09T22:34:44.3021662Z Checking check-browser-storage-ui.cjs
2026-10-09T22:34:46.0280312Z PASS browser storage UI: 8 real compiled callback scenarios (simulated hooks/DOM and vault, not browser acceptance)
2026-10-09T22:34:46.0579512Z Checking check-browser-vault.cjs
2026-10-09T22:34:46.5137265Z PASS browser vault: 133 checks
2026-10-09T22:34:46.5263839Z Checking check-calendar-ui.cjs
2026-10-09T22:34:47.4451186Z PASS Fresh profile renders Today with no active workout or coaching event
2026-10-09T22:34:47.6995954Z PASS Today date click opens yesterday records and Back to today restores the live view without saving
2026-10-09T22:34:47.9580718Z PASS An unscheduled past day opens as a day off and returns to Today
2026-10-09T22:34:48.1759854Z PASS Sidebar Today clears the selected historical date after visiting Calendar
2026-10-09T22:34:48.3959181Z PASS Past-day browsing preserves the current active draft and Today still resumes it
2026-10-09T22:34:48.6813772Z PASS Full Calendar exposes historical dates even when absent from the current plan
2026-10-09T22:34:48.6814971Z PASS calendar UI: 6/6 scenarios, 51 assertions (actual compiled Home callbacks and real day/state projection; simulated hooks, DOM and encrypted-vault interface, shallow child components; no CSS, browser or device acceptance).
2026-10-09T22:34:48.7200776Z Checking check-catalog.cjs
2026-10-09T22:34:49.2257093Z PASS All catalog program types start at slot A and preserve safe groups during cascade
2026-10-09T22:34:49.2296003Z PASS Powerlifting includes SBD, contains no endurance, and rejects missing gym
2026-10-09T22:34:49.2301520Z PASS Catalog IDs unique; equipment subdivisions and core present
2026-10-09T22:34:49.2318958Z PASS Customization adds recurring sets without changing history; duplicate and stale writes fail
2026-10-09T22:34:49.2331133Z PASS Added loaded exercise uses its own configured range history for progression
2026-10-09T22:34:49.2335815Z PASS Heavy bench cannot become practice starting load
2026-10-09T22:34:49.2343350Z PASS Volume counts per-hand/per-side multipliers, partial actuals and excludes unknowns
2026-10-09T22:34:49.2439651Z PASS Generated sample gives 34 logs, one partial and nonempty exercise/volume/index charts
2026-10-09T22:34:49.2506639Z PASS Strength index expires each component against today and youth has none
2026-10-09T22:34:49.2507833Z 9 catalog and progress checks passed
2026-10-09T22:34:49.2667982Z Checking check-cloud-client-ui.cjs
2026-10-09T22:34:49.4639209Z PASS Compiled cloud transport keeps routes and credentials same-origin and never creates identity headers
2026-10-09T22:34:49.4879840Z PASS Compiled transport aborts its documented timeout and respects external cancellation
2026-10-09T22:34:49.4980892Z PASS Compiled transport binds account-bound GET and POST requests without selecting server identity
2026-10-09T22:34:49.5048362Z PASS Malformed null account/API JSON returns a controlled CloudError
2026-10-09T22:34:49.5117993Z PASS Oversized streamed responses are cancelled before unbounded buffering
2026-10-09T22:34:49.5637374Z PASS Feedback mount and ineligible callbacks never transmit metrics
2026-10-09T22:34:49.5781839Z PASS Rapid feedback presses create one UUID and send only the completed metric array
2026-10-09T22:34:49.5988807Z PASS Accepted pending feedback is withheld until identity-matched saved completion
2026-10-09T22:34:49.6136010Z PASS Feedback complete response for another workout/request is never displayed
2026-10-09T22:34:49.6369643Z PASS Replacing latest workout cancels old feedback and suppresses its late completion
2026-10-09T22:34:49.6495295Z PASS A new safety hold cancels pending feedback and clears previously shown text
2026-10-09T22:34:49.6674160Z PASS Failed feedback retry preserves its idempotency key for the same saved workout
2026-10-09T22:34:49.6800791Z PASS Stopping feedback polling retains the workout and ignores late server text
2026-10-09T22:34:49.6895900Z PASS Account password never goes into transport calls during compiled UI selection
2026-10-09T22:34:49.6961303Z PASS Repeated account selection callbacks cannot replace local training twice
2026-10-09T22:34:49.7063923Z PASS Unsaved changes made during account review block a stale copy selection
2026-10-09T22:34:49.7433293Z PASS Feedback UUID survives remount and binds account plus completed workout
2026-10-09T22:34:49.7547333Z PASS Backend retry timing is respected and account changes stop polling
2026-10-09T22:34:49.7751817Z PASS Unmount cancels pending feedback and suppresses all late state updates
2026-10-09T22:34:49.8081434Z PASS Compiled sync activation atomically discards reviewed account queue and preserves other tenants
2026-10-09T22:34:49.8445793Z PASS Compiled sync disconnect during activation prevents late reactivation and duplicate activation
2026-10-09T22:34:49.9042818Z PASS Failed reconciliation and changed account/revision never activate or silently clear queue
2026-10-09T22:34:49.9110096Z PASS Cancelling remote replacement suppresses activation after its late durable completion
2026-10-09T22:34:49.9217698Z PASS Locking active cloud sync retries retained local saving without another upload
2026-10-09T22:34:49.9218318Z PASS cloud client UI: 24/24 scenarios, 91 assertions (actual compiled callbacks; mocked network and hook lifecycle, no device/deployment claim)
2026-10-09T22:34:49.9376604Z Checking check-cloud-encryption.cjs
2026-10-09T22:34:51.4870429Z 16 cloud encryption/account binding/incomplete snapshot checks passed.
2026-10-09T22:34:51.5182759Z Checking check-coaching-backend.cjs
2026-10-09T22:34:52.6613880Z PASS Additive migration preserves persisted v1 feedback and adds constrained coaching jobs
2026-10-09T22:34:52.8554652Z PASS Coaching reads/writes require trusted same-origin owner and expected-account binding before D1
2026-10-09T22:34:53.1669387Z PASS Absent or unapproved provider fails explicitly without fabricating saved coaching
2026-10-09T22:34:53.3473733Z PASS Explicit consent, strict minimized context, canonical digest and stable owner identity are enforced
2026-10-09T22:34:54.1286741Z PASS Completed-workout and fully logged lift contracts produce only persisted identity-bound selection
2026-10-09T22:34:55.5095600Z PASS Provider request uses bounded model-specific reasoning controls only on documented Groq models
2026-10-09T22:34:55.6898665Z PASS Simultaneous identical requests and reopening share one receipt and processor lease
2026-10-09T22:34:56.6050672Z PASS Unknown selections, prose, stale identities and truncated/tool output fail closed
2026-10-09T22:34:56.7479372Z PASS Provider streamed response is bounded and cancelled before unbounded buffering
2026-10-09T22:34:56.9336042Z PASS Generated selection cannot escape a failed database save
2026-10-09T22:34:57.0800555Z PASS Account isolation and changed context protect result polling and cancellation
2026-10-09T22:34:57.2295267Z PASS Cancellation clears context and prevents a late provider result from being saved
2026-10-09T22:34:57.4531466Z PASS Explicit resumption preserves receipt and attempts while an old provider lease cannot overwrite it
2026-10-09T22:34:57.7331682Z PASS Cancelled receipt resumption is bounded by attempts, original provider, age and shared outstanding quota
2026-10-09T22:34:57.8852752Z PASS Corrupted saved pending context fails terminally before a provider request
2026-10-09T22:35:06.0252729Z PASS Real provider timeout aborts at eight seconds and persists bounded retry timing
2026-10-09T22:35:06.4341590Z PASS Retry attempts and expired final leases fail terminally and clear pending context
2026-10-09T22:35:06.5581627Z PASS Provider configuration is fixed per accepted job without storing secrets
2026-10-09T22:35:08.1531231Z PASS V1 and coaching share atomic concurrent outstanding and rolling daily quotas
2026-10-09T22:35:08.4609075Z PASS Abandoned jobs across both versions release capacity without deleting completed receipts
2026-10-09T22:35:08.6240558Z PASS Result framing is private, secret-free and refuses corrupted saved JSON
2026-10-09T22:35:08.6241384Z 21 coaching backend integration groups passed (actual ephemeral D1; mocked provider, real timeout; no deployment/model-quality claim)
2026-10-09T22:35:08.6848146Z Checking check-coaching-client.cjs
2026-10-09T22:35:09.2973378Z PASS Canonical digest and UUIDv8 identity survive reopening and bind owner and context
2026-10-09T22:35:09.4379231Z PASS Import performs no remote action and stale caller digest is refused before account lookup
2026-10-09T22:35:09.5734375Z PASS Explicit consent sends minimized context and returns only a persisted validated result
2026-10-09T22:35:09.7053807Z PASS Pending and processing responses wait the bounded server retry intervals before polling
2026-10-09T22:35:09.8167439Z PASS Signed-in owner change prevents polling another account
2026-10-09T22:35:11.0127825Z PASS Saved response identity, status bounds, object keys and selected facts are checked
2026-10-09T22:35:11.2166334Z PASS Unavailable provider and old account capability response produce no mutation
2026-10-09T22:35:11.5008824Z PASS Failed or cancelled persisted receipts cannot produce coaching
2026-10-09T22:35:11.5870839Z PASS Already aborted caller starts no job
2026-10-09T22:35:11.6619730Z PASS View cancellation uses fresh bounded cancellation signal and the same owner/context receipt
2026-10-09T22:35:11.7676624Z PASS Total request deadline aborts and best-effort cancellation failure does not replace original error
2026-10-09T22:35:11.8612911Z PASS Best-effort cancellation has its own three-second deadline
2026-10-09T22:35:12.0249520Z PASS Reopening and retrying reuse one deterministic receipt
2026-10-09T22:35:12.3987332Z PASS Explicit retry after cancellation reuses the receipt and exhausted or expired receipts stay blocked
2026-10-09T22:35:12.4201795Z PASS Actual same-origin transport binds coaching GET and POST without native or provider credentials
2026-10-09T22:35:12.4202588Z 15 compiled coaching client lifecycle groups passed (bounded timers; no actual provider/deployment claim)
2026-10-09T22:35:12.4637726Z Checking check-creator-state.cjs
2026-10-09T22:35:12.8664185Z PASS Tracking ranges survive save/readback for coach and manual plans
2026-10-09T22:35:12.8669585Z PASS One owner defines limits for each matching web/native workflow
2026-10-09T22:35:12.8678434Z PASS A retained set reference edits the same set after reordering
2026-10-09T22:35:12.8685449Z PASS Removed or replacement-workout set references reject without touching another set
2026-10-09T22:35:12.8723670Z PASS Structured superset metadata survives save and replacement even when notes change
2026-10-09T22:35:12.8729370Z PASS Imported note wording cannot create pairing or change replacement dose
2026-10-09T22:35:12.8776704Z PASS Malformed structured pairs are rejected; legacy records retain existing targets
2026-10-09T22:35:12.9136427Z PASS native editor keeps ranges and prevents duplicate same-render keep/save
2026-10-09T22:35:12.9315727Z PASS native editor retries refused saves and rejects stale plans without crashing
2026-10-09T22:35:12.9454555Z PASS native stale Remove callback never removes a different exercise after indices shift
2026-10-09T22:35:12.9612457Z PASS native editing follows exercise identity when moving the draft
2026-10-09T22:35:12.9797766Z PASS web editor keeps ranges and prevents duplicate same-render keep/save
2026-10-09T22:35:12.9954643Z PASS web editor retries refused saves and rejects stale plans without crashing
2026-10-09T22:35:13.0080536Z PASS web stale Remove callback never removes a different exercise after indices shift
2026-10-09T22:35:13.0214305Z PASS web editing follows exercise identity when moving the draft
2026-10-09T22:35:13.0410679Z PASS Web customizer prevents duplicate acceptance and keeps refused reviews retryable
2026-10-09T22:35:13.0411565Z 16 creator and stable-set scenario groups passed
2026-10-09T22:35:13.0582577Z Checking check-current-log-controls.cjs
2026-10-09T22:35:13.9633614Z PASS web finalization preserves same-tick latest metrics, feedback and unrelated changes
2026-10-09T22:35:14.2427669Z PASS web retained finish callback is idempotent and keeps an existing history entry
2026-10-09T22:35:14.4730186Z PASS web stale rendered rep callback edits its stable set after array reorder
2026-10-09T22:35:14.6775478Z PASS web stale rendered rep/log controls cannot edit a replacement workout
2026-10-09T22:35:14.8852564Z PASS web retained log control logs its stable set once and preserves original rest on repeat
2026-10-09T22:35:15.2693502Z PASS web account preparation failures disconnect sync and still acknowledge the latest local save
2026-10-09T22:35:15.4484537Z PASS web full account queue rolls back its combined save and retries locally without committing an upload
2026-10-09T22:35:15.6394159Z PASS native rendered rep and log callbacks keep set identity after reordering and ignore duplicates
2026-10-09T22:35:15.8262553Z PASS native rendered rep and log callbacks cannot mutate a replacement workout
2026-10-09T22:35:16.0082320Z PASS native transient save failures retry twice then acknowledge only the successful save
2026-10-09T22:35:16.1963649Z PASS native retries are bounded and open changes remain exportable after three failures
2026-10-09T22:35:16.5598777Z PASS native queued retry is superseded by a newer edit and cannot write after unmount
2026-10-09T22:35:16.7368787Z PASS native capacity errors do not retry the unchanged oversized payload
2026-10-09T22:35:16.7462187Z PASS late rest alarm sends permitted notification when hidden and does not play a stale chime
2026-10-09T22:35:16.7541755Z PASS late rest alarm sends permitted notification when visible and does not play a stale chime
2026-10-09T22:35:16.7605429Z PASS rest alarm respects denied notification permission and cleans pending callbacks
2026-10-09T22:35:16.7615159Z 16/16 current log/save/alarm scenarios passed. Actual compiled TSX callbacks and real shared validators; simulated hooks, storage, DOM, notifications and timers. No browser throttling, OS interruption or physical-device acceptance.
2026-10-09T22:35:16.8025269Z Checking check-dependency-policy.cjs
2026-10-09T22:35:16.8244216Z PASS Known findings permit temporary CI work and always block release
2026-10-09T22:35:16.8246591Z PASS Temporary exception fails exactly at expiry and cannot return after it
2026-10-09T22:35:16.8248417Z PASS Additional high issue, critical escalation and lookalike identities fail CI
2026-10-09T22:35:16.8250730Z PASS npm propagated framework entries retain only their exact advisory roots
2026-10-09T22:35:16.8251774Z PASS Both actual audit formats accept clean reports and preserve moderate threshold
2026-10-09T22:35:16.8254315Z PASS Audit error, invalid report, broken chain and misleading counts fail closed
2026-10-09T22:35:16.8255708Z PASS Process failure, unknown mode and invalid clock cannot waive a finding
2026-10-09T22:35:16.8256151Z 7 dependency release-boundary scenarios passed.
2026-10-09T22:35:16.8286054Z Checking check-equipment-capacity.cjs
2026-10-09T22:35:17.2075199Z PASS Dumbbell capacity is per hand, independent of the volume multiplier
2026-10-09T22:35:17.2084760Z PASS Machine capacity needs a label and remains isolated by exact setup and exercise
2026-10-09T22:35:17.2154621Z PASS Unknown capacity permits a supported next step; zero means unavailable
2026-10-09T22:35:17.2166070Z PASS Invalid limits and unsupported exercises are rejected without mutating state
2026-10-09T22:35:17.2177379Z PASS Lower capacity suppresses accepted and historical loads without clamping or deleting records
2026-10-09T22:35:17.2184784Z PASS Both reaching the maximum and an increment overshooting it suppress nextKg
2026-10-09T22:35:17.2263077Z PASS Capacity readiness requires two comparable comfortable exposures
2026-10-09T22:35:17.2293101Z PASS Changing machine setup does not carry comparable load or capacity readiness across
2026-10-09T22:35:17.2399751Z PASS Canonical kilogram limits survive persistence and display-unit changes
2026-10-09T22:35:17.2424001Z PASS Changing a limit stales pending and queued previews, including a load increase
2026-10-09T22:35:17.2482719Z PASS A wider range changes matching future work only and requires explicit acceptance
2026-10-09T22:35:17.2510786Z PASS Tampered capacity patches and capacity changes after preview are rejected
2026-10-09T22:35:17.2537911Z PASS Youth, pure powerlifting, general strength and coach-owned plans do not widen ranges
2026-10-09T22:35:17.2573283Z PASS Wider ranges stop at 20 after new comparable evidence for each accepted range
2026-10-09T22:35:17.2581630Z PASS Capacity progression respects time throughout a 5-week block
2026-10-09T22:35:17.2591199Z PASS Capacity progression respects time throughout a 8-week block
2026-10-09T22:35:17.2601169Z PASS Offline capacity acceptance queues the change without changing targets
2026-10-09T22:35:17.2601643Z 17 equipment-capacity checks passed; 0 failed
2026-10-09T22:35:17.2725377Z Checking check-export-cancellation.cjs
2026-10-09T22:35:17.4559243Z {
2026-10-09T22:35:17.4559534Z   "passed": 3,
2026-10-09T22:35:17.4559751Z   "total": 3,
2026-10-09T22:35:17.4559949Z   "results": [
2026-10-09T22:35:17.4560111Z     {
2026-10-09T22:35:17.4560480Z       "name": "Cancel before async encryption completes prevents any later download",
2026-10-09T22:35:17.4560835Z       "pass": true
2026-10-09T22:35:17.4561009Z     },
2026-10-09T22:35:17.4561161Z     {
2026-10-09T22:35:17.4561529Z       "name": "Unmount before async encryption completes prevents any later download",
2026-10-09T22:35:17.4561885Z       "pass": true
2026-10-09T22:35:17.4562346Z     },
2026-10-09T22:35:17.4562498Z     {
2026-10-09T22:35:17.4562797Z       "name": "An open successful transfer still downloads exactly once",
2026-10-09T22:35:17.4563115Z       "pass": true
2026-10-09T22:35:17.4563309Z     }
2026-10-09T22:35:17.4563456Z   ]
2026-10-09T22:35:17.4563629Z }
2026-10-09T22:35:17.4633475Z Checking check-fitness-evaluation.cjs
2026-10-09T22:35:23.0181746Z PASS evaluation report grading: 21 assertions. All inputs are synthetic; zero actual model evaluations or qualified devices.
2026-10-09T22:35:23.0303271Z Checking check-fitness-grounding.cjs
2026-10-09T22:35:23.5656670Z PASS fitness provenance, bounded retrieval, current-context/output gates and 22 held-out fixture checks: 256 assertions (13 prompts, 9 blocked). Model accuracy: NOT MEASURED.
2026-10-09T22:35:23.5816610Z Checking check-focus.cjs
2026-10-09T22:35:23.9243591Z PASS All four compatible add-ons preserve dates and fit the hard time window
2026-10-09T22:35:23.9266005Z PASS The central buildPlan path applies focus choices
2026-10-09T22:35:23.9266479Z PASS No spare time rejects add-ons without trimming primary work
2026-10-09T22:35:23.9266954Z PASS Jump dose is small, first after warm-up, and capped once per week
2026-10-09T22:35:23.9267445Z PASS Nearby practices can make jump selection unavailable; no date is moved
2026-10-09T22:35:23.9267966Z PASS New jump users need supervision even with self-reported readiness
2026-10-09T22:35:23.9268403Z PASS Youth jump work has one set and needs supervision
2026-10-09T22:35:23.9268879Z PASS Youth weight-management and superset selections cannot add adult doses
2026-10-09T22:35:23.9269401Z PASS Coach and manual tracking remain free of automatic prescriptions
2026-10-09T22:35:23.9269923Z PASS Supersets preserve primary lift dose and combine only assistance rest
2026-10-09T22:35:23.9270420Z PASS Powerlifting main lifts are never forced into a superset
2026-10-09T22:35:23.9270875Z PASS Activity focus does not silently increase a run-only program
2026-10-09T22:35:23.9271256Z PASS Applied focus plans are idempotent
2026-10-09T22:35:23.9271523Z 13 focus checks passed
2026-10-09T22:35:23.9408469Z Checking check-goals.cjs
2026-10-09T22:35:24.1017184Z PASS Empty, unrelated and ignored text suggest nothing
2026-10-09T22:35:24.1026476Z PASS Lifting words map to the specific weight-training goal
2026-10-09T22:35:24.1028036Z PASS Running and mixed goals resolve in a fixed order, with alternatives shown
2026-10-09T22:35:24.1029037Z PASS Sport wins over lifting words and carries a jump hint when jumping is named
2026-10-09T22:35:24.1029915Z PASS Calisthenics, general and beginner wording map to their goals
2026-10-09T22:35:24.1031639Z PASS Every suggested goal has a plain label
2026-10-09T22:35:24.1034299Z PASS Demonstration links: curated video first, then the source page, and only https links
2026-10-09T22:35:24.1035670Z PASS First-time exercises: not logged in any saved workout and not dismissed
2026-10-09T22:35:24.1114952Z PASS Every plan evidence key has a Sources entry, and plans cite the right families
2026-10-09T22:35:24.1115601Z 9 groups, 418 checks passed.
2026-10-09T22:35:24.1183463Z Checking check-history-capacity.cjs
2026-10-09T22:35:32.0777980Z {"passed":true,"checks":30,"historyCount":5000,"plainChars":8664825,"plainUTF8Bytes":8665143,"protectedFileChars":17330671,"scope":"Actual validators, cryptography and SQLite host harness. Fresh module reads are not process/phone restarts; no physical throughput or capacity qualification."}
2026-10-09T22:35:32.1517652Z Checking check-library.cjs
2026-10-09T22:35:32.5532452Z PASS Every shipped catalog entry has a complete movement guide and logging convention
2026-10-09T22:35:32.5628212Z   1726 candidate photo references withheld
2026-10-09T22:35:32.5630691Z PASS Unverified photo candidates are withheld; guide and source coverage stays complete
2026-10-09T22:35:32.5631327Z PASS Multiword and common abbreviation searches work regardless of word order
2026-10-09T22:35:32.5710295Z PASS Optional measurements survive a validated save and invalid values are rejected
2026-10-09T22:35:32.5762755Z PASS One-sided and assisted records do not drive load or maximum suggestions
2026-10-09T22:35:32.5808693Z PASS Unsupported timed and skill movements do not produce estimated 1RM points
2026-10-09T22:35:32.5809221Z 6 full-library and measurement checks passed
2026-10-09T22:35:32.5963184Z Checking check-mobile-package.cjs
2026-10-09T22:35:32.6828455Z PASS Current tracked working-tree source ships without requiring a commit
2026-10-09T22:35:32.7379093Z PASS Untracked source, native output, photos and credentials never enter the public starter
2026-10-09T22:35:32.7673236Z PASS Repeated packaging is byte-identical
2026-10-09T22:35:32.9008111Z PASS A referenced local Expo plugin must be tracked and packaged
2026-10-09T22:35:33.2628900Z PASS Local plugin traversal, absolute paths and untracked references fail closed
2026-10-09T22:35:33.3267893Z PASS Tracked generated native output and photo directories remain excluded
2026-10-09T22:35:34.0593027Z PASS Accidentally tracked credential filenames fail closed and preserve the prior archive
2026-10-09T22:35:34.2030580Z PASS Credential content hidden in a tracked source file fails without replacing the archive
2026-10-09T22:35:34.2911493Z PASS Tracked source symlinks cannot expose a file outside the starter
2026-10-09T22:35:34.3695715Z PASS Replacing a tracked source directory with a symlink fails closed
2026-10-09T22:35:34.4501620Z PASS Missing required tracked source fails and keeps the last usable download
2026-10-09T22:35:34.5260548Z PASS A source copy without its Git index cannot silently fall back to scanning local files
2026-10-09T22:35:34.5287695Z 12 mobile source packaging security scenarios passed.
2026-10-09T22:35:34.5326529Z Checking check-named-programs.cjs
2026-10-09T22:35:35.0265824Z PASS 3582 named-template, cross-week cycle, seven-start-day, duration/equipment/age, saved-state, event and manual-authority assertions.
2026-10-09T22:35:35.0424015Z Checking check-native-build-evidence.cjs
2026-10-09T22:35:35.2765465Z test_android_aggregate_actual_source_and_output_checks_remain_strict (__main__.Evidence.test_android_aggregate_actual_source_and_output_checks_remain_strict) ... ok
2026-10-09T22:35:35.2766308Z test_android_aggregate_and_per_abi_copies_bind_one_actual_cache_and_object (__main__.Evidence.test_android_aggregate_and_per_abi_copies_bind_one_actual_cache_and_object) ... ok
2026-10-09T22:35:35.2766991Z test_android_aggregate_only_binds_actual_entry_directory_cache (__main__.Evidence.test_android_aggregate_only_binds_actual_entry_directory_cache) ... ok
2026-10-09T22:35:35.2767563Z test_android_aggregate_wrong_actual_cache_abi_refused (__main__.Evidence.test_android_aggregate_wrong_actual_cache_abi_refused) ... ok
2026-10-09T22:35:35.2768833Z test_android_argument_vector_supported_and_metadata_not_retained (__main__.Evidence.test_android_argument_vector_supported_and_metadata_not_retained) ... ok
2026-10-09T22:35:35.2769527Z test_android_conflicting_aggregate_macro_is_not_ignored_or_deduplicated (__main__.Evidence.test_android_conflicting_aggregate_macro_is_not_ignored_or_deduplicated) ... ok
2026-10-09T22:35:35.2770196Z test_android_cpp_entry_or_mismatched_actual_c_input_refused (__main__.Evidence.test_android_cpp_entry_or_mismatched_actual_c_input_refused) ... ok
2026-10-09T22:35:35.2770953Z test_android_debug_only_and_wrong_or_conflicting_abi_refused (__main__.Evidence.test_android_debug_only_and_wrong_or_conflicting_abi_refused) ... ok
2026-10-09T22:35:35.2771633Z test_android_declared_cache_home_and_cache_directory_bind_exact_module (__main__.Evidence.test_android_declared_cache_home_and_cache_directory_bind_exact_module) ... ok
2026-10-09T22:35:35.2772578Z test_android_duplicate_release_databases_refused (__main__.Evidence.test_android_duplicate_release_databases_refused) ... ok
2026-10-09T22:35:35.2773346Z test_android_entry_directory_outside_module_staging_refused (__main__.Evidence.test_android_entry_directory_outside_module_staging_refused) ... ok
2026-10-09T22:35:35.2773953Z test_android_identical_repeated_invocation_rows_deduplicate (__main__.Evidence.test_android_identical_repeated_invocation_rows_deduplicate) ... ok
2026-10-09T22:35:35.2774601Z test_android_missing_actual_cache_cannot_use_aggregate_parent_cache (__main__.Evidence.test_android_missing_actual_cache_cannot_use_aggregate_parent_cache) ... ok
2026-10-09T22:35:35.2775213Z test_android_missing_empty_or_outside_object_refused (__main__.Evidence.test_android_missing_empty_or_outside_object_refused) ... ok
2026-10-09T22:35:35.2775845Z test_android_multiple_distinct_release_objects_in_one_cache_refused (__main__.Evidence.test_android_multiple_distinct_release_objects_in_one_cache_refused) ... ok
2026-10-09T22:35:35.2776573Z test_android_positive_relwithdebinfo_source_object_and_dependency_receipts (__main__.Evidence.test_android_positive_relwithdebinfo_source_object_and_dependency_receipts) ... ok
2026-10-09T22:35:35.2777233Z test_android_same_object_different_valid_invocations_refused (__main__.Evidence.test_android_same_object_different_valid_invocations_refused) ... ok
2026-10-09T22:35:35.2777913Z test_android_sqlcipher_vendor_route_supported_without_invented_codec_claim (__main__.Evidence.test_android_sqlcipher_vendor_route_supported_without_invented_codec_claim) ... ok
2026-10-09T22:35:35.2778778Z test_android_unresolved_empty_or_signed_dependency_receipts_refused_and_not_copied (__main__.Evidence.test_android_unresolved_empty_or_signed_dependency_receipts_refused_and_not_copied) ... ok
2026-10-09T22:35:35.2779714Z test_exact_macro_spellings_and_distinct_prefix (__main__.Evidence.test_exact_macro_spellings_and_distinct_prefix) ... ok
2026-10-09T22:35:35.2780235Z test_ios_copied_source_or_release_object_absence_refused (__main__.Evidence.test_ios_copied_source_or_release_object_absence_refused) ... ok
2026-10-09T22:35:35.2780833Z test_ios_original_info_or_privacy_inspection_hash_mismatch_refused (__main__.Evidence.test_ios_original_info_or_privacy_inspection_hash_mismatch_refused) ... ok
2026-10-09T22:35:35.2781488Z test_ios_positive_filtered_flags_objects_and_complete_privacy_locations (__main__.Evidence.test_ios_positive_filtered_flags_objects_and_complete_privacy_locations) ... ok
2026-10-09T22:35:35.2782271Z test_ios_string_or_array_flags_are_supported_without_mutating_input (__main__.Evidence.test_ios_string_or_array_flags_are_supported_without_mutating_input) ... ok
2026-10-09T22:35:35.2782927Z test_ios_wrong_target_configuration_platform_or_duplicate_target_refused (__main__.Evidence.test_ios_wrong_target_configuration_platform_or_duplicate_target_refused) ... ok
2026-10-09T22:35:35.2783522Z test_ios_xcconfig_or_gcc_definition_conflicts_refused (__main__.Evidence.test_ios_xcconfig_or_gcc_definition_conflicts_refused) ... ok
2026-10-09T22:35:35.2784205Z test_missing_conflicting_duplicate_or_response_flags_refused (__main__.Evidence.test_missing_conflicting_duplicate_or_response_flags_refused) ... ok
2026-10-09T22:35:35.2784795Z test_privacy_directory_link_cannot_hide_external_sdk_manifest (__main__.Evidence.test_privacy_directory_link_cannot_hide_external_sdk_manifest) ... ok
2026-10-09T22:35:35.2785437Z test_privacy_only_traversed_symlinks_refused_unrelated_code_link_allowed (__main__.Evidence.test_privacy_only_traversed_symlinks_refused_unrelated_code_link_allowed) ... ok
2026-10-09T22:35:35.2786085Z test_privacy_replay_destination_must_be_fresh (__main__.Evidence.test_privacy_replay_destination_must_be_fresh) ... ok
2026-10-09T22:35:35.2786600Z test_source_identity_requires_exact_commit_tree_receipt (__main__.Evidence.test_source_identity_requires_exact_commit_tree_receipt) ... ok
2026-10-09T22:35:35.2786866Z 
2026-10-09T22:35:35.2787004Z ----------------------------------------------------------------------
2026-10-09T22:35:35.2787243Z Ran 31 tests in 0.139s
2026-10-09T22:35:35.2787327Z 
2026-10-09T22:35:35.2787378Z OK
2026-10-09T22:35:35.2787706Z {"passed":true,"scope":"Portable reader fixtures; actual native builds and evidence remain CI qualifications"}
2026-10-09T22:35:35.2811559Z Checking check-native-history.cjs
2026-10-09T22:35:36.1171839Z PASS Whole snapshot migration: plaintext legacy
2026-10-09T22:35:36.4390518Z PASS Whole snapshot migration: encrypted legacy
2026-10-09T22:35:36.6923622Z PASS Whole snapshot migration: encrypted SQL snapshot
2026-10-09T22:35:37.1617577Z PASS Head-only saves preserve exact completed ciphertext; append writes only one new entity
2026-10-09T22:35:37.5233629Z PASS Two modules serialize first key creation and preserve the final readable history
2026-10-09T22:35:37.7679968Z PASS Concurrent second-module reads and locked exports wait for a prepared restore
2026-10-09T22:35:38.0392437Z PASS Completed history edit/delete/reorder update only affected entities
2026-10-09T22:35:38.6128199Z PASS Full restore rotates secure key and all entities; reset retires complete history
2026-10-09T22:35:38.9647268Z PASS Locked raw recovery bundle retains the head and every encrypted entity after key loss
2026-10-09T22:35:39.1860610Z PASS Corrupted history refuses reads/saves: missing entity
2026-10-09T22:35:39.4205144Z PASS Corrupted history refuses reads/saves: damaged chunk
2026-10-09T22:35:39.6748846Z PASS Corrupted history refuses reads/saves: authenticated digest mismatch
2026-10-09T22:35:40.0252375Z PASS Stale module compare-and-commit refuses saves after restore
2026-10-09T22:35:40.3556472Z PASS Stale module compare-and-commit refuses saves after reset
2026-10-09T22:35:40.6021327Z PASS Stale replacement refuses before preparing a key ring after other module save
2026-10-09T22:35:40.8449854Z PASS Stale replacement refuses before preparing a key ring after other module restore
2026-10-09T22:35:41.0781528Z PASS Stale replacement refuses before preparing a key ring after other module reset
2026-10-09T22:35:41.3117995Z PASS Repeated current-session edits have bounded persistence work with 3 completed workouts
2026-10-09T22:35:42.9178493Z PASS Repeated current-session edits have bounded persistence work with 2000 completed workouts
2026-10-09T22:35:42.9197587Z EVIDENCE cached current-session persistence [{"history":3,"selects":19,"secureReads":3},{"history":3,"selects":19,"secureReads":3},{"history":2000,"selects":19,"secureReads":3},{"history":2000,"selects":19,"secureReads":3}]
2026-10-09T22:35:43.2838748Z PASS Batch write rollback preserves head, unchanged entities and prior history after SQLITE_FULL
2026-10-09T22:35:43.5853379Z PASS Postcommit readback ambiguity reports failure but retains a complete reopenable generation
2026-10-09T22:35:43.9277782Z PASS Ambiguous migration retains the whole encrypted legacy source and reopens committed entities
2026-10-09T22:35:44.1912783Z PASS Ambiguous restore retains new encrypted entities and both keys until fresh recovery
2026-10-09T22:35:44.4529962Z PASS Interrupted restore secure-key activation retains all entities and both recoverable keys
2026-10-09T22:35:44.7756136Z PASS Same module cannot overwrite installed restore with old UI state after failed acknowledgment
2026-10-09T22:35:45.0229954Z PASS Reset interruption while deleting movefield.restoreKeys.v1 still reopens empty history
2026-10-09T22:35:45.2887665Z PASS Reset interruption while deleting movefield.dataKey.v1 still reopens empty history
2026-10-09T22:35:45.3315638Z PASS native history: 27 scenarios, 192 assertions (actual SQLite/storage/history/crypto; injected OS APIs; no physical-device proof)
2026-10-09T22:35:45.3931873Z Checking check-native-privacy-cleanup.cjs
2026-10-09T22:35:46.4186357Z PASS Validated plaintext migration acknowledges encrypted persistence while denied cleanup is durably pending after reopen
2026-10-09T22:35:47.1630891Z PASS Read-only status and raw recovery retain matching copies; authenticated reopened read retires them without changing revision
2026-10-09T22:35:47.4332278Z PASS Explicit retry authenticates stored records and retires the exact receipted value
2026-10-09T22:35:47.9481928Z PASS Changed legacy copies are preserved and subsequent saves never replace the oldest cleanup fingerprint
2026-10-09T22:35:48.3717485Z PASS Different literal lone UTF-16 surrogates in valid legacy JSON never match the captured copy
2026-10-09T22:35:48.8902885Z PASS Untracked historical copies are reported but never adopted by a later successful save or retry
2026-10-09T22:35:49.3917905Z PASS Unreadable legacy storage cannot fail a valid SQL read/save or supply a cleanup fingerprint
2026-10-09T22:35:49.4568652Z PASS Every first-migration SQL write and precommit fault rolls back the cleanup receipt with the generation
2026-10-09T22:35:49.9529046Z PASS Postcommit readback ambiguity preserves original plaintext and journal until a fresh authenticated read
2026-10-09T22:35:50.4030786Z PASS Missing keys preserve matching pending copies; raw recovery and explicit retry cannot authorize deletion
2026-10-09T22:35:50.7422597Z PASS Ciphertext with valid SQL integrity but failed authentication preserves matching legacy plaintext
2026-10-09T22:35:51.2769268Z PASS Corrupted SQL tombstone is never treated as reset proof and cannot retire a retained copy
2026-10-09T22:35:51.5271945Z PASS Successful but ineffective legacy removal remains pending across restart
2026-10-09T22:35:51.9036738Z PASS Failed cleanup-metadata retirement never reverses durable acknowledgement; missing legacy can be pruned on restart
2026-10-09T22:35:53.8030438Z PASS Malformed cleanup metadata yields unavailable status without blocking encrypted reads or deleting legacy
2026-10-09T22:35:54.2844940Z PASS Status inspection SQL failure cannot turn an acknowledged training save into a save error
2026-10-09T22:35:54.2998245Z PASS Bounded lossless fingerprint preserves Unicode code units across chunk boundaries and stores no plaintext
2026-10-09T22:35:54.3108127Z PASS Oversized old copies are preserved without a hash receipt or deletion, while new encrypted records remain usable
2026-10-09T22:35:54.3243744Z PASS Exact SQL proof is rechecked before legacy deletion and unowned slots are refused
2026-10-09T22:35:54.9288424Z PASS Reset retires current encrypted records and keys but honestly reports retained matching copies; retry later removes them
2026-10-09T22:35:55.8954963Z PASS Reset preserves changed or untracked historical copies and reports attention instead of complete erasure
2026-10-09T22:35:56.4010281Z PASS Setup migration uses the same durable receipt and explicit retry validates its encrypted draft
2026-10-09T22:35:56.4010809Z {
2026-10-09T22:35:56.4010980Z   "checks": 22,
2026-10-09T22:35:56.4011166Z   "evidence": [
2026-10-09T22:35:56.4011689Z     "Validated plaintext migration acknowledges encrypted persistence while denied cleanup is durably pending after reopen",
2026-10-09T22:35:56.4012753Z     "Read-only status and raw recovery retain matching copies; authenticated reopened read retires them without changing revision",
2026-10-09T22:35:56.4013465Z     "Explicit retry authenticates stored records and retires the exact receipted value",
2026-10-09T22:35:56.4014532Z     "Changed legacy copies are preserved and subsequent saves never replace the oldest cleanup fingerprint",
2026-10-09T22:35:56.4015183Z     "Different literal lone UTF-16 surrogates in valid legacy JSON never match the captured copy",
2026-10-09T22:35:56.4015814Z     "Untracked historical copies are reported but never adopted by a later successful save or retry",
2026-10-09T22:35:56.4016552Z     "Unreadable legacy storage cannot fail a valid SQL read/save or supply a cleanup fingerprint",
2026-10-09T22:35:56.4017168Z     "Every first-migration SQL write and precommit fault rolls back the cleanup receipt with the generation",
2026-10-09T22:35:56.4017840Z     "Postcommit readback ambiguity preserves original plaintext and journal until a fresh authenticated read",
2026-10-09T22:35:56.4018509Z     "Missing keys preserve matching pending copies; raw recovery and explicit retry cannot authorize deletion",
2026-10-09T22:35:56.4019179Z     "Ciphertext with valid SQL integrity but failed authentication preserves matching legacy plaintext",
2026-10-09T22:35:56.4019807Z     "Corrupted SQL tombstone is never treated as reset proof and cannot retire a retained copy",
2026-10-09T22:35:56.4020412Z     "Successful but ineffective legacy removal remains pending across restart",
2026-10-09T22:35:56.4021059Z     "Failed cleanup-metadata retirement never reverses durable acknowledgement; missing legacy can be pruned on restart",
2026-10-09T22:35:56.4022128Z     "Malformed cleanup metadata yields unavailable status without blocking encrypted reads or deleting legacy",
2026-10-09T22:35:56.4022936Z     "Status inspection SQL failure cannot turn an acknowledged training save into a save error",
2026-10-09T22:35:56.4023600Z     "Bounded lossless fingerprint preserves Unicode code units across chunk boundaries and stores no plaintext",
2026-10-09T22:35:56.4024307Z     "Oversized old copies are preserved without a hash receipt or deletion, while new encrypted records remain usable",
2026-10-09T22:35:56.4024927Z     "Exact SQL proof is rechecked before legacy deletion and unowned slots are refused",
2026-10-09T22:35:56.4025587Z     "Reset retires current encrypted records and keys but honestly reports retained matching copies; retry later removes them",
2026-10-09T22:35:56.4026317Z     "Reset preserves changed or untracked historical copies and reports attention instead of complete erasure",
2026-10-09T22:35:56.4026968Z     "Setup migration uses the same durable receipt and explicit retry validates its encrypted draft"
2026-10-09T22:35:56.4027363Z   ],
2026-10-09T22:35:56.4028019Z   "limits": "Actual source modules, real node:sqlite transactions and crypto; injected legacy/SecureStore APIs. No OS/process/device or forensic-erasure qualification."
2026-10-09T22:35:56.4028626Z }
2026-10-09T22:35:56.4498271Z Checking check-native-privacy-ui.cjs
2026-10-09T22:35:56.9194062Z PASS Pending cleanup warning is independent and requires an explicit retry
2026-10-09T22:35:56.9374617Z PASS clear status describes older copies honestly
2026-10-09T22:35:56.9564882Z PASS attention status describes older copies honestly
2026-10-09T22:35:56.9720260Z PASS unavailable status describes older copies honestly
2026-10-09T22:35:56.9950196Z PASS Busy retry is disabled and guarded even through its retained callback
2026-10-09T22:35:57.0079712Z PASS Compact global status exposes warnings and keeps clear status quiet
2026-10-09T22:35:57.0239403Z PASS Settings receives privacy status and links without changing it
2026-10-09T22:35:57.0386630Z PASS Privacy and support links open only from accessible user actions
2026-10-09T22:35:57.0637695Z PASS Failed public link is visible, later link supersedes old failure, unmount suppresses results
2026-10-09T22:35:57.1367490Z PASS Startup reads older-copy status even when saved training cannot open
2026-10-09T22:35:57.2234132Z PASS Privacy read failure cannot change a durable save to failure
2026-10-09T22:35:57.2840970Z PASS Save failure and privacy attention remain independent
2026-10-09T22:35:57.3593848Z PASS Newer privacy status suppresses older pending read after a save
2026-10-09T22:35:57.4145721Z PASS Successful restore refreshes privacy without turning status failure into restore failure
2026-10-09T22:35:57.4833804Z PASS stale restore preserves a pending save saved result
2026-10-09T22:35:57.5540106Z PASS stale restore preserves a pending save failed result
2026-10-09T22:35:57.6092919Z PASS failed restore preserves a pending save saved result
2026-10-09T22:35:57.6641830Z PASS failed restore preserves a pending save failed result
2026-10-09T22:35:57.7290892Z PASS failed reset preserves a pending save saved result
2026-10-09T22:35:57.7924599Z PASS failed reset preserves a pending save failed result
2026-10-09T22:35:57.8419414Z PASS Unmount suppresses rejected restore and never refreshes privacy afterward
2026-10-09T22:35:57.9000507Z PASS Reset preserves a truthful older-copy warning and saves an empty current state
2026-10-09T22:35:57.9464664Z PASS Denied retry stays a privacy issue and cannot trigger a training save
2026-10-09T22:35:58.0082641Z PASS Repeated retry clicks make one request and later save invalidates old cleanup status
2026-10-09T22:35:58.0566601Z PASS Unmount suppresses pending privacy, save and cleanup callbacks
2026-10-09T22:35:58.0567184Z PASS native privacy UI: 25/25 scenarios, 80 assertions (actual compiled TSX callbacks; mocked storage/native hooks, not physical-device acceptance)
2026-10-09T22:35:58.0863160Z Checking check-native-qwen-files.cjs
2026-10-09T22:35:58.4541499Z PASS catalog, frozen exact consent and no automatic network
2026-10-09T22:35:58.5573702Z PASS actual Expo adapter, bounded hashes, real SQLite commit and reopen
2026-10-09T22:35:58.6103236Z PASS integrity rejects mutate
2026-10-09T22:35:58.6579458Z PASS integrity rejects truncate
2026-10-09T22:35:58.7035163Z PASS integrity rejects extra
2026-10-09T22:35:58.7516635Z PASS integrity rejects bad-progress
2026-10-09T22:35:58.8204415Z PASS same-size damage is detected before runtime callback or reuse
2026-10-09T22:35:58.8817658Z PASS cache eviction reports unavailable and explicit retry repairs it
2026-10-09T22:35:58.9153004Z PASS free space includes complete new files and platform temporary space
2026-10-09T22:35:58.9583239Z PASS cancel before start and while hashing never publishes
2026-10-09T22:35:59.0107864Z PASS hung native cancel, late completion quarantine, bounded retries and delete
2026-10-09T22:35:59.0719397Z PASS idle timeout isolates a hung native writer and no background resume claim
2026-10-09T22:35:59.1690281Z PASS atomic replacement rollback preserves old model files
2026-10-09T22:35:59.2199148Z PASS committed pointer survives failed readback acknowledgement
2026-10-09T22:35:59.2727097Z PASS Cancel after atomic commit reports actual completed files
2026-10-09T22:35:59.3774536Z PASS startup cleanup before and after pointer publication
2026-10-09T22:35:59.4389879Z PASS load lease blocks same-runtime reload, download and deletion
2026-10-09T22:35:59.5567618Z PASS metadata damage is preserved automatically and explicit Delete repairs it
2026-10-09T22:35:59.6049100Z PASS bounded native read errors and cleanup failure remain recoverable
2026-10-09T22:35:59.6770034Z PASS attempt identifier collision never replaces a previous model
2026-10-09T22:35:59.7336925Z PASS explicit delete tombstone survives disk cleanup failure
2026-10-09T22:35:59.7645168Z PASS unknown filesystem entries preserved, no model weights fetched by tests
2026-10-09T22:35:59.8219788Z PASS existing WAL model metadata migrates without receipt or file rewrite
2026-10-09T22:35:59.8944207Z PASS unqualified fresh model transaction refuses before pointer or existing file deletion
2026-10-09T22:35:59.9802584Z PASS different model jobs preserve generations through rollback-journal contention and qualified retry
2026-10-09T22:35:59.9803362Z {"status":"passed","scenarios":25,"assertions":1364,"actualModelDownloads":0,"inferenceRuns":0,"physicalDevicesQualified":0,"adapter":"actual compiled Expo adapter + mock filesystem/transport + real node:sqlite + real SHA-256"}
2026-10-09T22:36:00.0251268Z Checking check-native-qwen-ui.cjs
2026-10-09T22:36:00.2067372Z PASS Mount/open/status/review perform no implicit download or profile access
2026-10-09T22:36:00.2239130Z PASS Review consent is deeply frozen and repeated confirmation starts only one request
2026-10-09T22:36:00.2358922Z PASS A canceled review invalidates its retained confirmation callback
2026-10-09T22:36:00.2503678Z PASS A replacement review cannot authorize an older different confirmation tuple
2026-10-09T22:36:00.2650864Z PASS Completed confirmation cannot restart a download without a new review
2026-10-09T22:36:00.2773288Z PASS Off blocks review and invalidates an already reviewed confirmation
2026-10-09T22:36:00.2893225Z PASS Cancel download suppresses late progress/results and supports a new explicit retry
2026-10-09T22:36:00.2996452Z PASS Close native model files suppresses late progress/results and supports a new explicit retry
2026-10-09T22:36:00.3089537Z PASS Unmount aborts request and suppresses every late state update
2026-10-09T22:36:00.3182380Z PASS background aborts an active request without accepting a late successful receipt
2026-10-09T22:36:00.3273815Z PASS off aborts an active request without accepting a late successful receipt
2026-10-09T22:36:00.3386366Z PASS Late status after close cannot install a stale receipt
2026-10-09T22:36:00.3454866Z PASS Explicit status recheck identifies already finished files after cancellation without retrying network
2026-10-09T22:36:00.3746886Z PASS Download/offer/status errors remain visible and never claim success
2026-10-09T22:36:00.3828109Z PASS Deleting files requires explicit confirmation, preserves profile isolation and saved status on failure
2026-10-09T22:36:00.3920547Z PASS Keep model files invalidates a retained stale delete confirmation
2026-10-09T22:36:00.3997903Z PASS Successful explicit deletion clears only model status and consumes confirmation
2026-10-09T22:36:00.4126159Z PASS Committed deletion with pending temporary cleanup reports retired files accurately
2026-10-09T22:36:00.4212578Z PASS Unreadable local model status still permits explicit file-only deletion recovery
2026-10-09T22:36:00.4284190Z PASS Unmount revokes retained download review confirmation before a request starts
2026-10-09T22:36:00.4361610Z PASS Unmount revokes retained delete review confirmation before a request starts
2026-10-09T22:36:00.4362572Z PASS native Qwen UI: 21/21 scenarios, 96 assertions (actual compiled TSX callbacks; mocked file client/native hooks, not physical-device or inference acceptance)
2026-10-09T22:36:00.4558935Z Checking check-native-record-batches.cjs
2026-10-09T22:36:00.7074873Z PASS Bounded Unicode workout IDs produce private, fixed-width history slot identities
2026-10-09T22:36:00.7266269Z PASS Legacy fixed-slot values remain outside SQL until encrypted head and workout batch verifies
2026-10-09T22:36:00.7419461Z PASS Unknown namespaces, plaintext, invalid revisions and incomplete expected batches mutate no records
2026-10-09T22:36:00.7546636Z PASS Queued batch detaches validated records and expected guards from mutable caller maps
2026-10-09T22:36:00.7751704Z PASS Two independent stores enforce ciphertext CAS and revision guards including empty/reset ABA
2026-10-09T22:36:00.9674073Z PASS Every batch write/precommit failure rolls back head, workouts, revision and legacy cleanup together
2026-10-09T22:36:00.9830137Z PASS Postcommit verification failure reports ambiguity and retains migration input; fresh reopen sees complete new batch
2026-10-09T22:36:00.9980238Z PASS Changed or denied legacy cleanup retains input after committed readback
2026-10-09T22:36:01.0101480Z PASS Changed migration input during the transaction aborts the encrypted install
2026-10-09T22:36:01.0293537Z PASS Restore/reset tombstones all retired owned entities and orphan chunks atomically
2026-10-09T22:36:01.0427312Z PASS Corrupted entity integrity never silently falls back or rewrites a committed head
2026-10-09T22:36:01.4621110Z PASS 2,000 independently encrypted workouts reopen; one active-set head edit rewrites zero historical rows
2026-10-09T22:36:01.5045970Z PASS Owned history enumeration enforces the supported 5,000-record bound
2026-10-09T22:36:01.5046370Z {
2026-10-09T22:36:01.5046534Z   "checks": 13,
2026-10-09T22:36:01.5046689Z   "evidence": [
2026-10-09T22:36:01.5047065Z     "Bounded Unicode workout IDs produce private, fixed-width history slot identities",
2026-10-09T22:36:01.5047810Z     "Legacy fixed-slot values remain outside SQL until encrypted head and workout batch verifies",
2026-10-09T22:36:01.5048268Z     "Unknown namespaces, plaintext, invalid revisions and incomplete expected batches mutate no records",
2026-10-09T22:36:01.5048630Z     "Queued batch detaches validated records and expected guards from mutable caller maps",
2026-10-09T22:36:01.5048975Z     "Two independent stores enforce ciphertext CAS and revision guards including empty/reset ABA",
2026-10-09T22:36:01.5049347Z     "Every batch write/precommit failure rolls back head, workouts, revision and legacy cleanup together",
2026-10-09T22:36:01.5049800Z     "Postcommit verification failure reports ambiguity and retains migration input; fresh reopen sees complete new batch",
2026-10-09T22:36:01.5050182Z     "Changed or denied legacy cleanup retains input after committed readback",
2026-10-09T22:36:01.5050472Z     "Changed migration input during the transaction aborts the encrypted install",
2026-10-09T22:36:01.5050799Z     "Restore/reset tombstones all retired owned entities and orphan chunks atomically",
2026-10-09T22:36:01.5051158Z     "Corrupted entity integrity never silently falls back or rewrites a committed head",
2026-10-09T22:36:01.5051387Z     {
2026-10-09T22:36:01.5051502Z       "workouts": 2000,
2026-10-09T22:36:01.5051630Z       "loggedSets": 24000,
2026-10-09T22:36:01.5051776Z       "activeEditSqlWrites": 4,
2026-10-09T22:36:01.5051929Z       "historyRowsRewritten": 0
2026-10-09T22:36:01.5052205Z     },
2026-10-09T22:36:01.5052453Z     "2,000 independently encrypted workouts reopen; one active-set head edit rewrites zero historical rows",
2026-10-09T22:36:01.5052798Z     "Owned history enumeration enforces the supported 5,000-record bound"
2026-10-09T22:36:01.5052992Z   ],
2026-10-09T22:36:01.5053276Z   "limits": "Real node:sqlite transactions with injected storage failure; no physical phone, OS-kill or power acceptance."
2026-10-09T22:36:01.5053549Z }
2026-10-09T22:36:01.5203104Z Checking check-native-reminder-cleanup.cjs
2026-10-09T22:36:01.6895588Z {
2026-10-09T22:36:01.6895872Z   "passed": 4,
2026-10-09T22:36:01.6896072Z   "total": 4,
2026-10-09T22:36:01.6896245Z   "results": [
2026-10-09T22:36:01.6896405Z     {
2026-10-09T22:36:01.6896779Z       "name": "Off attempts every owned cancellation and dismissal even if the first fails",
2026-10-09T22:36:01.6897142Z       "pass": true
2026-10-09T22:36:01.6897310Z     },
2026-10-09T22:36:01.6897467Z     {
2026-10-09T22:36:01.6897826Z       "name": "A presented-alert enumeration failure still cancels all known scheduled alerts",
2026-10-09T22:36:01.6898232Z       "pass": true
2026-10-09T22:36:01.6898396Z     },
2026-10-09T22:36:01.6898597Z     {
2026-10-09T22:36:01.6898935Z       "name": "Failed cleanup does not create additional schedules or foreground authorization",
2026-10-09T22:36:01.6899337Z       "pass": true
2026-10-09T22:36:01.6899502Z     },
2026-10-09T22:36:01.6899646Z     {
2026-10-09T22:36:01.6900001Z       "name": "Successful cleanup refreshes the selected day and reports true schedule status",
2026-10-09T22:36:01.6900442Z       "pass": true
2026-10-09T22:36:01.6900628Z     }
2026-10-09T22:36:01.6900803Z   ]
2026-10-09T22:36:01.6901017Z }
2026-10-09T22:36:01.6966110Z Checking check-native-security-config.cjs
2026-10-09T22:36:04.0020404Z {"ok":true,"checks":275,"kind":"isolated-expo-prebuild","nativeCompilation":false,"storeAcceptance":false,"physicalDevices":false,"files":{"manifest":"b8bd1f9d9b272855acf3b617d55258181cfc84b9ff5c7c40757b5d99a6a57600","legacyBackup":"b6d25f2b96cdd6b451a701a01ec246934538f89635a534d679e0825dd2f555ee","extraction":"9c0680166f549a448ff3b4acc76af3c08b854ccbb0e9278062fcf8f788504f1b","privacy":"8645807a79663255e71b973dc700b9aa53a471ca7958183bcb8d4107f7ee89b1","sqlite":{"androidCustomBuildFlags":"expo.sqlite.customBuildFlags=-DSQLITE_DEFAULT_SYNCHRONOUS=3","iosCustomBuildFlags":"-DSQLITE_DEFAULT_SYNCHRONOUS=3","gradlePropertiesSha256":"464e15f84ec5d6494c7cb43a7a75997619592e797488a7199221e411b2c18936","podPropertiesSha256":"8e162f4dbba33704fb2ae0291f47f0e86d6f484080431433d98e86344e7895fa"}}}
2026-10-09T22:36:04.0156461Z Checking check-native-sqlite-policy.cjs
2026-10-09T22:36:04.3023472Z PASS Existing real WAL ciphertext migrates to DELETE without row, envelope or key changes; fresh store reads it
2026-10-09T22:36:04.3141762Z PASS Real locked WAL conversion rejects before schema/application writes; original ciphertext and legacy stay readable after retry
2026-10-09T22:36:04.3412377Z PASS Returned non-DELETE, absent and malformed conversion results fail closed before schema SQL
2026-10-09T22:36:04.3615017Z PASS Base mode readback failure preserves data and rejects before schema/application writes
2026-10-09T22:36:04.3761145Z PASS Fresh real SQLite default2 connection is refused despite base3; ciphertext, legacy and revision are unchanged
2026-10-09T22:36:04.4058596Z PASS Fresh transaction non-DELETE/malformed mode refuses application SQL and leaves original generation
2026-10-09T22:36:04.4117131Z PASS Mode assertions are read-only within a real begun transaction and rollback callback failure
2026-10-09T22:36:04.4117618Z {
2026-10-09T22:36:04.4117799Z   "status": "passed",
2026-10-09T22:36:04.4117997Z   "scenarios": 7,
2026-10-09T22:36:04.4118181Z   "evidence": [
2026-10-09T22:36:04.4118635Z     "Existing real WAL ciphertext migrates to DELETE without row, envelope or key changes; fresh store reads it",
2026-10-09T22:36:04.4119405Z     "Real locked WAL conversion rejects before schema/application writes; original ciphertext and legacy stay readable after retry",
2026-10-09T22:36:04.4120183Z     "Returned non-DELETE, absent and malformed conversion results fail closed before schema SQL",
2026-10-09T22:36:04.4120805Z     "Base mode readback failure preserves data and rejects before schema/application writes",
2026-10-09T22:36:04.4121500Z     "Fresh real SQLite default2 connection is refused despite base3; ciphertext, legacy and revision are unchanged",
2026-10-09T22:36:04.4122383Z     "Fresh transaction non-DELETE/malformed mode refuses application SQL and leaves original generation",
2026-10-09T22:36:04.4123048Z     "Mode assertions are read-only within a real begun transaction and rollback callback failure"
2026-10-09T22:36:04.4123477Z   ],
2026-10-09T22:36:04.4124400Z   "limits": "Real host node:sqlite file/locking/rollback checks; native compile default3 is modeled in the transaction harness. No actual corruption reproduction, power-cut, Expo Go, Android/iOS device or store qualification."
2026-10-09T22:36:04.4125287Z }
2026-10-09T22:36:04.4308995Z Checking check-native-sqlite.cjs
2026-10-09T22:36:04.8131137Z PASS Opaque encrypted snapshot is chunked, committed, hashed and readable after fresh store open
2026-10-09T22:36:04.8973521Z PASS Plaintext and unknown slots are refused before database mutation; legacy plaintext remains outside SQL
2026-10-09T22:36:04.9229064Z PASS Legacy cleanup failure never resurrects state or journal after transactional tombstones
2026-10-09T22:36:05.0638298Z PASS Every SQL write/precommit failure rolls back ciphertext and manifest to the previous readable generation
2026-10-09T22:36:05.0831721Z PASS In-transaction corrupted readback aborts update; old generation and retained legacy remain
2026-10-09T22:36:05.0948336Z PASS Postcommit readback failure is surfaced and keeps legacy; persisted new snapshot remains reopenable
2026-10-09T22:36:05.2197425Z PASS Missing, damaged or false-tombstone chunks are rejected without legacy fallback or replacement
2026-10-09T22:36:07.3463595Z PASS 2,000 workouts with 24,000 logged sets and Unicode notes save, decrypt and reopen through real SQLite
2026-10-09T22:36:07.6355100Z PASS Validated plaintext legacy migration seals before SQL persistence and is idempotent
2026-10-09T22:36:07.8982191Z PASS Encrypted legacy without its SecureStore key is retained, never imported or overwritten
2026-10-09T22:36:08.1619811Z PASS Migration failure retains exact legacy ciphertext and existing key; retry succeeds
2026-10-09T22:36:08.1786044Z PASS Partial multi-slot deletion failure rolls back every tombstone and ciphertext together
2026-10-09T22:36:08.4892245Z PASS Interrupted secure-key activation recovers installed SQLite restore from a fresh module
2026-10-09T22:36:08.8965254Z PASS Protected native restore/reset key lifecycle survives SQLite persistence and tombstones
2026-10-09T22:36:08.8965708Z {
2026-10-09T22:36:08.8965867Z   "checks": 14,
2026-10-09T22:36:08.8966037Z   "evidence": [
2026-10-09T22:36:08.8966425Z     "Opaque encrypted snapshot is chunked, committed, hashed and readable after fresh store open",
2026-10-09T22:36:08.8967021Z     "Plaintext and unknown slots are refused before database mutation; legacy plaintext remains outside SQL",
2026-10-09T22:36:08.8967643Z     "Legacy cleanup failure never resurrects state or journal after transactional tombstones",
2026-10-09T22:36:08.8968235Z     "Every SQL write/precommit failure rolls back ciphertext and manifest to the previous readable generation",
2026-10-09T22:36:08.8968638Z     "In-transaction corrupted readback aborts update; old generation and retained legacy remain",
2026-10-09T22:36:08.8969020Z     "Postcommit readback failure is surfaced and keeps legacy; persisted new snapshot remains reopenable",
2026-10-09T22:36:08.8969395Z     "Missing, damaged or false-tombstone chunks are rejected without legacy fallback or replacement",
2026-10-09T22:36:08.8969632Z     {
2026-10-09T22:36:08.8969744Z       "jsonChars": 2525825,
2026-10-09T22:36:08.8969893Z       "encryptedBytes": 5084420,
2026-10-09T22:36:08.8970043Z       "maximumChunkChars": 131072
2026-10-09T22:36:08.8970175Z     },
2026-10-09T22:36:08.8970410Z     "2,000 workouts with 24,000 logged sets and Unicode notes save, decrypt and reopen through real SQLite",
2026-10-09T22:36:08.8970760Z     "Validated plaintext legacy migration seals before SQL persistence and is idempotent",
2026-10-09T22:36:08.8971093Z     "Encrypted legacy without its SecureStore key is retained, never imported or overwritten",
2026-10-09T22:36:08.8971417Z     "Migration failure retains exact legacy ciphertext and existing key; retry succeeds",
2026-10-09T22:36:08.8971751Z     "Partial multi-slot deletion failure rolls back every tombstone and ciphertext together",
2026-10-09T22:36:08.8972255Z     "Interrupted secure-key activation recovers installed SQLite restore from a fresh module",
2026-10-09T22:36:08.8972593Z     "Protected native restore/reset key lifecycle survives SQLite persistence and tombstones"
2026-10-09T22:36:08.8972811Z   ],
2026-10-09T22:36:08.8973089Z   "limits": "Real node:sqlite persistence; injected SecureStore/crypto APIs. No iOS/Android OS/process/power/device acceptance."
2026-10-09T22:36:08.8973371Z }
2026-10-09T22:36:08.9457030Z Checking check-native-storage.cjs
2026-10-09T22:36:13.5758529Z PASS native storage: eight fresh-module restore boundaries, key-loss/legacy privacy, 312-session capacity (1658824 encrypted bytes), Unicode above legacy capacity/low-storage recovery and custom timed/load conventions. Physical-device capacity: NOT MEASURED.
2026-10-09T22:36:13.6348360Z Checking check-native-sync-outbox.cjs
2026-10-09T22:36:13.9396271Z PASS Encrypted head and split outbox commit together with bounded SQLite rows and exact fresh-store readback
2026-10-09T22:36:14.0933100Z PASS Every outbox write and precommit failure rolls back local head, outbox, revision and original queue
2026-10-09T22:36:14.1198760Z PASS Concurrent store leases, stale receipts and retries preserve newer locally queued generations
2026-10-09T22:36:14.1318605Z PASS Unqualified transaction modes refuse outbox claims and synced writes before application SQL
2026-10-09T22:36:14.1504489Z PASS Restore/reset replace pending sync atomically and retain CAS revision; main tombstones never upload old work
2026-10-09T22:36:14.2071954Z PASS Missing, modified and false outbox manifests fail closed without replacing committed training
2026-10-09T22:36:14.2072771Z {
2026-10-09T22:36:14.2072996Z   "checks": 54,
2026-10-09T22:36:14.2073177Z   "scenarios": [
2026-10-09T22:36:14.2073650Z     "Encrypted head and split outbox commit together with bounded SQLite rows and exact fresh-store readback",
2026-10-09T22:36:14.2074537Z     "Every outbox write and precommit failure rolls back local head, outbox, revision and original queue",
2026-10-09T22:36:14.2075203Z     "Concurrent store leases, stale receipts and retries preserve newer locally queued generations",
2026-10-09T22:36:14.2075862Z     "Unqualified transaction modes refuse outbox claims and synced writes before application SQL",
2026-10-09T22:36:14.2076545Z     "Restore/reset replace pending sync atomically and retain CAS revision; main tombstones never upload old work",
2026-10-09T22:36:14.2077228Z     "Missing, modified and false outbox manifests fail closed without replacing committed training"
2026-10-09T22:36:14.2077677Z   ],
2026-10-09T22:36:14.2078455Z   "limits": "Real host node:sqlite transactions, file reopen, chunk integrity and injected disk failures. Expo native compile default3 modeled; no Android/iOS physical process/power or account-service acceptance."
2026-10-09T22:36:14.2079183Z }
2026-10-09T22:36:14.2188424Z Checking check-native-workflows.cjs
2026-10-09T22:36:14.9684757Z PASS finish uses previously entered feedback and saves partial work once
2026-10-09T22:36:15.2633063Z PASS finish supports explicitly skipping effort without clearing concern hold
2026-10-09T22:36:15.2644761Z PASS finish rejects stale workout check-ins and empty non-concern work
2026-10-09T22:36:15.4888869Z PASS paused imported plan resumes without changing dates/history or lifting holds
2026-10-09T22:36:15.4901660Z PASS pause invalidates pending proposals and prevents active-workout changes
2026-10-09T22:36:15.7033752Z PASS only selected new exercise prompts; external link errors remain visible
2026-10-09T22:36:15.9074749Z PASS library searches imported custom exercises and exposes their equipment
2026-10-09T22:36:16.1519513Z PASS overdue primary action stages a reviewed date change without starting
2026-10-09T22:36:16.5504849Z PASS history order is newest first for both imported storage conventions
2026-10-09T22:36:16.7383414Z PASS backfilled history follows workout dates before import timestamps
2026-10-09T22:36:17.3060693Z PASS numeric fields accept decimal comma and retain integer/range restrictions
2026-10-09T22:36:17.4843835Z PASS tools disclosure starts collapsed and responds to its action
2026-10-09T22:36:17.4844598Z {"scenarios":12,"scope":"Actual compiled native App TSX callbacks and real planning/workout helpers; mocked hook scheduler and device I/O. No physical-device, React Native layout, or OS acceptance claim."}
2026-10-09T22:36:17.5194399Z Checking check-offline.cjs
2026-10-09T22:36:17.6355634Z {
2026-10-09T22:36:17.6355908Z   "passed": 26,
2026-10-09T22:36:17.6356160Z   "total": 26,
2026-10-09T22:36:17.6356368Z   "results": [
2026-10-09T22:36:17.6356766Z     {
2026-10-09T22:36:17.6357345Z       "name": "Generator is deterministic and contains every lazy public app feature without private files",
2026-10-09T22:36:17.6357951Z       "pass": true
2026-10-09T22:36:17.6368940Z     },
2026-10-09T22:36:17.6369124Z     {
2026-10-09T22:36:17.6369576Z       "name": "First completed install immediately supports offline root and unopened lazy tools/research",
2026-10-09T22:36:17.6370044Z       "pass": true
2026-10-09T22:36:17.6370221Z     },
2026-10-09T22:36:17.6370406Z     {
2026-10-09T22:36:17.6370760Z       "name": "An old tab can read an old hashed chunk and unrelated caches remain untouched",
2026-10-09T22:36:17.6371103Z       "pass": true
2026-10-09T22:36:17.6371298Z     },
2026-10-09T22:36:17.6371451Z     {
2026-10-09T22:36:17.6371823Z       "name": "Changed asset bytes reject activation and preserve the previous working cache",
2026-10-09T22:36:17.6372386Z       "pass": true
2026-10-09T22:36:17.6372940Z     },
2026-10-09T22:36:17.6373098Z     {
2026-10-09T22:36:17.6373517Z       "name": "Cache quota failure rejects partial installation without deleting the previous build",
2026-10-09T22:36:17.6373853Z       "pass": true
2026-10-09T22:36:17.6373978Z     },
2026-10-09T22:36:17.6374081Z     {
2026-10-09T22:36:17.6374453Z       "name": "Same-length corruption during cache readback rejects activation",
2026-10-09T22:36:17.6374708Z       "pass": true
2026-10-09T22:36:17.6374820Z     },
2026-10-09T22:36:17.6374935Z     {
2026-10-09T22:36:17.6375095Z       "name": "A lost staged cache entry rejects activation",
2026-10-09T22:36:17.6375291Z       "pass": true
2026-10-09T22:36:17.6375418Z     },
2026-10-09T22:36:17.6375518Z     {
2026-10-09T22:36:17.6375715Z       "name": "A replaced staged shell cannot count as a working app shell",
2026-10-09T22:36:17.6375932Z       "pass": true
2026-10-09T22:36:17.6376042Z     },
2026-10-09T22:36:17.6376155Z     {
2026-10-09T22:36:17.6376349Z       "name": "A corrupt completed marker cannot count as a completed build",
2026-10-09T22:36:17.6376567Z       "pass": true
2026-10-09T22:36:17.6376692Z     },
2026-10-09T22:36:17.6376792Z     {
2026-10-09T22:36:17.6377037Z       "name": "Activation rechecks staged bytes before claiming clients or deleting previous caches",
2026-10-09T22:36:17.6377298Z       "pass": true
2026-10-09T22:36:17.6377414Z     },
2026-10-09T22:36:17.6377527Z     {
2026-10-09T22:36:17.6377748Z       "name": "Unsafe redirect asset rejects installation without deleting the old cache",
2026-10-09T22:36:17.6377990Z       "pass": true
2026-10-09T22:36:17.6378129Z     },
2026-10-09T22:36:17.6378243Z     {
2026-10-09T22:36:17.6378503Z       "name": "Unsafe redirect response after cache eviction is neither returned as trusted code nor cached",
2026-10-09T22:36:17.6378777Z       "pass": true
2026-10-09T22:36:17.6378906Z     },
2026-10-09T22:36:17.6379004Z     {
2026-10-09T22:36:17.6379232Z       "name": "Unsafe private asset rejects installation without deleting the old cache",
2026-10-09T22:36:17.6379475Z       "pass": true
2026-10-09T22:36:17.6379600Z     },
2026-10-09T22:36:17.6379700Z     {
2026-10-09T22:36:17.6379957Z       "name": "Unsafe private response after cache eviction is neither returned as trusted code nor cached",
2026-10-09T22:36:17.6380229Z       "pass": true
2026-10-09T22:36:17.6380356Z     },
2026-10-09T22:36:17.6380458Z     {
2026-10-09T22:36:17.6380679Z       "name": "Unsafe no-store asset rejects installation without deleting the old cache",
2026-10-09T22:36:17.6380916Z       "pass": true
2026-10-09T22:36:17.6381027Z     },
2026-10-09T22:36:17.6381159Z     {
2026-10-09T22:36:17.6381421Z       "name": "Unsafe no-store response after cache eviction is neither returned as trusted code nor cached",
2026-10-09T22:36:17.6381692Z       "pass": true
2026-10-09T22:36:17.6381814Z     },
2026-10-09T22:36:17.6381914Z     {
2026-10-09T22:36:17.6382276Z       "name": "Unsafe cookie asset rejects installation without deleting the old cache",
2026-10-09T22:36:17.6382518Z       "pass": true
2026-10-09T22:36:17.6382634Z     },
2026-10-09T22:36:17.6382746Z     {
2026-10-09T22:36:17.6382999Z       "name": "Unsafe cookie response after cache eviction is neither returned as trusted code nor cached",
2026-10-09T22:36:17.6383266Z       "pass": true
2026-10-09T22:36:17.6383390Z     },
2026-10-09T22:36:17.6383495Z     {
2026-10-09T22:36:17.6383709Z       "name": "Unsafe error asset rejects installation without deleting the old cache",
2026-10-09T22:36:17.6383945Z       "pass": true
2026-10-09T22:36:17.6384072Z     },
2026-10-09T22:36:17.6384171Z     {
2026-10-09T22:36:17.6384425Z       "name": "Unsafe error response after cache eviction is neither returned as trusted code nor cached",
2026-10-09T22:36:17.6384694Z       "pass": true
2026-10-09T22:36:17.6384821Z     },
2026-10-09T22:36:17.6384922Z     {
2026-10-09T22:36:17.6385136Z       "name": "Unsafe opaque asset rejects installation without deleting the old cache",
2026-10-09T22:36:17.6385370Z       "pass": true
2026-10-09T22:36:17.6385624Z     },
2026-10-09T22:36:17.6385740Z     {
2026-10-09T22:36:17.6385997Z       "name": "Unsafe opaque response after cache eviction is neither returned as trusted code nor cached",
2026-10-09T22:36:17.6386263Z       "pass": true
2026-10-09T22:36:17.6386374Z     },
2026-10-09T22:36:17.6386486Z     {
2026-10-09T22:36:17.6386824Z       "name": "A root shell from a different deployment is never paired with mismatched chunks",
2026-10-09T22:36:17.6387073Z       "pass": true
2026-10-09T22:36:17.6387238Z     },
2026-10-09T22:36:17.6387341Z     {
2026-10-09T22:36:17.6387571Z       "name": "Inline RSC references and a generic login page cannot overwrite a usable shell",
2026-10-09T22:36:17.6387816Z       "pass": true
2026-10-09T22:36:17.6387925Z     },
2026-10-09T22:36:17.6388040Z     {
2026-10-09T22:36:17.6388300Z       "name": "A network navigation into a newer uninstalled build retains the last working offline shell",
2026-10-09T22:36:17.6388570Z       "pass": true
2026-10-09T22:36:17.6388684Z     },
2026-10-09T22:36:17.6388781Z     {
2026-10-09T22:36:17.6389081Z       "name": "Protected requests, private routes, downloads, arbitrary queries and foreign origins remain uncached",
2026-10-09T22:36:17.6389377Z       "pass": true
2026-10-09T22:36:17.6389488Z     }
2026-10-09T22:36:17.6389601Z   ],
2026-10-09T22:36:17.6389706Z   "limits": [
2026-10-09T22:36:17.6390046Z     "VM fixture validates lifecycle/content boundaries, not real-browser worker registration or physical-device behavior."
2026-10-09T22:36:17.6390348Z   ]
2026-10-09T22:36:17.6390454Z }
2026-10-09T22:36:17.6430577Z Checking check-onboarding.cjs
2026-10-09T22:36:18.0111411Z PASS Fresh journey starts without an accepted or seeded plan
2026-10-09T22:36:18.0218599Z PASS Choosing a plan does not mutate current plan or history
2026-10-09T22:36:18.0249357Z PASS Accepting a different block replaces all current plan references and preserves actuals
2026-10-09T22:36:18.0260292Z PASS Active workout prevents replacement without mutating anything
2026-10-09T22:36:18.0273636Z PASS Offline acceptance remains blocked
2026-10-09T22:36:18.0292179Z PASS Changed choices cannot accept a stale preview
2026-10-09T22:36:18.0314821Z PASS Added commitment is revalidated at acceptance
2026-10-09T22:36:18.0315574Z PASS Youth in-season app route cannot sneak through final acceptance
2026-10-09T22:36:18.0316143Z PASS Underage, past and invalid date inputs have explicit errors
2026-10-09T22:36:18.0321959Z PASS Coach plan remains tracking and accepts without hidden exercise doses
2026-10-09T22:36:18.0324021Z PASS A schedule that cannot support a template offers a tracking option
2026-10-09T22:36:18.0334471Z PASS A stale commitment snapshot cannot overwrite newer calendar events
2026-10-09T22:36:18.0353490Z PASS Generated durations override stale catalog times in fit notes and ranking
2026-10-09T22:36:18.0383486Z PASS Fit uses the full block and does not claim unavailable drafts fit
2026-10-09T22:36:18.0383870Z 14 onboarding checks passed
2026-10-09T22:36:18.0507322Z Checking check-preferences.cjs
2026-10-09T22:36:18.4024107Z PASS Damaged and unsafe preferences fall back without changing training records
2026-10-09T22:36:18.4062916Z PASS Model selection requires measured qualification and falls back without downloads
2026-10-09T22:36:18.4123631Z PASS Reminder schedule deduplicates days and respects plan and workout state
2026-10-09T22:36:18.4127212Z PASS Calendar export contains timed reminders and no workout or personal details
2026-10-09T22:36:18.4171506Z PASS Every palette passes light and dark text and control contrast
2026-10-09T22:36:18.4172172Z PASS Smallest and smaller text, spacing density and the added palettes are accepted; unknown values fall back
2026-10-09T22:36:18.4173424Z 6 groups, 98 checks passed.
2026-10-09T22:36:18.4303309Z Checking check-program-depth.cjs
2026-10-09T22:36:22.3851780Z 75 plan variants; 4437 scenarios; 2572195 assertions passed
2026-10-09T22:36:22.4234236Z Checking check-program-design.cjs
2026-10-09T22:36:22.7728729Z ID        goal         days min  major group sets (chest back quads hams glutes shoulders biceps triceps), week 1
2026-10-09T22:36:22.7729346Z PL3       powerlifting 3    65   9 10 7 6 4.5 3 4.5
2026-10-09T22:36:22.7729703Z PL4       powerlifting 4    65   7 13 5 9 7.5 6 8.5
2026-10-09T22:36:22.7730055Z PB3       powerbuilding3    75   10 10 10 10 11 10 10
2026-10-09T22:36:22.7730600Z PB4       powerbuilding4    70   10 10 10 10 11.5 10 11.5
2026-10-09T22:36:22.7730966Z BB3       hypertrophy  3    70   10 10 10 10 12 11 10
2026-10-09T22:36:22.7731308Z BB4       hypertrophy  4    75   10 10 10 10 14 10 11.5
2026-10-09T22:36:22.7731622Z HY4       hybrid       4    45   2 4 4 2 2 2 2
2026-10-09T22:36:22.7731927Z HY5       hybrid       5    60   3 6 3 2 4.5 2 3
2026-10-09T22:36:22.7732407Z BBPPL6    hypertrophy  6    70   16 17 12 12 17 13 15.5
2026-10-09T22:36:22.7732773Z BBARN6    hypertrophy  6    80   14 16 10 10 21 12.5 16.5
2026-10-09T22:36:22.7733104Z PLTX3     powerlifting 3    70   6 9 9 3 6 4 4.5
2026-10-09T22:36:22.7733435Z PLSL3     powerlifting 3    65   10 11 15 1 10 5 7.5
2026-10-09T22:36:22.7733755Z PLU3      powerlifting 3    80   10 7 7 5 5 1 5
2026-10-09T22:36:22.7734093Z PBPH4     powerbuilding4    90   10 10 10 10 11.5 10 10.5
2026-10-09T22:36:22.7734443Z PBT4      powerbuilding4    75   10 10 10 13 11 10.5 11.5
2026-10-09T22:36:22.7734760Z ST2       strength     2    55   2 4 4 4 2 2 2
2026-10-09T22:36:22.7735066Z ST3       strength     3    70   6 9 8 7 6 3 4.5
2026-10-09T22:36:22.7735359Z GF2       general      2    50   2 4 4 4 2 2 2
2026-10-09T22:36:22.7735641Z GFHOME2   general      2    45   4 4 4 2 0 2 2
2026-10-09T22:36:22.7735933Z CAL2      calisthenics 2    45   4 4 4 1 0 2 2
2026-10-09T22:36:22.7736226Z CAL3      calisthenics 3    45   6 6 6 1 0 3 3
2026-10-09T22:36:22.7736520Z RNEASY3   running      3    40   0 0 0 0 0 0 0
2026-10-09T22:36:22.7736815Z PL2       powerlifting 2    80   6 9 5 5 3 2 3
2026-10-09T22:36:22.7737166Z PBSTART2  powerbuilding2    75   6 8 6 4 5 5 3
2026-10-09T22:36:22.7737505Z PBSTART3  powerbuilding3    70   11 11 10 10 10 10.5 10
2026-10-09T22:36:22.7737873Z PBDB3     powerbuilding3    75   11 10 10 10 12.5 13 11.5
2026-10-09T22:36:22.7738192Z BB2       hypertrophy  2    85   6 6 6 5 5 5 5
2026-10-09T22:36:22.7738517Z BBDB3     hypertrophy  3    75   11 10 10 10 12.5 13 11.5
2026-10-09T22:36:22.7738855Z BBM3      hypertrophy  3    80   10 10 11 10 11 10 10
2026-10-09T22:36:22.7739169Z STGYM2    strength     2    65   6 6 6 4 5 3 3
2026-10-09T22:36:22.7739541Z STDB3     strength     3    75   6 9 8 7 8 6.5 4.5
2026-10-09T22:36:22.7739864Z GF3       general      3    75   4 6 6 6 6 5 3
2026-10-09T22:36:22.7740169Z GFM2      general      2    65   6 6 6 4 5 3 3
2026-10-09T22:36:22.7740365Z CALBUILD3 calisthenics 3    70   9 9 9 4.5 0 4.5 4.5
2026-10-09T22:36:22.7740563Z CALBUILD2 calisthenics 2    70   6 6 6 3 0 3 3
2026-10-09T22:36:22.7740748Z HYHOME4   hybrid       4    60   4 4 4 2 0 2 2
2026-10-09T22:36:22.7740965Z HYDB4     hybrid       4    75   3 6 5 5 4.5 5 3
2026-10-09T22:36:22.7741177Z RNBASE4   running      4    40   0 0 0 0 0 0 0
2026-10-09T22:36:22.7741404Z BBHOME3   hypertrophy  3    70   10 10 10 11.5 10 5 11
2026-10-09T22:36:22.7741656Z BBADV4    hypertrophy  4    100  11 14 14 14 13 13 13
2026-10-09T22:36:22.7741887Z PLW4      powerlifting 4    90   7 13 5 9 7.5 6 8.5
2026-10-09T22:36:22.7742366Z PBW4      powerbuilding4    90   10 10 10 10 11.5 10 11.5
2026-10-09T22:36:22.7742603Z ST4       strength     4    90   7 13 5 9 7.5 6 8.5
2026-10-09T22:36:22.7742805Z QG2       general      2    30   2 4 2 2 1 2 1
2026-10-09T22:36:22.7742998Z QG3       general      3    30   2 4 4 2 3 2 2
2026-10-09T22:36:22.7743190Z QS2       strength     2    30   2 4 2 2 1 2 1
2026-10-09T22:36:22.7743383Z QM2       hypertrophy  2    30   2 4 2 2 1 2 1
2026-10-09T22:36:22.7743576Z QC2       calisthenics 2    30   2 4 2 1 0 2 1
2026-10-09T22:36:22.7743756Z QPB2      powerbuilding2    30   2 4 2 2 3 2 2
2026-10-09T22:36:22.7743952Z QSP2      sport        2    30   2 4 2 2 1 2 1
2026-10-09T22:36:22.7744268Z QS3       strength     3    30   2 4 4 2 3 2 2
2026-10-09T22:36:22.7744461Z QM3       hypertrophy  3    30   2 4 4 2 3 2 2
2026-10-09T22:36:22.7744655Z QPB3      powerbuilding3    30   4 4 4 2 4 2 3
2026-10-09T22:36:22.7744838Z QC3       calisthenics 3    30   4 4 4 1 0 2 2
2026-10-09T22:36:22.7745030Z QSP3      sport        3    30   2 4 4 2 3 2 2
2026-10-09T22:36:22.7745325Z QPL3      powerlifting 3    30   2 2 2 2 1 0 1
2026-10-09T22:36:22.7745519Z QHY4      hybrid       4    30   2 4 2 2 3 2 2
2026-10-09T22:36:22.7745707Z QR3       running      3    15   0 0 0 0 0 0 0
2026-10-09T22:36:22.7745886Z SP2       sport        2    60   2 4 4 4 3 2 2
2026-10-09T22:36:22.7746078Z QHY3      hybrid       3    30   2 4 2 2 3 2 2
2026-10-09T22:36:22.7746269Z HY3       hybrid       3    45   2 4 4 2 2 2 2
2026-10-09T22:36:22.7746443Z QR2       running      2    15   0 0 0 0 0 0 0
2026-10-09T22:36:22.7746639Z PLSTART3  powerlifting 3    30   2 4 2 2 1 1 1
2026-10-09T22:36:22.7746845Z GFSTAND2  general      2    50   4 4 2 2 0 2 2
2026-10-09T22:36:22.7747042Z STSTAND2  strength     2    50   4 4 2 2 0 2 2
2026-10-09T22:36:22.7747250Z GFNOGROUND2general      2    50   4 4 4 2 2 2 2
2026-10-09T22:36:22.7747470Z GFNONE2   general      2    15   4 0 4 0 0 0 2
2026-10-09T22:36:22.7747652Z STDBST2   strength     2    55   2 4 4 4 2 2 2
2026-10-09T22:36:22.7747853Z GFDBST2   general      2    55   2 4 4 4 2 2 2
2026-10-09T22:36:22.7748052Z BBDBST2   hypertrophy  2    55   2 4 4 4 2 2 2
2026-10-09T22:36:22.7748255Z PBDBST2   powerbuilding2    55   2 4 4 4 2 2 2
2026-10-09T22:36:22.7748440Z SPDBST2   sport        2    55   2 4 4 4 2 2 2
2026-10-09T22:36:22.7748621Z CALDB2    calisthenics 2    45   4 4 4 0 0 2 2
2026-10-09T22:36:22.7748802Z HYDB2     hybrid       2    60   2 4 4 4 2 2 2
2026-10-09T22:36:22.7748981Z HYHOME2   hybrid       2    60   4 4 4 2 0 2 2
2026-10-09T22:36:22.7749087Z 
2026-10-09T22:36:22.7749092Z 
2026-10-09T22:36:22.7749179Z Programs checked: 75. Rule failures: 0.
2026-10-09T22:36:22.7749701Z Known gap BB2: Two sessions a week cannot give each major group 10 weighted sets at this session length. The description says the plan has less volume than a three- or four-day plan.
2026-10-09T22:36:22.7750384Z Known gap BBDBST2: Two dumbbell sessions cannot give each major group 10 weighted sets at this session length. Use a three-day dumbbell plan for the full guide.
2026-10-09T22:36:22.7751063Z Known gap PBDBST2: Two dumbbell sessions cannot give each major group 10 weighted sets at this session length. Use a three-day dumbbell plan for the full guide.
2026-10-09T22:36:22.7751798Z Known gap PBSTART2: Two sessions a week cannot give each major group 10 weighted sets at this session length. The description says each group gets less weekly work than a three- or four-day plan.
2026-10-09T22:36:22.7752868Z Allowance BBHOME3 biceps: The exercise library has no curl that needs only bodyweight or bands, so biceps get indirect pulling work (band rows, about 5 weighted sets a week). The description tells the user to add a dumbbell or band curl.
2026-10-09T22:36:22.7756325Z Allowance RNBASE4 R7: an easy-only run base may pair back-to-back easy days, at most runs minus three per week (four runs in seven days force one pair).
2026-10-09T22:36:22.7757376Z Exemption PLSTART3 R5: Learning block: one competition lift a day, started light while the setup is learned. Heavy sets belong in the build blocks.
2026-10-09T22:36:22.7855624Z Checking check-program-selection.cjs
2026-10-09T22:36:23.1247192Z PASS Weight parent tile retains every selected lifting discipline
2026-10-09T22:36:23.1591376Z PASS Every goal offers only matching app-led plans; recommendations must fit
2026-10-09T22:36:23.1605972Z PASS Powerlifting and powerbuilding have multiple complete discipline-specific choices
2026-10-09T22:36:23.1606607Z PASS Unknown or mismatched goals and app program IDs do not fall into other plans
2026-10-09T22:36:23.1620744Z PASS Unavailable first option is not recommended over a fitting home plan
2026-10-09T22:36:23.1739495Z PASS Named references keep manual identity, source targets or empty calendars, and partial-block limits
2026-10-09T22:36:23.1801741Z PASS Accepted powerlifting updates current plan, profile and next workout without changing past logs
2026-10-09T22:36:23.1808002Z PASS Curated alternatives use exact known movements and same primary metric
2026-10-09T22:36:23.1821936Z PASS Equipment substitute resets load, uses its own targets and preserves history and dates
2026-10-09T22:36:23.1827373Z PASS Competition substitutions require explicit specificity acknowledgement
2026-10-09T22:36:23.1834813Z PASS Unknown, incompatible, duplicate and missing machine setup substitutions are rejected
2026-10-09T22:36:23.1840003Z PASS Recurring change touches only future repetitions of the chosen workout
2026-10-09T22:36:23.1847352Z PASS Active substitution preserves other logged exercises, but cannot erase source reps
2026-10-09T22:36:23.1861815Z PASS Substitution rejects stale history, paused plans, offline writes and saved sessions
2026-10-09T22:36:23.1878595Z PASS Superset substitution preserves pair labels, set counts and rest
2026-10-09T22:36:23.1914654Z PASS Active actual measurements, load, effort and new setup cannot be silently discarded
2026-10-09T22:36:23.1921656Z PASS Active workout can continue across midnight; unstarted overdue workout cannot
2026-10-09T22:36:23.1930355Z PASS Older generic squat-swap previews cannot bypass reviewed alternatives
2026-10-09T22:36:23.1930787Z 18 program selection and substitution checks passed
2026-10-09T22:36:23.2082956Z Checking check-progression-regressions.cjs
2026-10-09T22:36:23.5827256Z PASS RNBASE4 original pattern and seven-day cascade remain valid
2026-10-09T22:36:23.5844216Z PASS RNBASE4 one bounded adjacent pair is allowed but a three-day run streak is refused
2026-10-09T22:36:23.5923186Z PASS RNBASE4 direct schedule validation rejects four consecutive runs
2026-10-09T22:36:23.5952703Z PASS RNBASE4 recovery uses a completed workout actual date instead of only its old planned date
2026-10-09T22:36:23.5970146Z PASS RNBASE4 recovery includes an active workout actual date
2026-10-09T22:36:23.5970645Z PASS Bilateral plate load wording does not double exercise execution time
2026-10-09T22:36:23.5971165Z PASS Substitution preview and committed estimate match canonical time for equal bilateral work
2026-10-09T22:36:23.5971647Z PASS Plate addition preview agrees with canonical estimate and permits a fitting tight budget
2026-10-09T22:36:23.5972390Z PASS Substitution preserves separately allocated focus time when changing canonical work time
2026-10-09T22:36:23.5972860Z PASS Seconds recorded per side include both sides and keep five-minute estimate rounding
2026-10-09T22:36:23.5973249Z PASS Minutes recorded per side include both sides
2026-10-09T22:36:23.5973638Z PASS Timed per-side addition matches canonical time and rejects an insufficient budget
2026-10-09T22:36:23.6018667Z PASS Capacity range progression retains A1 superset instructions and paired rest
2026-10-09T22:36:23.6028122Z PASS Capacity range progression retains A2 superset instructions and paired rest
2026-10-09T22:36:23.6042841Z PASS Continuation preview targets only one review flag and preserves displayed targets
2026-10-09T22:36:23.6054218Z PASS Accepted continuation review clears one flag without changing loads/items/history/dates/dependencies
2026-10-09T22:36:23.6058928Z PASS Continuation review cannot bypass a still-unfinished later dependency
2026-10-09T22:36:23.6065079Z PASS Continuation constructor refuses paused state
2026-10-09T22:36:23.6071037Z PASS Continuation constructor refuses hold state
2026-10-09T22:36:23.6076523Z PASS Continuation constructor refuses active state
2026-10-09T22:36:23.6083881Z PASS Continuation refuses missing prerequisite evidence
2026-10-09T22:36:23.6090818Z PASS Continuation refuses partial prerequisite evidence
2026-10-09T22:36:23.6097997Z PASS Continuation refuses unfinished prerequisite evidence
2026-10-09T22:36:23.6104745Z PASS Continuation refuses unknown-load prerequisite evidence
2026-10-09T22:36:23.6110253Z PASS Continuation refuses an ordinary unflagged or already recorded workout
2026-10-09T22:36:23.6116690Z PASS Continuation acceptance rejects a stale plan snapshot
2026-10-09T22:36:23.6121669Z PASS Continuation acceptance rejects a stale history snapshot
2026-10-09T22:36:23.6127012Z PASS Continuation acceptance rechecks missing prerequisites even when history count stays the same
2026-10-09T22:36:23.6136012Z PASS Continuation acceptance rejects forged loads/dates/dependencies/status and multiple review targets
2026-10-09T22:36:23.6170041Z PASS Continuation proposals survive saved-state validation and reopen for review
2026-10-09T22:36:23.6185969Z 30/30 desired-behavior regression cases passed. Report: /home/runner/work/movefield/movefield/.sites-runtime/a03-progression-checks.json
2026-10-09T22:36:23.6368321Z Checking check-qwen-assets.cjs
2026-10-09T22:36:23.8488969Z PASS Qwen pinned artifact metadata and exact-build qualification: 1675 checks; zero actual devices qualified.
2026-10-09T22:36:23.8565370Z Checking check-qwen-controls.cjs
2026-10-09T22:36:24.0821273Z PASS optional Qwen controls/policy: 132 assertions; synthetic jobs/network only.
2026-10-09T22:36:24.0994257Z Checking check-qwen-download.cjs
2026-10-09T22:36:24.4929762Z PASS Qwen download/cancel/cache lifecycle: 190 assertions; synthetic assets only, no devices qualified.
2026-10-09T22:36:24.5060626Z Checking check-qwen-runtime.cjs
2026-10-09T22:36:24.8893163Z PASS Qwen runtime contracts/cache/loading/cancellation/context gates: 91 assertions. Worker responses are synthetic; no model inference measured.
2026-10-09T22:36:24.9026193Z Checking check-qwen-training.cjs
2026-10-09T22:36:25.2854481Z Prepared original Qwen training data: 162 train, 44 validation cases. Training has not run.
2026-10-09T22:36:30.3940745Z PASS original Qwen dataset/provenance/separation/targets/fingerprints: 650 assertions. No training or model-accuracy claim from these checks.
2026-10-09T22:36:30.4733540Z ....
2026-10-09T22:36:30.4733998Z ----------------------------------------------------------------------
2026-10-09T22:36:30.4734360Z Ran 4 tests in 0.004s
2026-10-09T22:36:30.4734485Z 
2026-10-09T22:36:30.4734555Z OK
2026-10-09T22:36:30.4833878Z Checking check-research-library.cjs
2026-10-09T22:36:30.6360053Z PASS 855 unique bounded metadata records, 18 source queries, review fingerprints and on-device search. No corpus/training approval inferred.
2026-10-09T22:36:30.6500267Z Checking check-review-reconciliation.cjs
2026-10-09T22:36:31.3342139Z PASS sample profiles clear invented age; actual details preserved; web/native replacement requires confirmation; stale repeated accept is ignored; accepted setup is discarded once. Compiled TSX harness, not device acceptance.
2026-10-09T22:36:31.3549853Z Checking check-revision-10.cjs
2026-10-09T22:36:31.7560956Z PASS Blank or fractional reps cannot log a set or start rest
2026-10-09T22:36:31.7568356Z PASS Valid set starts one timer; a duplicate tap leaves its deadline unchanged
2026-10-09T22:36:31.7578318Z PASS Optional notes preserve rest and Done; reps, load and Undo cancel their own timer
2026-10-09T22:36:31.7583834Z PASS Editing a different set preserves current rest
2026-10-09T22:36:31.7594558Z PASS Last workout set and no-rest superset member do not start an alarm
2026-10-09T22:36:31.7595502Z PASS Pause, extend, resume and expiration use deadline arithmetic
2026-10-09T22:36:31.7636696Z PASS Reload retains a valid timer and discards missing or undone source sets
2026-10-09T22:36:31.7637273Z PASS Malformed/far-future timers are ignored without discarding workouts
2026-10-09T22:36:31.7639835Z PASS A delayed native schedule is canceled after End rest
2026-10-09T22:36:31.7640940Z PASS Only the newest queued rest may be scheduled
2026-10-09T22:36:31.7643402Z PASS A failed OS call does not poison future notification requests
2026-10-09T22:36:31.7658493Z PASS Reject malformed saved workout/calendar case 1
2026-10-09T22:36:31.7672738Z PASS Reject malformed saved workout/calendar case 2
2026-10-09T22:36:31.7683219Z PASS Reject malformed saved workout/calendar case 3
2026-10-09T22:36:31.7693860Z PASS Reject malformed saved workout/calendar case 4
2026-10-09T22:36:31.7705208Z PASS Reject malformed saved workout/calendar case 5
2026-10-09T22:36:31.7715303Z PASS Reject malformed saved workout/calendar case 6
2026-10-09T22:36:31.7724884Z PASS Reject malformed saved workout/calendar case 7
2026-10-09T22:36:31.7732882Z PASS New three-day hybrid, two-day running and novice SBD plans are complete
2026-10-09T22:36:31.7738665Z PASS Powerlifting never changes to powerbuilding to fit equipment
2026-10-09T22:36:31.7749826Z PASS A week of vacation pauses draft dates, preserves order/targets/gaps and extends finish
2026-10-09T22:36:31.7760260Z PASS Competition protection remains effective after adding events and moving dates
2026-10-09T22:36:31.7790748Z PASS No-equipment and floor-free paths do not add floor core work
2026-10-09T22:36:31.7846149Z PASS Malformed optional rest data clears only the timer and preserves active work
2026-10-09T22:36:31.7848277Z PASS Failed old-alert cancellation attempts every ID, prevents replacement and recovers
2026-10-09T22:36:31.7850378Z PASS Pause or extend invalidates a delayed native schedule before it can become current
2026-10-09T22:36:31.7863263Z PASS Legacy active workout without a target snapshot remains valid and has session targets
2026-10-09T22:36:31.7867503Z PASS Supervised youth legacy foundation respects unavailable dumbbells
2026-10-09T22:36:31.7881479Z PASS Run-only eligibility uses recent running readiness independent of lifting experience
2026-10-09T22:36:31.7888988Z PASS Coach tracking targets enable a complete session without adding automated work or dates
2026-10-09T22:36:31.7893393Z PASS Tracking target replacement can reorder, edit and remove draft work, without touching other sessions
2026-10-09T22:36:31.7899666Z PASS Stale, empty, duplicate, fractional and unknown tracking targets reject atomically
2026-10-09T22:36:31.7903396Z PASS Tracking editor cannot rewrite app-directed, active, completed or offline work
2026-10-09T22:36:31.7911835Z PASS Long tracking work needs reviewed extra time; rep ranges persist and untrusted loads/notes are stripped
2026-10-09T22:36:31.7915295Z PASS Custom timed tracking exercises contribute their full actual-unit time
2026-10-09T22:36:31.7915650Z 35 revision 10 scenario groups passed
2026-10-09T22:36:31.8033691Z Checking check-revision-11.cjs
2026-10-09T22:36:32.7679623Z PASS Standing dumbbell plans match adult goals, experience, sex, starts and full block lengths
2026-10-09T22:36:32.8039234Z PASS Two-day hybrid keeps full strength plus timed walk/jog and does not duplicate cardio add-ons
2026-10-09T22:36:32.8108766Z PASS Boundaries stay explicit: no counterfeit SBD, no unsupported youth prescriptions, no invisible fallback
2026-10-09T22:36:32.8116378Z PASS Same-weekday tracking copies targets atomically without touching dates or completed work
2026-10-09T22:36:32.8144627Z PASS Reviewed return block resolves the dependency chain without restoring old volume
2026-10-09T22:36:32.8161926Z PASS Coarse equipment increments offer reviewed reps for muscle work with unchanged rest and sets
2026-10-09T22:36:32.8176001Z PASS Long custom timed actuals, feedback drafts, machine context and timers survive save/reopen
2026-10-09T22:36:32.8179530Z 7 groups; 428582 assertions passed
2026-10-09T22:36:32.8357067Z Checking check-saved-compatibility.cjs
2026-10-09T22:36:33.2757388Z PASS 1087 schema compatibility, preserved legacy identities, UTC/zone and UUID assertions.
2026-10-09T22:36:33.2906251Z Checking check-security.cjs
2026-10-09T22:36:33.7147920Z pass initial state round trips without changed data 
2026-10-09T22:36:33.7148425Z pass fresh state round trips without changed data 
2026-10-09T22:36:33.7148832Z pass experienced sample state round trips without changed data 
2026-10-09T22:36:33.7150459Z pass valid active workout and rest timers round trip 
2026-10-09T22:36:33.7150735Z pass mismatched active session rejected 
2026-10-09T22:36:33.7151080Z pass active workout without a plan rejected 
2026-10-09T22:36:33.7151811Z pass unknown root, profile and workout fields rejected without a lossy save 
2026-10-09T22:36:33.7152288Z pass __proto__ in nested raw JSON rejected 
2026-10-09T22:36:33.7152636Z pass constructor in nested raw JSON rejected 
2026-10-09T22:36:33.7152979Z pass prototype in nested raw JSON rejected 
2026-10-09T22:36:33.7153389Z pass invalid state "" rejected 
2026-10-09T22:36:33.7153701Z pass invalid state "null" rejected 
2026-10-09T22:36:33.7154012Z pass invalid state "[]" rejected 
2026-10-09T22:36:33.7154357Z pass invalid state "{\"schema\":2}" rejected 
2026-10-09T22:36:33.7154872Z pass invalid state "{\"schema\":2,\"profile\":{\"age\":1e400,\"goal\":\"strength\",\"e" rejected 
2026-10-09T22:36:33.7155257Z pass oversized raw input rejected before parsing 
2026-10-09T22:36:33.7155613Z pass too many weekdays rejected 
2026-10-09T22:36:33.7155960Z pass invalid calendar date rejected 
2026-10-09T22:36:33.7156287Z pass invalid nested set value rejected 
2026-10-09T22:36:33.7156612Z pass oversized set count rejected 
2026-10-09T22:36:33.7157041Z pass normal unfinished setup round trips 
2026-10-09T22:36:33.7157398Z pass cleared numeric inputs persist in unfinished setup 
2026-10-09T22:36:33.7157636Z pass negative draft step rejected 
2026-10-09T22:36:33.7157838Z pass unfinished blank date survives reload 
2026-10-09T22:36:33.7158050Z pass legacy setup draft forces calendar review 
2026-10-09T22:36:33.7158296Z pass oversized import does not parse or create exercises 
2026-10-09T22:36:33.7158598Z pass request nonce cannot be supplied by a client and changes every request 
2026-10-09T22:36:33.7158875Z pass unused write and internal routes are closed 
2026-10-09T22:36:33.7159143Z pass response hardening preserves status and prevents nonce caching 
2026-10-09T22:36:33.7159366Z 29/29 security checks passed
2026-10-09T22:36:33.7285329Z Checking check-setup-hydration.cjs
2026-10-09T22:36:34.2561162Z PASS web: rejected hydration retains draft through field edits and step changes
2026-10-09T22:36:34.4042601Z PASS web: empty hydration enables normal saving and later edits
2026-10-09T22:36:34.5573547Z PASS web: valid hydration restores answers and permits future autosaves
2026-10-09T22:36:34.6529521Z PASS native: rejected hydration retains draft through field edits and step changes
2026-10-09T22:36:34.7430072Z PASS native: empty hydration enables normal saving and later edits
2026-10-09T22:36:34.8358382Z PASS native: valid hydration restores answers and permits future autosaves
2026-10-09T22:36:34.9396024Z PASS web: validation failure after a successful vault read blocks replacement saves
2026-10-09T22:36:35.1481381Z PASS web: nonresume entry checks unreadable saved draft and keeps later answers visit-only
2026-10-09T22:36:35.2349750Z PASS native: source-template entry checks unreadable existing draft and never overwrites it
2026-10-09T22:36:35.3219344Z PASS native: source-template entry checks readable draft without applying old profile
2026-10-09T22:36:35.3219783Z {
2026-10-09T22:36:35.3219949Z   "scenarios": 10,
2026-10-09T22:36:35.3220177Z   "passed": [
2026-10-09T22:36:35.3220544Z     "web: rejected hydration retains draft through field edits and step changes",
2026-10-09T22:36:35.3221061Z     "web: empty hydration enables normal saving and later edits",
2026-10-09T22:36:35.3221554Z     "web: valid hydration restores answers and permits future autosaves",
2026-10-09T22:36:35.3222326Z     "native: rejected hydration retains draft through field edits and step changes",
2026-10-09T22:36:35.3222886Z     "native: empty hydration enables normal saving and later edits",
2026-10-09T22:36:35.3223391Z     "native: valid hydration restores answers and permits future autosaves",
2026-10-09T22:36:35.3223881Z     "web: validation failure after a successful vault read blocks replacement saves",
2026-10-09T22:36:35.3224433Z     "web: nonresume entry checks unreadable saved draft and keeps later answers visit-only",
2026-10-09T22:36:35.3225459Z     "native: source-template entry checks unreadable existing draft and never overwrites it",
2026-10-09T22:36:35.3226001Z     "native: source-template entry checks readable draft without applying old profile"
2026-10-09T22:36:35.3226364Z   ],
2026-10-09T22:36:35.3227092Z   "scope": "Compiled actual TSX with real training/onboarding/saved-data helpers and actual field/step callbacks; simulated hook scheduler, mocked UI/vault/native I/O. Not React DOM or device acceptance."
2026-10-09T22:36:35.3227924Z }
2026-10-09T22:36:35.3589085Z Checking check-shared.cjs
2026-10-09T22:36:35.3878635Z PASS 47 canonical web/native shared files and snapshot hashes.
2026-10-09T22:36:35.3921832Z Checking check-sync-outbox.cjs
2026-10-09T22:36:35.6308923Z PASS Strict metadata schema rejects plaintext, keys, duplicate identifiers and unknown fields before storage
2026-10-09T22:36:35.7158950Z PASS All 5,000 history entities and final head split atomically into bounded immutable requests
2026-10-09T22:36:35.7298307Z PASS Opaque local ciphertext and queued sync commit together; post-request abort or quota rolls back both
2026-10-09T22:36:35.7331201Z PASS Cross-tab leases serialize requests; stale ack and old failure cannot clear newer queued saves
2026-10-09T22:36:35.7466616Z PASS Timeouts, response loss and dead zones retain exact UUID/body with bounded exponential retry
2026-10-09T22:36:35.7470040Z PASS Never-dispatched edits coalesce without publishing heads before newly staged histories
2026-10-09T22:36:35.7509680Z PASS Account changes, reset and restored keys invalidate pending work without clearing newer unrelated accounts
2026-10-09T22:36:35.7532875Z PASS Conflicts pause for explicit resolution; expired auth can resume after account reauthentication
2026-10-09T22:36:35.7557792Z PASS Runner sends only after durable claim and verifies server receipt; cancellation retains pending data
2026-10-09T22:36:35.7558259Z {
2026-10-09T22:36:35.7558459Z   "checks": 68,
2026-10-09T22:36:35.7558643Z   "scenarios": [
2026-10-09T22:36:35.7559210Z     "Strict metadata schema rejects plaintext, keys, duplicate identifiers and unknown fields before storage",
2026-10-09T22:36:35.7559846Z     "All 5,000 history entities and final head split atomically into bounded immutable requests",
2026-10-09T22:36:35.7560484Z     "Opaque local ciphertext and queued sync commit together; post-request abort or quota rolls back both",
2026-10-09T22:36:35.7561137Z     "Cross-tab leases serialize requests; stale ack and old failure cannot clear newer queued saves",
2026-10-09T22:36:35.7561784Z     "Timeouts, response loss and dead zones retain exact UUID/body with bounded exponential retry",
2026-10-09T22:36:35.7562582Z     "Never-dispatched edits coalesce without publishing heads before newly staged histories",
2026-10-09T22:36:35.7563263Z     "Account changes, reset and restored keys invalidate pending work without clearing newer unrelated accounts",
2026-10-09T22:36:35.7563976Z     "Conflicts pause for explicit resolution; expired auth can resume after account reauthentication",
2026-10-09T22:36:35.7564648Z     "Runner sends only after durable claim and verifies server receipt; cancellation retains pending data"
2026-10-09T22:36:35.7565071Z   ],
2026-10-09T22:36:35.7565869Z   "limits": "Actual fake-indexeddb transactions, WebCrypto local ciphertext, deterministic server-response transport. Native/physical device and backend deployment acceptance separate."
2026-10-09T22:36:35.7566669Z }
2026-10-09T22:36:35.7674319Z Checking check-tools-boundaries.cjs
2026-10-09T22:36:36.1511545Z {
2026-10-09T22:36:36.1512299Z   "passed": 14,
2026-10-09T22:36:36.1512862Z   "total": 14,
2026-10-09T22:36:36.1513227Z   "results": [
2026-10-09T22:36:36.1513531Z     {
2026-10-09T22:36:36.1514008Z       "name": "Timed loaded movements do not create estimated strength bests",
2026-10-09T22:36:36.1514506Z       "pass": true
2026-10-09T22:36:36.1514820Z     },
2026-10-09T22:36:36.1515143Z     {
2026-10-09T22:36:36.1515638Z       "name": "Progression-disabled rep movements do not create estimated strength bests",
2026-10-09T22:36:36.1516149Z       "pass": true
2026-10-09T22:36:36.1516971Z     },
2026-10-09T22:36:36.1517297Z     {
2026-10-09T22:36:36.1517818Z       "name": "Unknown and whitespace-only machine setups do not establish comparability",
2026-10-09T22:36:36.1518341Z       "pass": true
2026-10-09T22:36:36.1518649Z     },
2026-10-09T22:36:36.1518982Z     {
2026-10-09T22:36:36.1519518Z       "name": "Different known setups do not create a cross-machine estimated best",
2026-10-09T22:36:36.1520298Z       "pass": true
2026-10-09T22:36:36.1520686Z     },
2026-10-09T22:36:36.1521071Z     {
2026-10-09T22:36:36.1521584Z       "name": "Same known eligible machine setup still reports a new estimated best",
2026-10-09T22:36:36.1522247Z       "pass": true
2026-10-09T22:36:36.1522588Z     },
2026-10-09T22:36:36.1522894Z     {
2026-10-09T22:36:36.1523396Z       "name": "Eligible free-weight adult comparison still reports a new estimated best",
2026-10-09T22:36:36.1523927Z       "pass": true
2026-10-09T22:36:36.1524260Z     },
2026-10-09T22:36:36.1524572Z     {
2026-10-09T22:36:36.1524972Z       "name": "Youth still receives no estimated bests",
2026-10-09T22:36:36.1525397Z       "pass": true
2026-10-09T22:36:36.1525735Z     },
2026-10-09T22:36:36.1526046Z     {
2026-10-09T22:36:36.1526506Z       "name": "Explicit 2.5 lb dumbbell steps remain supported below 37.5 lb",
2026-10-09T22:36:36.1527023Z       "pass": true
2026-10-09T22:36:36.1527365Z     },
2026-10-09T22:36:36.1527678Z     {
2026-10-09T22:36:36.1528202Z       "name": "A light dumbbell does not produce zero-load or heavier-than-work warm-ups",
2026-10-09T22:36:36.1528755Z       "pass": true
2026-10-09T22:36:36.1529091Z     },
2026-10-09T22:36:36.1529400Z     {
2026-10-09T22:36:36.1529871Z       "name": "Default light dumbbell calculation contains no zero or excessive loads",
2026-10-09T22:36:36.1530420Z       "pass": true
2026-10-09T22:36:36.1530754Z     },
2026-10-09T22:36:36.1531093Z     {
2026-10-09T22:36:36.1531669Z       "name": "Barbell grids are relative to the selected bar, including odd bar weights",
2026-10-09T22:36:36.1532367Z       "pass": true
2026-10-09T22:36:36.1532710Z     },
2026-10-09T22:36:36.1533027Z     {
2026-10-09T22:36:36.1533594Z       "name": "Metric custom increments stay on their grid without exceeding working load",
2026-10-09T22:36:36.1534298Z       "pass": true
2026-10-09T22:36:36.1534719Z     },
2026-10-09T22:36:36.1535120Z     {
2026-10-09T22:36:36.1535760Z       "name": "Invalid explicit increments do not silently generate misleading loads",
2026-10-09T22:36:36.1536372Z       "pass": true
2026-10-09T22:36:36.1536715Z     },
2026-10-09T22:36:36.1537054Z     {
2026-10-09T22:36:36.1537515Z       "name": "Unknown input and supervised youth behavior remain unchanged",
2026-10-09T22:36:36.1538028Z       "pass": true
2026-10-09T22:36:36.1538366Z     }
2026-10-09T22:36:36.1538681Z   ]
2026-10-09T22:36:36.1539001Z }
2026-10-09T22:36:36.1641304Z Checking check-tools.cjs
2026-10-09T22:36:36.5483565Z PASS Plates: unknown stays unknown, zero is an error, and totals split into the largest plates per side
2026-10-09T22:36:36.5484800Z PASS Warm-up ladder: percentages of the working load, rounded to loadable steps, bar floor, adults only
2026-10-09T22:36:36.5513432Z PASS Personal bests need an earlier rated estimate, are adult-only, and are not awarded for lower results
2026-10-09T22:36:36.5564405Z PASS Weekly review counts the seven days ending today from the plan; today stays open until it ends
2026-10-09T22:36:36.5565390Z 4 groups, 33 checks passed.
2026-10-09T22:36:36.5720047Z Checking check-training-day.cjs
2026-10-09T22:36:36.9797628Z PASS Relative headings follow calendar dates across DST, leap days and years
2026-10-09T22:36:36.9811087Z PASS Monday–Sunday week dates remain stable through DST and month/year boundaries
2026-10-09T22:36:36.9886847Z PASS True rest dates show Day off while skipped and unlogged schedules remain distinct
2026-10-09T22:36:36.9895163Z PASS All same-date workouts retain chronology and original date after travel
2026-10-09T22:36:36.9901851Z PASS Partial actual sets preserve zero and unknown loads, RIR, metrics, notes and duration
2026-10-09T22:36:36.9919114Z PASS Multiple runs and work logged on a rest day override Day off
2026-10-09T22:36:36.9933218Z PASS Replaced plans match their historical workouts and do not duplicate set results
2026-10-09T22:36:36.9940164Z PASS An archived future plan cannot turn a current rest date into planned training
2026-10-09T22:36:36.9946212Z PASS Older replaced schedules cannot overwrite a later archived plan rest day
2026-10-09T22:36:36.9951239Z PASS Completed timestamp zero is retained, unfinished history is omitted and elapsed time cannot be negative
2026-10-09T22:36:36.9964517Z PASS Date selection and static rendering leave history, active workout and current plan unchanged
2026-10-09T22:36:36.9965040Z 11 training-day calendar/history groups passed.
2026-10-09T22:36:37.0089687Z Checking check-training.cjs
2026-10-09T22:36:37.4004107Z {
2026-10-09T22:36:37.4004367Z   "passed": 29,
2026-10-09T22:36:37.4004575Z   "total": 29,
2026-10-09T22:36:37.4004751Z   "results": [
2026-10-09T22:36:37.4004960Z     {
2026-10-09T22:36:37.4005324Z       "name": "New adult paths show ranges; youth remains supervised fixed progression",
2026-10-09T22:36:37.4005562Z       "status": "pass"
2026-10-09T22:36:37.4005686Z     },
2026-10-09T22:36:37.4005789Z     {
2026-10-09T22:36:37.4005963Z       "name": "Dates reject nonexistent values and accept leap day",
2026-10-09T22:36:37.4006169Z       "status": "pass"
2026-10-09T22:36:37.4006286Z     },
2026-10-09T22:36:37.4006384Z     {
2026-10-09T22:36:37.4006547Z       "name": "Calendar arithmetic remains whole days across DST",
2026-10-09T22:36:37.4006730Z       "status": "pass"
2026-10-09T22:36:37.4006843Z     },
2026-10-09T22:36:37.4006943Z     {
2026-10-09T22:36:37.4007143Z       "name": "Occupied date single move fails gracefully; cascade succeeds atomically",
2026-10-09T22:36:37.4007362Z       "status": "pass"
2026-10-09T22:36:37.4007474Z     },
2026-10-09T22:36:37.4007570Z     {
2026-10-09T22:36:37.4007768Z       "name": "One-day forward shift preserves every original gap and every target",
2026-10-09T22:36:37.4007982Z       "status": "pass"
2026-10-09T22:36:37.4008097Z     },
2026-10-09T22:36:37.4008191Z     {
2026-10-09T22:36:37.4008352Z       "name": "Later selected session shifts only its future tail",
2026-10-09T22:36:37.4008535Z       "status": "pass"
2026-10-09T22:36:37.4008651Z     },
2026-10-09T22:36:37.4008749Z     {
2026-10-09T22:36:37.4008908Z       "name": "Fixed event anywhere in cascade blocks all mutation",
2026-10-09T22:36:37.4009087Z       "status": "pass"
2026-10-09T22:36:37.4009201Z     },
2026-10-09T22:36:37.4009297Z     {
2026-10-09T22:36:37.4009469Z       "name": "An added commitment makes an existing date proposal stale",
2026-10-09T22:36:37.4009667Z       "status": "pass"
2026-10-09T22:36:37.4009810Z     },
2026-10-09T22:36:37.4009906Z     {
2026-10-09T22:36:37.4010056Z       "name": "Active target cannot queue or move offline",
2026-10-09T22:36:37.4010227Z       "status": "pass"
2026-10-09T22:36:37.4010344Z     },
2026-10-09T22:36:37.4010442Z     {
2026-10-09T22:36:37.4010639Z       "name": "Valid offline acceptance queues without changes; reconnect revalidates",
2026-10-09T22:36:37.4010858Z       "status": "pass"
2026-10-09T22:36:37.4010972Z     },
2026-10-09T22:36:37.4011069Z     {
2026-10-09T22:36:37.4011210Z       "name": "Accepted changes cannot apply twice",
2026-10-09T22:36:37.4011372Z       "status": "pass"
2026-10-09T22:36:37.4011486Z     },
2026-10-09T22:36:37.4011585Z     {
2026-10-09T22:36:37.4011754Z       "name": "Backward cascade cannot remove recovery or reverse order",
2026-10-09T22:36:37.4011947Z       "status": "pass"
2026-10-09T22:36:37.4012257Z     },
2026-10-09T22:36:37.4012384Z     {
2026-10-09T22:36:37.4012553Z       "name": "Whole block extension is disclosed; no session dropped",
2026-10-09T22:36:37.4012741Z       "status": "pass"
2026-10-09T22:36:37.4012853Z     },
2026-10-09T22:36:37.4012948Z     {
2026-10-09T22:36:37.4013138Z       "name": "Coach manual date changes remain possible without dose adaptation",
2026-10-09T22:36:37.4013566Z       "status": "pass"
2026-10-09T22:36:37.4013681Z     },
2026-10-09T22:36:37.4013777Z     {
2026-10-09T22:36:37.4013965Z       "name": "Exercise history retains partial sets, exact IDs and date ordering",
2026-10-09T22:36:37.4014174Z       "status": "pass"
2026-10-09T22:36:37.4014290Z     },
2026-10-09T22:36:37.4014496Z     {
2026-10-09T22:36:37.4014690Z       "name": "One comparable exposure suggests repeat load, never automatic increase",
2026-10-09T22:36:37.4014905Z       "status": "pass"
2026-10-09T22:36:37.4015018Z     },
2026-10-09T22:36:37.4015115Z     {
2026-10-09T22:36:37.4015315Z       "name": "Two top-of-range exposures can propose an available small load increase",
2026-10-09T22:36:37.4015531Z       "status": "pass"
2026-10-09T22:36:37.4015644Z     },
2026-10-09T22:36:37.4015741Z     {
2026-10-09T22:36:37.4015951Z       "name": "Unknown effort, unknown symptoms and changed rep range do not unlock increase",
2026-10-09T22:36:37.4016176Z       "status": "pass"
2026-10-09T22:36:37.4016295Z     },
2026-10-09T22:36:37.4016391Z     {
2026-10-09T22:36:37.4016578Z       "name": "Oversized equipment jumps remain unavailable instead of rounding",
2026-10-09T22:36:37.4016784Z       "status": "pass"
2026-10-09T22:36:37.4016897Z     },
2026-10-09T22:36:37.4016991Z     {
2026-10-09T22:36:37.4017237Z       "name": "Missing loads, partial work, hard feedback and stale history require recalibration",
2026-10-09T22:36:37.4017482Z       "status": "pass"
2026-10-09T22:36:37.4017595Z     },
2026-10-09T22:36:37.4017692Z     {
2026-10-09T22:36:37.4017868Z       "name": "A different machine/setup cannot inherit the previous load",
2026-10-09T22:36:37.4018063Z       "status": "pass"
2026-10-09T22:36:37.4018179Z     },
2026-10-09T22:36:37.4018275Z     {
2026-10-09T22:36:37.4018452Z       "name": "Youth and symptom holds cannot produce automatic adult loads",
2026-10-09T22:36:37.4018653Z       "status": "pass"
2026-10-09T22:36:37.4018766Z     },
2026-10-09T22:36:37.4018861Z     {
2026-10-09T22:36:37.4019057Z       "name": "Legacy rep targets remain unchanged until explicit range approval",
2026-10-09T22:36:37.4019263Z       "status": "pass"
2026-10-09T22:36:37.4019377Z     },
2026-10-09T22:36:37.4019474Z     {
2026-10-09T22:36:37.4019655Z       "name": "Skipping can be restored and invalidates existing proposals",
2026-10-09T22:36:37.4019861Z       "status": "pass"
2026-10-09T22:36:37.4019979Z     },
2026-10-09T22:36:37.4050689Z     {
2026-10-09T22:36:37.4051085Z       "name": "Malformed import remains rejected; authority fields stripped",
2026-10-09T22:36:37.4051455Z       "status": "pass"
2026-10-09T22:36:37.4051652Z     },
2026-10-09T22:36:37.4051813Z     {
2026-10-09T22:36:37.4052123Z       "name": "Strength accessory rep ranges stay stable across the block",
2026-10-09T22:36:37.4052423Z       "status": "pass"
2026-10-09T22:36:37.4052541Z     },
2026-10-09T22:36:37.4052638Z     {
2026-10-09T22:36:37.4052876Z       "name": "Load commit rejects a changed equipment increment",
2026-10-09T22:36:37.4053139Z       "status": "pass"
2026-10-09T22:36:37.4053254Z     },
2026-10-09T22:36:37.4053351Z     {
2026-10-09T22:36:37.4053544Z       "name": "An overdue active workout uses today for recovery checks",
2026-10-09T22:36:37.4053736Z       "status": "pass"
2026-10-09T22:36:37.4053867Z     },
2026-10-09T22:36:37.4053962Z     {
2026-10-09T22:36:37.4054184Z       "name": "Resolved proposals are capped at 50 and every open proposal is kept",
2026-10-09T22:36:37.4054416Z       "status": "pass"
2026-10-09T22:36:37.4054530Z     }
2026-10-09T22:36:37.4054626Z   ]
2026-10-09T22:36:37.4054733Z }
2026-10-09T22:36:37.4204699Z Checking check-transactional-browser-vault.cjs
2026-10-09T22:36:37.9247323Z PASS First save commits non-extractable key and ciphertext together, then notifies
2026-10-09T22:36:37.9276624Z PASS Legacy plaintext imports, verifies, cleans up and reopens without reimport
2026-10-09T22:36:37.9299027Z PASS Legacy encrypted records retain their key and exact ciphertext during import
2026-10-09T22:36:37.9331392Z PASS Legacy restore interruption: before journal
2026-10-09T22:36:37.9356868Z PASS Legacy restore interruption: after journal
2026-10-09T22:36:37.9379652Z PASS Legacy restore interruption: after ciphertext
2026-10-09T22:36:37.9398522Z PASS Legacy restore interruption: after obsolete cleanup
2026-10-09T22:36:37.9414307Z PASS Legacy restore interruption: before key commit
2026-10-09T22:36:37.9429645Z PASS Legacy restore interruption: after key and journal commit
2026-10-09T22:36:37.9459981Z PASS Pending legacy cleanup permits reads, refuses writes and imports after retry
2026-10-09T22:36:37.9490207Z PASS Lost legacy/current keys preserve raw exports and require explicit replacement
2026-10-09T22:36:37.9512633Z PASS Unreadable encrypted setup is retained without preventing valid main reads and saves
2026-10-09T22:36:37.9525220Z PASS Malformed sealed legacy setup never blocks valid main profile recovery
2026-10-09T22:36:37.9547557Z PASS Stale tab edits and restores refuse conflicts while refreshed tabs use the current key
2026-10-09T22:36:37.9566271Z PASS In-flight write conflicts with a replacement committed during encryption
2026-10-09T22:36:37.9585062Z PASS In-flight replace conflicts with a replacement committed during encryption
2026-10-09T22:36:37.9601757Z PASS First-key quota abort leaves no partial record or orphaned key and sends no save notice
2026-10-09T22:36:37.9627199Z PASS Abort after request success and restore quota preserve the current profile
2026-10-09T22:36:37.9642902Z PASS Failed migration preserves every legacy source and remains retryable
2026-10-09T22:36:37.9669774Z PASS Discard/reset tombstones prevent resurrection when legacy cleanup is denied
2026-10-09T22:36:37.9688823Z PASS Migrated IndexedDB reads, replacement and reset work with all legacy access denied
2026-10-09T22:36:38.2159359Z PASS Large ciphertext exceeding five million characters saves and reopens exactly
2026-10-09T22:36:38.2284608Z PASS Without Web Locks existing reads/exports work and all mutations refuse before saving
2026-10-09T22:36:38.2292695Z PASS Notification failure does not undo a committed readable save
2026-10-09T22:36:38.2293438Z PASS transactional browser vault: 24 scenarios, 163 checks (actual transpiled app, fake-indexeddb, real WebCrypto)
2026-10-09T22:36:38.2494618Z Checking check-transfer.cjs
2026-10-09T22:36:38.7303773Z   Argon2id round trip took 0.15 s in Node. Phone timing is not measured.
2026-10-09T22:36:39.9628471Z PASS transfer files: 62 checks
2026-10-09T22:36:39.9713342Z Checking check-workout-coaching-runtime.cjs
2026-10-09T22:36:40.5225524Z PASS local workout coaching runtime: 102 assertions; synthetic protocol/timers only, no GPU inference or weights download.
2026-10-09T22:36:40.5424665Z Checking check-workout-coaching-store.cjs
2026-10-09T22:36:41.1154107Z PASS First result commits ciphertext and a non-extractable key before readiness
2026-10-09T22:36:41.1434430Z PASS Only newest twelve distinct contexts survive and stale same-context results are refused
2026-10-09T22:36:41.1460035Z PASS Strict metadata and selector schemas reject prompts, duplicate identities and mismatched replies
2026-10-09T22:36:41.1487903Z PASS A stale tab cannot save or clear results written by another tab
2026-10-09T22:36:41.1516030Z PASS Actual IndexedDB CAS catches a competing write while encryption is paused
2026-10-09T22:36:41.1549839Z PASS Aborted ciphertext transaction rolls back the first key and preserves existing data
2026-10-09T22:36:41.1609176Z PASS Missing, replaced and damaged keys or ciphertext fail closed without overwriting
2026-10-09T22:36:41.1841564Z PASS Authenticated corrupt manifests remain preserved until an explicit exact-CAS clear
2026-10-09T22:36:41.1859414Z PASS Caller mutation during encryption cannot alter the validated saved record
2026-10-09T22:36:41.1887003Z PASS Default-owned coaching slot is retired by actual profile replacement and reset
2026-10-09T22:36:41.1888232Z PASS Unavailable encrypted storage never reports a ready result
2026-10-09T22:36:41.1898207Z PASS An unlocked plaintext legacy slot is not presented as an encrypted saved result
2026-10-09T22:36:41.1899560Z {"passed":true,"scenarios":12,"checks":95,"scope":"Actual transpiled coaching store and transactional browser vault with fake-indexeddb and real WebCrypto. No mocked application storage, browser UI/GPU, physical-device or inference claim."}
2026-10-09T22:36:41.2056242Z Checking check-workout-coaching-ui.cjs
2026-10-09T22:36:41.8742867Z PASS Mount is read-only and both retained actions require explicit consent
2026-10-09T22:36:42.0196895Z PASS Local consent is saved before a manual request and duplicate presses accept one local operation
2026-10-09T22:36:42.1353960Z PASS No request runs before local workout persistence, even from a retained callback
2026-10-09T22:36:42.5490011Z PASS Youth, concerns, training holds and unavailable owning plans cannot reach either runtime
2026-10-09T22:36:42.8464509Z PASS Unqualified automatic choice, model off and unsupported GPU prevent local inference
2026-10-09T22:36:42.9566567Z PASS Denied preference writes cannot grant local consent or automatic execution
2026-10-09T22:36:43.1493978Z PASS Automatic coaching consumes one saved event and never repeats its nonce after remount
2026-10-09T22:36:43.2529830Z PASS Wrong or unsaved automatic event cannot run and saving the matching event enables one run
2026-10-09T22:36:43.3671820Z PASS Queued automatic callback cannot switch its event onto a changed workout context
2026-10-09T22:36:43.4764521Z PASS Local selector remains withheld until its encrypted store save resolves
2026-10-09T22:36:43.5719643Z PASS Failed local result persistence reports an error without displaying generated selection
2026-10-09T22:36:43.8700245Z PASS Model selectors cannot invent observations, prose or another workout identity
2026-10-09T22:36:44.0649883Z PASS Off and consent revocation during a pending store read prevent result persistence
2026-10-09T22:36:44.1660387Z PASS Backgrounding stops local work and refuses late result persistence before commit
2026-10-09T22:36:44.2576508Z PASS Rapid remote consented presses launch one cancellable request
2026-10-09T22:36:44.8061594Z PASS Cloud consent is bound to the exact workout, lift, profile and history context, including retained callbacks
2026-10-09T22:36:44.9012802Z PASS An accepted cloud request consumes its consent and another manual request needs a fresh checkbox
2026-10-09T22:36:45.0112955Z PASS Remote completion is withheld until the local encrypted result copy is committed
2026-10-09T22:36:45.4020355Z PASS Context changes, unsaved edits, model off and background abort remote requests and ignore late responses
2026-10-09T22:36:45.5072126Z PASS Unmount blocks retained remote callbacks and suppresses late worker or transport completion
2026-10-09T22:36:45.6487301Z PASS Cached selectors display only for their exact context and review actions require current ownership
2026-10-09T22:36:45.7680079Z PASS Remote failures preserve deterministic facts and cannot overwrite local cached selectors
2026-10-09T22:36:45.8715047Z PASS Retained preference callbacks cannot reinstate consent after a rapid opt-out
2026-10-09T22:36:45.9749874Z PASS Existing exact cached selection prevents automatic inference for the same saved event
2026-10-09T22:36:46.0819023Z PASS Deleting model files invalidates a pending result before its local store write
2026-10-09T22:36:46.1817380Z PASS Local startup errors release the operation and allow an explicit retry
2026-10-09T22:36:46.2797717Z PASS Changing selected model fences its old pending selector even when facts are identical
2026-10-09T22:36:46.3783340Z PASS Hidden retained actions cannot start local or remote work
2026-10-09T22:36:46.4843386Z PASS Private name and notes edits preserve the same minimized context and do not restart local work
2026-10-09T22:36:46.4844625Z PASS workout coaching UI: 29/29 scenarios, 168 assertions (actual compiled component callbacks and real coaching projection/digest/reply contracts; mocked runtime/store/transport/hooks, no browser GPU, inference, backend deployment or device claim).
2026-10-09T22:36:46.5275917Z Checking check-workout-coaching-worker-policy.cjs
2026-10-09T22:36:46.7345169Z PASS coaching worker policy and larger download pins: 709 assertions; mocked headers/controller/network only.
2026-10-09T22:36:46.7429307Z Checking check-workout-coaching.cjs
2026-10-09T22:36:47.1457119Z PASS specific performance, profile and comparable records
2026-10-09T22:36:47.1520937Z PASS mixed, zero and missing load plus missing effort stay factual
2026-10-09T22:36:47.1560218Z PASS privacy: no names, free notes, custom prompts or setup labels
2026-10-09T22:36:47.1605651Z PASS comparison requires target, setup and chronology
2026-10-09T22:36:47.1643903Z PASS 28-day attendance preserves historical rest, partial, skipped and unknown
2026-10-09T22:36:47.1656839Z PASS lift requires complete saved exercise group; active is not attendance credit
2026-10-09T22:36:47.1689992Z PASS adult, symptom and hold eligibility is fail closed
2026-10-09T22:36:47.1745697Z PASS review choices come from current progression engine and remain previews
2026-10-09T22:36:47.1868271Z PASS strict bounded selection reply and trusted display
2026-10-09T22:36:47.1893350Z BUDGET strength: 24 latest sets, 18 prior summaries, 11353 bytes
2026-10-09T22:36:47.1973318Z BUDGET hypertrophy: 32 latest sets, 10 prior summaries, 11974 bytes
2026-10-09T22:36:47.2037479Z BUDGET hybrid: 32 latest sets, 10 prior summaries, 11974 bytes
2026-10-09T22:36:47.2038080Z PASS normal six/eight-exercise four-set workouts fit with comparable history
2026-10-09T22:36:47.2194536Z PASS stale plan, event, safety, target, evidence and lift edits rejected
2026-10-09T22:36:47.2271237Z PASS immutable deterministic context, DST dates and explicit bounds
2026-10-09T22:36:47.2271753Z PASS workout coaching: 12 groups / 160 assertions
2026-10-09T22:36:47.2413443Z Checking check-workout-review.cjs
2026-10-09T22:36:47.5828413Z PASS workout review gate: 25 checks
2026-10-09T22:36:47.6054732Z Checking check-workout-science.cjs
2026-10-09T22:36:47.9701206Z PASS HY5 weekday orientation keeps the full block and discloses the delayed first role
2026-10-09T22:36:47.9750203Z PASS Every start weekday preserves HY5 roles, counts and comparable recovery
2026-10-09T22:36:47.9759521Z PASS Commitments preserve all HY5 work and prerequisites without occupying protected dates
2026-10-09T22:36:47.9763954Z PASS Original PLSL3 A/B roles roll across weeks with their actual prior-role prerequisites
2026-10-09T22:36:47.9772900Z PASS Named StrongLifts stays manual with exact base work and continuous A/B
2026-10-09T22:36:47.9955565Z PASS All 75 original paths preserve complete blocks and resolve scoped evidence
2026-10-09T22:36:48.0010744Z PASS All 20 named references remain source/user owned, including 12 empty calendars
2026-10-09T22:36:48.0074805Z PASS Youth current and catalog paths inherit youth guidance without adult goal efficacy cards
2026-10-09T22:36:48.0078431Z PASS Healthy older adult strength has older-function context; source scope excludes clinical validation
2026-10-09T22:36:48.0098880Z PASS App running intervals and base runs do not inherit NHS or adult resistance efficacy citations
2026-10-09T22:36:48.0104573Z PASS Empty generic coach/manual tracking carries no app-prescription efficacy evidence
2026-10-09T22:36:48.0111360Z PASS Activity overlay rejects the demonstrated final canonical over-window draft
2026-10-09T22:36:48.0127181Z PASS Selected focus citations and URL notes follow the actual adult/youth add-ons
2026-10-09T22:36:48.0174224Z PASS First-time equal-fit ranking prefers a smaller feasible foundation without hiding longer choices
2026-10-09T22:36:48.0180935Z PASS Adult phase increase stays explicitly preaccepted, rather than silently changing the history gate
2026-10-09T22:36:48.0192755Z PASS Legacy AT01-AT04 remain executable and recipe aliases/policy drift are explicit
2026-10-09T22:36:48.0193406Z 16 workout-science regression groups passed
2026-10-09T22:36:48.0343329Z 75/75 check suites passed.
2026-10-09T22:36:48.0857024Z test_alias_resource_refused (__main__.Fixtures.test_alias_resource_refused) ... ok
2026-10-09T22:36:48.0867618Z test_alternate_os_rules_refused (__main__.Fixtures.test_alternate_os_rules_refused) ... ok
2026-10-09T22:36:48.0880090Z test_android_numeric_links_read_rules_and_hashes (__main__.Fixtures.test_android_numeric_links_read_rules_and_hashes) ... ok
2026-10-09T22:36:48.0891517Z test_backup_includes_refused_even_with_all_exclusions (__main__.Fixtures.test_backup_includes_refused_even_with_all_exclusions) ... ok
2026-10-09T22:36:48.0902724Z test_backup_unreviewed_attribute_refused (__main__.Fixtures.test_backup_unreviewed_attribute_refused) ... ok
2026-10-09T22:36:48.0920093Z test_boot_permission_absent_or_expired_refused (__main__.Fixtures.test_boot_permission_absent_or_expired_refused) ... ok
2026-10-09T22:36:48.0935294Z test_boot_permission_sdk_coverage_and_variant_accepted (__main__.Fixtures.test_boot_permission_sdk_coverage_and_variant_accepted) ... ok
2026-10-09T22:36:48.1693607Z test_cli_requires_all_decoded_android_inputs (__main__.Fixtures.test_cli_requires_all_decoded_android_inputs) ... ok
2026-10-09T22:36:48.2729103Z test_cli_success_and_poison_failure (__main__.Fixtures.test_cli_success_and_poison_failure) ... ok
2026-10-09T22:36:48.2744042Z test_cloud_section_is_required (__main__.Fixtures.test_cloud_section_is_required) ... ok
2026-10-09T22:36:48.2755618Z test_debuggable_release_refused (__main__.Fixtures.test_debuggable_release_refused) ... ok
2026-10-09T22:36:48.2771620Z test_decimal_and_hex_reference_forms (__main__.Fixtures.test_decimal_and_hex_reference_forms) ... ok
2026-10-09T22:36:48.2790638Z test_direct_documents_exposure_false_accepted (__main__.Fixtures.test_direct_documents_exposure_false_accepted) ... ok
2026-10-09T22:36:48.2840720Z test_direct_documents_exposure_malformed_flags_refused (__main__.Fixtures.test_direct_documents_exposure_malformed_flags_refused) ... ok
2026-10-09T22:36:48.2857560Z test_direct_documents_exposure_true_refused (__main__.Fixtures.test_direct_documents_exposure_true_refused) ... ok
2026-10-09T22:36:48.2875388Z test_disabled_or_unresolved_application_refused (__main__.Fixtures.test_disabled_or_unresolved_application_refused) ... ok
2026-10-09T22:36:48.2888261Z test_domain_forward_secrecy_downgrade_refused (__main__.Fixtures.test_domain_forward_secrecy_downgrade_refused) ... ok
2026-10-09T22:36:48.2974831Z test_domain_insecure_http_aliases_refused (__main__.Fixtures.test_domain_insecure_http_aliases_refused) ... ok
2026-10-09T22:36:48.2987107Z test_domain_tls_downgrade_refused (__main__.Fixtures.test_domain_tls_downgrade_refused) ... ok
2026-10-09T22:36:48.2997472Z test_duplicate_application_refused (__main__.Fixtures.test_duplicate_application_refused) ... ok
2026-10-09T22:36:48.3009429Z test_duplicate_extraction_section_refused (__main__.Fixtures.test_duplicate_extraction_section_refused) ... ok
2026-10-09T22:36:48.3020792Z test_duplicate_or_unknown_domain_refused (__main__.Fixtures.test_duplicate_or_unknown_domain_refused) ... ok
2026-10-09T22:36:48.3031636Z test_duplicate_startup_initializer_refused (__main__.Fixtures.test_duplicate_startup_initializer_refused) ... ok
2026-10-09T22:36:48.3058272Z test_each_required_reminder_action_absent_refused (__main__.Fixtures.test_each_required_reminder_action_absent_refused) ... ok
2026-10-09T22:36:48.3070202Z test_expired_required_permission_refused (__main__.Fixtures.test_expired_required_permission_refused) ... ok
2026-10-09T22:36:48.3082538Z test_explicitly_enabled_application_accepted (__main__.Fixtures.test_explicitly_enabled_application_accepted) ... ok
2026-10-09T22:36:48.3093199Z test_exported_file_provider_refused (__main__.Fixtures.test_exported_file_provider_refused) ... ok
2026-10-09T22:36:48.3103617Z test_flag_disabled_variant_refused (__main__.Fixtures.test_flag_disabled_variant_refused) ... ok
2026-10-09T22:36:48.3125215Z test_global_arbitrary_transport_flags_refused (__main__.Fixtures.test_global_arbitrary_transport_flags_refused) ... ok
2026-10-09T22:36:48.3395277Z test_ios_cli_success (__main__.Fixtures.test_ios_cli_success) ... ok
2026-10-09T22:36:48.3411688Z test_ios_real_binary_plists_truthful_scope (__main__.Fixtures.test_ios_real_binary_plists_truthful_scope) ... ok
2026-10-09T22:36:48.3425574Z test_launcher_data_restriction_or_duplicate_entry_refused (__main__.Fixtures.test_launcher_data_restriction_or_duplicate_entry_refused) ... ok
2026-10-09T22:36:48.3435997Z test_launcher_duplicate_filter_refused (__main__.Fixtures.test_launcher_duplicate_filter_refused) ... ok
2026-10-09T22:36:48.3451137Z test_launcher_incomplete_or_split_intents_refused (__main__.Fixtures.test_launcher_incomplete_or_split_intents_refused) ... ok
2026-10-09T22:36:48.3462630Z test_malformed_boolean_transport_flag_refused (__main__.Fixtures.test_malformed_boolean_transport_flag_refused) ... ok
2026-10-09T22:36:48.3484613Z test_malformed_domain_config_refused (__main__.Fixtures.test_malformed_domain_config_refused) ... ok
2026-10-09T22:36:48.3495910Z test_malformed_permission_name_refused (__main__.Fixtures.test_malformed_permission_name_refused) ... ok
2026-10-09T22:36:48.3521732Z test_malformed_privacy_shapes_refused (__main__.Fixtures.test_malformed_privacy_shapes_refused) ... ok
2026-10-09T22:36:48.3543892Z test_malformed_reason_rows_refused (__main__.Fixtures.test_malformed_reason_rows_refused) ... ok
2026-10-09T22:36:48.3554297Z test_malformed_resource_row (__main__.Fixtures.test_malformed_resource_row) ... ok
2026-10-09T22:36:48.3573553Z test_malformed_transport_shapes_refused (__main__.Fixtures.test_malformed_transport_shapes_refused) ... ok
2026-10-09T22:36:48.3583815Z test_malformed_xml_is_not_success (__main__.Fixtures.test_malformed_xml_is_not_success) ... ok
2026-10-09T22:36:48.3593711Z test_mismatched_payload_path (__main__.Fixtures.test_mismatched_payload_path) ... ok
2026-10-09T22:36:48.3604149Z test_missing_link_is_refused (__main__.Fixtures.test_missing_link_is_refused) ... ok
2026-10-09T22:36:48.3616489Z test_missing_required_reason_refused (__main__.Fixtures.test_missing_required_reason_refused) ... ok
2026-10-09T22:36:48.3626720Z test_missing_resource_payload (__main__.Fixtures.test_missing_resource_payload) ... ok
2026-10-09T22:36:48.3639228Z test_multiple_or_missing_reminder_filters_refused (__main__.Fixtures.test_multiple_or_missing_reminder_filters_refused) ... ok
2026-10-09T22:36:48.3653623Z test_named_and_package_qualified_links (__main__.Fixtures.test_named_and_package_qualified_links) ... ok
2026-10-09T22:36:48.3663743Z test_narrowed_exclusion_refused (__main__.Fixtures.test_narrowed_exclusion_refused) ... ok
2026-10-09T22:36:48.3676228Z test_nested_include_refused (__main__.Fixtures.test_nested_include_refused) ... ok
2026-10-09T22:36:48.3686337Z test_notification_forwarder_intent_filter_refused (__main__.Fixtures.test_notification_forwarder_intent_filter_refused) ... ok
2026-10-09T22:36:48.3696391Z test_optimized_path_traversal_refused (__main__.Fixtures.test_optimized_path_traversal_refused) ... ok
2026-10-09T22:36:48.3710137Z test_optimized_resource_paths (__main__.Fixtures.test_optimized_resource_paths) ... ok
2026-10-09T22:36:48.3723832Z test_optional_startup_provider_or_initializer_absence_accepted (__main__.Fixtures.test_optional_startup_provider_or_initializer_absence_accepted) ... ok
2026-10-09T22:36:48.3734936Z test_package_qualified_aapt_rows (__main__.Fixtures.test_package_qualified_aapt_rows) ... ok
2026-10-09T22:36:48.3746336Z test_poisoned_device_transfer_missing_domain (__main__.Fixtures.test_poisoned_device_transfer_missing_domain) ... ok
2026-10-09T22:36:48.3756652Z test_poisoned_legacy_backup_missing_domain (__main__.Fixtures.test_poisoned_legacy_backup_missing_domain) ... ok
2026-10-09T22:36:48.3771621Z test_privacy_root_not_dictionary_refused (__main__.Fixtures.test_privacy_root_not_dictionary_refused) ... ok
2026-10-09T22:36:48.3781561Z test_profile_receiver_without_system_permission_refused (__main__.Fixtures.test_profile_receiver_without_system_permission_refused) ... ok
2026-10-09T22:36:48.3793102Z test_profile_system_tool_receiver_accepted (__main__.Fixtures.test_profile_system_tool_receiver_accepted) ... ok
2026-10-09T22:36:48.3804907Z test_release_bonjour_declaration_refused (__main__.Fixtures.test_release_bonjour_declaration_refused) ... ok
2026-10-09T22:36:48.3828250Z test_reminder_restricting_or_unreviewed_intent_entries_refused (__main__.Fixtures.test_reminder_restricting_or_unreviewed_intent_entries_refused) ... ok
2026-10-09T22:36:48.3838567Z test_remote_auto_init_enabled_refused (__main__.Fixtures.test_remote_auto_init_enabled_refused) ... ok
2026-10-09T22:36:48.3848629Z test_remote_collection_enabled_refused (__main__.Fixtures.test_remote_collection_enabled_refused) ... ok
2026-10-09T22:36:48.3858398Z test_remote_init_declaration_missing_refused (__main__.Fixtures.test_remote_init_declaration_missing_refused) ... ok
2026-10-09T22:36:48.3880258Z test_remote_sdk_components_refused (__main__.Fixtures.test_remote_sdk_components_refused) ... ok
2026-10-09T22:36:48.3891760Z test_required_components_default_enabled_accepted (__main__.Fixtures.test_required_components_default_enabled_accepted) ... ok
2026-10-09T22:36:48.3919872Z test_required_components_disabled_or_unresolved_refused (__main__.Fixtures.test_required_components_disabled_or_unresolved_refused) ... ok
2026-10-09T22:36:48.3934091Z test_required_launcher_and_reminder_components_absent_refused (__main__.Fixtures.test_required_launcher_and_reminder_components_absent_refused) ... ok
2026-10-09T22:36:48.3944141Z test_resource_identity_collision (__main__.Fixtures.test_resource_identity_collision) ... ok
2026-10-09T22:36:48.3956255Z test_reviewed_startup_initializers_accepted (__main__.Fixtures.test_reviewed_startup_initializers_accepted) ... ok
2026-10-09T22:36:48.3968610Z test_root_tracking_refused (__main__.Fixtures.test_root_tracking_refused) ... ok
2026-10-09T22:36:48.3980234Z test_sdk23_permission_tag_supported_above_minimum_os (__main__.Fixtures.test_sdk23_permission_tag_supported_above_minimum_os) ... ok
2026-10-09T22:36:48.4011146Z test_sdk_tracking_and_collection_refused (__main__.Fixtures.test_sdk_tracking_and_collection_refused) ... ok
2026-10-09T22:36:48.4028302Z test_secure_domain_exception_and_xml_sdk_accepted (__main__.Fixtures.test_secure_domain_exception_and_xml_sdk_accepted) ... ok
2026-10-09T22:36:48.4041386Z test_shared_rule_path_refused (__main__.Fixtures.test_shared_rule_path_refused) ... ok
2026-10-09T22:36:48.4054665Z test_startup_unexpected_or_nested_child_refused (__main__.Fixtures.test_startup_unexpected_or_nested_child_refused) ... ok
2026-10-09T22:36:48.4074706Z test_startup_unknown_or_indirected_initializer_refused (__main__.Fixtures.test_startup_unknown_or_indirected_initializer_refused) ... ok
2026-10-09T22:36:48.4084736Z test_startup_wrong_authority_refused (__main__.Fixtures.test_startup_wrong_authority_refused) ... ok
2026-10-09T22:36:48.4095054Z test_table_wrong_package (__main__.Fixtures.test_table_wrong_package) ... ok
2026-10-09T22:36:48.4106139Z test_unexpected_permission_refused (__main__.Fixtures.test_unexpected_permission_refused) ... ok
2026-10-09T22:36:48.4126526Z test_unimplemented_faceid_declaration_refused_including_empty (__main__.Fixtures.test_unimplemented_faceid_declaration_refused_including_empty) ... ok
2026-10-09T22:36:48.4137766Z test_unknown_permission_tag_cannot_satisfy_required_permission (__main__.Fixtures.test_unknown_permission_tag_cannot_satisfy_required_permission) ... ok
2026-10-09T22:36:48.4148972Z test_unknown_transport_key_refused (__main__.Fixtures.test_unknown_transport_key_refused) ... ok
2026-10-09T22:36:48.4160288Z test_unrelated_launcher_deep_link_filter_accepted (__main__.Fixtures.test_unrelated_launcher_deep_link_filter_accepted) ... ok
2026-10-09T22:36:48.4170300Z test_unreviewed_exported_component_refused (__main__.Fixtures.test_unreviewed_exported_component_refused) ... ok
2026-10-09T22:36:48.4180253Z test_unreviewed_network_config_cannot_override_denial (__main__.Fixtures.test_unreviewed_network_config_cannot_override_denial) ... ok
2026-10-09T22:36:48.4190613Z test_wrong_manifest_resource_id (__main__.Fixtures.test_wrong_manifest_resource_id) ... ok
2026-10-09T22:36:48.4201907Z test_wrong_named_link (__main__.Fixtures.test_wrong_named_link) ... ok
2026-10-09T22:36:48.4212811Z test_xml_entity_declaration_refused (__main__.Fixtures.test_xml_entity_declaration_refused) ... ok
2026-10-09T22:36:48.4213159Z 
2026-10-09T22:36:48.4213283Z ----------------------------------------------------------------------
2026-10-09T22:36:48.4213482Z Ran 90 tests in 0.338s
2026-10-09T22:36:48.4213675Z 
2026-10-09T22:36:48.4213726Z OK
2026-10-09T22:36:48.4785157Z .........
2026-10-09T22:36:48.4785400Z ----------------------------------------------------------------------
2026-10-09T22:36:48.4785598Z Ran 9 tests in 0.008s
2026-10-09T22:36:48.4785675Z 
2026-10-09T22:36:48.4785724Z OK
2026-10-09T22:36:48.6193237Z test_canonical_shared_module_and_public_snapshot_data_compile (__main__.Histories.test_canonical_shared_module_and_public_snapshot_data_compile) ... ok
2026-10-09T22:36:48.7362787Z test_cli_writes_only_boolean_output_and_json_receipt (__main__.Histories.test_cli_writes_only_boolean_output_and_json_receipt) ... ok
2026-10-09T22:36:48.7647270Z test_deleting_native_source_compiles (__main__.Histories.test_deleting_native_source_compiles) ... ok
2026-10-09T22:36:48.7933870Z test_documentation_rename_and_delete_skip (__main__.Histories.test_documentation_rename_and_delete_skip) ... ok
2026-10-09T22:36:48.8130695Z test_empty_tree_update_skips (__main__.Histories.test_empty_tree_update_skips) ... ok
2026-10-09T22:36:48.8363078Z test_exact_checkout_mismatch_compiles (__main__.Histories.test_exact_checkout_mismatch_compiles) ... ok
2026-10-09T22:36:48.8755982Z test_failed_or_incomplete_diff_cannot_skip (__main__.Histories.test_failed_or_incomplete_diff_cannot_skip) ... ok
2026-10-09T22:36:48.9107346Z test_force_push_removing_native_change_compiles (__main__.Histories.test_force_push_removing_native_change_compiles) ... ok
2026-10-09T22:36:48.9448905Z test_force_push_unchanged_native_tree_skips (__main__.Histories.test_force_push_unchanged_native_tree_skips) ... ok
2026-10-09T22:36:49.1026695Z test_inspection_and_gate_policy_changes_compile (__main__.Histories.test_inspection_and_gate_policy_changes_compile) ... ok
2026-10-09T22:36:49.1346102Z test_invalid_sha_or_mismatched_after_compile (__main__.Histories.test_invalid_sha_or_mismatched_after_compile) ... ok
2026-10-09T22:36:49.1634697Z test_invalid_utf8_native_path_is_detected_and_receipt_safe (__main__.Histories.test_invalid_utf8_native_path_is_detected_and_receipt_safe) ... ok
2026-10-09T22:36:49.1843178Z test_missing_event_structure_and_range_fields_compile (__main__.Histories.test_missing_event_structure_and_range_fields_compile) ... ok
2026-10-09T22:36:49.1985968Z test_missing_repository_compiles (__main__.Histories.test_missing_repository_compiles) ... ok
2026-10-09T22:36:49.2263331Z test_mobile_copied_docs_and_top_level_markdown_skip (__main__.Histories.test_mobile_copied_docs_and_top_level_markdown_skip) ... ok
2026-10-09T22:36:49.4995496Z test_more_than_3000_paths_do_not_hide_last_native_input (__main__.Histories.test_more_than_3000_paths_do_not_hide_last_native_input) ... ok
2026-10-09T22:36:49.5283032Z test_moving_documentation_into_native_source_compiles (__main__.Histories.test_moving_documentation_into_native_source_compiles) ... ok
2026-10-09T22:36:49.5558503Z test_moving_native_source_outside_mobile_compiles (__main__.Histories.test_moving_native_source_outside_mobile_compiles) ... ok
2026-10-09T22:36:49.5890706Z test_multi_commit_update_sees_native_change_before_final_docs_commit (__main__.Histories.test_multi_commit_update_sees_native_change_before_final_docs_commit) ... ok
2026-10-09T22:36:49.6226480Z test_native_change_reverted_in_same_update_is_input_unchanged (__main__.Histories.test_native_change_reverted_in_same_update_is_input_unchanged) ... ok
2026-10-09T22:36:49.6496445Z test_native_file_mode_change_compiles (__main__.Histories.test_native_file_mode_change_compiles) ... ok
2026-10-09T22:36:49.6659616Z test_open_reopen_and_manual_always_compile_without_range (__main__.Histories.test_open_reopen_and_manual_always_compile_without_range) ... ok
2026-10-09T22:36:49.7385915Z test_source_lock_plugin_and_nested_markdown_compile (__main__.Histories.test_source_lock_plugin_and_nested_markdown_compile) ... ok
2026-10-09T22:36:49.7643005Z test_unknown_before_or_blob_before_compiles (__main__.Histories.test_unknown_before_or_blob_before_compiles) ... ok
2026-10-09T22:36:49.7939367Z test_unusual_newline_and_nonascii_paths_are_nul_delimited (__main__.Histories.test_unusual_newline_and_nonascii_paths_are_nul_delimited) ... ok
2026-10-09T22:36:49.8224961Z test_website_and_root_docs_update_skips (__main__.Histories.test_website_and_root_docs_update_skips) ... ok
2026-10-09T22:36:49.8235757Z test_actual_workflow_condition_preserves_failure_and_missing_output_fallback (__main__.RepositoryContract.test_actual_workflow_condition_preserves_failure_and_missing_output_fallback) ... ok
2026-10-09T22:36:49.8249558Z test_observed_page2_range_skips_when_history_available (__main__.RepositoryContract.test_observed_page2_range_skips_when_history_available) ... skipped 'Historical production commits unavailable in this checkout; synthetic Git fixtures still run'
2026-10-09T22:36:49.8255163Z test_workflow_guards_gate_and_exact_source_without_cancellation (__main__.RepositoryContract.test_workflow_guards_gate_and_exact_source_without_cancellation) ... ok
2026-10-09T22:36:49.8255501Z 
2026-10-09T22:36:49.8255636Z ----------------------------------------------------------------------
2026-10-09T22:36:49.8255915Z Ran 29 tests in 1.294s
2026-10-09T22:36:49.8256044Z 
2026-10-09T22:36:49.8256123Z OK (skipped=1)
2026-10-09T22:36:49.8422698Z ##[group]Run npm run check
2026-10-09T22:36:49.8422897Z [36;1mnpm run check[0m
2026-10-09T22:36:49.8423027Z [36;1mnpm run test:engine[0m
2026-10-09T22:36:49.8475128Z shell: /usr/bin/bash -e {0}
2026-10-09T22:36:49.8475269Z env:
2026-10-09T22:36:49.8475390Z   WRANGLER_SEND_METRICS: false
2026-10-09T22:36:49.8475520Z   CI: true
2026-10-09T22:36:49.8475627Z ##[endgroup]
2026-10-09T22:36:49.9150076Z 
2026-10-09T22:36:49.9150669Z > training-studio-mobile@0.1.0 check
2026-10-09T22:36:49.9150994Z > tsc --noEmit
2026-10-09T22:36:49.9151072Z 
2026-10-09T22:36:53.1385600Z 
2026-10-09T22:36:53.1386325Z > training-studio-mobile@0.1.0 test:engine
2026-10-09T22:36:53.1386644Z > node --import tsx scripts/check-engine.ts
2026-10-09T22:36:53.1386764Z 
2026-10-09T22:36:53.7563443Z PASS: native substitution survives validated save/reload; invalid program IDs are rejected.
2026-10-09T22:36:53.7571745Z PASS: native plan archives are retained and guarded; saved machine context carries forward without changing history.
2026-10-09T22:36:53.7596372Z PASS: local records are sealed with XChaCha20-Poly1305, bound to their storage slot, and reject tampering or wrong keys.
2026-10-09T22:36:53.9091462Z PASS: 78 plans across all 7 starting weekdays, workout validation, partial save, optional measurements round-trip, retained history, unsafe read/link rejection, 989 exercises and 989 guides.
2026-10-09T22:36:54.3628623Z PASS: phone transfer files round-trip, reject a wrong password, and keep the header authenticated.
2026-10-09T22:36:54.3666716Z PASS: first-time lifters get one starting plan that matches their days; fit notes are shown.
2026-10-09T22:36:54.3996190Z ##[group]Run npm run build
2026-10-09T22:36:54.3996381Z [36;1mnpm run build[0m
2026-10-09T22:36:54.3996515Z [36;1mnpm run test:production[0m
2026-10-09T22:36:54.3996660Z [36;1mnpm run build:pages[0m
2026-10-09T22:36:54.3996808Z [36;1mnpm run check:pages[0m
2026-10-09T22:36:54.4051448Z shell: /usr/bin/bash -e {0}
2026-10-09T22:36:54.4051591Z env:
2026-10-09T22:36:54.4051707Z   WRANGLER_SEND_METRICS: false
2026-10-09T22:36:54.4051839Z   CI: true
2026-10-09T22:36:54.4051947Z ##[endgroup]
2026-10-09T22:36:54.4761696Z 
2026-10-09T22:36:54.4762524Z > site-creator-vinext-starter@0.1.0 build
2026-10-09T22:36:54.4762987Z > node scripts/run-framework.mjs build
2026-10-09T22:36:54.4763170Z 
2026-10-09T22:36:54.6419110Z [36mvite v8.0.16 [32mbuilding client environment for production...[36m[39m
2026-10-09T22:36:54.6501432Z [2K
2026-10-09T22:36:54.8970799Z transforming...✓ 45 modules transformed.
2026-10-09T22:36:54.9437981Z rendering chunks...
2026-10-09T22:36:54.9922867Z computing gzip size...
2026-10-09T22:36:55.0662653Z public/runtime/workout-coaching-worker.js     18.82 kB │ gzip:     6.71 kB
2026-10-09T22:36:55.0663306Z public/runtime/qwen-worker.js                 26.28 kB │ gzip:     8.40 kB
2026-10-09T22:36:55.0664291Z public/runtime/training-C8u1q4KT.js        1,065.50 kB │ gzip:   139.77 kB
2026-10-09T22:36:55.0664816Z public/runtime/lib-C9O0qMAG.js             4,745.91 kB │ gzip: 1,717.36 kB
2026-10-09T22:36:55.0665335Z public/runtime/lib-DcORhR3s.js             6,194.29 kB │ gzip: 2,183.09 kB
2026-10-09T22:36:55.0665573Z 
2026-10-09T22:36:55.0666242Z [32m✓ built in 424ms[39m
2026-10-09T22:36:55.4190379Z Packaged 127 tracked source files: movefield-mobile-r14.zip (2109850 bytes)
2026-10-09T22:36:55.6804092Z 
2026-10-09T22:36:55.6804747Z   vinext build  (Vite 8.0.16)
2026-10-09T22:36:55.6805030Z 
2026-10-09T22:36:56.6609972Z [34m[1/5] analyze client references...[39m
2026-10-09T22:36:56.6920929Z [2K
2026-10-09T22:36:58.2642109Z transforming...✓ 268 modules transformed.
2026-10-09T22:36:58.2804881Z rendering chunks...
2026-10-09T22:36:58.2854092Z [32m✓ built in 1.62s[39m
2026-10-09T22:36:58.2899460Z [34m[2/5] analyze server references...[39m
2026-10-09T22:36:58.3049226Z [2K
2026-10-09T22:36:59.7640299Z transforming...✓ 887 modules transformed.
2026-10-09T22:36:59.7667649Z rendering chunks...
2026-10-09T22:36:59.7693620Z [32m✓ built in 1.48s[39m
2026-10-09T22:36:59.7734889Z [34m[3/5] build rsc environment...[39m
2026-10-09T22:36:59.7887401Z [2K
2026-10-09T22:37:00.8146413Z transforming...✓ 265 modules transformed.
2026-10-09T22:37:00.8807701Z rendering chunks...
2026-10-09T22:37:00.9133378Z computing gzip size...
2026-10-09T22:37:00.9258097Z [32m✓ built in 1.15s[39m
2026-10-09T22:37:00.9295788Z [34m[4/5] build client environment...[39m
2026-10-09T22:37:00.9445712Z [2K
2026-10-09T22:37:03.0993322Z transforming...✓ 2698 modules transformed.
2026-10-09T22:37:03.3068795Z rendering chunks...
2026-10-09T22:37:03.4333186Z computing gzip size...
2026-10-09T22:37:03.4422738Z [32m✓ built in 2.51s[39m
2026-10-09T22:37:03.4476965Z [34m[5/5] build ssr environment...[39m
2026-10-09T22:37:03.4633574Z [2K
2026-10-09T22:37:04.6331180Z transforming...✓ 898 modules transformed.
2026-10-09T22:37:04.7601606Z rendering chunks...
2026-10-09T22:37:04.8603259Z computing gzip size...
2026-10-09T22:37:04.8658156Z [32m✓ built in 1.42s[39m
2026-10-09T22:37:04.8833596Z [0m
2026-10-09T22:37:04.8833869Z   Route (app)
2026-10-09T22:37:04.8834066Z   ┌ ? /                    
2026-10-09T22:37:04.8834271Z   ├ λ /api/account         
2026-10-09T22:37:04.8834431Z   ├ λ /api/daily-feedback  
2026-10-09T22:37:04.8834582Z   ├ λ /api/sync            
2026-10-09T22:37:04.8834733Z   └ λ /api/workout-coaching
2026-10-09T22:37:04.8834827Z 
2026-10-09T22:37:04.8834897Z   λ API  ? Unknown
2026-10-09T22:37:04.8834968Z 
2026-10-09T22:37:04.8835130Z   ? Some routes could not be classified. vinext currently uses static analysis
2026-10-09T22:37:04.8835832Z     and cannot detect dynamic API usage (headers(), cookies(), etc.) at build time.
2026-10-09T22:37:04.8836126Z     Automatic classification will be improved in a future release.
2026-10-09T22:37:04.8836277Z 
2026-10-09T22:37:04.8836406Z   Build complete. Run `vinext start` to start the production server.
2026-10-09T22:37:04.8836573Z 
2026-10-09T22:37:04.9995193Z Prepared 82 offline assets for 14b39cba3563.
2026-10-09T22:37:05.0705184Z 
2026-10-09T22:37:05.0705889Z > site-creator-vinext-starter@0.1.0 test:production
2026-10-09T22:37:05.0706302Z > node scripts/check-all.cjs --production
2026-10-09T22:37:05.0706473Z 
2026-10-09T22:37:05.0902585Z Checking check-bundle.cjs
2026-10-09T22:37:05.1350278Z PASS bundle budgets and lazy chart boundary {"page":"_next/static/chunks/page-WKaCmfat.js","key":"app/page.tsx","bytes":178567,"gzipBytes":54129,"initialGzipBytes":399870,"initialLimitGzipBytes":400000,"chunks":[{"key":"app/page.tsx","bytes":178567,"gzipBytes":54129},{"key":"_rolldown-runtime-QTnfLwEv.js","bytes":694,"gzipBytes":422},{"key":"virtual:vinext-app-browser-entry","bytes":195675,"gzipBytes":56461},{"key":"_framework-JGc2HF7T.js","bytes":190152,"gzipBytes":59097},{"key":"components/app-preferences.tsx","bytes":113780,"gzipBytes":36419},{"key":"_button-CBvz_Igj.js","bytes":32543,"gzipBytes":10650},{"key":"_createLucideIcon-rCMSQdv6.js","bytes":31626,"gzipBytes":11151},{"key":"_progress-D4KJ_sZI.js","bytes":20687,"gzipBytes":7338},{"key":"_checkbox-BjHy6-tE.js","bytes":4731,"gzipBytes":2010},{"key":"_browser-vault-CqwzMhLd.js","bytes":35628,"gzipBytes":10847},{"key":"_storage-capacity-Egu5ZFOb.js","bytes":14207,"gzipBytes":5419},{"key":"_training-jn8H07LS.js","bytes":794960,"gzipBytes":114744},{"key":"_types-B-MU-IOR.js","bytes":56526,"gzipBytes":12856},{"key":"_cloud-client-Dab8Rxa3.js","bytes":2776,"gzipBytes":1288},{"key":"_local-backup-D5FjEcIY.js","bytes":873,"gzipBytes":540},{"key":"_onboarding-DztY_flP.js","bytes":9606,"gzipBytes":4080},{"key":"_presentation-BhurRxrE.js","bytes":21851,"gzipBytes":6050},{"key":"_progress-CI4fxsR3.js","bytes":3126,"gzipBytes":1265},{"key":"_public-path-Dnx1y3mw.js","bytes":152,"gzipBytes":138},{"key":"_safety-copy-BKXgRPRs.js","bytes":844,"gzipBytes":506},{"key":"_training-day-BEN4a0Ry.js","bytes":3665,"gzipBytes":1782},{"key":"_substitutions-M5QdKEMw.js","bytes":6693,"gzipBytes":2678}]}
2026-10-09T22:37:05.1383256Z Checking check-production-offline.cjs
2026-10-09T22:37:05.1801517Z {
2026-10-09T22:37:05.1801802Z   "status": "pass",
2026-10-09T22:37:05.1802128Z   "assets": 82,
2026-10-09T22:37:05.1802326Z   "totalBytes": 19965002,
2026-10-09T22:37:05.1802605Z   "build": "14b39cba3563e8f1c6d5ca9a4256c2e728713c1aa1bf630440e3c37d6daafb6b",
2026-10-09T22:37:05.1802867Z   "allBuiltClientChunksCovered": true,
2026-10-09T22:37:05.1803043Z   "workerManifestMatches": true,
2026-10-09T22:37:05.1803195Z   "assetHashesMatch": true,
2026-10-09T22:37:05.1803371Z   "privateDataAndModelWeightsAbsent": true
2026-10-09T22:37:05.1822916Z }
2026-10-09T22:37:05.1863414Z Checking check-production-security.cjs
2026-10-09T22:37:05.7731910Z {"brandAssetsAvailable":true,"nativeStarterAvailable":true,"privacyNoticeMatchesSource":true,"privacyNoticeStaticPolicy":true,"status":200,"scripts":22,"nonceMatched":true,"nonceRotates":true,"writeRouteClosed":true,"internalRouteClosed":true,"qaRouteAbsent":true,"unclearedPhotosAbsent":true,"cache":"private, no-store"}
2026-10-09T22:37:05.7958966Z 3/3 check suites passed.
2026-10-09T22:37:05.8631220Z 
2026-10-09T22:37:05.8631947Z > site-creator-vinext-starter@0.1.0 build:pages
2026-10-09T22:37:05.8632531Z > node scripts/build-pages.mjs
2026-10-09T22:37:05.8632689Z 
2026-10-09T22:37:05.9989713Z [36mvite v8.0.16 [32mbuilding client environment for production...[36m[39m
2026-10-09T22:37:06.0107402Z [2K
2026-10-09T22:37:06.2909114Z transforming...✓ 45 modules transformed.
2026-10-09T22:37:06.3426070Z rendering chunks...
2026-10-09T22:37:06.3979784Z computing gzip size...
2026-10-09T22:37:06.4707052Z public/runtime/workout-coaching-worker.js     18.82 kB │ gzip:     6.71 kB
2026-10-09T22:37:06.4708007Z public/runtime/qwen-worker.js                 26.28 kB │ gzip:     8.40 kB
2026-10-09T22:37:06.4708362Z public/runtime/training-C8u1q4KT.js        1,065.50 kB │ gzip:   139.77 kB
2026-10-09T22:37:06.4708698Z public/runtime/lib-C9O0qMAG.js             4,745.91 kB │ gzip: 1,717.36 kB
2026-10-09T22:37:06.4709040Z public/runtime/lib-DcORhR3s.js             6,194.29 kB │ gzip: 2,183.09 kB
2026-10-09T22:37:06.4709199Z 
2026-10-09T22:37:06.4713841Z [32m✓ built in 472ms[39m
2026-10-09T22:37:06.4835495Z [36mvite v8.0.16 [32mbuilding client environment for production...[36m[39m
2026-10-09T22:37:06.4888998Z [2K
2026-10-09T22:37:07.2435791Z transforming...✓ 2585 modules transformed.
2026-10-09T22:37:07.3303367Z rendering chunks...
2026-10-09T22:37:07.4397389Z computing gzip size...
2026-10-09T22:37:07.4480895Z dist-pages/index.html                                      1.29 kB │ gzip:   0.57 kB
2026-10-09T22:37:07.4481308Z dist-pages/assets/index-COMBkNy7.css                     225.24 kB │ gzip:  36.71 kB
2026-10-09T22:37:07.4481741Z dist-pages/assets/qwen-unavailable-IXSK3HSm.js             0.46 kB │ gzip:   0.32 kB
2026-10-09T22:37:07.4482272Z dist-pages/assets/workout-coaching-identity-BOa7zCKi.js    0.56 kB │ gzip:   0.37 kB
2026-10-09T22:37:07.4483019Z dist-pages/assets/account-security-BMvM1HMu.js             0.74 kB │ gzip:   0.41 kB
2026-10-09T22:37:07.4483390Z dist-pages/assets/jsx-runtime-DUAcabCT.js                  1.06 kB │ gzip:   0.60 kB
2026-10-09T22:37:07.4483767Z dist-pages/assets/equipment-limits-DTTm_L4G.js             2.62 kB │ gzip:   1.31 kB
2026-10-09T22:37:07.4484140Z dist-pages/assets/react-dom-Ci36WYJj.js                    3.58 kB │ gzip:   1.36 kB
2026-10-09T22:37:07.4484535Z dist-pages/assets/customize-CnMED5ja.js                    3.89 kB │ gzip:   1.76 kB
2026-10-09T22:37:07.4484909Z dist-pages/assets/cloud-envelope-CVa4jxyg.js               3.95 kB │ gzip:   1.63 kB
2026-10-09T22:37:07.4485392Z dist-pages/assets/account-sync-OepB1EPc.js                 4.03 kB │ gzip:   1.63 kB
2026-10-09T22:37:07.4486014Z dist-pages/assets/exercise-substitutions-BDaMWFOe.js       4.11 kB │ gzip:   1.70 kB
2026-10-09T22:37:07.4486519Z dist-pages/assets/research-library-tR9bkgD9.js             4.46 kB │ gzip:   1.83 kB
2026-10-09T22:37:07.4487121Z dist-pages/assets/session-guide-3EUQPwSU.js                4.49 kB │ gzip:   1.96 kB
2026-10-09T22:37:07.4487745Z dist-pages/assets/training-day-C7yT9Ogw.js                 4.52 kB │ gzip:   1.48 kB
2026-10-09T22:37:07.4488159Z dist-pages/assets/daily-feedback-ZIPUi-Gb.js               4.72 kB │ gzip:   2.13 kB
2026-10-09T22:37:07.4488544Z dist-pages/assets/workout-review-B2rC4BUl.js               5.52 kB │ gzip:   2.36 kB
2026-10-09T22:37:07.4488910Z dist-pages/assets/transfer-dialog-4Ul3XlBM.js              6.49 kB │ gzip:   2.36 kB
2026-10-09T22:37:07.4489281Z dist-pages/assets/plan-customizer-HPdsIZ7a.js              8.93 kB │ gzip:   3.39 kB
2026-10-09T22:37:07.4489676Z dist-pages/assets/tracking-editor-B73ixv_L.js              9.35 kB │ gzip:   3.51 kB
2026-10-09T22:37:07.4490073Z dist-pages/assets/transfer-bundle-BBTzZDyw.js             23.01 kB │ gzip:   9.58 kB
2026-10-09T22:37:07.4490456Z dist-pages/assets/workout-coaching-CkWoGGcw.js            23.98 kB │ gzip:   8.67 kB
2026-10-09T22:37:07.4502973Z dist-pages/assets/workout-coach-CED4qVfV.js               26.52 kB │ gzip:   9.42 kB
2026-10-09T22:37:07.4504053Z dist-pages/assets/x-CEXRaG68.js                           36.47 kB │ gzip:  12.65 kB
2026-10-09T22:37:07.4504431Z dist-pages/assets/button-BZyDGPNM.js                      39.97 kB │ gzip:  13.33 kB
2026-10-09T22:37:07.4504831Z dist-pages/assets/training-onboarding-DklzfyuN.js         43.23 kB │ gzip:  13.41 kB
2026-10-09T22:37:07.4505249Z dist-pages/assets/qwen-model-files-DVAPeLRb.js           193.12 kB │ gzip:  38.75 kB
2026-10-09T22:37:07.4505646Z dist-pages/assets/progress-dashboard-DnlD88sa.js         368.54 kB │ gzip: 108.48 kB
2026-10-09T22:37:07.4506034Z dist-pages/assets/index-8gKF0hcK.js                      646.69 kB │ gzip: 195.83 kB
2026-10-09T22:37:07.4506609Z dist-pages/assets/training-jn8H07LS.js                   794.96 kB │ gzip: 116.05 kB
2026-10-09T22:37:07.4506800Z 
2026-10-09T22:37:07.4506944Z [32m✓ built in 965ms[39m
2026-10-09T22:37:07.5573202Z Pages output: 61 allowlisted files; version da4dcfb81b3f6f0f76b8ae59327a8ee8150ab22aca1542f5dab6935935f5ea55
2026-10-09T22:37:07.6674134Z 
2026-10-09T22:37:07.6674830Z > site-creator-vinext-starter@0.1.0 check:pages
2026-10-09T22:37:07.6675243Z > node scripts/check-pages.mjs
2026-10-09T22:37:07.6675393Z 
2026-10-09T22:37:07.9820592Z {
2026-10-09T22:37:07.9820863Z   "passed": true,
2026-10-09T22:37:07.9821100Z   "assertions": 632,
2026-10-09T22:37:07.9821257Z   "assets": 61,
2026-10-09T22:37:07.9821513Z   "version": "da4dcfb81b3f6f0f76b8ae59327a8ee8150ab22aca1542f5dab6935935f5ea55",
2026-10-09T22:37:07.9821751Z   "limits": [
2026-10-09T22:37:07.9821944Z     "VM worker verification; no real browser/OS offline acceptance"
2026-10-09T22:37:07.9822306Z   ]
2026-10-09T22:37:07.9822412Z }
2026-10-09T22:37:08.0150228Z ##[group]Run npm run export:mobile
2026-10-09T22:37:08.0150540Z [36;1mnpm run export:mobile[0m
2026-10-09T22:37:08.0220487Z shell: /usr/bin/bash -e {0}
2026-10-09T22:37:08.0220650Z env:
2026-10-09T22:37:08.0220773Z   WRANGLER_SEND_METRICS: false
2026-10-09T22:37:08.0221075Z   CI: true
2026-10-09T22:37:08.0221183Z ##[endgroup]
2026-10-09T22:37:08.0903928Z 
2026-10-09T22:37:08.0904568Z > training-studio-mobile@0.1.0 export:mobile
2026-10-09T22:37:08.0904988Z > expo export --platform ios --platform android --output-dir dist-mobile
2026-10-09T22:37:08.0905167Z 
2026-10-09T22:37:08.4850146Z Starting Metro Bundler
2026-10-09T22:37:08.4850375Z 
2026-10-09T22:37:25.8678328Z iOS Bundled 17239ms index.ts (832 modules)
2026-10-09T22:37:32.9068025Z Android Bundled 24278ms index.ts (832 modules)
2026-10-09T22:37:32.9183022Z 
2026-10-09T22:37:32.9195423Z › Assets (12):
2026-10-09T22:37:32.9256338Z assets/fonts/AtkinsonHyperlegible_400Regular.ttf (54KB)
2026-10-09T22:37:32.9256811Z assets/fonts/AtkinsonHyperlegible_700Bold.ttf (54KB)
2026-10-09T22:37:32.9257328Z assets/fonts/barlow-condensed-semibold.ttf (109KB)
2026-10-09T22:37:32.9257670Z assets/fonts/inter-variable.ttf (877KB)
2026-10-09T22:37:32.9257974Z assets/fonts/Lexend_400Regular.ttf (78KB)
2026-10-09T22:37:32.9258290Z assets/fonts/Lexend_700Bold.ttf (79KB)
2026-10-09T22:37:32.9258586Z assets/fonts/Nunito_400Regular.ttf (132KB)
2026-10-09T22:37:32.9258880Z assets/fonts/Nunito_700Bold.ttf (132KB)
2026-10-09T22:37:32.9259172Z assets/fonts/Oswald_600SemiBold.ttf (88KB)
2026-10-09T22:37:32.9259460Z assets/fonts/Oswald_700Bold.ttf (88KB)
2026-10-09T22:37:32.9259691Z assets/fonts/Saira_400Regular.ttf (84KB)
2026-10-09T22:37:32.9259871Z assets/fonts/Saira_700Bold.ttf (83KB)
2026-10-09T22:37:32.9261783Z 
2026-10-09T22:37:32.9262583Z › ios bundles (1):
2026-10-09T22:37:32.9263906Z _expo/static/js/ios/index-55f040f5e4b1c88880a5ac8e4c9fa7e5.hbc (4.7MB)
2026-10-09T22:37:32.9264169Z 
2026-10-09T22:37:32.9264293Z › android bundles (1):
2026-10-09T22:37:32.9264674Z _expo/static/js/android/index-997b9877572ba0fdeed59b9778a2a6cd.hbc (4.7MB)
2026-10-09T22:37:32.9264945Z 
2026-10-09T22:37:32.9265039Z › Files (1):
2026-10-09T22:37:32.9265230Z metadata.json (1.8KB)
2026-10-09T22:37:32.9307066Z 
2026-10-09T22:37:32.9310043Z Exported: dist-mobile
2026-10-09T22:37:33.0714531Z ##[group]Run node scripts/check-dependencies.mjs
2026-10-09T22:37:33.0714782Z [36;1mnode scripts/check-dependencies.mjs[0m
2026-10-09T22:37:33.0766793Z shell: /usr/bin/bash -e {0}
2026-10-09T22:37:33.0766943Z env:
2026-10-09T22:37:33.0767064Z   WRANGLER_SEND_METRICS: false
2026-10-09T22:37:33.0767199Z   CI: true
2026-10-09T22:37:33.0767307Z ##[endgroup]
2026-10-09T22:37:33.7576022Z KNOWN CI EXCEPTION / RELEASE BLOCKED web: braces https://github.com/advisories/GHSA-vfj7-8cjw-p6xm (temporary-ci-exception)
2026-10-09T22:37:36.8156805Z KNOWN CI EXCEPTION / RELEASE BLOCKED mobile: braces https://github.com/advisories/GHSA-vfj7-8cjw-p6xm (temporary-ci-exception)
2026-10-09T22:37:36.8157948Z KNOWN CI EXCEPTION / RELEASE BLOCKED mobile: node-forge https://github.com/advisories/GHSA-86w9-cpqp-85rv (temporary-ci-exception)
2026-10-09T22:37:36.8253319Z ##[group]Run actions/upload-artifact@ea165f8d65b6e75b540449e92b4886f43607fa02
2026-10-09T22:37:36.8253573Z with:
2026-10-09T22:37:36.8253692Z   name: quality-results
2026-10-09T22:37:36.8253884Z   path: .sites-runtime/*check*.json
.sites-runtime-quality-source.txt

2026-10-09T22:37:36.8254099Z   include-hidden-files: true
2026-10-09T22:37:36.8254237Z   if-no-files-found: ignore
2026-10-09T22:37:36.8254371Z   compression-level: 6
2026-10-09T22:37:36.8254491Z   overwrite: false
2026-10-09T22:37:36.8254599Z env:
2026-10-09T22:37:36.8254707Z   WRANGLER_SEND_METRICS: false
2026-10-09T22:37:36.8254834Z   CI: true
2026-10-09T22:37:36.8254936Z ##[endgroup]
2026-10-09T22:37:36.9430950Z (node:4589) [DEP0040] DeprecationWarning: The `punycode` module is deprecated. Please use a userland alternative instead.
2026-10-09T22:37:36.9431406Z (Use `node --trace-deprecation ...` to show where the warning was created)
2026-10-09T22:37:36.9490092Z Multiple search paths detected. Calculating the least common ancestor of all paths
2026-10-09T22:37:36.9495907Z The least common ancestor is /home/runner/work/movefield/movefield. This will be the root directory of the artifact
2026-10-09T22:37:36.9496665Z With the provided path, there will be 16 files uploaded
2026-10-09T22:37:36.9497191Z Artifact name is valid!
2026-10-09T22:37:36.9497449Z Root directory input is valid!
2026-10-09T22:37:37.2174921Z Beginning upload of artifact content to blob storage
2026-10-09T22:37:37.2417230Z (node:4589) [DEP0169] DeprecationWarning: `url.parse()` behavior is not standardized and prone to errors that have security implications. Use the WHATWG URL API instead. CVEs are not issued for `url.parse()` vulnerabilities.
2026-10-09T22:37:37.3632148Z Uploaded bytes 10138
2026-10-09T22:37:37.4070800Z Finished uploading artifact content to blob storage!
2026-10-09T22:37:37.4071229Z SHA256 digest of uploaded artifact zip is a08e9fb1891ece58c2054cb1cc7592ff4ea702f474ac0a05000196d79f5e5be2
2026-10-09T22:37:37.4071774Z Finalizing artifact upload
2026-10-09T22:37:37.6248171Z Artifact quality-results.zip successfully finalized. Artifact ID 11648674218
2026-10-09T22:37:37.6248991Z Artifact quality-results has been successfully uploaded! Final size is 10138 bytes. Artifact ID is 11648674218
2026-10-09T22:37:37.6253706Z Artifact download URL: https://github.com/ghinz32-cloud/movefield/actions/runs/37999781041/artifacts/11648674218
2026-10-09T22:37:37.6394830Z Post job cleanup.
2026-10-09T22:37:37.7249180Z (node:4602) [DEP0040] DeprecationWarning: The `punycode` module is deprecated. Please use a userland alternative instead.
2026-10-09T22:37:37.7249731Z (Use `node --trace-deprecation ...` to show where the warning was created)
2026-10-09T22:37:37.7435647Z Post job cleanup.
2026-10-09T22:37:37.8081382Z [command]/usr/bin/git version
2026-10-09T22:37:37.8124775Z git version 2.55.0
2026-10-09T22:37:37.8153576Z Temporarily overriding HOME='/home/runner/work/_temp/84485c08-a90d-44a3-a138-3dfd92931fce' before making global git config changes
2026-10-09T22:37:37.8154329Z Adding repository directory to the temporary git global config as a safe directory
2026-10-09T22:37:37.8157809Z [command]/usr/bin/git config --global --add safe.directory /home/runner/work/movefield/movefield
2026-10-09T22:37:37.8197327Z [command]/usr/bin/git config --local --name-only --get-regexp core\.sshCommand
2026-10-09T22:37:37.8231523Z [command]/usr/bin/git submodule foreach --recursive sh -c "git config --local --name-only --get-regexp 'core\.sshCommand' && git config --local --unset-all 'core.sshCommand' || :"
2026-10-09T22:37:37.8577131Z [command]/usr/bin/git config --local --name-only --get-regexp http\.https\:\/\/github\.com\/\.extraheader
2026-10-09T22:37:37.8657400Z [command]/usr/bin/git submodule foreach --recursive sh -c "git config --local --name-only --get-regexp 'http\.https\:\/\/github\.com\/\.extraheader' && git config --local --unset-all 'http.https://github.com/.extraheader' || :"
2026-10-09T22:37:37.9011571Z [command]/usr/bin/git config --local --name-only --get-regexp ^includeIf\.gitdir:
2026-10-09T22:37:37.9049754Z [command]/usr/bin/git submodule foreach --recursive git config --local --show-origin --name-only --get-regexp remote.origin.url
2026-10-09T22:37:37.9417334Z Cleaning up orphan processes
2026-10-09T22:37:37.9649398Z ##[warning]Node.js 20 is deprecated. The following actions target Node.js 20 but are being forced to run on Node.js 24: actions/upload-artifact@ea165f8d65b6e75b540449e92b4886f43607fa02. For more information see: https://github.blog/changelog/2025-09-19-deprecation-of-node-20-on-github-actions-runners/
