2026-10-09T20:01:40.2527006Z Current runner version: '2.337.0'
2026-10-09T20:01:40.2552395Z ##[group]Runner Image Provisioner
2026-10-09T20:01:40.2553222Z Hosted Compute Agent
2026-10-09T20:01:40.2553984Z Version: 20261002.596
2026-10-09T20:01:40.2554618Z Commit: c3d12f3313a95f25162a1503be624f3b0617f8c0
2026-10-09T20:01:40.2555380Z Build Date: 2026-10-02T22:28:27Z
2026-10-09T20:01:40.2556163Z Worker ID: {d8662eac-2b32-46c6-9402-ba1e7fb6f1c8}
2026-10-09T20:01:40.2556873Z Region: eastus
2026-10-09T20:01:40.2557545Z Cloud: Azure
2026-10-09T20:01:40.2558108Z ##[endgroup]
2026-10-09T20:01:40.2560252Z ##[group]Operating System
2026-10-09T20:01:40.2561032Z Ubuntu
2026-10-09T20:01:40.2561555Z 24.04.5
2026-10-09T20:01:40.2562192Z LTS
2026-10-09T20:01:40.2562708Z ##[endgroup]
2026-10-09T20:01:40.2563240Z ##[group]Runner Image
2026-10-09T20:01:40.2563887Z Image: ubuntu-24.04
2026-10-09T20:01:40.2564451Z Version: 20261004.327.1
2026-10-09T20:01:40.2565845Z Included Software: https://github.com/actions/runner-images/blob/ubuntu24/20261004.327/images/ubuntu/Ubuntu2404-Readme.md
2026-10-09T20:01:40.2567394Z Image Release: https://github.com/actions/runner-images/releases/tag/ubuntu24%2F20261004.327
2026-10-09T20:01:40.2568437Z ##[endgroup]
2026-10-09T20:01:40.2569743Z ##[group]GITHUB_TOKEN Permissions
2026-10-09T20:01:40.2572016Z Contents: read
2026-10-09T20:01:40.2572621Z Metadata: read
2026-10-09T20:01:40.2573331Z ##[endgroup]
2026-10-09T20:01:40.2575620Z Secret source: Actions
2026-10-09T20:01:40.2576706Z Cache mode: write
2026-10-09T20:01:40.2577411Z Prepare workflow directory
2026-10-09T20:01:40.2971788Z Prepare all required actions
2026-10-09T20:01:40.3020159Z Getting action download info
2026-10-09T20:01:40.5346439Z Download action repository 'actions/checkout@fbc6f3992d24b796d5a048ff273f7fcc4a7b6c09' (SHA:fbc6f3992d24b796d5a048ff273f7fcc4a7b6c09)
2026-10-09T20:01:40.6339060Z Download action repository 'actions/setup-node@a0853c24544627f65ddf259abe73b1d18a591444' (SHA:a0853c24544627f65ddf259abe73b1d18a591444)
2026-10-09T20:01:40.7848630Z Download action repository 'actions/upload-artifact@ea165f8d65b6e75b540449e92b4886f43607fa02' (SHA:ea165f8d65b6e75b540449e92b4886f43607fa02)
2026-10-09T20:01:40.9835747Z Complete job name: quality
2026-10-09T20:01:41.0659859Z ##[group]Run actions/checkout@fbc6f3992d24b796d5a048ff273f7fcc4a7b6c09
2026-10-09T20:01:41.0661005Z with:
2026-10-09T20:01:41.0661450Z   persist-credentials: false
2026-10-09T20:01:41.0661993Z   repository: ghinz32-cloud/movefield
2026-10-09T20:01:41.0665952Z   token: ***
2026-10-09T20:01:41.0666380Z   ssh-strict: true
2026-10-09T20:01:41.0666809Z   ssh-user: git
2026-10-09T20:01:41.0667226Z   clean: true
2026-10-09T20:01:41.0667669Z   sparse-checkout-cone-mode: true
2026-10-09T20:01:41.0668193Z   fetch-depth: 1
2026-10-09T20:01:41.0668615Z   fetch-tags: false
2026-10-09T20:01:41.0669059Z   show-progress: true
2026-10-09T20:01:41.0669680Z   lfs: false
2026-10-09T20:01:41.0670100Z   submodules: false
2026-10-09T20:01:41.0670541Z   set-safe-directory: true
2026-10-09T20:01:41.0671050Z   allow-unsafe-pr-checkout: false
2026-10-09T20:01:41.0671820Z env:
2026-10-09T20:01:41.0672241Z   WRANGLER_SEND_METRICS: false
2026-10-09T20:01:41.0672727Z   CI: true
2026-10-09T20:01:41.0673157Z ##[endgroup]
2026-10-09T20:01:41.1697910Z Syncing repository: ghinz32-cloud/movefield
2026-10-09T20:01:41.1700951Z ##[group]Getting Git version info
2026-10-09T20:01:41.1702191Z Working directory is '/home/runner/work/movefield/movefield'
2026-10-09T20:01:41.1704051Z [command]/usr/bin/git version
2026-10-09T20:01:41.1772780Z git version 2.55.0
2026-10-09T20:01:41.1794836Z ##[endgroup]
2026-10-09T20:01:41.1812077Z Temporarily overriding HOME='/home/runner/work/_temp/41436a1f-3621-41ea-b451-8947fe26cdc9' before making global git config changes
2026-10-09T20:01:41.1814776Z Adding repository directory to the temporary git global config as a safe directory
2026-10-09T20:01:41.1820063Z [command]/usr/bin/git config --global --add safe.directory /home/runner/work/movefield/movefield
2026-10-09T20:01:41.1876918Z Deleting the contents of '/home/runner/work/movefield/movefield'
2026-10-09T20:01:41.1881903Z ##[group]Initializing the repository
2026-10-09T20:01:41.1885846Z [command]/usr/bin/git init /home/runner/work/movefield/movefield
2026-10-09T20:01:41.1993231Z hint: Using 'master' as the name for the initial branch. This default branch name
2026-10-09T20:01:41.1995396Z hint: will change to "main" in Git 3.0. To configure the initial branch name
2026-10-09T20:01:41.1996931Z hint: to use in all of your new repositories, which will suppress this warning,
2026-10-09T20:01:41.1998122Z hint: call:
2026-10-09T20:01:41.1998754Z hint:
2026-10-09T20:01:41.2000110Z hint: 	git config --global init.defaultBranch <name>
2026-10-09T20:01:41.2001183Z hint:
2026-10-09T20:01:41.2002104Z hint: Names commonly chosen instead of 'master' are 'main', 'trunk' and
2026-10-09T20:01:41.2003673Z hint: 'development'. The just-created branch can be renamed via this command:
2026-10-09T20:01:41.2004985Z hint:
2026-10-09T20:01:41.2005848Z hint: 	git branch -m <name>
2026-10-09T20:01:41.2006735Z hint:
2026-10-09T20:01:41.2007733Z hint: Disable this message with "git config set advice.defaultBranchName false"
2026-10-09T20:01:41.2009439Z Initialized empty Git repository in /home/runner/work/movefield/movefield/.git/
2026-10-09T20:01:41.2017796Z [command]/usr/bin/git remote add origin https://github.com/ghinz32-cloud/movefield
2026-10-09T20:01:41.2069416Z ##[endgroup]
2026-10-09T20:01:41.2071192Z ##[group]Disabling automatic garbage collection
2026-10-09T20:01:41.2073454Z [command]/usr/bin/git config --local gc.auto 0
2026-10-09T20:01:41.2107601Z ##[endgroup]
2026-10-09T20:01:41.2108755Z ##[group]Setting up auth
2026-10-09T20:01:41.2115523Z [command]/usr/bin/git config --local --name-only --get-regexp core\.sshCommand
2026-10-09T20:01:41.2151243Z [command]/usr/bin/git submodule foreach --recursive sh -c "git config --local --name-only --get-regexp 'core\.sshCommand' && git config --local --unset-all 'core.sshCommand' || :"
2026-10-09T20:01:41.2610365Z [command]/usr/bin/git config --local --name-only --get-regexp http\.https\:\/\/github\.com\/\.extraheader
2026-10-09T20:01:41.2658608Z [command]/usr/bin/git submodule foreach --recursive sh -c "git config --local --name-only --get-regexp 'http\.https\:\/\/github\.com\/\.extraheader' && git config --local --unset-all 'http.https://github.com/.extraheader' || :"
2026-10-09T20:01:41.2930222Z [command]/usr/bin/git config --local --name-only --get-regexp ^includeIf\.gitdir:
2026-10-09T20:01:41.2977377Z [command]/usr/bin/git submodule foreach --recursive git config --local --show-origin --name-only --get-regexp remote.origin.url
2026-10-09T20:01:41.3247552Z [command]/usr/bin/git config --local http.https://github.com/.extraheader AUTHORIZATION: basic ***
2026-10-09T20:01:41.3298144Z ##[endgroup]
2026-10-09T20:01:41.3299978Z ##[group]Fetching the repository
2026-10-09T20:01:41.3310218Z [command]/usr/bin/git -c protocol.version=2 fetch --no-tags --prune --no-recurse-submodules --depth=1 origin +d42921cc7a45be186895f408c56d2391aea1767a:refs/remotes/pull/2/merge
2026-10-09T20:01:42.1979767Z From https://github.com/ghinz32-cloud/movefield
2026-10-09T20:01:42.1982622Z  * [new ref]         d42921cc7a45be186895f408c56d2391aea1767a -> pull/2/merge
2026-10-09T20:01:42.1991998Z ##[endgroup]
2026-10-09T20:01:42.1994085Z ##[group]Determining the checkout info
2026-10-09T20:01:42.1996652Z ##[endgroup]
2026-10-09T20:01:42.1998145Z [command]/usr/bin/git sparse-checkout disable
2026-10-09T20:01:42.2054672Z [command]/usr/bin/git config --local --unset-all extensions.worktreeConfig
2026-10-09T20:01:42.2126428Z ##[group]Checking out the ref
2026-10-09T20:01:42.2129214Z [command]/usr/bin/git checkout --progress --force refs/remotes/pull/2/merge
2026-10-09T20:01:42.3411277Z Note: switching to 'refs/remotes/pull/2/merge'.
2026-10-09T20:01:42.3412297Z 
2026-10-09T20:01:42.3412943Z You are in 'detached HEAD' state. You can look around, make experimental
2026-10-09T20:01:42.3414422Z changes and commit them, and you can discard any commits you make in this
2026-10-09T20:01:42.3416215Z state without impacting any branches by switching back to a branch.
2026-10-09T20:01:42.3417035Z 
2026-10-09T20:01:42.3417646Z If you want to create a new branch to retain commits you create, you may
2026-10-09T20:01:42.3419038Z do so (now or later) by using -c with the switch command. Example:
2026-10-09T20:01:42.3420229Z 
2026-10-09T20:01:42.3420639Z   git switch -c <new-branch-name>
2026-10-09T20:01:42.3421465Z 
2026-10-09T20:01:42.3422050Z Or undo this operation with:
2026-10-09T20:01:42.3422800Z 
2026-10-09T20:01:42.3423147Z   git switch -
2026-10-09T20:01:42.3423612Z 
2026-10-09T20:01:42.3424737Z Turn off this advice by setting config variable advice.detachedHead to false
2026-10-09T20:01:42.3426164Z 
2026-10-09T20:01:42.3427307Z HEAD is now at d42921c Merge e85a1ad320ec23db29b337fdee10f41f1dc24962 into 8abfca45f1f910155011516eabffbebdf070821b
2026-10-09T20:01:42.3431936Z ##[endgroup]
2026-10-09T20:01:42.3474335Z [command]/usr/bin/git log -1 --format=%H
2026-10-09T20:01:42.3502010Z d42921cc7a45be186895f408c56d2391aea1767a
2026-10-09T20:01:42.3512130Z ##[group]Removing auth
2026-10-09T20:01:42.3515543Z [command]/usr/bin/git config --local --name-only --get-regexp core\.sshCommand
2026-10-09T20:01:42.3551558Z [command]/usr/bin/git submodule foreach --recursive sh -c "git config --local --name-only --get-regexp 'core\.sshCommand' && git config --local --unset-all 'core.sshCommand' || :"
2026-10-09T20:01:42.3782352Z [command]/usr/bin/git config --local --name-only --get-regexp http\.https\:\/\/github\.com\/\.extraheader
2026-10-09T20:01:42.3812080Z http.https://github.com/.extraheader
2026-10-09T20:01:42.3820746Z [command]/usr/bin/git config --local --unset-all http.https://github.com/.extraheader
2026-10-09T20:01:42.3862814Z [command]/usr/bin/git submodule foreach --recursive sh -c "git config --local --name-only --get-regexp 'http\.https\:\/\/github\.com\/\.extraheader' && git config --local --unset-all 'http.https://github.com/.extraheader' || :"
2026-10-09T20:01:42.4091339Z [command]/usr/bin/git config --local --name-only --get-regexp ^includeIf\.gitdir:
2026-10-09T20:01:42.4128719Z [command]/usr/bin/git submodule foreach --recursive git config --local --show-origin --name-only --get-regexp remote.origin.url
2026-10-09T20:01:42.4361271Z ##[endgroup]
2026-10-09T20:01:42.4622912Z ##[group]Run git rev-parse HEAD HEAD^{tree} > .sites-runtime-quality-source.txt
2026-10-09T20:01:42.4625283Z [36;1mgit rev-parse HEAD HEAD^{tree} > .sites-runtime-quality-source.txt[0m
2026-10-09T20:01:42.4870198Z shell: /usr/bin/bash -e {0}
2026-10-09T20:01:42.4871482Z env:
2026-10-09T20:01:42.4872502Z   WRANGLER_SEND_METRICS: false
2026-10-09T20:01:42.4873689Z   CI: true
2026-10-09T20:01:42.4874651Z ##[endgroup]
2026-10-09T20:01:42.5224626Z ##[group]Run actions/setup-node@a0853c24544627f65ddf259abe73b1d18a591444
2026-10-09T20:01:42.5226157Z with:
2026-10-09T20:01:42.5226993Z   node-version: 24
2026-10-09T20:01:42.5227962Z   package-manager-cache: false
2026-10-09T20:01:42.5229043Z   always-auth: false
2026-10-09T20:01:42.5230212Z   check-latest: false
2026-10-09T20:01:42.5239236Z   token: ***
2026-10-09T20:01:42.5240410Z env:
2026-10-09T20:01:42.5241263Z   WRANGLER_SEND_METRICS: false
2026-10-09T20:01:42.5242269Z   CI: true
2026-10-09T20:01:42.5243088Z ##[endgroup]
2026-10-09T20:01:42.6762522Z Found in cache @ /opt/hostedtoolcache/node/24.21.0/x64
2026-10-09T20:01:42.6767094Z (node:2315) [DEP0040] DeprecationWarning: The `punycode` module is deprecated. Please use a userland alternative instead.
2026-10-09T20:01:42.6768346Z (Use `node --trace-deprecation ...` to show where the warning was created)
2026-10-09T20:01:42.6769983Z ##[group]Environment details
2026-10-09T20:01:43.1105446Z node: v24.21.0
2026-10-09T20:01:43.1106310Z npm: 11.19.0
2026-10-09T20:01:43.1106573Z yarn: 1.22.22
2026-10-09T20:01:43.1107436Z ##[endgroup]
2026-10-09T20:01:43.1243661Z ##[group]Run npm install --global pnpm@11.25.0 --ignore-scripts --no-audit --no-fund
2026-10-09T20:01:43.1244448Z [36;1mnpm install --global pnpm@11.25.0 --ignore-scripts --no-audit --no-fund[0m
2026-10-09T20:01:43.1324377Z shell: /usr/bin/bash -e {0}
2026-10-09T20:01:43.1324695Z env:
2026-10-09T20:01:43.1324957Z   WRANGLER_SEND_METRICS: false
2026-10-09T20:01:43.1325261Z   CI: true
2026-10-09T20:01:43.1325502Z ##[endgroup]
2026-10-09T20:01:44.4873934Z 
2026-10-09T20:01:44.4887737Z added 1 package in 1s
2026-10-09T20:01:44.5326546Z ##[group]Run npm run install:ci
2026-10-09T20:01:44.5326912Z [36;1mnpm run install:ci[0m
2026-10-09T20:01:44.5390383Z shell: /usr/bin/bash -e {0}
2026-10-09T20:01:44.5390660Z env:
2026-10-09T20:01:44.5390870Z   WRANGLER_SEND_METRICS: false
2026-10-09T20:01:44.5391116Z   CI: true
2026-10-09T20:01:44.5391306Z ##[endgroup]
2026-10-09T20:01:44.6519805Z 
2026-10-09T20:01:44.6520832Z > site-creator-vinext-starter@0.1.0 install:ci
2026-10-09T20:01:44.6521363Z > bash scripts/install-pnpm.sh
2026-10-09T20:01:44.6521572Z 
2026-10-09T20:01:48.1676412Z Lockfile is up to date, resolution step is skipped
2026-10-09T20:01:48.2547634Z Unsupported platform for @next/swc-darwin-arm64@16.3.8: wanted {"cpu":["arm64"],"os":["darwin"],"libc":["any"]} (current: {"os":"linux","cpu":"x64","libc":"glibc"})
2026-10-09T20:01:48.2572305Z Unsupported platform for @next/swc-darwin-x64@16.3.8: wanted {"cpu":["x64"],"os":["darwin"],"libc":["any"]} (current: {"os":"linux","cpu":"x64","libc":"glibc"})
2026-10-09T20:01:48.2597755Z Unsupported platform for @next/swc-linux-arm64-gnu@16.3.8: wanted {"cpu":["arm64"],"os":["linux"],"libc":["glibc"]} (current: {"os":"linux","cpu":"x64","libc":"glibc"})
2026-10-09T20:01:48.2600458Z Unsupported platform for @next/swc-linux-arm64-musl@16.3.8: wanted {"cpu":["arm64"],"os":["linux"],"libc":["musl"]} (current: {"os":"linux","cpu":"x64","libc":"glibc"})
2026-10-09T20:01:48.2602900Z Unsupported platform for @next/swc-linux-x64-musl@16.3.8: wanted {"cpu":["x64"],"os":["linux"],"libc":["musl"]} (current: {"os":"linux","cpu":"x64","libc":"glibc"})
2026-10-09T20:01:48.2631407Z Unsupported platform for @next/swc-win32-arm64-msvc@16.3.8: wanted {"cpu":["arm64"],"os":["win32"],"libc":["any"]} (current: {"os":"linux","cpu":"x64","libc":"glibc"})
2026-10-09T20:01:48.2633922Z Unsupported platform for @next/swc-win32-x64-msvc@16.3.8: wanted {"cpu":["x64"],"os":["win32"],"libc":["any"]} (current: {"os":"linux","cpu":"x64","libc":"glibc"})
2026-10-09T20:01:48.2636107Z Unsupported platform for fsevents@2.3.3: wanted {"cpu":["any"],"os":["darwin"],"libc":["any"]} (current: {"os":"linux","cpu":"x64","libc":"glibc"})
2026-10-09T20:01:48.2638401Z Unsupported platform for @img/sharp-darwin-arm64@0.35.5: wanted {"cpu":["arm64"],"os":["darwin"],"libc":["any"]} (current: {"os":"linux","cpu":"x64","libc":"glibc"})
2026-10-09T20:01:48.2640931Z Unsupported platform for @img/sharp-darwin-x64@0.35.5: wanted {"cpu":["x64"],"os":["darwin"],"libc":["any"]} (current: {"os":"linux","cpu":"x64","libc":"glibc"})
2026-10-09T20:01:48.2643240Z Unsupported platform for @img/sharp-freebsd-wasm32@0.35.5: wanted {"cpu":["wasm32"],"os":["freebsd"],"libc":["any"]} (current: {"os":"linux","cpu":"x64","libc":"glibc"})
2026-10-09T20:01:48.2645733Z Unsupported platform for @img/sharp-libvips-darwin-arm64@1.3.4: wanted {"cpu":["arm64"],"os":["darwin"],"libc":["any"]} (current: {"os":"linux","cpu":"x64","libc":"glibc"})
2026-10-09T20:01:48.2648175Z Unsupported platform for @img/sharp-libvips-darwin-x64@1.3.4: wanted {"cpu":["x64"],"os":["darwin"],"libc":["any"]} (current: {"os":"linux","cpu":"x64","libc":"glibc"})
2026-10-09T20:01:48.2650845Z Unsupported platform for @img/sharp-libvips-linux-arm@1.3.4: wanted {"cpu":["arm"],"os":["linux"],"libc":["glibc"]} (current: {"os":"linux","cpu":"x64","libc":"glibc"})
2026-10-09T20:01:48.2653319Z Unsupported platform for @img/sharp-libvips-linux-arm64@1.3.4: wanted {"cpu":["arm64"],"os":["linux"],"libc":["glibc"]} (current: {"os":"linux","cpu":"x64","libc":"glibc"})
2026-10-09T20:01:48.2655942Z Unsupported platform for @img/sharp-libvips-linux-ppc64@1.3.4: wanted {"cpu":["ppc64"],"os":["linux"],"libc":["glibc"]} (current: {"os":"linux","cpu":"x64","libc":"glibc"})
2026-10-09T20:01:48.2658961Z Unsupported platform for @img/sharp-libvips-linux-riscv64@1.3.4: wanted {"cpu":["riscv64"],"os":["linux"],"libc":["glibc"]} (current: {"os":"linux","cpu":"x64","libc":"glibc"})
2026-10-09T20:01:48.2662466Z Unsupported platform for @img/sharp-libvips-linux-s390x@1.3.4: wanted {"cpu":["s390x"],"os":["linux"],"libc":["glibc"]} (current: {"os":"linux","cpu":"x64","libc":"glibc"})
2026-10-09T20:01:48.2664997Z Unsupported platform for @img/sharp-libvips-linuxmusl-arm64@1.3.4: wanted {"cpu":["arm64"],"os":["linux"],"libc":["musl"]} (current: {"os":"linux","cpu":"x64","libc":"glibc"})
2026-10-09T20:01:48.2667745Z Unsupported platform for @img/sharp-libvips-linuxmusl-x64@1.3.4: wanted {"cpu":["x64"],"os":["linux"],"libc":["musl"]} (current: {"os":"linux","cpu":"x64","libc":"glibc"})
2026-10-09T20:01:48.2670293Z Unsupported platform for @img/sharp-linux-arm@0.35.5: wanted {"cpu":["arm"],"os":["linux"],"libc":["glibc"]} (current: {"os":"linux","cpu":"x64","libc":"glibc"})
2026-10-09T20:01:48.2672477Z Unsupported platform for @img/sharp-linux-arm64@0.35.5: wanted {"cpu":["arm64"],"os":["linux"],"libc":["glibc"]} (current: {"os":"linux","cpu":"x64","libc":"glibc"})
2026-10-09T20:01:48.2677493Z Unsupported platform for @img/sharp-linux-ppc64@0.35.5: wanted {"cpu":["ppc64"],"os":["linux"],"libc":["glibc"]} (current: {"os":"linux","cpu":"x64","libc":"glibc"})
2026-10-09T20:01:48.2680021Z Unsupported platform for @img/sharp-linux-riscv64@0.35.5: wanted {"cpu":["riscv64"],"os":["linux"],"libc":["glibc"]} (current: {"os":"linux","cpu":"x64","libc":"glibc"})
2026-10-09T20:01:48.2684879Z Unsupported platform for @img/sharp-linux-s390x@0.35.5: wanted {"cpu":["s390x"],"os":["linux"],"libc":["glibc"]} (current: {"os":"linux","cpu":"x64","libc":"glibc"})
2026-10-09T20:01:48.2687174Z Unsupported platform for @img/sharp-linuxmusl-arm64@0.35.5: wanted {"cpu":["arm64"],"os":["linux"],"libc":["musl"]} (current: {"os":"linux","cpu":"x64","libc":"glibc"})
2026-10-09T20:01:48.2690495Z Unsupported platform for @img/sharp-linuxmusl-x64@0.35.5: wanted {"cpu":["x64"],"os":["linux"],"libc":["musl"]} (current: {"os":"linux","cpu":"x64","libc":"glibc"})
2026-10-09T20:01:48.2692836Z Unsupported platform for @img/sharp-webcontainers-wasm32@0.35.5: wanted {"cpu":["wasm32"],"os":["any"],"libc":["any"]} (current: {"os":"linux","cpu":"x64","libc":"glibc"})
2026-10-09T20:01:48.2695233Z Unsupported platform for @img/sharp-win32-arm64@0.35.5: wanted {"cpu":["arm64"],"os":["win32"],"libc":["any"]} (current: {"os":"linux","cpu":"x64","libc":"glibc"})
2026-10-09T20:01:48.2697465Z Unsupported platform for @img/sharp-win32-ia32@0.35.5: wanted {"cpu":["ia32"],"os":["win32"],"libc":["any"]} (current: {"os":"linux","cpu":"x64","libc":"glibc"})
2026-10-09T20:01:48.2699890Z Unsupported platform for @img/sharp-win32-x64@0.35.5: wanted {"cpu":["x64"],"os":["win32"],"libc":["any"]} (current: {"os":"linux","cpu":"x64","libc":"glibc"})
2026-10-09T20:01:48.2702224Z Unsupported platform for @tailwindcss/oxide-android-arm64@4.2.1: wanted {"cpu":["arm64"],"os":["android"],"libc":["any"]} (current: {"os":"linux","cpu":"x64","libc":"glibc"})
2026-10-09T20:01:48.2704645Z Unsupported platform for @tailwindcss/oxide-darwin-arm64@4.2.1: wanted {"cpu":["arm64"],"os":["darwin"],"libc":["any"]} (current: {"os":"linux","cpu":"x64","libc":"glibc"})
2026-10-09T20:01:48.2706987Z Unsupported platform for @tailwindcss/oxide-darwin-x64@4.2.1: wanted {"cpu":["x64"],"os":["darwin"],"libc":["any"]} (current: {"os":"linux","cpu":"x64","libc":"glibc"})
2026-10-09T20:01:48.2709289Z Unsupported platform for @tailwindcss/oxide-freebsd-x64@4.2.1: wanted {"cpu":["x64"],"os":["freebsd"],"libc":["any"]} (current: {"os":"linux","cpu":"x64","libc":"glibc"})
2026-10-09T20:01:48.2713984Z Unsupported platform for @tailwindcss/oxide-linux-arm-gnueabihf@4.2.1: wanted {"cpu":["arm"],"os":["linux"],"libc":["glibc"]} (current: {"os":"linux","cpu":"x64","libc":"glibc"})
2026-10-09T20:01:48.2716454Z Unsupported platform for @tailwindcss/oxide-linux-arm64-gnu@4.2.1: wanted {"cpu":["arm64"],"os":["linux"],"libc":["glibc"]} (current: {"os":"linux","cpu":"x64","libc":"glibc"})
2026-10-09T20:01:48.2719232Z Unsupported platform for @tailwindcss/oxide-linux-arm64-musl@4.2.1: wanted {"cpu":["arm64"],"os":["linux"],"libc":["musl"]} (current: {"os":"linux","cpu":"x64","libc":"glibc"})
2026-10-09T20:01:48.2722248Z Unsupported platform for @tailwindcss/oxide-linux-x64-musl@4.2.1: wanted {"cpu":["x64"],"os":["linux"],"libc":["musl"]} (current: {"os":"linux","cpu":"x64","libc":"glibc"})
2026-10-09T20:01:48.2724617Z Unsupported platform for @tailwindcss/oxide-wasm32-wasi@4.2.1: wanted {"cpu":["wasm32"],"os":["any"],"libc":["any"]} (current: {"os":"linux","cpu":"x64","libc":"glibc"})
2026-10-09T20:01:48.2726988Z Unsupported platform for @tailwindcss/oxide-win32-arm64-msvc@4.2.1: wanted {"cpu":["arm64"],"os":["win32"],"libc":["any"]} (current: {"os":"linux","cpu":"x64","libc":"glibc"})
2026-10-09T20:01:48.2729316Z Unsupported platform for @tailwindcss/oxide-win32-x64-msvc@4.2.1: wanted {"cpu":["x64"],"os":["win32"],"libc":["any"]} (current: {"os":"linux","cpu":"x64","libc":"glibc"})
2026-10-09T20:01:48.2731830Z Unsupported platform for @esbuild/aix-ppc64@0.25.12: wanted {"cpu":["ppc64"],"os":["aix"],"libc":["any"]} (current: {"os":"linux","cpu":"x64","libc":"glibc"})
2026-10-09T20:01:48.2733988Z Unsupported platform for @esbuild/android-arm@0.25.12: wanted {"cpu":["arm"],"os":["android"],"libc":["any"]} (current: {"os":"linux","cpu":"x64","libc":"glibc"})
2026-10-09T20:01:48.2736208Z Unsupported platform for @esbuild/android-arm64@0.25.12: wanted {"cpu":["arm64"],"os":["android"],"libc":["any"]} (current: {"os":"linux","cpu":"x64","libc":"glibc"})
2026-10-09T20:01:48.2738438Z Unsupported platform for @esbuild/android-x64@0.25.12: wanted {"cpu":["x64"],"os":["android"],"libc":["any"]} (current: {"os":"linux","cpu":"x64","libc":"glibc"})
2026-10-09T20:01:48.2742313Z Unsupported platform for @esbuild/darwin-arm64@0.25.12: wanted {"cpu":["arm64"],"os":["darwin"],"libc":["any"]} (current: {"os":"linux","cpu":"x64","libc":"glibc"})
2026-10-09T20:01:48.2744410Z Unsupported platform for @esbuild/darwin-x64@0.25.12: wanted {"cpu":["x64"],"os":["darwin"],"libc":["any"]} (current: {"os":"linux","cpu":"x64","libc":"glibc"})
2026-10-09T20:01:48.2746635Z Unsupported platform for @esbuild/freebsd-arm64@0.25.12: wanted {"cpu":["arm64"],"os":["freebsd"],"libc":["any"]} (current: {"os":"linux","cpu":"x64","libc":"glibc"})
2026-10-09T20:01:48.2748846Z Unsupported platform for @esbuild/freebsd-x64@0.25.12: wanted {"cpu":["x64"],"os":["freebsd"],"libc":["any"]} (current: {"os":"linux","cpu":"x64","libc":"glibc"})
2026-10-09T20:01:48.2751273Z Unsupported platform for @esbuild/linux-arm@0.25.12: wanted {"cpu":["arm"],"os":["linux"],"libc":["any"]} (current: {"os":"linux","cpu":"x64","libc":"glibc"})
2026-10-09T20:01:48.2753360Z Unsupported platform for @esbuild/linux-arm64@0.25.12: wanted {"cpu":["arm64"],"os":["linux"],"libc":["any"]} (current: {"os":"linux","cpu":"x64","libc":"glibc"})
2026-10-09T20:01:48.2755491Z Unsupported platform for @esbuild/linux-ia32@0.25.12: wanted {"cpu":["ia32"],"os":["linux"],"libc":["any"]} (current: {"os":"linux","cpu":"x64","libc":"glibc"})
2026-10-09T20:01:48.2756925Z Unsupported platform for @esbuild/linux-loong64@0.25.12: wanted {"cpu":["loong64"],"os":["linux"],"libc":["any"]} (current: {"os":"linux","cpu":"x64","libc":"glibc"})
2026-10-09T20:01:48.2758118Z Unsupported platform for @esbuild/linux-mips64el@0.25.12: wanted {"cpu":["mips64el"],"os":["linux"],"libc":["any"]} (current: {"os":"linux","cpu":"x64","libc":"glibc"})
2026-10-09T20:01:48.2759289Z Unsupported platform for @esbuild/linux-ppc64@0.25.12: wanted {"cpu":["ppc64"],"os":["linux"],"libc":["any"]} (current: {"os":"linux","cpu":"x64","libc":"glibc"})
2026-10-09T20:01:48.2760815Z Unsupported platform for @esbuild/linux-riscv64@0.25.12: wanted {"cpu":["riscv64"],"os":["linux"],"libc":["any"]} (current: {"os":"linux","cpu":"x64","libc":"glibc"})
2026-10-09T20:01:48.2761938Z Unsupported platform for @esbuild/linux-s390x@0.25.12: wanted {"cpu":["s390x"],"os":["linux"],"libc":["any"]} (current: {"os":"linux","cpu":"x64","libc":"glibc"})
2026-10-09T20:01:48.2763391Z Unsupported platform for @esbuild/netbsd-arm64@0.25.12: wanted {"cpu":["arm64"],"os":["netbsd"],"libc":["any"]} (current: {"os":"linux","cpu":"x64","libc":"glibc"})
2026-10-09T20:01:48.2764626Z Unsupported platform for @esbuild/netbsd-x64@0.25.12: wanted {"cpu":["x64"],"os":["netbsd"],"libc":["any"]} (current: {"os":"linux","cpu":"x64","libc":"glibc"})
2026-10-09T20:01:48.2765765Z Unsupported platform for @esbuild/openbsd-arm64@0.25.12: wanted {"cpu":["arm64"],"os":["openbsd"],"libc":["any"]} (current: {"os":"linux","cpu":"x64","libc":"glibc"})
2026-10-09T20:01:48.2766885Z Unsupported platform for @esbuild/openbsd-x64@0.25.12: wanted {"cpu":["x64"],"os":["openbsd"],"libc":["any"]} (current: {"os":"linux","cpu":"x64","libc":"glibc"})
2026-10-09T20:01:48.2768056Z Unsupported platform for @esbuild/openharmony-arm64@0.25.12: wanted {"cpu":["arm64"],"os":["openharmony"],"libc":["any"]} (current: {"os":"linux","cpu":"x64","libc":"glibc"})
2026-10-09T20:01:48.2769198Z Unsupported platform for @esbuild/sunos-x64@0.25.12: wanted {"cpu":["x64"],"os":["sunos"],"libc":["any"]} (current: {"os":"linux","cpu":"x64","libc":"glibc"})
2026-10-09T20:01:48.2771354Z Unsupported platform for @esbuild/win32-arm64@0.25.12: wanted {"cpu":["arm64"],"os":["win32"],"libc":["any"]} (current: {"os":"linux","cpu":"x64","libc":"glibc"})
2026-10-09T20:01:48.2772530Z Unsupported platform for @esbuild/win32-ia32@0.25.12: wanted {"cpu":["ia32"],"os":["win32"],"libc":["any"]} (current: {"os":"linux","cpu":"x64","libc":"glibc"})
2026-10-09T20:01:48.2773683Z Unsupported platform for @esbuild/win32-x64@0.25.12: wanted {"cpu":["x64"],"os":["win32"],"libc":["any"]} (current: {"os":"linux","cpu":"x64","libc":"glibc"})
2026-10-09T20:01:48.2774954Z Unsupported platform for lightningcss-android-arm64@1.32.0: wanted {"cpu":["arm64"],"os":["android"],"libc":["any"]} (current: {"os":"linux","cpu":"x64","libc":"glibc"})
2026-10-09T20:01:48.2776425Z Unsupported platform for lightningcss-darwin-arm64@1.32.0: wanted {"cpu":["arm64"],"os":["darwin"],"libc":["any"]} (current: {"os":"linux","cpu":"x64","libc":"glibc"})
2026-10-09T20:01:48.2778560Z Unsupported platform for lightningcss-darwin-x64@1.32.0: wanted {"cpu":["x64"],"os":["darwin"],"libc":["any"]} (current: {"os":"linux","cpu":"x64","libc":"glibc"})
2026-10-09T20:01:48.2781069Z Unsupported platform for lightningcss-freebsd-x64@1.32.0: wanted {"cpu":["x64"],"os":["freebsd"],"libc":["any"]} (current: {"os":"linux","cpu":"x64","libc":"glibc"})
2026-10-09T20:01:48.2783376Z Unsupported platform for lightningcss-linux-arm-gnueabihf@1.32.0: wanted {"cpu":["arm"],"os":["linux"],"libc":["glibc"]} (current: {"os":"linux","cpu":"x64","libc":"glibc"})
2026-10-09T20:01:48.2785717Z Unsupported platform for lightningcss-linux-arm64-gnu@1.32.0: wanted {"cpu":["arm64"],"os":["linux"],"libc":["glibc"]} (current: {"os":"linux","cpu":"x64","libc":"glibc"})
2026-10-09T20:01:48.2788055Z Unsupported platform for lightningcss-linux-arm64-musl@1.32.0: wanted {"cpu":["arm64"],"os":["linux"],"libc":["musl"]} (current: {"os":"linux","cpu":"x64","libc":"glibc"})
2026-10-09T20:01:48.2790637Z Unsupported platform for lightningcss-linux-x64-musl@1.32.0: wanted {"cpu":["x64"],"os":["linux"],"libc":["musl"]} (current: {"os":"linux","cpu":"x64","libc":"glibc"})
2026-10-09T20:01:48.2792858Z Unsupported platform for lightningcss-win32-arm64-msvc@1.32.0: wanted {"cpu":["arm64"],"os":["win32"],"libc":["any"]} (current: {"os":"linux","cpu":"x64","libc":"glibc"})
2026-10-09T20:01:48.2795019Z Unsupported platform for lightningcss-win32-x64-msvc@1.32.0: wanted {"cpu":["x64"],"os":["win32"],"libc":["any"]} (current: {"os":"linux","cpu":"x64","libc":"glibc"})
2026-10-09T20:01:48.2797258Z Unsupported platform for @rolldown/binding-android-arm64@1.0.3: wanted {"cpu":["arm64"],"os":["android"],"libc":["any"]} (current: {"os":"linux","cpu":"x64","libc":"glibc"})
2026-10-09T20:01:48.2800040Z Unsupported platform for @rolldown/binding-darwin-arm64@1.0.3: wanted {"cpu":["arm64"],"os":["darwin"],"libc":["any"]} (current: {"os":"linux","cpu":"x64","libc":"glibc"})
2026-10-09T20:01:48.2802688Z Unsupported platform for @rolldown/binding-darwin-x64@1.0.3: wanted {"cpu":["x64"],"os":["darwin"],"libc":["any"]} (current: {"os":"linux","cpu":"x64","libc":"glibc"})
2026-10-09T20:01:48.2805138Z Unsupported platform for @rolldown/binding-freebsd-x64@1.0.3: wanted {"cpu":["x64"],"os":["freebsd"],"libc":["any"]} (current: {"os":"linux","cpu":"x64","libc":"glibc"})
2026-10-09T20:01:48.2807390Z Unsupported platform for @rolldown/binding-linux-arm-gnueabihf@1.0.3: wanted {"cpu":["arm"],"os":["linux"],"libc":["glibc"]} (current: {"os":"linux","cpu":"x64","libc":"glibc"})
2026-10-09T20:01:48.2809979Z Unsupported platform for @rolldown/binding-linux-arm64-gnu@1.0.3: wanted {"cpu":["arm64"],"os":["linux"],"libc":["glibc"]} (current: {"os":"linux","cpu":"x64","libc":"glibc"})
2026-10-09T20:01:48.2812347Z Unsupported platform for @rolldown/binding-linux-arm64-musl@1.0.3: wanted {"cpu":["arm64"],"os":["linux"],"libc":["musl"]} (current: {"os":"linux","cpu":"x64","libc":"glibc"})
2026-10-09T20:01:48.2814792Z Unsupported platform for @rolldown/binding-linux-ppc64-gnu@1.0.3: wanted {"cpu":["ppc64"],"os":["linux"],"libc":["glibc"]} (current: {"os":"linux","cpu":"x64","libc":"glibc"})
2026-10-09T20:01:48.2817224Z Unsupported platform for @rolldown/binding-linux-s390x-gnu@1.0.3: wanted {"cpu":["s390x"],"os":["linux"],"libc":["glibc"]} (current: {"os":"linux","cpu":"x64","libc":"glibc"})
2026-10-09T20:01:48.2819829Z Unsupported platform for @rolldown/binding-linux-x64-musl@1.0.3: wanted {"cpu":["x64"],"os":["linux"],"libc":["musl"]} (current: {"os":"linux","cpu":"x64","libc":"glibc"})
2026-10-09T20:01:48.2822226Z Unsupported platform for @rolldown/binding-openharmony-arm64@1.0.3: wanted {"cpu":["arm64"],"os":["openharmony"],"libc":["any"]} (current: {"os":"linux","cpu":"x64","libc":"glibc"})
2026-10-09T20:01:48.2824590Z Unsupported platform for @rolldown/binding-wasm32-wasi@1.0.3: wanted {"cpu":["wasm32"],"os":["any"],"libc":["any"]} (current: {"os":"linux","cpu":"x64","libc":"glibc"})
2026-10-09T20:01:48.2826901Z Unsupported platform for @rolldown/binding-win32-arm64-msvc@1.0.3: wanted {"cpu":["arm64"],"os":["win32"],"libc":["any"]} (current: {"os":"linux","cpu":"x64","libc":"glibc"})
2026-10-09T20:01:48.2829178Z Unsupported platform for @rolldown/binding-win32-x64-msvc@1.0.3: wanted {"cpu":["x64"],"os":["win32"],"libc":["any"]} (current: {"os":"linux","cpu":"x64","libc":"glibc"})
2026-10-09T20:01:48.2831703Z Unsupported platform for @esbuild/aix-ppc64@0.28.1: wanted {"cpu":["ppc64"],"os":["aix"],"libc":["any"]} (current: {"os":"linux","cpu":"x64","libc":"glibc"})
2026-10-09T20:01:48.2833782Z Unsupported platform for @esbuild/android-arm@0.28.1: wanted {"cpu":["arm"],"os":["android"],"libc":["any"]} (current: {"os":"linux","cpu":"x64","libc":"glibc"})
2026-10-09T20:01:48.2835928Z Unsupported platform for @esbuild/android-arm64@0.28.1: wanted {"cpu":["arm64"],"os":["android"],"libc":["any"]} (current: {"os":"linux","cpu":"x64","libc":"glibc"})
2026-10-09T20:01:48.2838035Z Unsupported platform for @esbuild/android-x64@0.28.1: wanted {"cpu":["x64"],"os":["android"],"libc":["any"]} (current: {"os":"linux","cpu":"x64","libc":"glibc"})
2026-10-09T20:01:48.2840380Z Unsupported platform for @esbuild/darwin-arm64@0.28.1: wanted {"cpu":["arm64"],"os":["darwin"],"libc":["any"]} (current: {"os":"linux","cpu":"x64","libc":"glibc"})
2026-10-09T20:01:48.2842440Z Unsupported platform for @esbuild/darwin-x64@0.28.1: wanted {"cpu":["x64"],"os":["darwin"],"libc":["any"]} (current: {"os":"linux","cpu":"x64","libc":"glibc"})
2026-10-09T20:01:48.2844486Z Unsupported platform for @esbuild/freebsd-arm64@0.28.1: wanted {"cpu":["arm64"],"os":["freebsd"],"libc":["any"]} (current: {"os":"linux","cpu":"x64","libc":"glibc"})
2026-10-09T20:01:48.2846468Z Unsupported platform for @esbuild/freebsd-x64@0.28.1: wanted {"cpu":["x64"],"os":["freebsd"],"libc":["any"]} (current: {"os":"linux","cpu":"x64","libc":"glibc"})
2026-10-09T20:01:48.2848326Z Unsupported platform for @esbuild/linux-arm@0.28.1: wanted {"cpu":["arm"],"os":["linux"],"libc":["any"]} (current: {"os":"linux","cpu":"x64","libc":"glibc"})
2026-10-09T20:01:48.2851033Z Unsupported platform for @esbuild/linux-arm64@0.28.1: wanted {"cpu":["arm64"],"os":["linux"],"libc":["any"]} (current: {"os":"linux","cpu":"x64","libc":"glibc"})
2026-10-09T20:01:48.2853028Z Unsupported platform for @esbuild/linux-ia32@0.28.1: wanted {"cpu":["ia32"],"os":["linux"],"libc":["any"]} (current: {"os":"linux","cpu":"x64","libc":"glibc"})
2026-10-09T20:01:48.2855057Z Unsupported platform for @esbuild/linux-loong64@0.28.1: wanted {"cpu":["loong64"],"os":["linux"],"libc":["any"]} (current: {"os":"linux","cpu":"x64","libc":"glibc"})
2026-10-09T20:01:48.2857118Z Unsupported platform for @esbuild/linux-mips64el@0.28.1: wanted {"cpu":["mips64el"],"os":["linux"],"libc":["any"]} (current: {"os":"linux","cpu":"x64","libc":"glibc"})
2026-10-09T20:01:48.2859133Z Unsupported platform for @esbuild/linux-ppc64@0.28.1: wanted {"cpu":["ppc64"],"os":["linux"],"libc":["any"]} (current: {"os":"linux","cpu":"x64","libc":"glibc"})
2026-10-09T20:01:48.2861568Z Unsupported platform for @esbuild/linux-riscv64@0.28.1: wanted {"cpu":["riscv64"],"os":["linux"],"libc":["any"]} (current: {"os":"linux","cpu":"x64","libc":"glibc"})
2026-10-09T20:01:48.2863680Z Unsupported platform for @esbuild/linux-s390x@0.28.1: wanted {"cpu":["s390x"],"os":["linux"],"libc":["any"]} (current: {"os":"linux","cpu":"x64","libc":"glibc"})
2026-10-09T20:01:48.2865689Z Unsupported platform for @esbuild/netbsd-arm64@0.28.1: wanted {"cpu":["arm64"],"os":["netbsd"],"libc":["any"]} (current: {"os":"linux","cpu":"x64","libc":"glibc"})
2026-10-09T20:01:48.2867658Z Unsupported platform for @esbuild/netbsd-x64@0.28.1: wanted {"cpu":["x64"],"os":["netbsd"],"libc":["any"]} (current: {"os":"linux","cpu":"x64","libc":"glibc"})
2026-10-09T20:01:48.2869874Z Unsupported platform for @esbuild/openbsd-arm64@0.28.1: wanted {"cpu":["arm64"],"os":["openbsd"],"libc":["any"]} (current: {"os":"linux","cpu":"x64","libc":"glibc"})
2026-10-09T20:01:48.2871918Z Unsupported platform for @esbuild/openbsd-x64@0.28.1: wanted {"cpu":["x64"],"os":["openbsd"],"libc":["any"]} (current: {"os":"linux","cpu":"x64","libc":"glibc"})
2026-10-09T20:01:48.2874059Z Unsupported platform for @esbuild/openharmony-arm64@0.28.1: wanted {"cpu":["arm64"],"os":["openharmony"],"libc":["any"]} (current: {"os":"linux","cpu":"x64","libc":"glibc"})
2026-10-09T20:01:48.2876145Z Unsupported platform for @esbuild/sunos-x64@0.28.1: wanted {"cpu":["x64"],"os":["sunos"],"libc":["any"]} (current: {"os":"linux","cpu":"x64","libc":"glibc"})
2026-10-09T20:01:48.2878112Z Unsupported platform for @esbuild/win32-arm64@0.28.1: wanted {"cpu":["arm64"],"os":["win32"],"libc":["any"]} (current: {"os":"linux","cpu":"x64","libc":"glibc"})
2026-10-09T20:01:48.2880390Z Unsupported platform for @esbuild/win32-ia32@0.28.1: wanted {"cpu":["ia32"],"os":["win32"],"libc":["any"]} (current: {"os":"linux","cpu":"x64","libc":"glibc"})
2026-10-09T20:01:48.2882675Z Unsupported platform for @esbuild/win32-x64@0.28.1: wanted {"cpu":["x64"],"os":["win32"],"libc":["any"]} (current: {"os":"linux","cpu":"x64","libc":"glibc"})
2026-10-09T20:01:48.2884984Z Unsupported platform for @cloudflare/workerd-darwin-64@1.20260515.1: wanted {"cpu":["x64"],"os":["darwin"],"libc":["any"]} (current: {"os":"linux","cpu":"x64","libc":"glibc"})
2026-10-09T20:01:48.2887333Z Unsupported platform for @cloudflare/workerd-darwin-arm64@1.20260515.1: wanted {"cpu":["arm64"],"os":["darwin"],"libc":["any"]} (current: {"os":"linux","cpu":"x64","libc":"glibc"})
2026-10-09T20:01:48.2890019Z Unsupported platform for @cloudflare/workerd-linux-arm64@1.20260515.1: wanted {"cpu":["arm64"],"os":["linux"],"libc":["any"]} (current: {"os":"linux","cpu":"x64","libc":"glibc"})
2026-10-09T20:01:48.2892324Z Unsupported platform for @cloudflare/workerd-windows-64@1.20260515.1: wanted {"cpu":["x64"],"os":["win32"],"libc":["any"]} (current: {"os":"linux","cpu":"x64","libc":"glibc"})
2026-10-09T20:01:48.2895004Z Unsupported platform for lightningcss-android-arm64@1.31.1: wanted {"cpu":["arm64"],"os":["android"],"libc":["any"]} (current: {"os":"linux","cpu":"x64","libc":"glibc"})
2026-10-09T20:01:48.2897687Z Unsupported platform for lightningcss-darwin-arm64@1.31.1: wanted {"cpu":["arm64"],"os":["darwin"],"libc":["any"]} (current: {"os":"linux","cpu":"x64","libc":"glibc"})
2026-10-09T20:01:48.2900070Z Unsupported platform for lightningcss-darwin-x64@1.31.1: wanted {"cpu":["x64"],"os":["darwin"],"libc":["any"]} (current: {"os":"linux","cpu":"x64","libc":"glibc"})
2026-10-09T20:01:48.2902598Z Unsupported platform for lightningcss-freebsd-x64@1.31.1: wanted {"cpu":["x64"],"os":["freebsd"],"libc":["any"]} (current: {"os":"linux","cpu":"x64","libc":"glibc"})
2026-10-09T20:01:48.2905344Z Unsupported platform for lightningcss-linux-arm-gnueabihf@1.31.1: wanted {"cpu":["arm"],"os":["linux"],"libc":["glibc"]} (current: {"os":"linux","cpu":"x64","libc":"glibc"})
2026-10-09T20:01:48.2908200Z Unsupported platform for lightningcss-linux-arm64-gnu@1.31.1: wanted {"cpu":["arm64"],"os":["linux"],"libc":["glibc"]} (current: {"os":"linux","cpu":"x64","libc":"glibc"})
2026-10-09T20:01:48.2911129Z Unsupported platform for lightningcss-linux-arm64-musl@1.31.1: wanted {"cpu":["arm64"],"os":["linux"],"libc":["musl"]} (current: {"os":"linux","cpu":"x64","libc":"glibc"})
2026-10-09T20:01:48.2913451Z Unsupported platform for lightningcss-linux-x64-musl@1.31.1: wanted {"cpu":["x64"],"os":["linux"],"libc":["musl"]} (current: {"os":"linux","cpu":"x64","libc":"glibc"})
2026-10-09T20:01:48.2916022Z Unsupported platform for lightningcss-win32-arm64-msvc@1.31.1: wanted {"cpu":["arm64"],"os":["win32"],"libc":["any"]} (current: {"os":"linux","cpu":"x64","libc":"glibc"})
2026-10-09T20:01:48.2919161Z Unsupported platform for lightningcss-win32-x64-msvc@1.31.1: wanted {"cpu":["x64"],"os":["win32"],"libc":["any"]} (current: {"os":"linux","cpu":"x64","libc":"glibc"})
2026-10-09T20:01:48.2922157Z Unsupported platform for @unrs/resolver-binding-android-arm-eabi@1.11.1: wanted {"cpu":["arm"],"os":["android"],"libc":["any"]} (current: {"os":"linux","cpu":"x64","libc":"glibc"})
2026-10-09T20:01:48.2956699Z Unsupported platform for @unrs/resolver-binding-android-arm64@1.11.1: wanted {"cpu":["arm64"],"os":["android"],"libc":["any"]} (current: {"os":"linux","cpu":"x64","libc":"glibc"})
2026-10-09T20:01:48.2959270Z Unsupported platform for @unrs/resolver-binding-darwin-arm64@1.11.1: wanted {"cpu":["arm64"],"os":["darwin"],"libc":["any"]} (current: {"os":"linux","cpu":"x64","libc":"glibc"})
2026-10-09T20:01:48.2961896Z Unsupported platform for @unrs/resolver-binding-darwin-x64@1.11.1: wanted {"cpu":["x64"],"os":["darwin"],"libc":["any"]} (current: {"os":"linux","cpu":"x64","libc":"glibc"})
2026-10-09T20:01:48.2964328Z Unsupported platform for @unrs/resolver-binding-freebsd-x64@1.11.1: wanted {"cpu":["x64"],"os":["freebsd"],"libc":["any"]} (current: {"os":"linux","cpu":"x64","libc":"glibc"})
2026-10-09T20:01:48.2966803Z Unsupported platform for @unrs/resolver-binding-linux-arm-gnueabihf@1.11.1: wanted {"cpu":["arm"],"os":["linux"],"libc":["glibc"]} (current: {"os":"linux","cpu":"x64","libc":"glibc"})
2026-10-09T20:01:48.2969329Z Unsupported platform for @unrs/resolver-binding-linux-arm-musleabihf@1.11.1: wanted {"cpu":["arm"],"os":["linux"],"libc":["musl"]} (current: {"os":"linux","cpu":"x64","libc":"glibc"})
2026-10-09T20:01:48.2989239Z Unsupported platform for @unrs/resolver-binding-linux-arm64-gnu@1.11.1: wanted {"cpu":["arm64"],"os":["linux"],"libc":["glibc"]} (current: {"os":"linux","cpu":"x64","libc":"glibc"})
2026-10-09T20:01:48.2991966Z Unsupported platform for @unrs/resolver-binding-linux-arm64-musl@1.11.1: wanted {"cpu":["arm64"],"os":["linux"],"libc":["musl"]} (current: {"os":"linux","cpu":"x64","libc":"glibc"})
2026-10-09T20:01:48.2994435Z Unsupported platform for @unrs/resolver-binding-linux-ppc64-gnu@1.11.1: wanted {"cpu":["ppc64"],"os":["linux"],"libc":["glibc"]} (current: {"os":"linux","cpu":"x64","libc":"glibc"})
2026-10-09T20:01:48.2996926Z Unsupported platform for @unrs/resolver-binding-linux-riscv64-gnu@1.11.1: wanted {"cpu":["riscv64"],"os":["linux"],"libc":["glibc"]} (current: {"os":"linux","cpu":"x64","libc":"glibc"})
2026-10-09T20:01:48.3000279Z Unsupported platform for @unrs/resolver-binding-linux-riscv64-musl@1.11.1: wanted {"cpu":["riscv64"],"os":["linux"],"libc":["musl"]} (current: {"os":"linux","cpu":"x64","libc":"glibc"})
2026-10-09T20:01:48.3002771Z Unsupported platform for @unrs/resolver-binding-linux-s390x-gnu@1.11.1: wanted {"cpu":["s390x"],"os":["linux"],"libc":["glibc"]} (current: {"os":"linux","cpu":"x64","libc":"glibc"})
2026-10-09T20:01:48.3005161Z Unsupported platform for @unrs/resolver-binding-linux-x64-musl@1.11.1: wanted {"cpu":["x64"],"os":["linux"],"libc":["musl"]} (current: {"os":"linux","cpu":"x64","libc":"glibc"})
2026-10-09T20:01:48.3007468Z Unsupported platform for @unrs/resolver-binding-wasm32-wasi@1.11.1: wanted {"cpu":["wasm32"],"os":["any"],"libc":["any"]} (current: {"os":"linux","cpu":"x64","libc":"glibc"})
2026-10-09T20:01:48.3010033Z Unsupported platform for @unrs/resolver-binding-win32-arm64-msvc@1.11.1: wanted {"cpu":["arm64"],"os":["win32"],"libc":["any"]} (current: {"os":"linux","cpu":"x64","libc":"glibc"})
2026-10-09T20:01:48.3012424Z Unsupported platform for @unrs/resolver-binding-win32-ia32-msvc@1.11.1: wanted {"cpu":["ia32"],"os":["win32"],"libc":["any"]} (current: {"os":"linux","cpu":"x64","libc":"glibc"})
2026-10-09T20:01:48.3014760Z Unsupported platform for @unrs/resolver-binding-win32-x64-msvc@1.11.1: wanted {"cpu":["x64"],"os":["win32"],"libc":["any"]} (current: {"os":"linux","cpu":"x64","libc":"glibc"})
2026-10-09T20:01:48.3068816Z Unsupported platform for @next/swc-darwin-arm64@16.3.8: wanted {"cpu":["arm64"],"os":["darwin"],"libc":["any"]} (current: {"os":"linux","cpu":"x64","libc":"glibc"})
2026-10-09T20:01:48.3070870Z Unsupported platform for @next/swc-darwin-x64@16.3.8: wanted {"cpu":["x64"],"os":["darwin"],"libc":["any"]} (current: {"os":"linux","cpu":"x64","libc":"glibc"})
2026-10-09T20:01:48.3072970Z Unsupported platform for @next/swc-linux-arm64-gnu@16.3.8: wanted {"cpu":["arm64"],"os":["linux"],"libc":["glibc"]} (current: {"os":"linux","cpu":"x64","libc":"glibc"})
2026-10-09T20:01:48.3075015Z Unsupported platform for @next/swc-linux-arm64-musl@16.3.8: wanted {"cpu":["arm64"],"os":["linux"],"libc":["musl"]} (current: {"os":"linux","cpu":"x64","libc":"glibc"})
2026-10-09T20:01:48.3077276Z Unsupported platform for @next/swc-linux-x64-musl@16.3.8: wanted {"cpu":["x64"],"os":["linux"],"libc":["musl"]} (current: {"os":"linux","cpu":"x64","libc":"glibc"})
2026-10-09T20:01:48.3079295Z Unsupported platform for @next/swc-win32-arm64-msvc@16.3.8: wanted {"cpu":["arm64"],"os":["win32"],"libc":["any"]} (current: {"os":"linux","cpu":"x64","libc":"glibc"})
2026-10-09T20:01:48.3091527Z Unsupported platform for @next/swc-win32-x64-msvc@16.3.8: wanted {"cpu":["x64"],"os":["win32"],"libc":["any"]} (current: {"os":"linux","cpu":"x64","libc":"glibc"})
2026-10-09T20:01:48.3093707Z Unsupported platform for fsevents@2.3.3: wanted {"cpu":["any"],"os":["darwin"],"libc":["any"]} (current: {"os":"linux","cpu":"x64","libc":"glibc"})
2026-10-09T20:01:48.3095589Z Unsupported platform for @img/sharp-darwin-arm64@0.35.5: wanted {"cpu":["arm64"],"os":["darwin"],"libc":["any"]} (current: {"os":"linux","cpu":"x64","libc":"glibc"})
2026-10-09T20:01:48.3097216Z Unsupported platform for @img/sharp-darwin-x64@0.35.5: wanted {"cpu":["x64"],"os":["darwin"],"libc":["any"]} (current: {"os":"linux","cpu":"x64","libc":"glibc"})
2026-10-09T20:01:48.3100106Z Unsupported platform for @img/sharp-freebsd-wasm32@0.35.5: wanted {"cpu":["wasm32"],"os":["freebsd"],"libc":["any"]} (current: {"os":"linux","cpu":"x64","libc":"glibc"})
2026-10-09T20:01:48.3102844Z Unsupported platform for @img/sharp-libvips-darwin-arm64@1.3.4: wanted {"cpu":["arm64"],"os":["darwin"],"libc":["any"]} (current: {"os":"linux","cpu":"x64","libc":"glibc"})
2026-10-09T20:01:48.3104839Z Unsupported platform for @img/sharp-libvips-darwin-x64@1.3.4: wanted {"cpu":["x64"],"os":["darwin"],"libc":["any"]} (current: {"os":"linux","cpu":"x64","libc":"glibc"})
2026-10-09T20:01:48.3106649Z Unsupported platform for @img/sharp-libvips-linux-arm@1.3.4: wanted {"cpu":["arm"],"os":["linux"],"libc":["glibc"]} (current: {"os":"linux","cpu":"x64","libc":"glibc"})
2026-10-09T20:01:48.3108264Z Unsupported platform for @img/sharp-libvips-linux-arm64@1.3.4: wanted {"cpu":["arm64"],"os":["linux"],"libc":["glibc"]} (current: {"os":"linux","cpu":"x64","libc":"glibc"})
2026-10-09T20:01:48.3110046Z Unsupported platform for @img/sharp-libvips-linux-ppc64@1.3.4: wanted {"cpu":["ppc64"],"os":["linux"],"libc":["glibc"]} (current: {"os":"linux","cpu":"x64","libc":"glibc"})
2026-10-09T20:01:48.3111570Z Unsupported platform for @img/sharp-libvips-linux-riscv64@1.3.4: wanted {"cpu":["riscv64"],"os":["linux"],"libc":["glibc"]} (current: {"os":"linux","cpu":"x64","libc":"glibc"})
2026-10-09T20:01:48.3113019Z Unsupported platform for @img/sharp-libvips-linux-s390x@1.3.4: wanted {"cpu":["s390x"],"os":["linux"],"libc":["glibc"]} (current: {"os":"linux","cpu":"x64","libc":"glibc"})
2026-10-09T20:01:48.3114488Z Unsupported platform for @img/sharp-libvips-linuxmusl-arm64@1.3.4: wanted {"cpu":["arm64"],"os":["linux"],"libc":["musl"]} (current: {"os":"linux","cpu":"x64","libc":"glibc"})
2026-10-09T20:01:48.3115935Z Unsupported platform for @img/sharp-libvips-linuxmusl-x64@1.3.4: wanted {"cpu":["x64"],"os":["linux"],"libc":["musl"]} (current: {"os":"linux","cpu":"x64","libc":"glibc"})
2026-10-09T20:01:48.3117670Z Unsupported platform for @img/sharp-linux-arm@0.35.5: wanted {"cpu":["arm"],"os":["linux"],"libc":["glibc"]} (current: {"os":"linux","cpu":"x64","libc":"glibc"})
2026-10-09T20:01:48.3119848Z Unsupported platform for @img/sharp-linux-arm64@0.35.5: wanted {"cpu":["arm64"],"os":["linux"],"libc":["glibc"]} (current: {"os":"linux","cpu":"x64","libc":"glibc"})
2026-10-09T20:01:48.3121439Z Unsupported platform for @img/sharp-linux-ppc64@0.35.5: wanted {"cpu":["ppc64"],"os":["linux"],"libc":["glibc"]} (current: {"os":"linux","cpu":"x64","libc":"glibc"})
2026-10-09T20:01:48.3122886Z Unsupported platform for @img/sharp-linux-riscv64@0.35.5: wanted {"cpu":["riscv64"],"os":["linux"],"libc":["glibc"]} (current: {"os":"linux","cpu":"x64","libc":"glibc"})
2026-10-09T20:01:48.3124262Z Unsupported platform for @img/sharp-linux-s390x@0.35.5: wanted {"cpu":["s390x"],"os":["linux"],"libc":["glibc"]} (current: {"os":"linux","cpu":"x64","libc":"glibc"})
2026-10-09T20:01:48.3125625Z Unsupported platform for @img/sharp-linuxmusl-arm64@0.35.5: wanted {"cpu":["arm64"],"os":["linux"],"libc":["musl"]} (current: {"os":"linux","cpu":"x64","libc":"glibc"})
2026-10-09T20:01:48.3126992Z Unsupported platform for @img/sharp-linuxmusl-x64@0.35.5: wanted {"cpu":["x64"],"os":["linux"],"libc":["musl"]} (current: {"os":"linux","cpu":"x64","libc":"glibc"})
2026-10-09T20:01:48.3128374Z Unsupported platform for @img/sharp-webcontainers-wasm32@0.35.5: wanted {"cpu":["wasm32"],"os":["any"],"libc":["any"]} (current: {"os":"linux","cpu":"x64","libc":"glibc"})
2026-10-09T20:01:48.3130130Z Unsupported platform for @img/sharp-win32-arm64@0.35.5: wanted {"cpu":["arm64"],"os":["win32"],"libc":["any"]} (current: {"os":"linux","cpu":"x64","libc":"glibc"})
2026-10-09T20:01:48.3132606Z Unsupported platform for @img/sharp-win32-ia32@0.35.5: wanted {"cpu":["ia32"],"os":["win32"],"libc":["any"]} (current: {"os":"linux","cpu":"x64","libc":"glibc"})
2026-10-09T20:01:48.3134537Z Unsupported platform for @img/sharp-win32-x64@0.35.5: wanted {"cpu":["x64"],"os":["win32"],"libc":["any"]} (current: {"os":"linux","cpu":"x64","libc":"glibc"})
2026-10-09T20:01:48.3136607Z Unsupported platform for @tailwindcss/oxide-android-arm64@4.2.1: wanted {"cpu":["arm64"],"os":["android"],"libc":["any"]} (current: {"os":"linux","cpu":"x64","libc":"glibc"})
2026-10-09T20:01:48.3138066Z Unsupported platform for @tailwindcss/oxide-darwin-arm64@4.2.1: wanted {"cpu":["arm64"],"os":["darwin"],"libc":["any"]} (current: {"os":"linux","cpu":"x64","libc":"glibc"})
2026-10-09T20:01:48.3140238Z Unsupported platform for @tailwindcss/oxide-darwin-x64@4.2.1: wanted {"cpu":["x64"],"os":["darwin"],"libc":["any"]} (current: {"os":"linux","cpu":"x64","libc":"glibc"})
2026-10-09T20:01:48.3141990Z Unsupported platform for @tailwindcss/oxide-freebsd-x64@4.2.1: wanted {"cpu":["x64"],"os":["freebsd"],"libc":["any"]} (current: {"os":"linux","cpu":"x64","libc":"glibc"})
2026-10-09T20:01:48.3144861Z Unsupported platform for @tailwindcss/oxide-linux-arm-gnueabihf@4.2.1: wanted {"cpu":["arm"],"os":["linux"],"libc":["glibc"]} (current: {"os":"linux","cpu":"x64","libc":"glibc"})
2026-10-09T20:01:48.3147710Z Unsupported platform for @tailwindcss/oxide-linux-arm64-gnu@4.2.1: wanted {"cpu":["arm64"],"os":["linux"],"libc":["glibc"]} (current: {"os":"linux","cpu":"x64","libc":"glibc"})
2026-10-09T20:01:48.3150715Z Unsupported platform for @tailwindcss/oxide-linux-arm64-musl@4.2.1: wanted {"cpu":["arm64"],"os":["linux"],"libc":["musl"]} (current: {"os":"linux","cpu":"x64","libc":"glibc"})
2026-10-09T20:01:48.3152972Z Unsupported platform for @tailwindcss/oxide-linux-x64-musl@4.2.1: wanted {"cpu":["x64"],"os":["linux"],"libc":["musl"]} (current: {"os":"linux","cpu":"x64","libc":"glibc"})
2026-10-09T20:01:48.3155110Z Unsupported platform for @tailwindcss/oxide-wasm32-wasi@4.2.1: wanted {"cpu":["wasm32"],"os":["any"],"libc":["any"]} (current: {"os":"linux","cpu":"x64","libc":"glibc"})
2026-10-09T20:01:48.3157257Z Unsupported platform for @tailwindcss/oxide-win32-arm64-msvc@4.2.1: wanted {"cpu":["arm64"],"os":["win32"],"libc":["any"]} (current: {"os":"linux","cpu":"x64","libc":"glibc"})
2026-10-09T20:01:48.3159395Z Unsupported platform for @tailwindcss/oxide-win32-x64-msvc@4.2.1: wanted {"cpu":["x64"],"os":["win32"],"libc":["any"]} (current: {"os":"linux","cpu":"x64","libc":"glibc"})
2026-10-09T20:01:48.3163944Z Unsupported platform for @esbuild/aix-ppc64@0.25.12: wanted {"cpu":["ppc64"],"os":["aix"],"libc":["any"]} (current: {"os":"linux","cpu":"x64","libc":"glibc"})
2026-10-09T20:01:48.3165931Z Unsupported platform for @esbuild/android-arm@0.25.12: wanted {"cpu":["arm"],"os":["android"],"libc":["any"]} (current: {"os":"linux","cpu":"x64","libc":"glibc"})
2026-10-09T20:01:48.3167971Z Unsupported platform for @esbuild/android-arm64@0.25.12: wanted {"cpu":["arm64"],"os":["android"],"libc":["any"]} (current: {"os":"linux","cpu":"x64","libc":"glibc"})
2026-10-09T20:01:48.3170061Z Unsupported platform for @esbuild/android-x64@0.25.12: wanted {"cpu":["x64"],"os":["android"],"libc":["any"]} (current: {"os":"linux","cpu":"x64","libc":"glibc"})
2026-10-09T20:01:48.3172269Z Unsupported platform for @esbuild/darwin-arm64@0.25.12: wanted {"cpu":["arm64"],"os":["darwin"],"libc":["any"]} (current: {"os":"linux","cpu":"x64","libc":"glibc"})
2026-10-09T20:01:48.3174449Z Unsupported platform for @esbuild/darwin-x64@0.25.12: wanted {"cpu":["x64"],"os":["darwin"],"libc":["any"]} (current: {"os":"linux","cpu":"x64","libc":"glibc"})
2026-10-09T20:01:48.3176945Z Unsupported platform for @esbuild/freebsd-arm64@0.25.12: wanted {"cpu":["arm64"],"os":["freebsd"],"libc":["any"]} (current: {"os":"linux","cpu":"x64","libc":"glibc"})
2026-10-09T20:01:48.3179044Z Unsupported platform for @esbuild/freebsd-x64@0.25.12: wanted {"cpu":["x64"],"os":["freebsd"],"libc":["any"]} (current: {"os":"linux","cpu":"x64","libc":"glibc"})
2026-10-09T20:01:48.3183383Z Unsupported platform for @esbuild/linux-arm@0.25.12: wanted {"cpu":["arm"],"os":["linux"],"libc":["any"]} (current: {"os":"linux","cpu":"x64","libc":"glibc"})
2026-10-09T20:01:48.3185485Z Unsupported platform for @esbuild/linux-arm64@0.25.12: wanted {"cpu":["arm64"],"os":["linux"],"libc":["any"]} (current: {"os":"linux","cpu":"x64","libc":"glibc"})
2026-10-09T20:01:48.3187634Z Unsupported platform for @esbuild/linux-ia32@0.25.12: wanted {"cpu":["ia32"],"os":["linux"],"libc":["any"]} (current: {"os":"linux","cpu":"x64","libc":"glibc"})
2026-10-09T20:01:48.3190117Z Unsupported platform for @esbuild/linux-loong64@0.25.12: wanted {"cpu":["loong64"],"os":["linux"],"libc":["any"]} (current: {"os":"linux","cpu":"x64","libc":"glibc"})
2026-10-09T20:01:48.3192394Z Unsupported platform for @esbuild/linux-mips64el@0.25.12: wanted {"cpu":["mips64el"],"os":["linux"],"libc":["any"]} (current: {"os":"linux","cpu":"x64","libc":"glibc"})
2026-10-09T20:01:48.3195259Z Unsupported platform for @esbuild/linux-ppc64@0.25.12: wanted {"cpu":["ppc64"],"os":["linux"],"libc":["any"]} (current: {"os":"linux","cpu":"x64","libc":"glibc"})
2026-10-09T20:01:48.3197538Z Unsupported platform for @esbuild/linux-riscv64@0.25.12: wanted {"cpu":["riscv64"],"os":["linux"],"libc":["any"]} (current: {"os":"linux","cpu":"x64","libc":"glibc"})
2026-10-09T20:01:48.3199949Z Unsupported platform for @esbuild/linux-s390x@0.25.12: wanted {"cpu":["s390x"],"os":["linux"],"libc":["any"]} (current: {"os":"linux","cpu":"x64","libc":"glibc"})
2026-10-09T20:01:48.3202078Z Unsupported platform for @esbuild/netbsd-arm64@0.25.12: wanted {"cpu":["arm64"],"os":["netbsd"],"libc":["any"]} (current: {"os":"linux","cpu":"x64","libc":"glibc"})
2026-10-09T20:01:48.3204058Z Unsupported platform for @esbuild/netbsd-x64@0.25.12: wanted {"cpu":["x64"],"os":["netbsd"],"libc":["any"]} (current: {"os":"linux","cpu":"x64","libc":"glibc"})
2026-10-09T20:01:48.3206090Z Unsupported platform for @esbuild/openbsd-arm64@0.25.12: wanted {"cpu":["arm64"],"os":["openbsd"],"libc":["any"]} (current: {"os":"linux","cpu":"x64","libc":"glibc"})
2026-10-09T20:01:48.3208103Z Unsupported platform for @esbuild/openbsd-x64@0.25.12: wanted {"cpu":["x64"],"os":["openbsd"],"libc":["any"]} (current: {"os":"linux","cpu":"x64","libc":"glibc"})
2026-10-09T20:01:48.3210622Z Unsupported platform for @esbuild/openharmony-arm64@0.25.12: wanted {"cpu":["arm64"],"os":["openharmony"],"libc":["any"]} (current: {"os":"linux","cpu":"x64","libc":"glibc"})
2026-10-09T20:01:48.3212679Z Unsupported platform for @esbuild/sunos-x64@0.25.12: wanted {"cpu":["x64"],"os":["sunos"],"libc":["any"]} (current: {"os":"linux","cpu":"x64","libc":"glibc"})
2026-10-09T20:01:48.3214608Z Unsupported platform for @esbuild/win32-arm64@0.25.12: wanted {"cpu":["arm64"],"os":["win32"],"libc":["any"]} (current: {"os":"linux","cpu":"x64","libc":"glibc"})
2026-10-09T20:01:48.3216552Z Unsupported platform for @esbuild/win32-ia32@0.25.12: wanted {"cpu":["ia32"],"os":["win32"],"libc":["any"]} (current: {"os":"linux","cpu":"x64","libc":"glibc"})
2026-10-09T20:01:48.3218451Z Unsupported platform for @esbuild/win32-x64@0.25.12: wanted {"cpu":["x64"],"os":["win32"],"libc":["any"]} (current: {"os":"linux","cpu":"x64","libc":"glibc"})
2026-10-09T20:01:48.3220664Z Unsupported platform for lightningcss-android-arm64@1.32.0: wanted {"cpu":["arm64"],"os":["android"],"libc":["any"]} (current: {"os":"linux","cpu":"x64","libc":"glibc"})
2026-10-09T20:01:48.3222768Z Unsupported platform for lightningcss-darwin-arm64@1.32.0: wanted {"cpu":["arm64"],"os":["darwin"],"libc":["any"]} (current: {"os":"linux","cpu":"x64","libc":"glibc"})
2026-10-09T20:01:48.3224203Z Unsupported platform for lightningcss-darwin-x64@1.32.0: wanted {"cpu":["x64"],"os":["darwin"],"libc":["any"]} (current: {"os":"linux","cpu":"x64","libc":"glibc"})
2026-10-09T20:01:48.3225373Z Unsupported platform for lightningcss-freebsd-x64@1.32.0: wanted {"cpu":["x64"],"os":["freebsd"],"libc":["any"]} (current: {"os":"linux","cpu":"x64","libc":"glibc"})
2026-10-09T20:01:48.3226575Z Unsupported platform for lightningcss-linux-arm-gnueabihf@1.32.0: wanted {"cpu":["arm"],"os":["linux"],"libc":["glibc"]} (current: {"os":"linux","cpu":"x64","libc":"glibc"})
2026-10-09T20:01:48.3227821Z Unsupported platform for lightningcss-linux-arm64-gnu@1.32.0: wanted {"cpu":["arm64"],"os":["linux"],"libc":["glibc"]} (current: {"os":"linux","cpu":"x64","libc":"glibc"})
2026-10-09T20:01:48.3229056Z Unsupported platform for lightningcss-linux-arm64-musl@1.32.0: wanted {"cpu":["arm64"],"os":["linux"],"libc":["musl"]} (current: {"os":"linux","cpu":"x64","libc":"glibc"})
2026-10-09T20:01:48.3230565Z Unsupported platform for lightningcss-linux-x64-musl@1.32.0: wanted {"cpu":["x64"],"os":["linux"],"libc":["musl"]} (current: {"os":"linux","cpu":"x64","libc":"glibc"})
2026-10-09T20:01:48.3231742Z Unsupported platform for lightningcss-win32-arm64-msvc@1.32.0: wanted {"cpu":["arm64"],"os":["win32"],"libc":["any"]} (current: {"os":"linux","cpu":"x64","libc":"glibc"})
2026-10-09T20:01:48.3233505Z Unsupported platform for lightningcss-win32-x64-msvc@1.32.0: wanted {"cpu":["x64"],"os":["win32"],"libc":["any"]} (current: {"os":"linux","cpu":"x64","libc":"glibc"})
2026-10-09T20:01:48.3234718Z Unsupported platform for @rolldown/binding-android-arm64@1.0.3: wanted {"cpu":["arm64"],"os":["android"],"libc":["any"]} (current: {"os":"linux","cpu":"x64","libc":"glibc"})
2026-10-09T20:01:48.3235922Z Unsupported platform for @rolldown/binding-darwin-arm64@1.0.3: wanted {"cpu":["arm64"],"os":["darwin"],"libc":["any"]} (current: {"os":"linux","cpu":"x64","libc":"glibc"})
2026-10-09T20:01:48.3237082Z Unsupported platform for @rolldown/binding-darwin-x64@1.0.3: wanted {"cpu":["x64"],"os":["darwin"],"libc":["any"]} (current: {"os":"linux","cpu":"x64","libc":"glibc"})
2026-10-09T20:01:48.3238236Z Unsupported platform for @rolldown/binding-freebsd-x64@1.0.3: wanted {"cpu":["x64"],"os":["freebsd"],"libc":["any"]} (current: {"os":"linux","cpu":"x64","libc":"glibc"})
2026-10-09T20:01:48.3239688Z Unsupported platform for @rolldown/binding-linux-arm-gnueabihf@1.0.3: wanted {"cpu":["arm"],"os":["linux"],"libc":["glibc"]} (current: {"os":"linux","cpu":"x64","libc":"glibc"})
2026-10-09T20:01:48.3242164Z Unsupported platform for @rolldown/binding-linux-arm64-gnu@1.0.3: wanted {"cpu":["arm64"],"os":["linux"],"libc":["glibc"]} (current: {"os":"linux","cpu":"x64","libc":"glibc"})
2026-10-09T20:01:48.3244499Z Unsupported platform for @rolldown/binding-linux-arm64-musl@1.0.3: wanted {"cpu":["arm64"],"os":["linux"],"libc":["musl"]} (current: {"os":"linux","cpu":"x64","libc":"glibc"})
2026-10-09T20:01:48.3246758Z Unsupported platform for @rolldown/binding-linux-ppc64-gnu@1.0.3: wanted {"cpu":["ppc64"],"os":["linux"],"libc":["glibc"]} (current: {"os":"linux","cpu":"x64","libc":"glibc"})
2026-10-09T20:01:48.3249134Z Unsupported platform for @rolldown/binding-linux-s390x-gnu@1.0.3: wanted {"cpu":["s390x"],"os":["linux"],"libc":["glibc"]} (current: {"os":"linux","cpu":"x64","libc":"glibc"})
2026-10-09T20:01:48.3251713Z Unsupported platform for @rolldown/binding-linux-x64-musl@1.0.3: wanted {"cpu":["x64"],"os":["linux"],"libc":["musl"]} (current: {"os":"linux","cpu":"x64","libc":"glibc"})
2026-10-09T20:01:48.3254273Z Unsupported platform for @rolldown/binding-openharmony-arm64@1.0.3: wanted {"cpu":["arm64"],"os":["openharmony"],"libc":["any"]} (current: {"os":"linux","cpu":"x64","libc":"glibc"})
2026-10-09T20:01:48.3256026Z Unsupported platform for @rolldown/binding-wasm32-wasi@1.0.3: wanted {"cpu":["wasm32"],"os":["any"],"libc":["any"]} (current: {"os":"linux","cpu":"x64","libc":"glibc"})
2026-10-09T20:01:48.3257246Z Unsupported platform for @rolldown/binding-win32-arm64-msvc@1.0.3: wanted {"cpu":["arm64"],"os":["win32"],"libc":["any"]} (current: {"os":"linux","cpu":"x64","libc":"glibc"})
2026-10-09T20:01:48.3258450Z Unsupported platform for @rolldown/binding-win32-x64-msvc@1.0.3: wanted {"cpu":["x64"],"os":["win32"],"libc":["any"]} (current: {"os":"linux","cpu":"x64","libc":"glibc"})
2026-10-09T20:01:48.3259767Z Unsupported platform for @esbuild/aix-ppc64@0.28.1: wanted {"cpu":["ppc64"],"os":["aix"],"libc":["any"]} (current: {"os":"linux","cpu":"x64","libc":"glibc"})
2026-10-09T20:01:48.3260879Z Unsupported platform for @esbuild/android-arm@0.28.1: wanted {"cpu":["arm"],"os":["android"],"libc":["any"]} (current: {"os":"linux","cpu":"x64","libc":"glibc"})
2026-10-09T20:01:48.3262013Z Unsupported platform for @esbuild/android-arm64@0.28.1: wanted {"cpu":["arm64"],"os":["android"],"libc":["any"]} (current: {"os":"linux","cpu":"x64","libc":"glibc"})
2026-10-09T20:01:48.3263119Z Unsupported platform for @esbuild/android-x64@0.28.1: wanted {"cpu":["x64"],"os":["android"],"libc":["any"]} (current: {"os":"linux","cpu":"x64","libc":"glibc"})
2026-10-09T20:01:48.3264222Z Unsupported platform for @esbuild/darwin-arm64@0.28.1: wanted {"cpu":["arm64"],"os":["darwin"],"libc":["any"]} (current: {"os":"linux","cpu":"x64","libc":"glibc"})
2026-10-09T20:01:48.3265507Z Unsupported platform for @esbuild/darwin-x64@0.28.1: wanted {"cpu":["x64"],"os":["darwin"],"libc":["any"]} (current: {"os":"linux","cpu":"x64","libc":"glibc"})
2026-10-09T20:01:48.3266731Z Unsupported platform for @esbuild/freebsd-arm64@0.28.1: wanted {"cpu":["arm64"],"os":["freebsd"],"libc":["any"]} (current: {"os":"linux","cpu":"x64","libc":"glibc"})
2026-10-09T20:01:48.3268601Z Unsupported platform for @esbuild/freebsd-x64@0.28.1: wanted {"cpu":["x64"],"os":["freebsd"],"libc":["any"]} (current: {"os":"linux","cpu":"x64","libc":"glibc"})
2026-10-09T20:01:48.3269898Z Unsupported platform for @esbuild/linux-arm@0.28.1: wanted {"cpu":["arm"],"os":["linux"],"libc":["any"]} (current: {"os":"linux","cpu":"x64","libc":"glibc"})
2026-10-09T20:01:48.3270990Z Unsupported platform for @esbuild/linux-arm64@0.28.1: wanted {"cpu":["arm64"],"os":["linux"],"libc":["any"]} (current: {"os":"linux","cpu":"x64","libc":"glibc"})
2026-10-09T20:01:48.3272081Z Unsupported platform for @esbuild/linux-ia32@0.28.1: wanted {"cpu":["ia32"],"os":["linux"],"libc":["any"]} (current: {"os":"linux","cpu":"x64","libc":"glibc"})
2026-10-09T20:01:48.3273185Z Unsupported platform for @esbuild/linux-loong64@0.28.1: wanted {"cpu":["loong64"],"os":["linux"],"libc":["any"]} (current: {"os":"linux","cpu":"x64","libc":"glibc"})
2026-10-09T20:01:48.3274332Z Unsupported platform for @esbuild/linux-mips64el@0.28.1: wanted {"cpu":["mips64el"],"os":["linux"],"libc":["any"]} (current: {"os":"linux","cpu":"x64","libc":"glibc"})
2026-10-09T20:01:48.3275451Z Unsupported platform for @esbuild/linux-ppc64@0.28.1: wanted {"cpu":["ppc64"],"os":["linux"],"libc":["any"]} (current: {"os":"linux","cpu":"x64","libc":"glibc"})
2026-10-09T20:01:48.3277016Z Unsupported platform for @esbuild/linux-riscv64@0.28.1: wanted {"cpu":["riscv64"],"os":["linux"],"libc":["any"]} (current: {"os":"linux","cpu":"x64","libc":"glibc"})
2026-10-09T20:01:48.3278182Z Unsupported platform for @esbuild/linux-s390x@0.28.1: wanted {"cpu":["s390x"],"os":["linux"],"libc":["any"]} (current: {"os":"linux","cpu":"x64","libc":"glibc"})
2026-10-09T20:01:48.3279315Z Unsupported platform for @esbuild/netbsd-arm64@0.28.1: wanted {"cpu":["arm64"],"os":["netbsd"],"libc":["any"]} (current: {"os":"linux","cpu":"x64","libc":"glibc"})
2026-10-09T20:01:48.3280618Z Unsupported platform for @esbuild/netbsd-x64@0.28.1: wanted {"cpu":["x64"],"os":["netbsd"],"libc":["any"]} (current: {"os":"linux","cpu":"x64","libc":"glibc"})
2026-10-09T20:01:48.3281738Z Unsupported platform for @esbuild/openbsd-arm64@0.28.1: wanted {"cpu":["arm64"],"os":["openbsd"],"libc":["any"]} (current: {"os":"linux","cpu":"x64","libc":"glibc"})
2026-10-09T20:01:48.3282849Z Unsupported platform for @esbuild/openbsd-x64@0.28.1: wanted {"cpu":["x64"],"os":["openbsd"],"libc":["any"]} (current: {"os":"linux","cpu":"x64","libc":"glibc"})
2026-10-09T20:01:48.3284110Z Unsupported platform for @esbuild/openharmony-arm64@0.28.1: wanted {"cpu":["arm64"],"os":["openharmony"],"libc":["any"]} (current: {"os":"linux","cpu":"x64","libc":"glibc"})
2026-10-09T20:01:48.3285620Z Unsupported platform for @esbuild/sunos-x64@0.28.1: wanted {"cpu":["x64"],"os":["sunos"],"libc":["any"]} (current: {"os":"linux","cpu":"x64","libc":"glibc"})
2026-10-09T20:01:48.3286720Z Unsupported platform for @esbuild/win32-arm64@0.28.1: wanted {"cpu":["arm64"],"os":["win32"],"libc":["any"]} (current: {"os":"linux","cpu":"x64","libc":"glibc"})
2026-10-09T20:01:48.3287788Z Unsupported platform for @esbuild/win32-ia32@0.28.1: wanted {"cpu":["ia32"],"os":["win32"],"libc":["any"]} (current: {"os":"linux","cpu":"x64","libc":"glibc"})
2026-10-09T20:01:48.3289056Z Unsupported platform for @esbuild/win32-x64@0.28.1: wanted {"cpu":["x64"],"os":["win32"],"libc":["any"]} (current: {"os":"linux","cpu":"x64","libc":"glibc"})
2026-10-09T20:01:48.3292159Z Unsupported platform for @cloudflare/workerd-darwin-64@1.20260515.1: wanted {"cpu":["x64"],"os":["darwin"],"libc":["any"]} (current: {"os":"linux","cpu":"x64","libc":"glibc"})
2026-10-09T20:01:48.3293982Z Unsupported platform for @cloudflare/workerd-darwin-arm64@1.20260515.1: wanted {"cpu":["arm64"],"os":["darwin"],"libc":["any"]} (current: {"os":"linux","cpu":"x64","libc":"glibc"})
2026-10-09T20:01:48.3295932Z Unsupported platform for @cloudflare/workerd-linux-arm64@1.20260515.1: wanted {"cpu":["arm64"],"os":["linux"],"libc":["any"]} (current: {"os":"linux","cpu":"x64","libc":"glibc"})
2026-10-09T20:01:48.3297803Z Unsupported platform for @cloudflare/workerd-windows-64@1.20260515.1: wanted {"cpu":["x64"],"os":["win32"],"libc":["any"]} (current: {"os":"linux","cpu":"x64","libc":"glibc"})
2026-10-09T20:01:48.3299833Z Unsupported platform for lightningcss-android-arm64@1.31.1: wanted {"cpu":["arm64"],"os":["android"],"libc":["any"]} (current: {"os":"linux","cpu":"x64","libc":"glibc"})
2026-10-09T20:01:48.3301593Z Unsupported platform for lightningcss-darwin-arm64@1.31.1: wanted {"cpu":["arm64"],"os":["darwin"],"libc":["any"]} (current: {"os":"linux","cpu":"x64","libc":"glibc"})
2026-10-09T20:01:48.3303845Z Unsupported platform for lightningcss-darwin-x64@1.31.1: wanted {"cpu":["x64"],"os":["darwin"],"libc":["any"]} (current: {"os":"linux","cpu":"x64","libc":"glibc"})
2026-10-09T20:01:48.3305302Z Unsupported platform for lightningcss-freebsd-x64@1.31.1: wanted {"cpu":["x64"],"os":["freebsd"],"libc":["any"]} (current: {"os":"linux","cpu":"x64","libc":"glibc"})
2026-10-09T20:01:48.3307755Z Unsupported platform for lightningcss-linux-arm-gnueabihf@1.31.1: wanted {"cpu":["arm"],"os":["linux"],"libc":["glibc"]} (current: {"os":"linux","cpu":"x64","libc":"glibc"})
2026-10-09T20:01:48.3309984Z Unsupported platform for lightningcss-linux-arm64-gnu@1.31.1: wanted {"cpu":["arm64"],"os":["linux"],"libc":["glibc"]} (current: {"os":"linux","cpu":"x64","libc":"glibc"})
2026-10-09T20:01:48.3312158Z Unsupported platform for lightningcss-linux-arm64-musl@1.31.1: wanted {"cpu":["arm64"],"os":["linux"],"libc":["musl"]} (current: {"os":"linux","cpu":"x64","libc":"glibc"})
2026-10-09T20:01:48.3314118Z Unsupported platform for lightningcss-linux-x64-musl@1.31.1: wanted {"cpu":["x64"],"os":["linux"],"libc":["musl"]} (current: {"os":"linux","cpu":"x64","libc":"glibc"})
2026-10-09T20:01:48.3316408Z Unsupported platform for lightningcss-win32-arm64-msvc@1.31.1: wanted {"cpu":["arm64"],"os":["win32"],"libc":["any"]} (current: {"os":"linux","cpu":"x64","libc":"glibc"})
2026-10-09T20:01:48.3318218Z Unsupported platform for lightningcss-win32-x64-msvc@1.31.1: wanted {"cpu":["x64"],"os":["win32"],"libc":["any"]} (current: {"os":"linux","cpu":"x64","libc":"glibc"})
2026-10-09T20:01:48.3320743Z Unsupported platform for @unrs/resolver-binding-android-arm-eabi@1.11.1: wanted {"cpu":["arm"],"os":["android"],"libc":["any"]} (current: {"os":"linux","cpu":"x64","libc":"glibc"})
2026-10-09T20:01:48.3323098Z Unsupported platform for @unrs/resolver-binding-android-arm64@1.11.1: wanted {"cpu":["arm64"],"os":["android"],"libc":["any"]} (current: {"os":"linux","cpu":"x64","libc":"glibc"})
2026-10-09T20:01:48.3325380Z Unsupported platform for @unrs/resolver-binding-darwin-arm64@1.11.1: wanted {"cpu":["arm64"],"os":["darwin"],"libc":["any"]} (current: {"os":"linux","cpu":"x64","libc":"glibc"})
2026-10-09T20:01:48.3327594Z Unsupported platform for @unrs/resolver-binding-darwin-x64@1.11.1: wanted {"cpu":["x64"],"os":["darwin"],"libc":["any"]} (current: {"os":"linux","cpu":"x64","libc":"glibc"})
2026-10-09T20:01:48.3330004Z Unsupported platform for @unrs/resolver-binding-freebsd-x64@1.11.1: wanted {"cpu":["x64"],"os":["freebsd"],"libc":["any"]} (current: {"os":"linux","cpu":"x64","libc":"glibc"})
2026-10-09T20:01:48.3332335Z Unsupported platform for @unrs/resolver-binding-linux-arm-gnueabihf@1.11.1: wanted {"cpu":["arm"],"os":["linux"],"libc":["glibc"]} (current: {"os":"linux","cpu":"x64","libc":"glibc"})
2026-10-09T20:01:48.3334732Z Unsupported platform for @unrs/resolver-binding-linux-arm-musleabihf@1.11.1: wanted {"cpu":["arm"],"os":["linux"],"libc":["musl"]} (current: {"os":"linux","cpu":"x64","libc":"glibc"})
2026-10-09T20:01:48.3337138Z Unsupported platform for @unrs/resolver-binding-linux-arm64-gnu@1.11.1: wanted {"cpu":["arm64"],"os":["linux"],"libc":["glibc"]} (current: {"os":"linux","cpu":"x64","libc":"glibc"})
2026-10-09T20:01:48.3340174Z Unsupported platform for @unrs/resolver-binding-linux-arm64-musl@1.11.1: wanted {"cpu":["arm64"],"os":["linux"],"libc":["musl"]} (current: {"os":"linux","cpu":"x64","libc":"glibc"})
2026-10-09T20:01:48.3343670Z Unsupported platform for @unrs/resolver-binding-linux-ppc64-gnu@1.11.1: wanted {"cpu":["ppc64"],"os":["linux"],"libc":["glibc"]} (current: {"os":"linux","cpu":"x64","libc":"glibc"})
2026-10-09T20:01:48.3346213Z Unsupported platform for @unrs/resolver-binding-linux-riscv64-gnu@1.11.1: wanted {"cpu":["riscv64"],"os":["linux"],"libc":["glibc"]} (current: {"os":"linux","cpu":"x64","libc":"glibc"})
2026-10-09T20:01:48.3348802Z Unsupported platform for @unrs/resolver-binding-linux-riscv64-musl@1.11.1: wanted {"cpu":["riscv64"],"os":["linux"],"libc":["musl"]} (current: {"os":"linux","cpu":"x64","libc":"glibc"})
2026-10-09T20:01:48.3351574Z Unsupported platform for @unrs/resolver-binding-linux-s390x-gnu@1.11.1: wanted {"cpu":["s390x"],"os":["linux"],"libc":["glibc"]} (current: {"os":"linux","cpu":"x64","libc":"glibc"})
2026-10-09T20:01:48.3354035Z Unsupported platform for @unrs/resolver-binding-linux-x64-musl@1.11.1: wanted {"cpu":["x64"],"os":["linux"],"libc":["musl"]} (current: {"os":"linux","cpu":"x64","libc":"glibc"})
2026-10-09T20:01:48.3356428Z Unsupported platform for @unrs/resolver-binding-wasm32-wasi@1.11.1: wanted {"cpu":["wasm32"],"os":["any"],"libc":["any"]} (current: {"os":"linux","cpu":"x64","libc":"glibc"})
2026-10-09T20:01:48.3358858Z Unsupported platform for @unrs/resolver-binding-win32-arm64-msvc@1.11.1: wanted {"cpu":["arm64"],"os":["win32"],"libc":["any"]} (current: {"os":"linux","cpu":"x64","libc":"glibc"})
2026-10-09T20:01:48.3361678Z Unsupported platform for @unrs/resolver-binding-win32-ia32-msvc@1.11.1: wanted {"cpu":["ia32"],"os":["win32"],"libc":["any"]} (current: {"os":"linux","cpu":"x64","libc":"glibc"})
2026-10-09T20:01:48.3364095Z Unsupported platform for @unrs/resolver-binding-win32-x64-msvc@1.11.1: wanted {"cpu":["x64"],"os":["win32"],"libc":["any"]} (current: {"os":"linux","cpu":"x64","libc":"glibc"})
2026-10-09T20:02:18.3365587Z [sites] pnpm reused 0 packages and downloaded 642
2026-10-09T20:02:18.3366087Z [sites] dependency setup passed
2026-10-09T20:02:18.3524989Z ##[group]Run npm run check
2026-10-09T20:02:18.3525317Z [36;1mnpm run check[0m
2026-10-09T20:02:18.3525543Z [36;1mnpm run lint[0m
2026-10-09T20:02:18.3589074Z shell: /usr/bin/bash -e {0}
2026-10-09T20:02:18.3589337Z env:
2026-10-09T20:02:18.3589947Z   WRANGLER_SEND_METRICS: false
2026-10-09T20:02:18.3590199Z   CI: true
2026-10-09T20:02:18.3590390Z ##[endgroup]
2026-10-09T20:02:18.4626301Z 
2026-10-09T20:02:18.4626877Z > site-creator-vinext-starter@0.1.0 check
2026-10-09T20:02:18.4627478Z > tsc --noEmit
2026-10-09T20:02:18.4627659Z 
2026-10-09T20:02:27.9541642Z 
2026-10-09T20:02:27.9542362Z > site-creator-vinext-starter@0.1.0 lint
2026-10-09T20:02:27.9543551Z > eslint app components lib hooks db vite.config.ts next.config.ts mobile/App.tsx mobile/src --ignore-pattern mobile/src/shared
2026-10-09T20:02:27.9544208Z 
2026-10-09T20:02:42.2311296Z ##[group]Run npm ci --no-audit --no-fund --ignore-scripts
2026-10-09T20:02:42.2311742Z [36;1mnpm ci --no-audit --no-fund --ignore-scripts[0m
2026-10-09T20:02:42.2374360Z shell: /usr/bin/bash -e {0}
2026-10-09T20:02:42.2374609Z env:
2026-10-09T20:02:42.2374822Z   WRANGLER_SEND_METRICS: false
2026-10-09T20:02:42.2375067Z   CI: true
2026-10-09T20:02:42.2375256Z ##[endgroup]
2026-10-09T20:02:53.8352592Z 
2026-10-09T20:02:53.8353450Z added 514 packages in 12s
2026-10-09T20:02:53.8773539Z ##[group]Run npm run test:regression
2026-10-09T20:02:53.8773909Z [36;1mnpm run test:regression[0m
2026-10-09T20:02:53.8774259Z [36;1mpython3 scripts/test-native-artifact-inspector.py[0m
2026-10-09T20:02:53.8774659Z [36;1mpython3 scripts/test-apk-rule-extractor.py[0m
2026-10-09T20:02:53.8775014Z [36;1mpython3 scripts/test-native-change-gate.py[0m
2026-10-09T20:02:53.8840647Z shell: /usr/bin/bash -e {0}
2026-10-09T20:02:53.8840917Z env:
2026-10-09T20:02:53.8841126Z   WRANGLER_SEND_METRICS: false
2026-10-09T20:02:53.8841384Z   CI: true
2026-10-09T20:02:53.8841590Z ##[endgroup]
2026-10-09T20:02:53.9897020Z 
2026-10-09T20:02:53.9900514Z > site-creator-vinext-starter@0.1.0 test:regression
2026-10-09T20:02:53.9901260Z > node scripts/check-all.cjs
2026-10-09T20:02:53.9901575Z 
2026-10-09T20:02:54.0202334Z Checking check-audit.cjs
2026-10-09T20:02:54.7023232Z PASS New competition blocks an existing jump session before start
2026-10-09T20:02:54.7042026Z PASS Cascade rejects new competition proximity without moving any dates
2026-10-09T20:02:54.7050665Z PASS Unchanged jump sessions are rechecked when another workout moves
2026-10-09T20:02:54.7059781Z PASS Restore cannot create a workout collision
2026-10-09T20:02:54.7067135Z PASS Restore rejects an existing fixed commitment
2026-10-09T20:02:54.7078331Z PASS Long machine labels and unbounded timed additions fail before mutation
2026-10-09T20:02:54.7083722Z PASS Non-finite target ranges are rejected
2026-10-09T20:02:54.7090307Z PASS Full archive rejects new block without deleting existing plans
2026-10-09T20:02:54.7119336Z PASS Return preview clears old accepted weights and leaves history intact
2026-10-09T20:02:54.7128687Z PASS Prerequisites use the latest timestamp regardless of array ordering
2026-10-09T20:02:54.7140264Z PASS Unknown side values are rejected; alternating data cannot suggest loads
2026-10-09T20:02:54.7141023Z 11 deep-audit regression checks passed
2026-10-09T20:02:54.7263536Z Checking check-backup.cjs
2026-10-09T20:02:55.4341395Z PASS Backup preserves exact history, unknown and zero loads, Unicode notes and optional measurements
2026-10-09T20:02:55.4367590Z PASS Only reviewed known fields can leave a backup
2026-10-09T20:02:55.4434647Z PASS Restore rejects a stale preview and leaves current records unchanged
2026-10-09T20:02:55.4497391Z PASS Restore protects an in-progress workout
2026-10-09T20:02:55.4640715Z PASS Restored proposals need review; concern holds and logged actuals stay intact
2026-10-09T20:02:55.4691125Z PASS Malformed, prototype-polluting, oversized and invalid-record backups fail before replacement
2026-10-09T20:02:55.4692170Z PASS Assisted or one-sided sets cannot create an adult strength estimate
2026-10-09T20:02:55.4692650Z 7 backup and measurement checks passed.
2026-10-09T20:02:55.4846500Z Checking check-browser-qwen-cache.cjs
2026-10-09T20:02:56.3090168Z PASS browser Qwen IndexedDB transactions: 74 assertions; fake-indexeddb, no browser/OS durability claim.
2026-10-09T20:02:56.3215455Z Checking check-browser-record-store.cjs
2026-10-09T20:02:56.7616081Z PASS browser record store: 76 checks (actual fake-indexeddb transactions, real WebCrypto)
2026-10-09T20:02:56.7776178Z Checking check-browser-storage-ui.cjs
2026-10-09T20:02:59.1927297Z PASS browser storage UI: 8 real compiled callback scenarios (simulated hooks/DOM and vault, not browser acceptance)
2026-10-09T20:02:59.2240781Z Checking check-browser-vault.cjs
2026-10-09T20:02:59.6243505Z PASS browser vault: 133 checks
2026-10-09T20:02:59.6337201Z Checking check-catalog.cjs
2026-10-09T20:03:00.4671634Z PASS All catalog program types start at slot A and preserve safe groups during cascade
2026-10-09T20:03:00.4743336Z PASS Powerlifting includes SBD, contains no endurance, and rejects missing gym
2026-10-09T20:03:00.4752471Z PASS Catalog IDs unique; equipment subdivisions and core present
2026-10-09T20:03:00.4772738Z PASS Customization adds recurring sets without changing history; duplicate and stale writes fail
2026-10-09T20:03:00.4789185Z PASS Added loaded exercise uses its own configured range history for progression
2026-10-09T20:03:00.4798078Z PASS Heavy bench cannot become practice starting load
2026-10-09T20:03:00.4807930Z PASS Volume counts per-hand/per-side multipliers, partial actuals and excludes unknowns
2026-10-09T20:03:00.4981837Z PASS Generated sample gives 34 logs, one partial and nonempty exercise/volume/index charts
2026-10-09T20:03:00.5101225Z PASS Strength index expires each component against today and youth has none
2026-10-09T20:03:00.5102442Z 9 catalog and progress checks passed
2026-10-09T20:03:00.5251479Z Checking check-dependency-policy.cjs
2026-10-09T20:03:00.5522067Z PASS Known findings permit temporary CI work and always block release
2026-10-09T20:03:00.5526233Z PASS Temporary exception fails exactly at expiry and cannot return after it
2026-10-09T20:03:00.5531217Z PASS Additional high issue, critical escalation and lookalike identities fail CI
2026-10-09T20:03:00.5536466Z PASS npm propagated framework entries retain only their exact advisory roots
2026-10-09T20:03:00.5538745Z PASS Both actual audit formats accept clean reports and preserve moderate threshold
2026-10-09T20:03:00.5544277Z PASS Audit error, invalid report, broken chain and misleading counts fail closed
2026-10-09T20:03:00.5546029Z PASS Process failure, unknown mode and invalid clock cannot waive a finding
2026-10-09T20:03:00.5547000Z 7 dependency release-boundary scenarios passed.
2026-10-09T20:03:00.5582588Z Checking check-equipment-capacity.cjs
2026-10-09T20:03:01.1990086Z PASS Dumbbell capacity is per hand, independent of the volume multiplier
2026-10-09T20:03:01.2004501Z PASS Machine capacity needs a label and remains isolated by exact setup and exercise
2026-10-09T20:03:01.2112333Z PASS Unknown capacity permits a supported next step; zero means unavailable
2026-10-09T20:03:01.2127748Z PASS Invalid limits and unsupported exercises are rejected without mutating state
2026-10-09T20:03:01.2142685Z PASS Lower capacity suppresses accepted and historical loads without clamping or deleting records
2026-10-09T20:03:01.2150700Z PASS Both reaching the maximum and an increment overshooting it suppress nextKg
2026-10-09T20:03:01.2196772Z PASS Capacity readiness requires two comparable comfortable exposures
2026-10-09T20:03:01.2221946Z PASS Changing machine setup does not carry comparable load or capacity readiness across
2026-10-09T20:03:01.2348303Z PASS Canonical kilogram limits survive persistence and display-unit changes
2026-10-09T20:03:01.2391402Z PASS Changing a limit stales pending and queued previews, including a load increase
2026-10-09T20:03:01.2506691Z PASS A wider range changes matching future work only and requires explicit acceptance
2026-10-09T20:03:01.2555129Z PASS Tampered capacity patches and capacity changes after preview are rejected
2026-10-09T20:03:01.2631330Z PASS Youth, pure powerlifting, general strength and coach-owned plans do not widen ranges
2026-10-09T20:03:01.2680944Z PASS Wider ranges stop at 20 after new comparable evidence for each accepted range
2026-10-09T20:03:01.2704417Z PASS Capacity progression respects time throughout a 5-week block
2026-10-09T20:03:01.2725348Z PASS Capacity progression respects time throughout a 8-week block
2026-10-09T20:03:01.2745774Z PASS Offline capacity acceptance queues the change without changing targets
2026-10-09T20:03:01.2746538Z 17 equipment-capacity checks passed; 0 failed
2026-10-09T20:03:01.2893575Z Checking check-export-cancellation.cjs
2026-10-09T20:03:01.5977859Z {
2026-10-09T20:03:01.5978304Z   "passed": 3,
2026-10-09T20:03:01.5978697Z   "total": 3,
2026-10-09T20:03:01.5979075Z   "results": [
2026-10-09T20:03:01.5979456Z     {
2026-10-09T20:03:01.5980487Z       "name": "Cancel before async encryption completes prevents any later download",
2026-10-09T20:03:01.5981167Z       "pass": true
2026-10-09T20:03:01.5981497Z     },
2026-10-09T20:03:01.5981775Z     {
2026-10-09T20:03:01.5982381Z       "name": "Unmount before async encryption completes prevents any later download",
2026-10-09T20:03:01.5983569Z       "pass": true
2026-10-09T20:03:01.5983938Z     },
2026-10-09T20:03:01.5984270Z     {
2026-10-09T20:03:01.5984840Z       "name": "An open successful transfer still downloads exactly once",
2026-10-09T20:03:01.5985426Z       "pass": true
2026-10-09T20:03:01.5985787Z     }
2026-10-09T20:03:01.5986137Z   ]
2026-10-09T20:03:01.5986441Z }
2026-10-09T20:03:01.6058435Z Checking check-fitness-evaluation.cjs
2026-10-09T20:03:10.8770668Z PASS evaluation report grading: 21 assertions. All inputs are synthetic; zero actual model evaluations or qualified devices.
2026-10-09T20:03:10.8919771Z Checking check-fitness-grounding.cjs
2026-10-09T20:03:11.7549229Z PASS fitness provenance, bounded retrieval, current-context/output gates and 22 held-out fixture checks: 256 assertions (13 prompts, 9 blocked). Model accuracy: NOT MEASURED.
2026-10-09T20:03:11.7699871Z Checking check-focus.cjs
2026-10-09T20:03:12.3370495Z PASS All four compatible add-ons preserve dates and fit the hard time window
2026-10-09T20:03:12.3378750Z PASS The central buildPlan path applies focus choices
2026-10-09T20:03:12.3385558Z PASS No spare time rejects add-ons without trimming primary work
2026-10-09T20:03:12.3390892Z PASS Jump dose is small, first after warm-up, and capped once per week
2026-10-09T20:03:12.3396924Z PASS Nearby practices can make jump selection unavailable; no date is moved
2026-10-09T20:03:12.3401109Z PASS New jump users need supervision even with self-reported readiness
2026-10-09T20:03:12.3409152Z PASS Youth jump work has one set and needs supervision
2026-10-09T20:03:12.3412509Z PASS Youth weight-management and superset selections cannot add adult doses
2026-10-09T20:03:12.3418750Z PASS Coach and manual tracking remain free of automatic prescriptions
2026-10-09T20:03:12.3426086Z PASS Supersets preserve primary lift dose and combine only assistance rest
2026-10-09T20:03:12.3429843Z PASS Powerlifting main lifts are never forced into a superset
2026-10-09T20:03:12.3435935Z PASS Activity focus does not silently increase a run-only program
2026-10-09T20:03:12.3441098Z PASS Applied focus plans are idempotent
2026-10-09T20:03:12.3441681Z 13 focus checks passed
2026-10-09T20:03:12.3705204Z Checking check-goals.cjs
2026-10-09T20:03:12.6475678Z PASS Empty, unrelated and ignored text suggest nothing
2026-10-09T20:03:12.6491742Z PASS Lifting words map to the specific weight-training goal
2026-10-09T20:03:12.6494980Z PASS Running and mixed goals resolve in a fixed order, with alternatives shown
2026-10-09T20:03:12.6497208Z PASS Sport wins over lifting words and carries a jump hint when jumping is named
2026-10-09T20:03:12.6499212Z PASS Calisthenics, general and beginner wording map to their goals
2026-10-09T20:03:12.6502288Z PASS Every suggested goal has a plain label
2026-10-09T20:03:12.6506245Z PASS Demonstration links: curated video first, then the source page, and only https links
2026-10-09T20:03:12.6508608Z PASS First-time exercises: not logged in any saved workout and not dismissed
2026-10-09T20:03:12.6653892Z PASS Every plan evidence key has a Sources entry, and plans cite the right families
2026-10-09T20:03:12.6654862Z 9 groups, 418 checks passed.
2026-10-09T20:03:12.6736163Z Checking check-library.cjs
2026-10-09T20:03:13.3215453Z PASS Every shipped catalog entry has a complete movement guide and logging convention
2026-10-09T20:03:13.3361081Z   1726 candidate photo references withheld
2026-10-09T20:03:13.3362453Z PASS Unverified photo candidates are withheld; guide and source coverage stays complete
2026-10-09T20:03:13.3364729Z PASS Multiword and common abbreviation searches work regardless of word order
2026-10-09T20:03:13.3494651Z PASS Optional measurements survive a validated save and invalid values are rejected
2026-10-09T20:03:13.3573967Z PASS One-sided and assisted records do not drive load or maximum suggestions
2026-10-09T20:03:13.3647410Z PASS Unsupported timed and skill movements do not produce estimated 1RM points
2026-10-09T20:03:13.3648564Z 6 full-library and measurement checks passed
2026-10-09T20:03:13.3847463Z Checking check-mobile-package.cjs
2026-10-09T20:03:13.5830275Z PASS Current tracked working-tree source ships without requiring a commit
2026-10-09T20:03:13.6675349Z PASS Untracked source, native output, photos and credentials never enter the public starter
2026-10-09T20:03:13.7122065Z PASS Repeated packaging is byte-identical
2026-10-09T20:03:13.9196334Z PASS A referenced local Expo plugin must be tracked and packaged
2026-10-09T20:03:14.4873493Z PASS Local plugin traversal, absolute paths and untracked references fail closed
2026-10-09T20:03:14.5861252Z PASS Tracked generated native output and photo directories remain excluded
2026-10-09T20:03:15.7568935Z PASS Accidentally tracked credential filenames fail closed and preserve the prior archive
2026-10-09T20:03:15.9780012Z PASS Credential content hidden in a tracked source file fails without replacing the archive
2026-10-09T20:03:16.0979979Z PASS Tracked source symlinks cannot expose a file outside the starter
2026-10-09T20:03:16.2105462Z PASS Replacing a tracked source directory with a symlink fails closed
2026-10-09T20:03:16.3230132Z PASS Missing required tracked source fails and keeps the last usable download
2026-10-09T20:03:16.4355443Z PASS A source copy without its Git index cannot silently fall back to scanning local files
2026-10-09T20:03:16.4385853Z 12 mobile source packaging security scenarios passed.
2026-10-09T20:03:16.4432166Z Checking check-named-programs.cjs
2026-10-09T20:03:17.2585350Z PASS 3582 named-template, cross-week cycle, seven-start-day, duration/equipment/age, saved-state, event and manual-authority assertions.
2026-10-09T20:03:17.2840751Z Checking check-native-build-evidence.cjs
2026-10-09T20:03:17.6934405Z test_android_aggregate_actual_source_and_output_checks_remain_strict (__main__.Evidence.test_android_aggregate_actual_source_and_output_checks_remain_strict) ... ok
2026-10-09T20:03:17.6936122Z test_android_aggregate_and_per_abi_copies_bind_one_actual_cache_and_object (__main__.Evidence.test_android_aggregate_and_per_abi_copies_bind_one_actual_cache_and_object) ... ok
2026-10-09T20:03:17.6937640Z test_android_aggregate_only_binds_actual_entry_directory_cache (__main__.Evidence.test_android_aggregate_only_binds_actual_entry_directory_cache) ... ok
2026-10-09T20:03:17.6938775Z test_android_aggregate_wrong_actual_cache_abi_refused (__main__.Evidence.test_android_aggregate_wrong_actual_cache_abi_refused) ... ok
2026-10-09T20:03:17.6940296Z test_android_argument_vector_supported_and_metadata_not_retained (__main__.Evidence.test_android_argument_vector_supported_and_metadata_not_retained) ... ok
2026-10-09T20:03:17.6941748Z test_android_conflicting_aggregate_macro_is_not_ignored_or_deduplicated (__main__.Evidence.test_android_conflicting_aggregate_macro_is_not_ignored_or_deduplicated) ... ok
2026-10-09T20:03:17.6943132Z test_android_cpp_entry_or_mismatched_actual_c_input_refused (__main__.Evidence.test_android_cpp_entry_or_mismatched_actual_c_input_refused) ... ok
2026-10-09T20:03:17.6944404Z test_android_debug_only_and_wrong_or_conflicting_abi_refused (__main__.Evidence.test_android_debug_only_and_wrong_or_conflicting_abi_refused) ... ok
2026-10-09T20:03:17.6945774Z test_android_declared_cache_home_and_cache_directory_bind_exact_module (__main__.Evidence.test_android_declared_cache_home_and_cache_directory_bind_exact_module) ... ok
2026-10-09T20:03:17.6947050Z test_android_duplicate_release_databases_refused (__main__.Evidence.test_android_duplicate_release_databases_refused) ... ok
2026-10-09T20:03:17.6948190Z test_android_entry_directory_outside_module_staging_refused (__main__.Evidence.test_android_entry_directory_outside_module_staging_refused) ... ok
2026-10-09T20:03:17.6949409Z test_android_identical_repeated_invocation_rows_deduplicate (__main__.Evidence.test_android_identical_repeated_invocation_rows_deduplicate) ... ok
2026-10-09T20:03:17.6950906Z test_android_missing_actual_cache_cannot_use_aggregate_parent_cache (__main__.Evidence.test_android_missing_actual_cache_cannot_use_aggregate_parent_cache) ... ok
2026-10-09T20:03:17.6952374Z test_android_missing_empty_or_outside_object_refused (__main__.Evidence.test_android_missing_empty_or_outside_object_refused) ... ok
2026-10-09T20:03:17.6953518Z test_android_multiple_distinct_release_objects_in_one_cache_refused (__main__.Evidence.test_android_multiple_distinct_release_objects_in_one_cache_refused) ... ok
2026-10-09T20:03:17.6954817Z test_android_positive_relwithdebinfo_source_object_and_dependency_receipts (__main__.Evidence.test_android_positive_relwithdebinfo_source_object_and_dependency_receipts) ... ok
2026-10-09T20:03:17.6956232Z test_android_same_object_different_valid_invocations_refused (__main__.Evidence.test_android_same_object_different_valid_invocations_refused) ... ok
2026-10-09T20:03:17.6957482Z test_android_sqlcipher_vendor_route_supported_without_invented_codec_claim (__main__.Evidence.test_android_sqlcipher_vendor_route_supported_without_invented_codec_claim) ... ok
2026-10-09T20:03:17.6958906Z test_android_unresolved_empty_or_signed_dependency_receipts_refused_and_not_copied (__main__.Evidence.test_android_unresolved_empty_or_signed_dependency_receipts_refused_and_not_copied) ... ok
2026-10-09T20:03:17.6961013Z test_exact_macro_spellings_and_distinct_prefix (__main__.Evidence.test_exact_macro_spellings_and_distinct_prefix) ... ok
2026-10-09T20:03:17.6962651Z test_ios_copied_source_or_release_object_absence_refused (__main__.Evidence.test_ios_copied_source_or_release_object_absence_refused) ... ok
2026-10-09T20:03:17.6963847Z test_ios_original_info_or_privacy_inspection_hash_mismatch_refused (__main__.Evidence.test_ios_original_info_or_privacy_inspection_hash_mismatch_refused) ... ok
2026-10-09T20:03:17.6965128Z test_ios_positive_filtered_flags_objects_and_complete_privacy_locations (__main__.Evidence.test_ios_positive_filtered_flags_objects_and_complete_privacy_locations) ... ok
2026-10-09T20:03:17.6966402Z test_ios_string_or_array_flags_are_supported_without_mutating_input (__main__.Evidence.test_ios_string_or_array_flags_are_supported_without_mutating_input) ... ok
2026-10-09T20:03:17.6967696Z test_ios_wrong_target_configuration_platform_or_duplicate_target_refused (__main__.Evidence.test_ios_wrong_target_configuration_platform_or_duplicate_target_refused) ... ok
2026-10-09T20:03:17.6968847Z test_ios_xcconfig_or_gcc_definition_conflicts_refused (__main__.Evidence.test_ios_xcconfig_or_gcc_definition_conflicts_refused) ... ok
2026-10-09T20:03:17.6970599Z test_missing_conflicting_duplicate_or_response_flags_refused (__main__.Evidence.test_missing_conflicting_duplicate_or_response_flags_refused) ... ok
2026-10-09T20:03:17.6972640Z test_privacy_directory_link_cannot_hide_external_sdk_manifest (__main__.Evidence.test_privacy_directory_link_cannot_hide_external_sdk_manifest) ... ok
2026-10-09T20:03:17.6974859Z test_privacy_only_traversed_symlinks_refused_unrelated_code_link_allowed (__main__.Evidence.test_privacy_only_traversed_symlinks_refused_unrelated_code_link_allowed) ... ok
2026-10-09T20:03:17.6976784Z test_privacy_replay_destination_must_be_fresh (__main__.Evidence.test_privacy_replay_destination_must_be_fresh) ... ok
2026-10-09T20:03:17.6978531Z test_source_identity_requires_exact_commit_tree_receipt (__main__.Evidence.test_source_identity_requires_exact_commit_tree_receipt) ... ok
2026-10-09T20:03:17.6979433Z 
2026-10-09T20:03:17.6980026Z ----------------------------------------------------------------------
2026-10-09T20:03:17.6980642Z Ran 31 tests in 0.231s
2026-10-09T20:03:17.6980867Z 
2026-10-09T20:03:17.6980996Z OK
2026-10-09T20:03:17.6981959Z {"passed":true,"scope":"Portable reader fixtures; actual native builds and evidence remain CI qualifications"}
2026-10-09T20:03:17.6990250Z Checking check-native-history.cjs
2026-10-09T20:03:18.9873305Z PASS Whole snapshot migration: plaintext legacy
2026-10-09T20:03:19.5583845Z PASS Whole snapshot migration: encrypted legacy
2026-10-09T20:03:20.1809055Z PASS Whole snapshot migration: encrypted SQL snapshot
2026-10-09T20:03:20.7696648Z PASS Head-only saves preserve exact completed ciphertext; append writes only one new entity
2026-10-09T20:03:21.2931638Z PASS Two modules serialize first key creation and preserve the final readable history
2026-10-09T20:03:21.6757447Z PASS Concurrent second-module reads and locked exports wait for a prepared restore
2026-10-09T20:03:22.0705764Z PASS Completed history edit/delete/reorder update only affected entities
2026-10-09T20:03:22.9597568Z PASS Full restore rotates secure key and all entities; reset retires complete history
2026-10-09T20:03:23.5076312Z PASS Locked raw recovery bundle retains the head and every encrypted entity after key loss
2026-10-09T20:03:23.8625801Z PASS Corrupted history refuses reads/saves: missing entity
2026-10-09T20:03:24.2108998Z PASS Corrupted history refuses reads/saves: damaged chunk
2026-10-09T20:03:24.5744907Z PASS Corrupted history refuses reads/saves: authenticated digest mismatch
2026-10-09T20:03:25.1370132Z PASS Stale module compare-and-commit refuses saves after restore
2026-10-09T20:03:25.6693513Z PASS Stale module compare-and-commit refuses saves after reset
2026-10-09T20:03:26.0301441Z PASS Stale replacement refuses before preparing a key ring after other module save
2026-10-09T20:03:26.3930522Z PASS Stale replacement refuses before preparing a key ring after other module restore
2026-10-09T20:03:26.7336460Z PASS Stale replacement refuses before preparing a key ring after other module reset
2026-10-09T20:03:27.1837644Z PASS Repeated current-session edits have bounded persistence work with 3 completed workouts
2026-10-09T20:03:29.6064319Z PASS Repeated current-session edits have bounded persistence work with 2000 completed workouts
2026-10-09T20:03:29.6096423Z EVIDENCE cached current-session persistence [{"history":3,"selects":19,"secureReads":3},{"history":3,"selects":19,"secureReads":3},{"history":2000,"selects":19,"secureReads":3},{"history":2000,"selects":19,"secureReads":3}]
2026-10-09T20:03:30.1600447Z PASS Batch write rollback preserves head, unchanged entities and prior history after SQLITE_FULL
2026-10-09T20:03:30.5177823Z PASS Postcommit readback ambiguity reports failure but retains a complete reopenable generation
2026-10-09T20:03:30.8567748Z PASS Ambiguous migration retains the whole encrypted legacy source and reopens committed entities
2026-10-09T20:03:31.2158798Z PASS Ambiguous restore retains new encrypted entities and both keys until fresh recovery
2026-10-09T20:03:31.5978131Z PASS Interrupted restore secure-key activation retains all entities and both recoverable keys
2026-10-09T20:03:31.9876615Z PASS Same module cannot overwrite installed restore with old UI state after failed acknowledgment
2026-10-09T20:03:32.3516485Z PASS Reset interruption while deleting movefield.restoreKeys.v1 still reopens empty history
2026-10-09T20:03:32.7127263Z PASS Reset interruption while deleting movefield.dataKey.v1 still reopens empty history
2026-10-09T20:03:32.7133725Z PASS native history: 27 scenarios, 192 assertions (actual SQLite/storage/history/crypto; injected OS APIs; no physical-device proof)
2026-10-09T20:03:32.7679380Z Checking check-native-privacy-cleanup.cjs
2026-10-09T20:03:34.1742830Z PASS Validated plaintext migration acknowledges encrypted persistence while denied cleanup is durably pending after reopen
2026-10-09T20:03:35.0968160Z PASS Read-only status and raw recovery retain matching copies; authenticated reopened read retires them without changing revision
2026-10-09T20:03:35.4650896Z PASS Explicit retry authenticates stored records and retires the exact receipted value
2026-10-09T20:03:36.1347306Z PASS Changed legacy copies are preserved and subsequent saves never replace the oldest cleanup fingerprint
2026-10-09T20:03:36.6207850Z PASS Different literal lone UTF-16 surrogates in valid legacy JSON never match the captured copy
2026-10-09T20:03:37.3656074Z PASS Untracked historical copies are reported but never adopted by a later successful save or retry
2026-10-09T20:03:38.0667504Z PASS Unreadable legacy storage cannot fail a valid SQL read/save or supply a cleanup fingerprint
2026-10-09T20:03:38.1225901Z PASS Every first-migration SQL write and precommit fault rolls back the cleanup receipt with the generation
2026-10-09T20:03:38.7770151Z PASS Postcommit readback ambiguity preserves original plaintext and journal until a fresh authenticated read
2026-10-09T20:03:39.4277412Z PASS Missing keys preserve matching pending copies; raw recovery and explicit retry cannot authorize deletion
2026-10-09T20:03:39.9200133Z PASS Ciphertext with valid SQL integrity but failed authentication preserves matching legacy plaintext
2026-10-09T20:03:40.5783729Z PASS Corrupted SQL tombstone is never treated as reset proof and cannot retire a retained copy
2026-10-09T20:03:40.9125826Z PASS Successful but ineffective legacy removal remains pending across restart
2026-10-09T20:03:41.3974233Z PASS Failed cleanup-metadata retirement never reverses durable acknowledgement; missing legacy can be pruned on restart
2026-10-09T20:03:43.9443151Z PASS Malformed cleanup metadata yields unavailable status without blocking encrypted reads or deleting legacy
2026-10-09T20:03:44.5812179Z PASS Status inspection SQL failure cannot turn an acknowledged training save into a save error
2026-10-09T20:03:44.5956859Z PASS Bounded lossless fingerprint preserves Unicode code units across chunk boundaries and stores no plaintext
2026-10-09T20:03:44.6053383Z PASS Oversized old copies are preserved without a hash receipt or deletion, while new encrypted records remain usable
2026-10-09T20:03:44.6191730Z PASS Exact SQL proof is rechecked before legacy deletion and unowned slots are refused
2026-10-09T20:03:45.3949329Z PASS Reset retires current encrypted records and keys but honestly reports retained matching copies; retry later removes them
2026-10-09T20:03:46.6355515Z PASS Reset preserves changed or untracked historical copies and reports attention instead of complete erasure
2026-10-09T20:03:47.2385740Z PASS Setup migration uses the same durable receipt and explicit retry validates its encrypted draft
2026-10-09T20:03:47.2386386Z {
2026-10-09T20:03:47.2386614Z   "checks": 22,
2026-10-09T20:03:47.2386861Z   "evidence": [
2026-10-09T20:03:47.2387595Z     "Validated plaintext migration acknowledges encrypted persistence while denied cleanup is durably pending after reopen",
2026-10-09T20:03:47.2388779Z     "Read-only status and raw recovery retain matching copies; authenticated reopened read retires them without changing revision",
2026-10-09T20:03:47.2390032Z     "Explicit retry authenticates stored records and retires the exact receipted value",
2026-10-09T20:03:47.2390928Z     "Changed legacy copies are preserved and subsequent saves never replace the oldest cleanup fingerprint",
2026-10-09T20:03:47.2391839Z     "Different literal lone UTF-16 surrogates in valid legacy JSON never match the captured copy",
2026-10-09T20:03:47.2393119Z     "Untracked historical copies are reported but never adopted by a later successful save or retry",
2026-10-09T20:03:47.2394334Z     "Unreadable legacy storage cannot fail a valid SQL read/save or supply a cleanup fingerprint",
2026-10-09T20:03:47.2395564Z     "Every first-migration SQL write and precommit fault rolls back the cleanup receipt with the generation",
2026-10-09T20:03:47.2396808Z     "Postcommit readback ambiguity preserves original plaintext and journal until a fresh authenticated read",
2026-10-09T20:03:47.2398327Z     "Missing keys preserve matching pending copies; raw recovery and explicit retry cannot authorize deletion",
2026-10-09T20:03:47.2400029Z     "Ciphertext with valid SQL integrity but failed authentication preserves matching legacy plaintext",
2026-10-09T20:03:47.2401288Z     "Corrupted SQL tombstone is never treated as reset proof and cannot retire a retained copy",
2026-10-09T20:03:47.2402393Z     "Successful but ineffective legacy removal remains pending across restart",
2026-10-09T20:03:47.2403679Z     "Failed cleanup-metadata retirement never reverses durable acknowledgement; missing legacy can be pruned on restart",
2026-10-09T20:03:47.2405092Z     "Malformed cleanup metadata yields unavailable status without blocking encrypted reads or deleting legacy",
2026-10-09T20:03:47.2406659Z     "Status inspection SQL failure cannot turn an acknowledged training save into a save error",
2026-10-09T20:03:47.2407944Z     "Bounded lossless fingerprint preserves Unicode code units across chunk boundaries and stores no plaintext",
2026-10-09T20:03:47.2409349Z     "Oversized old copies are preserved without a hash receipt or deletion, while new encrypted records remain usable",
2026-10-09T20:03:47.2413260Z     "Exact SQL proof is rechecked before legacy deletion and unowned slots are refused",
2026-10-09T20:03:47.2414611Z     "Reset retires current encrypted records and keys but honestly reports retained matching copies; retry later removes them",
2026-10-09T20:03:47.2416066Z     "Reset preserves changed or untracked historical copies and reports attention instead of complete erasure",
2026-10-09T20:03:47.2417376Z     "Setup migration uses the same durable receipt and explicit retry validates its encrypted draft"
2026-10-09T20:03:47.2418161Z   ],
2026-10-09T20:03:47.2419435Z   "limits": "Actual source modules, real node:sqlite transactions and crypto; injected legacy/SecureStore APIs. No OS/process/device or forensic-erasure qualification."
2026-10-09T20:03:47.2420844Z }
2026-10-09T20:03:47.3080624Z Checking check-native-privacy-ui.cjs
2026-10-09T20:03:48.0006290Z PASS Pending cleanup warning is independent and requires an explicit retry
2026-10-09T20:03:48.0257771Z PASS clear status describes older copies honestly
2026-10-09T20:03:48.0526990Z PASS attention status describes older copies honestly
2026-10-09T20:03:48.0778093Z PASS unavailable status describes older copies honestly
2026-10-09T20:03:48.1092950Z PASS Busy retry is disabled and guarded even through its retained callback
2026-10-09T20:03:48.1299421Z PASS Compact global status exposes warnings and keeps clear status quiet
2026-10-09T20:03:48.1713034Z PASS Settings receives privacy status and links without changing it
2026-10-09T20:03:48.1917280Z PASS Privacy and support links open only from accessible user actions
2026-10-09T20:03:48.2151337Z PASS Failed public link is visible, later link supersedes old failure, unmount suppresses results
2026-10-09T20:03:48.3397194Z PASS Startup reads older-copy status even when saved training cannot open
2026-10-09T20:03:48.4405558Z PASS Privacy read failure cannot change a durable save to failure
2026-10-09T20:03:48.5551907Z PASS Save failure and privacy attention remain independent
2026-10-09T20:03:48.6339381Z PASS Newer privacy status suppresses older pending read after a save
2026-10-09T20:03:48.7380864Z PASS Successful restore refreshes privacy without turning status failure into restore failure
2026-10-09T20:03:48.8176871Z PASS stale restore preserves a pending save saved result
2026-10-09T20:03:48.9131054Z PASS stale restore preserves a pending save failed result
2026-10-09T20:03:49.0219434Z PASS failed restore preserves a pending save saved result
2026-10-09T20:03:49.1154565Z PASS failed restore preserves a pending save failed result
2026-10-09T20:03:49.2024915Z PASS failed reset preserves a pending save saved result
2026-10-09T20:03:49.2818629Z PASS failed reset preserves a pending save failed result
2026-10-09T20:03:49.3793515Z PASS Unmount suppresses rejected restore and never refreshes privacy afterward
2026-10-09T20:03:49.4509114Z PASS Reset preserves a truthful older-copy warning and saves an empty current state
2026-10-09T20:03:49.5308003Z PASS Denied retry stays a privacy issue and cannot trigger a training save
2026-10-09T20:03:49.5987719Z PASS Repeated retry clicks make one request and later save invalidates old cleanup status
2026-10-09T20:03:49.6805807Z PASS Unmount suppresses pending privacy, save and cleanup callbacks
2026-10-09T20:03:49.6806803Z PASS native privacy UI: 25/25 scenarios, 77 assertions (actual compiled TSX callbacks; mocked storage/native hooks, not physical-device acceptance)
2026-10-09T20:03:49.7124264Z Checking check-native-qwen-files.cjs
2026-10-09T20:03:50.3358001Z PASS catalog, frozen exact consent and no automatic network
2026-10-09T20:03:50.4905039Z PASS actual Expo adapter, bounded hashes, real SQLite commit and reopen
2026-10-09T20:03:50.5630721Z PASS integrity rejects mutate
2026-10-09T20:03:50.6357035Z PASS integrity rejects truncate
2026-10-09T20:03:50.7037579Z PASS integrity rejects extra
2026-10-09T20:03:50.7708918Z PASS integrity rejects bad-progress
2026-10-09T20:03:50.8648646Z PASS same-size damage is detected before runtime callback or reuse
2026-10-09T20:03:50.9561685Z PASS cache eviction reports unavailable and explicit retry repairs it
2026-10-09T20:03:51.0078490Z PASS free space includes complete new files and platform temporary space
2026-10-09T20:03:51.0767322Z PASS cancel before start and while hashing never publishes
2026-10-09T20:03:51.1530196Z PASS hung native cancel, late completion quarantine, bounded retries and delete
2026-10-09T20:03:51.2373740Z PASS idle timeout isolates a hung native writer and no background resume claim
2026-10-09T20:03:51.3811448Z PASS atomic replacement rollback preserves old model files
2026-10-09T20:03:51.4514962Z PASS committed pointer survives failed readback acknowledgement
2026-10-09T20:03:51.5272850Z PASS Cancel after atomic commit reports actual completed files
2026-10-09T20:03:51.6908592Z PASS startup cleanup before and after pointer publication
2026-10-09T20:03:51.7850230Z PASS load lease blocks same-runtime reload, download and deletion
2026-10-09T20:03:51.9475191Z PASS metadata damage is preserved automatically and explicit Delete repairs it
2026-10-09T20:03:52.0226847Z PASS bounded native read errors and cleanup failure remain recoverable
2026-10-09T20:03:52.1275259Z PASS attempt identifier collision never replaces a previous model
2026-10-09T20:03:52.2107888Z PASS explicit delete tombstone survives disk cleanup failure
2026-10-09T20:03:52.2611658Z PASS unknown filesystem entries preserved, no model weights fetched by tests
2026-10-09T20:03:52.3519845Z PASS existing WAL model metadata migrates without receipt or file rewrite
2026-10-09T20:03:52.4379079Z PASS unqualified fresh model transaction refuses before pointer or existing file deletion
2026-10-09T20:03:52.5927366Z PASS different model jobs preserve generations through rollback-journal contention and qualified retry
2026-10-09T20:03:52.5929907Z {"status":"passed","scenarios":25,"assertions":1364,"actualModelDownloads":0,"inferenceRuns":0,"physicalDevicesQualified":0,"adapter":"actual compiled Expo adapter + mock filesystem/transport + real node:sqlite + real SHA-256"}
2026-10-09T20:03:52.6278540Z Checking check-native-qwen-ui.cjs
2026-10-09T20:03:52.9513720Z PASS Mount/open/status/review perform no implicit download or profile access
2026-10-09T20:03:52.9875041Z PASS Review consent is deeply frozen and repeated confirmation starts only one request
2026-10-09T20:03:53.0113378Z PASS A canceled review invalidates its retained confirmation callback
2026-10-09T20:03:53.0371084Z PASS A replacement review cannot authorize an older different confirmation tuple
2026-10-09T20:03:53.0700782Z PASS Completed confirmation cannot restart a download without a new review
2026-10-09T20:03:53.0884515Z PASS Off blocks review and invalidates an already reviewed confirmation
2026-10-09T20:03:53.1091420Z PASS Cancel download suppresses late progress/results and supports a new explicit retry
2026-10-09T20:03:53.1326365Z PASS Close native model files suppresses late progress/results and supports a new explicit retry
2026-10-09T20:03:53.1482236Z PASS Unmount aborts request and suppresses every late state update
2026-10-09T20:03:53.1644796Z PASS background aborts an active request without accepting a late successful receipt
2026-10-09T20:03:53.1805800Z PASS off aborts an active request without accepting a late successful receipt
2026-10-09T20:03:53.1976239Z PASS Late status after close cannot install a stale receipt
2026-10-09T20:03:53.2104893Z PASS Explicit status recheck identifies already finished files after cancellation without retrying network
2026-10-09T20:03:53.2585411Z PASS Download/offer/status errors remain visible and never claim success
2026-10-09T20:03:53.2696674Z PASS Deleting files requires explicit confirmation, preserves profile isolation and saved status on failure
2026-10-09T20:03:53.2831380Z PASS Keep model files invalidates a retained stale delete confirmation
2026-10-09T20:03:53.2944917Z PASS Successful explicit deletion clears only model status and consumes confirmation
2026-10-09T20:03:53.3128419Z PASS Committed deletion with pending temporary cleanup reports retired files accurately
2026-10-09T20:03:53.3240003Z PASS Unreadable local model status still permits explicit file-only deletion recovery
2026-10-09T20:03:53.3348944Z PASS Unmount revokes retained download review confirmation before a request starts
2026-10-09T20:03:53.3456250Z PASS Unmount revokes retained delete review confirmation before a request starts
2026-10-09T20:03:53.3457818Z PASS native Qwen UI: 21/21 scenarios, 96 assertions (actual compiled TSX callbacks; mocked file client/native hooks, not physical-device or inference acceptance)
2026-10-09T20:03:53.3591008Z Checking check-native-record-batches.cjs
2026-10-09T20:03:53.7264821Z PASS Bounded Unicode workout IDs produce private, fixed-width history slot identities
2026-10-09T20:03:53.7455830Z PASS Legacy fixed-slot values remain outside SQL until encrypted head and workout batch verifies
2026-10-09T20:03:53.7540410Z PASS Unknown namespaces, plaintext, invalid revisions and incomplete expected batches mutate no records
2026-10-09T20:03:53.7639283Z PASS Queued batch detaches validated records and expected guards from mutable caller maps
2026-10-09T20:03:53.7822846Z PASS Two independent stores enforce ciphertext CAS and revision guards including empty/reset ABA
2026-10-09T20:03:53.9685711Z PASS Every batch write/precommit failure rolls back head, workouts, revision and legacy cleanup together
2026-10-09T20:03:53.9805779Z PASS Postcommit verification failure reports ambiguity and retains migration input; fresh reopen sees complete new batch
2026-10-09T20:03:53.9923882Z PASS Changed or denied legacy cleanup retains input after committed readback
2026-10-09T20:03:54.0004635Z PASS Changed migration input during the transaction aborts the encrypted install
2026-10-09T20:03:54.0190987Z PASS Restore/reset tombstones all retired owned entities and orphan chunks atomically
2026-10-09T20:03:54.0314265Z PASS Corrupted entity integrity never silently falls back or rewrites a committed head
2026-10-09T20:03:54.6333842Z PASS 2,000 independently encrypted workouts reopen; one active-set head edit rewrites zero historical rows
2026-10-09T20:03:54.6807191Z PASS Owned history enumeration enforces the supported 5,000-record bound
2026-10-09T20:03:54.6807957Z {
2026-10-09T20:03:54.6808189Z   "checks": 13,
2026-10-09T20:03:54.6808440Z   "evidence": [
2026-10-09T20:03:54.6808937Z     "Bounded Unicode workout IDs produce private, fixed-width history slot identities",
2026-10-09T20:03:54.6810187Z     "Legacy fixed-slot values remain outside SQL until encrypted head and workout batch verifies",
2026-10-09T20:03:54.6811578Z     "Unknown namespaces, plaintext, invalid revisions and incomplete expected batches mutate no records",
2026-10-09T20:03:54.6812931Z     "Queued batch detaches validated records and expected guards from mutable caller maps",
2026-10-09T20:03:54.6814280Z     "Two independent stores enforce ciphertext CAS and revision guards including empty/reset ABA",
2026-10-09T20:03:54.6815700Z     "Every batch write/precommit failure rolls back head, workouts, revision and legacy cleanup together",
2026-10-09T20:03:54.6817244Z     "Postcommit verification failure reports ambiguity and retains migration input; fresh reopen sees complete new batch",
2026-10-09T20:03:54.6818543Z     "Changed or denied legacy cleanup retains input after committed readback",
2026-10-09T20:03:54.6819862Z     "Changed migration input during the transaction aborts the encrypted install",
2026-10-09T20:03:54.6820974Z     "Restore/reset tombstones all retired owned entities and orphan chunks atomically",
2026-10-09T20:03:54.6822087Z     "Corrupted entity integrity never silently falls back or rewrites a committed head",
2026-10-09T20:03:54.6823169Z     {
2026-10-09T20:03:54.6823542Z       "workouts": 2000,
2026-10-09T20:03:54.6823950Z       "loggedSets": 24000,
2026-10-09T20:03:54.6824428Z       "activeEditSqlWrites": 4,
2026-10-09T20:03:54.6824935Z       "historyRowsRewritten": 0
2026-10-09T20:03:54.6825349Z     },
2026-10-09T20:03:54.6826197Z     "2,000 independently encrypted workouts reopen; one active-set head edit rewrites zero historical rows",
2026-10-09T20:03:54.6827603Z     "Owned history enumeration enforces the supported 5,000-record bound"
2026-10-09T20:03:54.6828256Z   ],
2026-10-09T20:03:54.6829193Z   "limits": "Real node:sqlite transactions with injected storage failure; no physical phone, OS-kill or power acceptance."
2026-10-09T20:03:54.6830538Z }
2026-10-09T20:03:54.7012007Z Checking check-native-reminder-cleanup.cjs
2026-10-09T20:03:55.0006385Z {
2026-10-09T20:03:55.0006796Z   "passed": 4,
2026-10-09T20:03:55.0007070Z   "total": 4,
2026-10-09T20:03:55.0007302Z   "results": [
2026-10-09T20:03:55.0007518Z     {
2026-10-09T20:03:55.0008018Z       "name": "Off attempts every owned cancellation and dismissal even if the first fails",
2026-10-09T20:03:55.0008511Z       "pass": true
2026-10-09T20:03:55.0008731Z     },
2026-10-09T20:03:55.0008924Z     {
2026-10-09T20:03:55.0009392Z       "name": "A presented-alert enumeration failure still cancels all known scheduled alerts",
2026-10-09T20:03:55.0010227Z       "pass": true
2026-10-09T20:03:55.0010484Z     },
2026-10-09T20:03:55.0010706Z     {
2026-10-09T20:03:55.0011206Z       "name": "Failed cleanup does not create additional schedules or foreground authorization",
2026-10-09T20:03:55.0011721Z       "pass": true
2026-10-09T20:03:55.0011937Z     },
2026-10-09T20:03:55.0012126Z     {
2026-10-09T20:03:55.0012636Z       "name": "Successful cleanup refreshes the selected day and reports true schedule status",
2026-10-09T20:03:55.0013215Z       "pass": true
2026-10-09T20:03:55.0013449Z     }
2026-10-09T20:03:55.0013640Z   ]
2026-10-09T20:03:55.0013853Z }
2026-10-09T20:03:55.0087010Z Checking check-native-security-config.cjs
2026-10-09T20:03:58.6830309Z {"ok":true,"checks":275,"kind":"isolated-expo-prebuild","nativeCompilation":false,"storeAcceptance":false,"physicalDevices":false,"files":{"manifest":"b8bd1f9d9b272855acf3b617d55258181cfc84b9ff5c7c40757b5d99a6a57600","legacyBackup":"b6d25f2b96cdd6b451a701a01ec246934538f89635a534d679e0825dd2f555ee","extraction":"9c0680166f549a448ff3b4acc76af3c08b854ccbb0e9278062fcf8f788504f1b","privacy":"8645807a79663255e71b973dc700b9aa53a471ca7958183bcb8d4107f7ee89b1","sqlite":{"androidCustomBuildFlags":"expo.sqlite.customBuildFlags=-DSQLITE_DEFAULT_SYNCHRONOUS=3","iosCustomBuildFlags":"-DSQLITE_DEFAULT_SYNCHRONOUS=3","gradlePropertiesSha256":"464e15f84ec5d6494c7cb43a7a75997619592e797488a7199221e411b2c18936","podPropertiesSha256":"8e162f4dbba33704fb2ae0291f47f0e86d6f484080431433d98e86344e7895fa"}}}
2026-10-09T20:03:58.6961220Z Checking check-native-sqlite-policy.cjs
2026-10-09T20:03:59.0775330Z PASS Existing real WAL ciphertext migrates to DELETE without row, envelope or key changes; fresh store reads it
2026-10-09T20:03:59.0872293Z PASS Real locked WAL conversion rejects before schema/application writes; original ciphertext and legacy stay readable after retry
2026-10-09T20:03:59.1140433Z PASS Returned non-DELETE, absent and malformed conversion results fail closed before schema SQL
2026-10-09T20:03:59.1373557Z PASS Base mode readback failure preserves data and rejects before schema/application writes
2026-10-09T20:03:59.1502231Z PASS Fresh real SQLite default2 connection is refused despite base3; ciphertext, legacy and revision are unchanged
2026-10-09T20:03:59.1726014Z PASS Fresh transaction non-DELETE/malformed mode refuses application SQL and leaves original generation
2026-10-09T20:03:59.1783240Z PASS Mode assertions are read-only within a real begun transaction and rollback callback failure
2026-10-09T20:03:59.1784122Z {
2026-10-09T20:03:59.1784447Z   "status": "passed",
2026-10-09T20:03:59.1784832Z   "scenarios": 7,
2026-10-09T20:03:59.1785525Z   "evidence": [
2026-10-09T20:03:59.1786490Z     "Existing real WAL ciphertext migrates to DELETE without row, envelope or key changes; fresh store reads it",
2026-10-09T20:03:59.1787968Z     "Real locked WAL conversion rejects before schema/application writes; original ciphertext and legacy stay readable after retry",
2026-10-09T20:03:59.1789818Z     "Returned non-DELETE, absent and malformed conversion results fail closed before schema SQL",
2026-10-09T20:03:59.1791149Z     "Base mode readback failure preserves data and rejects before schema/application writes",
2026-10-09T20:03:59.1792375Z     "Fresh real SQLite default2 connection is refused despite base3; ciphertext, legacy and revision are unchanged",
2026-10-09T20:03:59.1793706Z     "Fresh transaction non-DELETE/malformed mode refuses application SQL and leaves original generation",
2026-10-09T20:03:59.1794930Z     "Mode assertions are read-only within a real begun transaction and rollback callback failure"
2026-10-09T20:03:59.1795659Z   ],
2026-10-09T20:03:59.1797310Z   "limits": "Real host node:sqlite file/locking/rollback checks; native compile default3 is modeled in the transaction harness. No actual corruption reproduction, power-cut, Expo Go, Android/iOS device or store qualification."
2026-10-09T20:03:59.1798894Z }
2026-10-09T20:03:59.1895088Z Checking check-native-sqlite.cjs
2026-10-09T20:03:59.6503475Z PASS Opaque encrypted snapshot is chunked, committed, hashed and readable after fresh store open
2026-10-09T20:03:59.6584160Z PASS Plaintext and unknown slots are refused before database mutation; legacy plaintext remains outside SQL
2026-10-09T20:03:59.6769850Z PASS Legacy cleanup failure never resurrects state or journal after transactional tombstones
2026-10-09T20:03:59.8269963Z PASS Every SQL write/precommit failure rolls back ciphertext and manifest to the previous readable generation
2026-10-09T20:03:59.8450924Z PASS In-transaction corrupted readback aborts update; old generation and retained legacy remain
2026-10-09T20:03:59.8575531Z PASS Postcommit readback failure is surfaced and keeps legacy; persisted new snapshot remains reopenable
2026-10-09T20:03:59.9906043Z PASS Missing, damaged or false-tombstone chunks are rejected without legacy fallback or replacement
2026-10-09T20:04:03.2862559Z PASS 2,000 workouts with 24,000 logged sets and Unicode notes save, decrypt and reopen through real SQLite
2026-10-09T20:04:03.7012994Z PASS Validated plaintext legacy migration seals before SQL persistence and is idempotent
2026-10-09T20:04:04.0579134Z PASS Encrypted legacy without its SecureStore key is retained, never imported or overwritten
2026-10-09T20:04:04.4270501Z PASS Migration failure retains exact legacy ciphertext and existing key; retry succeeds
2026-10-09T20:04:04.4431765Z PASS Partial multi-slot deletion failure rolls back every tombstone and ciphertext together
2026-10-09T20:04:04.8221438Z PASS Interrupted secure-key activation recovers installed SQLite restore from a fresh module
2026-10-09T20:04:05.3423755Z PASS Protected native restore/reset key lifecycle survives SQLite persistence and tombstones
2026-10-09T20:04:05.3424589Z {
2026-10-09T20:04:05.3424889Z   "checks": 14,
2026-10-09T20:04:05.3425225Z   "evidence": [
2026-10-09T20:04:05.3425982Z     "Opaque encrypted snapshot is chunked, committed, hashed and readable after fresh store open",
2026-10-09T20:04:05.3427127Z     "Plaintext and unknown slots are refused before database mutation; legacy plaintext remains outside SQL",
2026-10-09T20:04:05.3428185Z     "Legacy cleanup failure never resurrects state or journal after transactional tombstones",
2026-10-09T20:04:05.3429883Z     "Every SQL write/precommit failure rolls back ciphertext and manifest to the previous readable generation",
2026-10-09T20:04:05.3431307Z     "In-transaction corrupted readback aborts update; old generation and retained legacy remain",
2026-10-09T20:04:05.3432667Z     "Postcommit readback failure is surfaced and keeps legacy; persisted new snapshot remains reopenable",
2026-10-09T20:04:05.3434380Z     "Missing, damaged or false-tombstone chunks are rejected without legacy fallback or replacement",
2026-10-09T20:04:05.3435236Z     {
2026-10-09T20:04:05.3435570Z       "jsonChars": 2525298,
2026-10-09T20:04:05.3436067Z       "encryptedBytes": 5083366,
2026-10-09T20:04:05.3436586Z       "maximumChunkChars": 131072
2026-10-09T20:04:05.3437061Z     },
2026-10-09T20:04:05.3438066Z     "2,000 workouts with 24,000 logged sets and Unicode notes save, decrypt and reopen through real SQLite",
2026-10-09T20:04:05.3439245Z     "Validated plaintext legacy migration seals before SQL persistence and is idempotent",
2026-10-09T20:04:05.3440569Z     "Encrypted legacy without its SecureStore key is retained, never imported or overwritten",
2026-10-09T20:04:05.3441635Z     "Migration failure retains exact legacy ciphertext and existing key; retry succeeds",
2026-10-09T20:04:05.3442702Z     "Partial multi-slot deletion failure rolls back every tombstone and ciphertext together",
2026-10-09T20:04:05.3443825Z     "Interrupted secure-key activation recovers installed SQLite restore from a fresh module",
2026-10-09T20:04:05.3444929Z     "Protected native restore/reset key lifecycle survives SQLite persistence and tombstones"
2026-10-09T20:04:05.3445648Z   ],
2026-10-09T20:04:05.3446552Z   "limits": "Real node:sqlite persistence; injected SecureStore/crypto APIs. No iOS/Android OS/process/power/device acceptance."
2026-10-09T20:04:05.3447471Z }
2026-10-09T20:04:05.4008140Z Checking check-native-storage.cjs
2026-10-09T20:04:12.8621684Z PASS native storage: eight fresh-module restore boundaries, key-loss/legacy privacy, 312-session capacity (1658824 encrypted bytes), Unicode above legacy capacity/low-storage recovery and custom timed/load conventions. Physical-device capacity: NOT MEASURED.
2026-10-09T20:04:12.9214290Z Checking check-native-workflows.cjs
2026-10-09T20:04:14.0822877Z PASS finish uses previously entered feedback and saves partial work once
2026-10-09T20:04:14.5046611Z PASS finish supports explicitly skipping effort without clearing concern hold
2026-10-09T20:04:14.5063468Z PASS finish rejects stale workout check-ins and empty non-concern work
2026-10-09T20:04:14.8713834Z PASS paused imported plan resumes without changing dates/history or lifting holds
2026-10-09T20:04:14.8732179Z PASS pause invalidates pending proposals and prevents active-workout changes
2026-10-09T20:04:15.1852097Z PASS only selected new exercise prompts; external link errors remain visible
2026-10-09T20:04:15.4798198Z PASS library searches imported custom exercises and exposes their equipment
2026-10-09T20:04:15.7773334Z PASS overdue primary action stages a reviewed date change without starting
2026-10-09T20:04:16.4155245Z PASS history order is newest first for both imported storage conventions
2026-10-09T20:04:16.6900127Z PASS backfilled history follows workout dates before import timestamps
2026-10-09T20:04:17.4732896Z PASS numeric fields accept decimal comma and retain integer/range restrictions
2026-10-09T20:04:17.7187531Z PASS tools disclosure starts collapsed and responds to its action
2026-10-09T20:04:17.7189835Z {"scenarios":12,"scope":"Actual compiled native App TSX callbacks and real planning/workout helpers; mocked hook scheduler and device I/O. No physical-device, React Native layout, or OS acceptance claim."}
2026-10-09T20:04:17.7550016Z Checking check-offline.cjs
2026-10-09T20:04:17.9460697Z {
2026-10-09T20:04:17.9461102Z   "passed": 26,
2026-10-09T20:04:17.9461488Z   "total": 26,
2026-10-09T20:04:17.9461821Z   "results": [
2026-10-09T20:04:17.9462134Z     {
2026-10-09T20:04:17.9462963Z       "name": "Generator is deterministic and contains every lazy public app feature without private files",
2026-10-09T20:04:17.9463817Z       "pass": true
2026-10-09T20:04:17.9464158Z     },
2026-10-09T20:04:17.9464456Z     {
2026-10-09T20:04:17.9465272Z       "name": "First completed install immediately supports offline root and unopened lazy tools/research",
2026-10-09T20:04:17.9466111Z       "pass": true
2026-10-09T20:04:17.9466682Z     },
2026-10-09T20:04:17.9466978Z     {
2026-10-09T20:04:17.9467951Z       "name": "An old tab can read an old hashed chunk and unrelated caches remain untouched",
2026-10-09T20:04:17.9468524Z       "pass": true
2026-10-09T20:04:17.9468732Z     },
2026-10-09T20:04:17.9468908Z     {
2026-10-09T20:04:17.9469324Z       "name": "Changed asset bytes reject activation and preserve the previous working cache",
2026-10-09T20:04:17.9470217Z       "pass": true
2026-10-09T20:04:17.9470421Z     },
2026-10-09T20:04:17.9470591Z     {
2026-10-09T20:04:17.9471025Z       "name": "Cache quota failure rejects partial installation without deleting the previous build",
2026-10-09T20:04:17.9471485Z       "pass": true
2026-10-09T20:04:17.9471673Z     },
2026-10-09T20:04:17.9471843Z     {
2026-10-09T20:04:17.9472194Z       "name": "Same-length corruption during cache readback rejects activation",
2026-10-09T20:04:17.9472573Z       "pass": true
2026-10-09T20:04:17.9472763Z     },
2026-10-09T20:04:17.9472929Z     {
2026-10-09T20:04:17.9473213Z       "name": "A lost staged cache entry rejects activation",
2026-10-09T20:04:17.9473525Z       "pass": true
2026-10-09T20:04:17.9473711Z     },
2026-10-09T20:04:17.9473876Z     {
2026-10-09T20:04:17.9474193Z       "name": "A replaced staged shell cannot count as a working app shell",
2026-10-09T20:04:17.9474551Z       "pass": true
2026-10-09T20:04:17.9474743Z     },
2026-10-09T20:04:17.9474912Z     {
2026-10-09T20:04:17.9475300Z       "name": "A corrupt completed marker cannot count as a completed build",
2026-10-09T20:04:17.9475660Z       "pass": true
2026-10-09T20:04:17.9475844Z     },
2026-10-09T20:04:17.9476008Z     {
2026-10-09T20:04:17.9476451Z       "name": "Activation rechecks staged bytes before claiming clients or deleting previous caches",
2026-10-09T20:04:17.9476939Z       "pass": true
2026-10-09T20:04:17.9477127Z     },
2026-10-09T20:04:17.9477311Z     {
2026-10-09T20:04:17.9477683Z       "name": "Unsafe redirect asset rejects installation without deleting the old cache",
2026-10-09T20:04:17.9478090Z       "pass": true
2026-10-09T20:04:17.9478324Z     },
2026-10-09T20:04:17.9478542Z     {
2026-10-09T20:04:17.9479025Z       "name": "Unsafe redirect response after cache eviction is neither returned as trusted code nor cached",
2026-10-09T20:04:17.9479706Z       "pass": true
2026-10-09T20:04:17.9479899Z     },
2026-10-09T20:04:17.9480087Z     {
2026-10-09T20:04:17.9480487Z       "name": "Unsafe private asset rejects installation without deleting the old cache",
2026-10-09T20:04:17.9480927Z       "pass": true
2026-10-09T20:04:17.9481134Z     },
2026-10-09T20:04:17.9481318Z     {
2026-10-09T20:04:17.9481814Z       "name": "Unsafe private response after cache eviction is neither returned as trusted code nor cached",
2026-10-09T20:04:17.9482342Z       "pass": true
2026-10-09T20:04:17.9482531Z     },
2026-10-09T20:04:17.9482715Z     {
2026-10-09T20:04:17.9483122Z       "name": "Unsafe no-store asset rejects installation without deleting the old cache",
2026-10-09T20:04:17.9483545Z       "pass": true
2026-10-09T20:04:17.9483750Z     },
2026-10-09T20:04:17.9483946Z     {
2026-10-09T20:04:17.9484440Z       "name": "Unsafe no-store response after cache eviction is neither returned as trusted code nor cached",
2026-10-09T20:04:17.9484939Z       "pass": true
2026-10-09T20:04:17.9485160Z     },
2026-10-09T20:04:17.9485365Z     {
2026-10-09T20:04:17.9485745Z       "name": "Unsafe cookie asset rejects installation without deleting the old cache",
2026-10-09T20:04:17.9486184Z       "pass": true
2026-10-09T20:04:17.9486388Z     },
2026-10-09T20:04:17.9486573Z     {
2026-10-09T20:04:17.9487040Z       "name": "Unsafe cookie response after cache eviction is neither returned as trusted code nor cached",
2026-10-09T20:04:17.9487536Z       "pass": true
2026-10-09T20:04:17.9487741Z     },
2026-10-09T20:04:17.9487916Z     {
2026-10-09T20:04:17.9488299Z       "name": "Unsafe error asset rejects installation without deleting the old cache",
2026-10-09T20:04:17.9488713Z       "pass": true
2026-10-09T20:04:17.9488921Z     },
2026-10-09T20:04:17.9489109Z     {
2026-10-09T20:04:17.9489837Z       "name": "Unsafe error response after cache eviction is neither returned as trusted code nor cached",
2026-10-09T20:04:17.9490367Z       "pass": true
2026-10-09T20:04:17.9490580Z     },
2026-10-09T20:04:17.9490767Z     {
2026-10-09T20:04:17.9491173Z       "name": "Unsafe opaque asset rejects installation without deleting the old cache",
2026-10-09T20:04:17.9491731Z       "pass": true
2026-10-09T20:04:17.9491918Z     },
2026-10-09T20:04:17.9492108Z     {
2026-10-09T20:04:17.9492583Z       "name": "Unsafe opaque response after cache eviction is neither returned as trusted code nor cached",
2026-10-09T20:04:17.9493082Z       "pass": true
2026-10-09T20:04:17.9493271Z     },
2026-10-09T20:04:17.9493455Z     {
2026-10-09T20:04:17.9493876Z       "name": "A root shell from a different deployment is never paired with mismatched chunks",
2026-10-09T20:04:17.9494354Z       "pass": true
2026-10-09T20:04:17.9494555Z     },
2026-10-09T20:04:17.9494721Z     {
2026-10-09T20:04:17.9495149Z       "name": "Inline RSC references and a generic login page cannot overwrite a usable shell",
2026-10-09T20:04:17.9495586Z       "pass": true
2026-10-09T20:04:17.9495794Z     },
2026-10-09T20:04:17.9495979Z     {
2026-10-09T20:04:17.9496442Z       "name": "A network navigation into a newer uninstalled build retains the last working offline shell",
2026-10-09T20:04:17.9496960Z       "pass": true
2026-10-09T20:04:17.9497169Z     },
2026-10-09T20:04:17.9497354Z     {
2026-10-09T20:04:17.9497894Z       "name": "Protected requests, private routes, downloads, arbitrary queries and foreign origins remain uncached",
2026-10-09T20:04:17.9498441Z       "pass": true
2026-10-09T20:04:17.9498642Z     }
2026-10-09T20:04:17.9498836Z   ],
2026-10-09T20:04:17.9499037Z   "limits": [
2026-10-09T20:04:17.9499868Z     "VM fixture validates lifecycle/content boundaries, not real-browser worker registration or physical-device behavior."
2026-10-09T20:04:17.9500409Z   ]
2026-10-09T20:04:17.9500577Z }
2026-10-09T20:04:17.9537563Z Checking check-onboarding.cjs
2026-10-09T20:04:18.5405250Z PASS Fresh journey starts without an accepted or seeded plan
2026-10-09T20:04:18.5570192Z PASS Choosing a plan does not mutate current plan or history
2026-10-09T20:04:18.5614020Z PASS Accepting a different block replaces all current plan references and preserves actuals
2026-10-09T20:04:18.5633219Z PASS Active workout prevents replacement without mutating anything
2026-10-09T20:04:18.5655002Z PASS Offline acceptance remains blocked
2026-10-09T20:04:18.5688589Z PASS Changed choices cannot accept a stale preview
2026-10-09T20:04:18.5718900Z PASS Added commitment is revalidated at acceptance
2026-10-09T20:04:18.5720117Z PASS Youth in-season app route cannot sneak through final acceptance
2026-10-09T20:04:18.5721153Z PASS Underage, past and invalid date inputs have explicit errors
2026-10-09T20:04:18.5730757Z PASS Coach plan remains tracking and accepts without hidden exercise doses
2026-10-09T20:04:18.5734794Z PASS A schedule that cannot support a template offers a tracking option
2026-10-09T20:04:18.5790450Z PASS A stale commitment snapshot cannot overwrite newer calendar events
2026-10-09T20:04:18.5808344Z PASS Generated durations override stale catalog times in fit notes and ranking
2026-10-09T20:04:18.5856234Z PASS Fit uses the full block and does not claim unavailable drafts fit
2026-10-09T20:04:18.5857004Z 14 onboarding checks passed
2026-10-09T20:04:18.5981503Z Checking check-preferences.cjs
2026-10-09T20:04:19.1896275Z PASS Damaged and unsafe preferences fall back without changing training records
2026-10-09T20:04:19.1899474Z PASS Model selection requires measured qualification and falls back without downloads
2026-10-09T20:04:19.2013395Z PASS Reminder schedule deduplicates days and respects plan and workout state
2026-10-09T20:04:19.2017340Z PASS Calendar export contains timed reminders and no workout or personal details
2026-10-09T20:04:19.2025558Z PASS Every palette passes light and dark text and control contrast
2026-10-09T20:04:19.2029018Z PASS Smallest and smaller text, spacing density and the added palettes are accepted; unknown values fall back
2026-10-09T20:04:19.2032335Z 6 groups, 98 checks passed.
2026-10-09T20:04:19.2305797Z Checking check-program-depth.cjs
2026-10-09T20:04:25.5926092Z 75 plan variants; 4437 scenarios; 2572195 assertions passed
2026-10-09T20:04:25.6322629Z Checking check-program-design.cjs
2026-10-09T20:04:26.2381215Z ID        goal         days min  major group sets (chest back quads hams glutes shoulders biceps triceps), week 1
2026-10-09T20:04:26.2402590Z PL3       powerlifting 3    65   9 10 7 6 4.5 3 4.5
2026-10-09T20:04:26.2406072Z PL4       powerlifting 4    65   7 13 5 9 7.5 6 8.5
2026-10-09T20:04:26.2406754Z PB3       powerbuilding3    75   10 10 10 10 11 10 10
2026-10-09T20:04:26.2407432Z PB4       powerbuilding4    70   10 10 10 10 11.5 10 11.5
2026-10-09T20:04:26.2408776Z BB3       hypertrophy  3    70   10 10 10 10 12 11 10
2026-10-09T20:04:26.2409278Z BB4       hypertrophy  4    75   10 10 10 10 14 10 11.5
2026-10-09T20:04:26.2410024Z HY4       hybrid       4    45   2 4 4 2 2 2 2
2026-10-09T20:04:26.2410637Z HY5       hybrid       5    60   3 6 3 2 4.5 2 3
2026-10-09T20:04:26.2411222Z BBPPL6    hypertrophy  6    70   16 17 12 12 17 13 15.5
2026-10-09T20:04:26.2411946Z BBARN6    hypertrophy  6    80   14 16 10 10 21 12.5 16.5
2026-10-09T20:04:26.2412651Z PLTX3     powerlifting 3    70   6 9 9 3 6 4 4.5
2026-10-09T20:04:26.2413283Z PLSL3     powerlifting 3    65   10 11 15 1 10 5 7.5
2026-10-09T20:04:26.2413910Z PLU3      powerlifting 3    80   10 7 7 5 5 1 5
2026-10-09T20:04:26.2414327Z PBPH4     powerbuilding4    90   10 10 10 10 11.5 10 10.5
2026-10-09T20:04:26.2414745Z PBT4      powerbuilding4    75   10 10 10 13 11 10.5 11.5
2026-10-09T20:04:26.2415384Z ST2       strength     2    55   2 4 4 4 2 2 2
2026-10-09T20:04:26.2415968Z ST3       strength     3    70   6 9 8 7 6 3 4.5
2026-10-09T20:04:26.2416570Z GF2       general      2    50   2 4 4 4 2 2 2
2026-10-09T20:04:26.2417163Z GFHOME2   general      2    45   4 4 4 2 0 2 2
2026-10-09T20:04:26.2417754Z CAL2      calisthenics 2    45   4 4 4 1 0 2 2
2026-10-09T20:04:26.2418332Z CAL3      calisthenics 3    45   6 6 6 1 0 3 3
2026-10-09T20:04:26.2418837Z RNEASY3   running      3    40   0 0 0 0 0 0 0
2026-10-09T20:04:26.2419678Z PL2       powerlifting 2    80   6 9 5 5 3 2 3
2026-10-09T20:04:26.2420290Z PBSTART2  powerbuilding2    75   6 8 6 4 5 5 3
2026-10-09T20:04:26.2420921Z PBSTART3  powerbuilding3    70   11 11 10 10 10 10.5 10
2026-10-09T20:04:26.2421543Z PBDB3     powerbuilding3    75   11 10 10 10 12.5 13 11.5
2026-10-09T20:04:26.2422104Z BB2       hypertrophy  2    85   6 6 6 5 5 5 5
2026-10-09T20:04:26.2422671Z BBDB3     hypertrophy  3    75   11 10 10 10 12.5 13 11.5
2026-10-09T20:04:26.2423294Z BBM3      hypertrophy  3    80   10 10 11 10 11 10 10
2026-10-09T20:04:26.2423841Z STGYM2    strength     2    65   6 6 6 4 5 3 3
2026-10-09T20:04:26.2424378Z STDB3     strength     3    75   6 9 8 7 8 6.5 4.5
2026-10-09T20:04:26.2424914Z GF3       general      3    75   4 6 6 6 6 5 3
2026-10-09T20:04:26.2425423Z GFM2      general      2    65   6 6 6 4 5 3 3
2026-10-09T20:04:26.2425983Z CALBUILD3 calisthenics 3    70   9 9 9 4.5 0 4.5 4.5
2026-10-09T20:04:26.2426565Z CALBUILD2 calisthenics 2    70   6 6 6 3 0 3 3
2026-10-09T20:04:26.2427110Z HYHOME4   hybrid       4    60   4 4 4 2 0 2 2
2026-10-09T20:04:26.2427653Z HYDB4     hybrid       4    75   3 6 5 5 4.5 5 3
2026-10-09T20:04:26.2428186Z RNBASE4   running      4    40   0 0 0 0 0 0 0
2026-10-09T20:04:26.2428917Z BBHOME3   hypertrophy  3    70   10 10 10 11.5 10 5 11
2026-10-09T20:04:26.2429964Z BBADV4    hypertrophy  4    100  11 14 14 14 13 13 13
2026-10-09T20:04:26.2430901Z PLW4      powerlifting 4    90   7 13 5 9 7.5 6 8.5
2026-10-09T20:04:26.2431768Z PBW4      powerbuilding4    90   10 10 10 10 11.5 10 11.5
2026-10-09T20:04:26.2432594Z ST4       strength     4    90   7 13 5 9 7.5 6 8.5
2026-10-09T20:04:26.2433430Z QG2       general      2    30   2 4 2 2 1 2 1
2026-10-09T20:04:26.2434669Z QG3       general      3    30   2 4 4 2 3 2 2
2026-10-09T20:04:26.2460007Z QS2       strength     2    30   2 4 2 2 1 2 1
2026-10-09T20:04:26.2460712Z QM2       hypertrophy  2    30   2 4 2 2 1 2 1
2026-10-09T20:04:26.2461396Z QC2       calisthenics 2    30   2 4 2 1 0 2 1
2026-10-09T20:04:26.2462033Z QPB2      powerbuilding2    30   2 4 2 2 3 2 2
2026-10-09T20:04:26.2463166Z QSP2      sport        2    30   2 4 2 2 1 2 1
2026-10-09T20:04:26.2463825Z QS3       strength     3    30   2 4 4 2 3 2 2
2026-10-09T20:04:26.2464446Z QM3       hypertrophy  3    30   2 4 4 2 3 2 2
2026-10-09T20:04:26.2465097Z QPB3      powerbuilding3    30   4 4 4 2 4 2 3
2026-10-09T20:04:26.2465731Z QC3       calisthenics 3    30   4 4 4 1 0 2 2
2026-10-09T20:04:26.2466336Z QSP3      sport        3    30   2 4 4 2 3 2 2
2026-10-09T20:04:26.2466962Z QPL3      powerlifting 3    30   2 2 2 2 1 0 1
2026-10-09T20:04:26.2467647Z QHY4      hybrid       4    30   2 4 2 2 3 2 2
2026-10-09T20:04:26.2468267Z QR3       running      3    15   0 0 0 0 0 0 0
2026-10-09T20:04:26.2468840Z SP2       sport        2    60   2 4 4 4 3 2 2
2026-10-09T20:04:26.2469415Z QHY3      hybrid       3    30   2 4 2 2 3 2 2
2026-10-09T20:04:26.2470427Z HY3       hybrid       3    45   2 4 4 2 2 2 2
2026-10-09T20:04:26.2471056Z QR2       running      2    15   0 0 0 0 0 0 0
2026-10-09T20:04:26.2471713Z PLSTART3  powerlifting 3    30   2 4 2 2 1 1 1
2026-10-09T20:04:26.2472373Z GFSTAND2  general      2    50   4 4 2 2 0 2 2
2026-10-09T20:04:26.2472999Z STSTAND2  strength     2    50   4 4 2 2 0 2 2
2026-10-09T20:04:26.2473658Z GFNOGROUND2general      2    50   4 4 4 2 2 2 2
2026-10-09T20:04:26.2474345Z GFNONE2   general      2    15   4 0 4 0 0 0 2
2026-10-09T20:04:26.2475021Z STDBST2   strength     2    55   2 4 4 4 2 2 2
2026-10-09T20:04:26.2475703Z GFDBST2   general      2    55   2 4 4 4 2 2 2
2026-10-09T20:04:26.2476349Z BBDBST2   hypertrophy  2    55   2 4 4 4 2 2 2
2026-10-09T20:04:26.2476978Z PBDBST2   powerbuilding2    55   2 4 4 4 2 2 2
2026-10-09T20:04:26.2477645Z SPDBST2   sport        2    55   2 4 4 4 2 2 2
2026-10-09T20:04:26.2478295Z CALDB2    calisthenics 2    45   4 4 4 0 0 2 2
2026-10-09T20:04:26.2478939Z HYDB2     hybrid       2    60   2 4 4 4 2 2 2
2026-10-09T20:04:26.2479813Z HYHOME2   hybrid       2    60   4 4 4 2 0 2 2
2026-10-09T20:04:26.2480170Z 
2026-10-09T20:04:26.2480181Z 
2026-10-09T20:04:26.2480495Z Programs checked: 75. Rule failures: 0.
2026-10-09T20:04:26.2482266Z Known gap BB2: Two sessions a week cannot give each major group 10 weighted sets at this session length. The description says the plan has less volume than a three- or four-day plan.
2026-10-09T20:04:26.2484661Z Known gap BBDBST2: Two dumbbell sessions cannot give each major group 10 weighted sets at this session length. Use a three-day dumbbell plan for the full guide.
2026-10-09T20:04:26.2486982Z Known gap PBDBST2: Two dumbbell sessions cannot give each major group 10 weighted sets at this session length. Use a three-day dumbbell plan for the full guide.
2026-10-09T20:04:26.2489736Z Known gap PBSTART2: Two sessions a week cannot give each major group 10 weighted sets at this session length. The description says each group gets less weekly work than a three- or four-day plan.
2026-10-09T20:04:26.2492928Z Allowance BBHOME3 biceps: The exercise library has no curl that needs only bodyweight or bands, so biceps get indirect pulling work (band rows, about 5 weighted sets a week). The description tells the user to add a dumbbell or band curl.
2026-10-09T20:04:26.2495693Z Allowance RNBASE4 R7: an easy-only run base may pair back-to-back easy days, at most runs minus three per week (four runs in seven days force one pair).
2026-10-09T20:04:26.2497780Z Exemption PLSTART3 R5: Learning block: one competition lift a day, started light while the setup is learned. Heavy sets belong in the build blocks.
2026-10-09T20:04:26.2600136Z Checking check-program-selection.cjs
2026-10-09T20:04:26.8665890Z PASS Weight parent tile retains every selected lifting discipline
2026-10-09T20:04:26.9203940Z PASS Every goal offers only matching app-led plans; recommendations must fit
2026-10-09T20:04:26.9230650Z PASS Powerlifting and powerbuilding have multiple complete discipline-specific choices
2026-10-09T20:04:26.9231919Z PASS Unknown or mismatched goals and app program IDs do not fall into other plans
2026-10-09T20:04:26.9253869Z PASS Unavailable first option is not recommended over a fitting home plan
2026-10-09T20:04:26.9419364Z PASS Named references keep manual identity, source targets or empty calendars, and partial-block limits
2026-10-09T20:04:26.9524840Z PASS Accepted powerlifting updates current plan, profile and next workout without changing past logs
2026-10-09T20:04:26.9536283Z PASS Curated alternatives use exact known movements and same primary metric
2026-10-09T20:04:26.9560592Z PASS Equipment substitute resets load, uses its own targets and preserves history and dates
2026-10-09T20:04:26.9569736Z PASS Competition substitutions require explicit specificity acknowledgement
2026-10-09T20:04:26.9583094Z PASS Unknown, incompatible, duplicate and missing machine setup substitutions are rejected
2026-10-09T20:04:26.9593883Z PASS Recurring change touches only future repetitions of the chosen workout
2026-10-09T20:04:26.9608053Z PASS Active substitution preserves other logged exercises, but cannot erase source reps
2026-10-09T20:04:26.9632332Z PASS Substitution rejects stale history, paused plans, offline writes and saved sessions
2026-10-09T20:04:26.9657107Z PASS Superset substitution preserves pair labels, set counts and rest
2026-10-09T20:04:26.9687900Z PASS Active actual measurements, load, effort and new setup cannot be silently discarded
2026-10-09T20:04:26.9701211Z PASS Active workout can continue across midnight; unstarted overdue workout cannot
2026-10-09T20:04:26.9717728Z PASS Older generic squat-swap previews cannot bypass reviewed alternatives
2026-10-09T20:04:26.9718572Z 18 program selection and substitution checks passed
2026-10-09T20:04:26.9900183Z Checking check-progression-regressions.cjs
2026-10-09T20:04:27.6438242Z PASS RNBASE4 original pattern and seven-day cascade remain valid
2026-10-09T20:04:27.6467153Z PASS RNBASE4 one bounded adjacent pair is allowed but a three-day run streak is refused
2026-10-09T20:04:27.6477477Z PASS RNBASE4 direct schedule validation rejects four consecutive runs
2026-10-09T20:04:27.6493222Z PASS RNBASE4 recovery uses a completed workout actual date instead of only its old planned date
2026-10-09T20:04:27.6505751Z PASS RNBASE4 recovery includes an active workout actual date
2026-10-09T20:04:27.6506733Z PASS Bilateral plate load wording does not double exercise execution time
2026-10-09T20:04:27.6526966Z PASS Substitution preview and committed estimate match canonical time for equal bilateral work
2026-10-09T20:04:27.6540552Z PASS Plate addition preview agrees with canonical estimate and permits a fitting tight budget
2026-10-09T20:04:27.6548953Z PASS Substitution preserves separately allocated focus time when changing canonical work time
2026-10-09T20:04:27.6550750Z PASS Seconds recorded per side include both sides and keep five-minute estimate rounding
2026-10-09T20:04:27.6551958Z PASS Minutes recorded per side include both sides
2026-10-09T20:04:27.6620878Z PASS Timed per-side addition matches canonical time and rejects an insufficient budget
2026-10-09T20:04:27.6680381Z PASS Capacity range progression retains A1 superset instructions and paired rest
2026-10-09T20:04:27.6681862Z PASS Capacity range progression retains A2 superset instructions and paired rest
2026-10-09T20:04:27.6708394Z PASS Continuation preview targets only one review flag and preserves displayed targets
2026-10-09T20:04:27.6777738Z PASS Accepted continuation review clears one flag without changing loads/items/history/dates/dependencies
2026-10-09T20:04:27.6785723Z PASS Continuation review cannot bypass a still-unfinished later dependency
2026-10-09T20:04:27.6796943Z PASS Continuation constructor refuses paused state
2026-10-09T20:04:27.6805805Z PASS Continuation constructor refuses hold state
2026-10-09T20:04:27.6814899Z PASS Continuation constructor refuses active state
2026-10-09T20:04:27.6828520Z PASS Continuation refuses missing prerequisite evidence
2026-10-09T20:04:27.6838115Z PASS Continuation refuses partial prerequisite evidence
2026-10-09T20:04:27.6849031Z PASS Continuation refuses unfinished prerequisite evidence
2026-10-09T20:04:27.6858169Z PASS Continuation refuses unknown-load prerequisite evidence
2026-10-09T20:04:27.6866415Z PASS Continuation refuses an ordinary unflagged or already recorded workout
2026-10-09T20:04:27.6875081Z PASS Continuation acceptance rejects a stale plan snapshot
2026-10-09T20:04:27.6884962Z PASS Continuation acceptance rejects a stale history snapshot
2026-10-09T20:04:27.6892832Z PASS Continuation acceptance rechecks missing prerequisites even when history count stays the same
2026-10-09T20:04:27.6909437Z PASS Continuation acceptance rejects forged loads/dates/dependencies/status and multiple review targets
2026-10-09T20:04:27.6971917Z PASS Continuation proposals survive saved-state validation and reopen for review
2026-10-09T20:04:27.6982429Z 30/30 desired-behavior regression cases passed. Report: /home/runner/work/movefield/movefield/.sites-runtime/a03-progression-checks.json
2026-10-09T20:04:27.7132672Z Checking check-qwen-assets.cjs
2026-10-09T20:04:27.9751389Z PASS Qwen pinned artifact metadata and exact-build qualification: 1675 checks; zero actual devices qualified.
2026-10-09T20:04:27.9842774Z Checking check-qwen-controls.cjs
2026-10-09T20:04:28.3750468Z PASS optional Qwen controls/policy: 132 assertions; synthetic jobs/network only.
2026-10-09T20:04:28.3847755Z Checking check-qwen-download.cjs
2026-10-09T20:04:29.0255558Z PASS Qwen download/cancel/cache lifecycle: 190 assertions; synthetic assets only, no devices qualified.
2026-10-09T20:04:29.0476360Z Checking check-qwen-runtime.cjs
2026-10-09T20:04:29.7132655Z PASS Qwen runtime contracts/cache/loading/cancellation/context gates: 91 assertions. Worker responses are synthetic; no model inference measured.
2026-10-09T20:04:29.7271575Z Checking check-qwen-training.cjs
2026-10-09T20:04:30.3714661Z Prepared original Qwen training data: 162 train, 44 validation cases. Training has not run.
2026-10-09T20:04:38.8626692Z PASS original Qwen dataset/provenance/separation/targets/fingerprints: 650 assertions. No training or model-accuracy claim from these checks.
2026-10-09T20:04:38.9423020Z ....
2026-10-09T20:04:38.9423722Z ----------------------------------------------------------------------
2026-10-09T20:04:38.9424398Z Ran 4 tests in 0.010s
2026-10-09T20:04:38.9424661Z 
2026-10-09T20:04:38.9424805Z OK
2026-10-09T20:04:38.9549288Z Checking check-research-library.cjs
2026-10-09T20:04:39.2235010Z PASS 855 unique bounded metadata records, 18 source queries, review fingerprints and on-device search. No corpus/training approval inferred.
2026-10-09T20:04:39.2415074Z Checking check-revision-10.cjs
2026-10-09T20:04:39.9121262Z PASS Blank or fractional reps cannot log a set or start rest
2026-10-09T20:04:39.9133298Z PASS Valid set starts one timer; a duplicate tap leaves its deadline unchanged
2026-10-09T20:04:39.9148136Z PASS Optional notes preserve rest and Done; reps, load and Undo cancel their own timer
2026-10-09T20:04:39.9157446Z PASS Editing a different set preserves current rest
2026-10-09T20:04:39.9178358Z PASS Last workout set and no-rest superset member do not start an alarm
2026-10-09T20:04:39.9180115Z PASS Pause, extend, resume and expiration use deadline arithmetic
2026-10-09T20:04:39.9248414Z PASS Reload retains a valid timer and discards missing or undone source sets
2026-10-09T20:04:39.9249213Z PASS Malformed/far-future timers are ignored without discarding workouts
2026-10-09T20:04:39.9253466Z PASS A delayed native schedule is canceled after End rest
2026-10-09T20:04:39.9255364Z PASS Only the newest queued rest may be scheduled
2026-10-09T20:04:39.9259108Z PASS A failed OS call does not poison future notification requests
2026-10-09T20:04:39.9285369Z PASS Reject malformed saved workout/calendar case 1
2026-10-09T20:04:39.9308087Z PASS Reject malformed saved workout/calendar case 2
2026-10-09T20:04:39.9328030Z PASS Reject malformed saved workout/calendar case 3
2026-10-09T20:04:39.9350370Z PASS Reject malformed saved workout/calendar case 4
2026-10-09T20:04:39.9371294Z PASS Reject malformed saved workout/calendar case 5
2026-10-09T20:04:39.9387724Z PASS Reject malformed saved workout/calendar case 6
2026-10-09T20:04:39.9403730Z PASS Reject malformed saved workout/calendar case 7
2026-10-09T20:04:39.9416571Z PASS New three-day hybrid, two-day running and novice SBD plans are complete
2026-10-09T20:04:39.9426768Z PASS Powerlifting never changes to powerbuilding to fit equipment
2026-10-09T20:04:39.9445677Z PASS A week of vacation pauses draft dates, preserves order/targets/gaps and extends finish
2026-10-09T20:04:39.9462243Z PASS Competition protection remains effective after adding events and moving dates
2026-10-09T20:04:39.9500908Z PASS No-equipment and floor-free paths do not add floor core work
2026-10-09T20:04:39.9609634Z PASS Malformed optional rest data clears only the timer and preserves active work
2026-10-09T20:04:39.9612409Z PASS Failed old-alert cancellation attempts every ID, prevents replacement and recovers
2026-10-09T20:04:39.9616033Z PASS Pause or extend invalidates a delayed native schedule before it can become current
2026-10-09T20:04:39.9641508Z PASS Legacy active workout without a target snapshot remains valid and has session targets
2026-10-09T20:04:39.9646798Z PASS Supervised youth legacy foundation respects unavailable dumbbells
2026-10-09T20:04:39.9672913Z PASS Run-only eligibility uses recent running readiness independent of lifting experience
2026-10-09T20:04:39.9684905Z PASS Coach tracking targets enable a complete session without adding automated work or dates
2026-10-09T20:04:39.9692375Z PASS Tracking target replacement can reorder, edit and remove draft work, without touching other sessions
2026-10-09T20:04:39.9702467Z PASS Stale, empty, duplicate, fractional and unknown tracking targets reject atomically
2026-10-09T20:04:39.9708728Z PASS Tracking editor cannot rewrite app-directed, active, completed or offline work
2026-10-09T20:04:39.9721616Z PASS Long tracking work needs reviewed extra time, and untrusted prescription fields are stripped
2026-10-09T20:04:39.9727435Z PASS Custom timed tracking exercises contribute their full actual-unit time
2026-10-09T20:04:39.9728233Z 35 revision 10 scenario groups passed
2026-10-09T20:04:39.9863121Z Checking check-revision-11.cjs
2026-10-09T20:04:41.6877003Z PASS Standing dumbbell plans match adult goals, experience, sex, starts and full block lengths
2026-10-09T20:04:41.7476657Z PASS Two-day hybrid keeps full strength plus timed walk/jog and does not duplicate cardio add-ons
2026-10-09T20:04:41.7614500Z PASS Boundaries stay explicit: no counterfeit SBD, no unsupported youth prescriptions, no invisible fallback
2026-10-09T20:04:41.7630341Z PASS Same-weekday tracking copies targets atomically without touching dates or completed work
2026-10-09T20:04:41.7680152Z PASS Reviewed return block resolves the dependency chain without restoring old volume
2026-10-09T20:04:41.7711356Z PASS Coarse equipment increments offer reviewed reps for muscle work with unchanged rest and sets
2026-10-09T20:04:41.7732745Z PASS Long custom timed actuals, feedback drafts, machine context and timers survive save/reopen
2026-10-09T20:04:41.7735738Z 7 groups; 428582 assertions passed
2026-10-09T20:04:41.7928076Z Checking check-security.cjs
2026-10-09T20:04:42.5180829Z pass initial state round trips without changed data 
2026-10-09T20:04:42.5182955Z pass fresh state round trips without changed data 
2026-10-09T20:04:42.5183782Z pass experienced sample state round trips without changed data 
2026-10-09T20:04:42.5184766Z pass valid active workout and rest timers round trip 
2026-10-09T20:04:42.5185277Z pass mismatched active session rejected 
2026-10-09T20:04:42.5187579Z pass active workout without a plan rejected 
2026-10-09T20:04:42.5188065Z pass unknown root, profile and workout fields stripped 
2026-10-09T20:04:42.5188933Z pass __proto__ in nested raw JSON rejected 
2026-10-09T20:04:42.5189413Z pass constructor in nested raw JSON rejected 
2026-10-09T20:04:42.5190160Z pass prototype in nested raw JSON rejected 
2026-10-09T20:04:42.5190607Z pass invalid state "" rejected 
2026-10-09T20:04:42.5190963Z pass invalid state "null" rejected 
2026-10-09T20:04:42.5191494Z pass invalid state "[]" rejected 
2026-10-09T20:04:42.5191853Z pass invalid state "{\"schema\":2}" rejected 
2026-10-09T20:04:42.5192507Z pass invalid state "{\"schema\":2,\"profile\":{\"age\":1e400,\"goal\":\"strength\",\"e" rejected 
2026-10-09T20:04:42.5193115Z pass oversized raw input rejected before parsing 
2026-10-09T20:04:42.5193498Z pass too many weekdays rejected 
2026-10-09T20:04:42.5193848Z pass invalid calendar date rejected 
2026-10-09T20:04:42.5194198Z pass invalid nested set value rejected 
2026-10-09T20:04:42.5194567Z pass oversized set count rejected 
2026-10-09T20:04:42.5194916Z pass normal unfinished setup round trips 
2026-10-09T20:04:42.5195396Z pass cleared numeric inputs persist in unfinished setup 
2026-10-09T20:04:42.5195819Z pass negative draft step rejected 
2026-10-09T20:04:42.5196250Z pass unfinished blank date survives reload 
2026-10-09T20:04:42.5196667Z pass legacy setup draft forces calendar review 
2026-10-09T20:04:42.5197154Z pass oversized import does not parse or create exercises 
2026-10-09T20:04:42.5197765Z pass request nonce cannot be supplied by a client and changes every request 
2026-10-09T20:04:42.5198324Z pass unused write and internal routes are closed 
2026-10-09T20:04:42.5198859Z pass response hardening preserves status and prevents nonce caching 
2026-10-09T20:04:42.5199307Z 29/29 security checks passed
2026-10-09T20:04:42.5354875Z Checking check-setup-hydration.cjs
2026-10-09T20:04:43.4496863Z PASS web: rejected hydration retains draft through field edits and step changes
2026-10-09T20:04:43.6974506Z PASS web: empty hydration enables normal saving and later edits
2026-10-09T20:04:43.9398717Z PASS web: valid hydration restores answers and permits future autosaves
2026-10-09T20:04:44.0891755Z PASS native: rejected hydration retains draft through field edits and step changes
2026-10-09T20:04:44.2731119Z PASS native: empty hydration enables normal saving and later edits
2026-10-09T20:04:44.4360408Z PASS native: valid hydration restores answers and permits future autosaves
2026-10-09T20:04:44.6205567Z PASS web: validation failure after a successful vault read blocks replacement saves
2026-10-09T20:04:44.9773106Z PASS web: nonresume entry checks unreadable saved draft and keeps later answers visit-only
2026-10-09T20:04:45.1295783Z PASS native: source-template entry checks unreadable existing draft and never overwrites it
2026-10-09T20:04:45.2791248Z PASS native: source-template entry checks readable draft without applying old profile
2026-10-09T20:04:45.2811722Z {
2026-10-09T20:04:45.2817291Z   "scenarios": 10,
2026-10-09T20:04:45.2817880Z   "passed": [
2026-10-09T20:04:45.2818440Z     "web: rejected hydration retains draft through field edits and step changes",
2026-10-09T20:04:45.2818994Z     "web: empty hydration enables normal saving and later edits",
2026-10-09T20:04:45.2819907Z     "web: valid hydration restores answers and permits future autosaves",
2026-10-09T20:04:45.2820659Z     "native: rejected hydration retains draft through field edits and step changes",
2026-10-09T20:04:45.2821224Z     "native: empty hydration enables normal saving and later edits",
2026-10-09T20:04:45.2821725Z     "native: valid hydration restores answers and permits future autosaves",
2026-10-09T20:04:45.2822282Z     "web: validation failure after a successful vault read blocks replacement saves",
2026-10-09T20:04:45.2822902Z     "web: nonresume entry checks unreadable saved draft and keeps later answers visit-only",
2026-10-09T20:04:45.2823555Z     "native: source-template entry checks unreadable existing draft and never overwrites it",
2026-10-09T20:04:45.2824547Z     "native: source-template entry checks readable draft without applying old profile"
2026-10-09T20:04:45.2824975Z   ],
2026-10-09T20:04:45.2825834Z   "scope": "Compiled actual TSX with real training/onboarding/saved-data helpers and actual field/step callbacks; simulated hook scheduler, mocked UI/vault/native I/O. Not React DOM or device acceptance."
2026-10-09T20:04:45.2826651Z }
2026-10-09T20:04:45.3205248Z Checking check-shared.cjs
2026-10-09T20:04:45.3652264Z PASS 39 canonical web/native shared files and snapshot hashes.
2026-10-09T20:04:45.3704065Z Checking check-tools-boundaries.cjs
2026-10-09T20:04:45.9736919Z {
2026-10-09T20:04:45.9737214Z   "passed": 14,
2026-10-09T20:04:45.9737451Z   "total": 14,
2026-10-09T20:04:45.9737660Z   "results": [
2026-10-09T20:04:45.9737847Z     {
2026-10-09T20:04:45.9738231Z       "name": "Timed loaded movements do not create estimated strength bests",
2026-10-09T20:04:45.9738636Z       "pass": true
2026-10-09T20:04:45.9738841Z     },
2026-10-09T20:04:45.9739022Z     {
2026-10-09T20:04:45.9739456Z       "name": "Progression-disabled rep movements do not create estimated strength bests",
2026-10-09T20:04:45.9740100Z       "pass": true
2026-10-09T20:04:45.9740298Z     },
2026-10-09T20:04:45.9740471Z     {
2026-10-09T20:04:45.9740863Z       "name": "Unknown and whitespace-only machine setups do not establish comparability",
2026-10-09T20:04:45.9741294Z       "pass": true
2026-10-09T20:04:45.9741700Z     },
2026-10-09T20:04:45.9741887Z     {
2026-10-09T20:04:45.9742252Z       "name": "Different known setups do not create a cross-machine estimated best",
2026-10-09T20:04:45.9742652Z       "pass": true
2026-10-09T20:04:45.9742854Z     },
2026-10-09T20:04:45.9743022Z     {
2026-10-09T20:04:45.9743375Z       "name": "Same known eligible machine setup still reports a new estimated best",
2026-10-09T20:04:45.9743765Z       "pass": true
2026-10-09T20:04:45.9743954Z     },
2026-10-09T20:04:45.9744123Z     {
2026-10-09T20:04:45.9744499Z       "name": "Eligible free-weight adult comparison still reports a new estimated best",
2026-10-09T20:04:45.9744927Z       "pass": true
2026-10-09T20:04:45.9745118Z     },
2026-10-09T20:04:45.9745285Z     {
2026-10-09T20:04:45.9745541Z       "name": "Youth still receives no estimated bests",
2026-10-09T20:04:45.9745840Z       "pass": true
2026-10-09T20:04:45.9746029Z     },
2026-10-09T20:04:45.9746203Z     {
2026-10-09T20:04:45.9746526Z       "name": "Explicit 2.5 lb dumbbell steps remain supported below 37.5 lb",
2026-10-09T20:04:45.9746899Z       "pass": true
2026-10-09T20:04:45.9747086Z     },
2026-10-09T20:04:45.9747254Z     {
2026-10-09T20:04:45.9747625Z       "name": "A light dumbbell does not produce zero-load or heavier-than-work warm-ups",
2026-10-09T20:04:45.9748041Z       "pass": true
2026-10-09T20:04:45.9748229Z     },
2026-10-09T20:04:45.9748392Z     {
2026-10-09T20:04:45.9748752Z       "name": "Default light dumbbell calculation contains no zero or excessive loads",
2026-10-09T20:04:45.9749155Z       "pass": true
2026-10-09T20:04:45.9749340Z     },
2026-10-09T20:04:45.9749727Z     {
2026-10-09T20:04:45.9750112Z       "name": "Barbell grids are relative to the selected bar, including odd bar weights",
2026-10-09T20:04:45.9750523Z       "pass": true
2026-10-09T20:04:45.9750710Z     },
2026-10-09T20:04:45.9750877Z     {
2026-10-09T20:04:45.9751253Z       "name": "Metric custom increments stay on their grid without exceeding working load",
2026-10-09T20:04:45.9752019Z       "pass": true
2026-10-09T20:04:45.9752365Z     },
2026-10-09T20:04:45.9752779Z     {
2026-10-09T20:04:45.9753568Z       "name": "Invalid explicit increments do not silently generate misleading loads",
2026-10-09T20:04:45.9754194Z       "pass": true
2026-10-09T20:04:45.9754592Z     },
2026-10-09T20:04:45.9754898Z     {
2026-10-09T20:04:45.9755409Z       "name": "Unknown input and supervised youth behavior remain unchanged",
2026-10-09T20:04:45.9755787Z       "pass": true
2026-10-09T20:04:45.9756159Z     }
2026-10-09T20:04:45.9756466Z   ]
2026-10-09T20:04:45.9756679Z }
2026-10-09T20:04:45.9967777Z Checking check-tools.cjs
2026-10-09T20:04:46.6095180Z PASS Plates: unknown stays unknown, zero is an error, and totals split into the largest plates per side
2026-10-09T20:04:46.6098683Z PASS Warm-up ladder: percentages of the working load, rounded to loadable steps, bar floor, adults only
2026-10-09T20:04:46.6198124Z PASS Personal bests need an earlier rated estimate, are adult-only, and are not awarded for lower results
2026-10-09T20:04:46.6274838Z PASS Weekly review counts the seven days ending today from the plan; today stays open until it ends
2026-10-09T20:04:46.6275993Z 4 groups, 33 checks passed.
2026-10-09T20:04:46.6402121Z Checking check-training.cjs
2026-10-09T20:04:47.2859248Z {
2026-10-09T20:04:47.2859899Z   "passed": 29,
2026-10-09T20:04:47.2860240Z   "total": 29,
2026-10-09T20:04:47.2860456Z   "results": [
2026-10-09T20:04:47.2860651Z     {
2026-10-09T20:04:47.2861084Z       "name": "New adult paths show ranges; youth remains supervised fixed progression",
2026-10-09T20:04:47.2861547Z       "status": "pass"
2026-10-09T20:04:47.2861768Z     },
2026-10-09T20:04:47.2861970Z     {
2026-10-09T20:04:47.2862294Z       "name": "Dates reject nonexistent values and accept leap day",
2026-10-09T20:04:47.2862659Z       "status": "pass"
2026-10-09T20:04:47.2862867Z     },
2026-10-09T20:04:47.2863038Z     {
2026-10-09T20:04:47.2863329Z       "name": "Calendar arithmetic remains whole days across DST",
2026-10-09T20:04:47.2863677Z       "status": "pass"
2026-10-09T20:04:47.2863881Z     },
2026-10-09T20:04:47.2864045Z     {
2026-10-09T20:04:47.2864424Z       "name": "Occupied date single move fails gracefully; cascade succeeds atomically",
2026-10-09T20:04:47.2864834Z       "status": "pass"
2026-10-09T20:04:47.2865035Z     },
2026-10-09T20:04:47.2865202Z     {
2026-10-09T20:04:47.2865563Z       "name": "One-day forward shift preserves every original gap and every target",
2026-10-09T20:04:47.2865952Z       "status": "pass"
2026-10-09T20:04:47.2866148Z     },
2026-10-09T20:04:47.2866318Z     {
2026-10-09T20:04:47.2866619Z       "name": "Later selected session shifts only its future tail",
2026-10-09T20:04:47.2866951Z       "status": "pass"
2026-10-09T20:04:47.2867154Z     },
2026-10-09T20:04:47.2867318Z     {
2026-10-09T20:04:47.2867609Z       "name": "Fixed event anywhere in cascade blocks all mutation",
2026-10-09T20:04:47.2867948Z       "status": "pass"
2026-10-09T20:04:47.2868143Z     },
2026-10-09T20:04:47.2868314Z     {
2026-10-09T20:04:47.2868630Z       "name": "An added commitment makes an existing date proposal stale",
2026-10-09T20:04:47.2868986Z       "status": "pass"
2026-10-09T20:04:47.2869186Z     },
2026-10-09T20:04:47.2869355Z     {
2026-10-09T20:04:47.2869907Z       "name": "Active target cannot queue or move offline",
2026-10-09T20:04:47.2870236Z       "status": "pass"
2026-10-09T20:04:47.2870442Z     },
2026-10-09T20:04:47.2870658Z     {
2026-10-09T20:04:47.2871055Z       "name": "Valid offline acceptance queues without changes; reconnect revalidates",
2026-10-09T20:04:47.2871491Z       "status": "pass"
2026-10-09T20:04:47.2871710Z     },
2026-10-09T20:04:47.2871886Z     {
2026-10-09T20:04:47.2872141Z       "name": "Accepted changes cannot apply twice",
2026-10-09T20:04:47.2872463Z       "status": "pass"
2026-10-09T20:04:47.2872662Z     },
2026-10-09T20:04:47.2872866Z     {
2026-10-09T20:04:47.2873197Z       "name": "Backward cascade cannot remove recovery or reverse order",
2026-10-09T20:04:47.2873614Z       "status": "pass"
2026-10-09T20:04:47.2873833Z     },
2026-10-09T20:04:47.2874030Z     {
2026-10-09T20:04:47.2874368Z       "name": "Whole block extension is disclosed; no session dropped",
2026-10-09T20:04:47.2874788Z       "status": "pass"
2026-10-09T20:04:47.2875006Z     },
2026-10-09T20:04:47.2875191Z     {
2026-10-09T20:04:47.2875553Z       "name": "Coach manual date changes remain possible without dose adaptation",
2026-10-09T20:04:47.2875983Z       "status": "pass"
2026-10-09T20:04:47.2876195Z     },
2026-10-09T20:04:47.2876363Z     {
2026-10-09T20:04:47.2876734Z       "name": "Exercise history retains partial sets, exact IDs and date ordering",
2026-10-09T20:04:47.2877403Z       "status": "pass"
2026-10-09T20:04:47.2877645Z     },
2026-10-09T20:04:47.2877849Z     {
2026-10-09T20:04:47.2878238Z       "name": "One comparable exposure suggests repeat load, never automatic increase",
2026-10-09T20:04:47.2878668Z       "status": "pass"
2026-10-09T20:04:47.2878891Z     },
2026-10-09T20:04:47.2879228Z     {
2026-10-09T20:04:47.2880230Z       "name": "Two top-of-range exposures can propose an available small load increase",
2026-10-09T20:04:47.2880745Z       "status": "pass"
2026-10-09T20:04:47.2880980Z     },
2026-10-09T20:04:47.2881173Z     {
2026-10-09T20:04:47.2881613Z       "name": "Unknown effort, unknown symptoms and changed rep range do not unlock increase",
2026-10-09T20:04:47.2882083Z       "status": "pass"
2026-10-09T20:04:47.2882292Z     },
2026-10-09T20:04:47.2882459Z     {
2026-10-09T20:04:47.2882835Z       "name": "Oversized equipment jumps remain unavailable instead of rounding",
2026-10-09T20:04:47.2883239Z       "status": "pass"
2026-10-09T20:04:47.2883471Z     },
2026-10-09T20:04:47.2883663Z     {
2026-10-09T20:04:47.2884115Z       "name": "Missing loads, partial work, hard feedback and stale history require recalibration",
2026-10-09T20:04:47.2884585Z       "status": "pass"
2026-10-09T20:04:47.2884800Z     },
2026-10-09T20:04:47.2884985Z     {
2026-10-09T20:04:47.2885334Z       "name": "A different machine/setup cannot inherit the previous load",
2026-10-09T20:04:47.2885805Z       "status": "pass"
2026-10-09T20:04:47.2886062Z     },
2026-10-09T20:04:47.2886283Z     {
2026-10-09T20:04:47.2886714Z       "name": "Youth and symptom holds cannot produce automatic adult loads",
2026-10-09T20:04:47.2887178Z       "status": "pass"
2026-10-09T20:04:47.2887428Z     },
2026-10-09T20:04:47.2887647Z     {
2026-10-09T20:04:47.2888052Z       "name": "Legacy rep targets remain unchanged until explicit range approval",
2026-10-09T20:04:47.2888466Z       "status": "pass"
2026-10-09T20:04:47.2888667Z     },
2026-10-09T20:04:47.2888852Z     {
2026-10-09T20:04:47.2889203Z       "name": "Skipping can be restored and invalidates existing proposals",
2026-10-09T20:04:47.2889875Z       "status": "pass"
2026-10-09T20:04:47.2890107Z     },
2026-10-09T20:04:47.2890274Z     {
2026-10-09T20:04:47.2890638Z       "name": "Malformed import remains rejected; authority fields stripped",
2026-10-09T20:04:47.2891027Z       "status": "pass"
2026-10-09T20:04:47.2891256Z     },
2026-10-09T20:04:47.2891421Z     {
2026-10-09T20:04:47.2891794Z       "name": "Strength accessory rep ranges stay stable across the block",
2026-10-09T20:04:47.2892190Z       "status": "pass"
2026-10-09T20:04:47.2892409Z     },
2026-10-09T20:04:47.2892596Z     {
2026-10-09T20:04:47.2892904Z       "name": "Load commit rejects a changed equipment increment",
2026-10-09T20:04:47.2893258Z       "status": "pass"
2026-10-09T20:04:47.2893476Z     },
2026-10-09T20:04:47.2893647Z     {
2026-10-09T20:04:47.2893987Z       "name": "An overdue active workout uses today for recovery checks",
2026-10-09T20:04:47.2894365Z       "status": "pass"
2026-10-09T20:04:47.2894583Z     },
2026-10-09T20:04:47.2894753Z     {
2026-10-09T20:04:47.2895149Z       "name": "Resolved proposals are capped at 50 and every open proposal is kept",
2026-10-09T20:04:47.2895570Z       "status": "pass"
2026-10-09T20:04:47.2895788Z     }
2026-10-09T20:04:47.2895979Z   ]
2026-10-09T20:04:47.2896172Z }
2026-10-09T20:04:47.2999401Z Checking check-transactional-browser-vault.cjs
2026-10-09T20:04:47.7151396Z PASS First save commits non-extractable key and ciphertext together, then notifies
2026-10-09T20:04:47.7251836Z PASS Legacy plaintext imports, verifies, cleans up and reopens without reimport
2026-10-09T20:04:47.7291492Z PASS Legacy encrypted records retain their key and exact ciphertext during import
2026-10-09T20:04:47.7348143Z PASS Legacy restore interruption: before journal
2026-10-09T20:04:47.7392690Z PASS Legacy restore interruption: after journal
2026-10-09T20:04:47.7435638Z PASS Legacy restore interruption: after ciphertext
2026-10-09T20:04:47.7466927Z PASS Legacy restore interruption: after obsolete cleanup
2026-10-09T20:04:47.7494116Z PASS Legacy restore interruption: before key commit
2026-10-09T20:04:47.7516277Z PASS Legacy restore interruption: after key and journal commit
2026-10-09T20:04:47.7581489Z PASS Pending legacy cleanup permits reads, refuses writes and imports after retry
2026-10-09T20:04:47.7635778Z PASS Lost legacy/current keys preserve raw exports and require explicit replacement
2026-10-09T20:04:47.7673330Z PASS Unreadable encrypted setup is retained without preventing valid main reads and saves
2026-10-09T20:04:47.7696037Z PASS Malformed sealed legacy setup never blocks valid main profile recovery
2026-10-09T20:04:47.7733962Z PASS Stale tab edits and restores refuse conflicts while refreshed tabs use the current key
2026-10-09T20:04:47.7760526Z PASS In-flight write conflicts with a replacement committed during encryption
2026-10-09T20:04:47.7789111Z PASS In-flight replace conflicts with a replacement committed during encryption
2026-10-09T20:04:47.7816236Z PASS First-key quota abort leaves no partial record or orphaned key and sends no save notice
2026-10-09T20:04:47.7858284Z PASS Abort after request success and restore quota preserve the current profile
2026-10-09T20:04:47.7896192Z PASS Failed migration preserves every legacy source and remains retryable
2026-10-09T20:04:47.7932833Z PASS Discard/reset tombstones prevent resurrection when legacy cleanup is denied
2026-10-09T20:04:47.7958960Z PASS Migrated IndexedDB reads, replacement and reset work with all legacy access denied
2026-10-09T20:04:48.1602857Z PASS Large ciphertext exceeding five million characters saves and reopens exactly
2026-10-09T20:04:48.1669946Z PASS Without Web Locks existing reads/exports work and all mutations refuse before saving
2026-10-09T20:04:48.1682600Z PASS Notification failure does not undo a committed readable save
2026-10-09T20:04:48.1684270Z PASS transactional browser vault: 24 scenarios, 163 checks (actual transpiled app, fake-indexeddb, real WebCrypto)
2026-10-09T20:04:48.1831573Z Checking check-transfer.cjs
2026-10-09T20:04:48.9470797Z   Argon2id round trip took 0.24 s in Node. Phone timing is not measured.
2026-10-09T20:04:50.9704459Z PASS transfer files: 62 checks
2026-10-09T20:04:50.9802629Z Checking check-workout-review.cjs
2026-10-09T20:04:51.5693396Z PASS workout review gate: 25 checks
2026-10-09T20:04:51.5974363Z Checking check-workout-science.cjs
2026-10-09T20:04:52.2084891Z PASS HY5 weekday orientation keeps the full block and discloses the delayed first role
2026-10-09T20:04:52.2115017Z PASS Every start weekday preserves HY5 roles, counts and comparable recovery
2026-10-09T20:04:52.2132192Z PASS Commitments preserve all HY5 work and prerequisites without occupying protected dates
2026-10-09T20:04:52.2139416Z PASS Original PLSL3 A/B roles roll across weeks with their actual prior-role prerequisites
2026-10-09T20:04:52.2153350Z PASS Named StrongLifts stays manual with exact base work and continuous A/B
2026-10-09T20:04:52.2638165Z PASS All 75 original paths preserve complete blocks and resolve scoped evidence
2026-10-09T20:04:52.2678537Z PASS All 20 named references remain source/user owned, including 12 empty calendars
2026-10-09T20:04:52.2763081Z PASS Youth current and catalog paths inherit youth guidance without adult goal efficacy cards
2026-10-09T20:04:52.2771071Z PASS Healthy older adult strength has older-function context; source scope excludes clinical validation
2026-10-09T20:04:52.2805573Z PASS App running intervals and base runs do not inherit NHS or adult resistance efficacy citations
2026-10-09T20:04:52.2821751Z PASS Empty generic coach/manual tracking carries no app-prescription efficacy evidence
2026-10-09T20:04:52.2838390Z PASS Activity overlay rejects the demonstrated final canonical over-window draft
2026-10-09T20:04:52.2862054Z PASS Selected focus citations and URL notes follow the actual adult/youth add-ons
2026-10-09T20:04:52.2951304Z PASS First-time equal-fit ranking prefers a smaller feasible foundation without hiding longer choices
2026-10-09T20:04:52.2991294Z PASS Adult phase increase stays explicitly preaccepted, rather than silently changing the history gate
2026-10-09T20:04:52.3001189Z PASS Legacy AT01-AT04 remain executable and recipe aliases/policy drift are explicit
2026-10-09T20:04:52.3002437Z 16 workout-science regression groups passed
2026-10-09T20:04:52.3149027Z 55/55 check suites passed.
2026-10-09T20:04:52.3884626Z test_alias_resource_refused (__main__.Fixtures.test_alias_resource_refused) ... ok
2026-10-09T20:04:52.3901498Z test_alternate_os_rules_refused (__main__.Fixtures.test_alternate_os_rules_refused) ... ok
2026-10-09T20:04:52.3922908Z test_android_numeric_links_read_rules_and_hashes (__main__.Fixtures.test_android_numeric_links_read_rules_and_hashes) ... ok
2026-10-09T20:04:52.3941018Z test_backup_includes_refused_even_with_all_exclusions (__main__.Fixtures.test_backup_includes_refused_even_with_all_exclusions) ... ok
2026-10-09T20:04:52.3959191Z test_backup_unreviewed_attribute_refused (__main__.Fixtures.test_backup_unreviewed_attribute_refused) ... ok
2026-10-09T20:04:52.3984227Z test_boot_permission_absent_or_expired_refused (__main__.Fixtures.test_boot_permission_absent_or_expired_refused) ... ok
2026-10-09T20:04:52.4009755Z test_boot_permission_sdk_coverage_and_variant_accepted (__main__.Fixtures.test_boot_permission_sdk_coverage_and_variant_accepted) ... ok
2026-10-09T20:04:52.5100432Z test_cli_requires_all_decoded_android_inputs (__main__.Fixtures.test_cli_requires_all_decoded_android_inputs) ... ok
2026-10-09T20:04:52.6588058Z test_cli_success_and_poison_failure (__main__.Fixtures.test_cli_success_and_poison_failure) ... ok
2026-10-09T20:04:52.6609843Z test_cloud_section_is_required (__main__.Fixtures.test_cloud_section_is_required) ... ok
2026-10-09T20:04:52.6625392Z test_debuggable_release_refused (__main__.Fixtures.test_debuggable_release_refused) ... ok
2026-10-09T20:04:52.6647368Z test_decimal_and_hex_reference_forms (__main__.Fixtures.test_decimal_and_hex_reference_forms) ... ok
2026-10-09T20:04:52.6675827Z test_direct_documents_exposure_false_accepted (__main__.Fixtures.test_direct_documents_exposure_false_accepted) ... ok
2026-10-09T20:04:52.6744752Z test_direct_documents_exposure_malformed_flags_refused (__main__.Fixtures.test_direct_documents_exposure_malformed_flags_refused) ... ok
2026-10-09T20:04:52.6768569Z test_direct_documents_exposure_true_refused (__main__.Fixtures.test_direct_documents_exposure_true_refused) ... ok
2026-10-09T20:04:52.6790730Z test_disabled_or_unresolved_application_refused (__main__.Fixtures.test_disabled_or_unresolved_application_refused) ... ok
2026-10-09T20:04:52.6813070Z test_domain_forward_secrecy_downgrade_refused (__main__.Fixtures.test_domain_forward_secrecy_downgrade_refused) ... ok
2026-10-09T20:04:52.6845713Z test_domain_insecure_http_aliases_refused (__main__.Fixtures.test_domain_insecure_http_aliases_refused) ... ok
2026-10-09T20:04:52.6864292Z test_domain_tls_downgrade_refused (__main__.Fixtures.test_domain_tls_downgrade_refused) ... ok
2026-10-09T20:04:52.6880890Z test_duplicate_application_refused (__main__.Fixtures.test_duplicate_application_refused) ... ok
2026-10-09T20:04:52.6898818Z test_duplicate_extraction_section_refused (__main__.Fixtures.test_duplicate_extraction_section_refused) ... ok
2026-10-09T20:04:52.6916966Z test_duplicate_or_unknown_domain_refused (__main__.Fixtures.test_duplicate_or_unknown_domain_refused) ... ok
2026-10-09T20:04:52.6933801Z test_duplicate_startup_initializer_refused (__main__.Fixtures.test_duplicate_startup_initializer_refused) ... ok
2026-10-09T20:04:52.6989861Z test_each_required_reminder_action_absent_refused (__main__.Fixtures.test_each_required_reminder_action_absent_refused) ... ok
2026-10-09T20:04:52.7008374Z test_expired_required_permission_refused (__main__.Fixtures.test_expired_required_permission_refused) ... ok
2026-10-09T20:04:52.7027723Z test_explicitly_enabled_application_accepted (__main__.Fixtures.test_explicitly_enabled_application_accepted) ... ok
2026-10-09T20:04:52.7044238Z test_exported_file_provider_refused (__main__.Fixtures.test_exported_file_provider_refused) ... ok
2026-10-09T20:04:52.7060399Z test_flag_disabled_variant_refused (__main__.Fixtures.test_flag_disabled_variant_refused) ... ok
2026-10-09T20:04:52.7090061Z test_global_arbitrary_transport_flags_refused (__main__.Fixtures.test_global_arbitrary_transport_flags_refused) ... ok
2026-10-09T20:04:52.7496766Z test_ios_cli_success (__main__.Fixtures.test_ios_cli_success) ... ok
2026-10-09T20:04:52.7524461Z test_ios_real_binary_plists_truthful_scope (__main__.Fixtures.test_ios_real_binary_plists_truthful_scope) ... ok
2026-10-09T20:04:52.7545332Z test_launcher_data_restriction_or_duplicate_entry_refused (__main__.Fixtures.test_launcher_data_restriction_or_duplicate_entry_refused) ... ok
2026-10-09T20:04:52.7561174Z test_launcher_duplicate_filter_refused (__main__.Fixtures.test_launcher_duplicate_filter_refused) ... ok
2026-10-09T20:04:52.7583745Z test_launcher_incomplete_or_split_intents_refused (__main__.Fixtures.test_launcher_incomplete_or_split_intents_refused) ... ok
2026-10-09T20:04:52.7602108Z test_malformed_boolean_transport_flag_refused (__main__.Fixtures.test_malformed_boolean_transport_flag_refused) ... ok
2026-10-09T20:04:52.7634243Z test_malformed_domain_config_refused (__main__.Fixtures.test_malformed_domain_config_refused) ... ok
2026-10-09T20:04:52.7654999Z test_malformed_permission_name_refused (__main__.Fixtures.test_malformed_permission_name_refused) ... ok
2026-10-09T20:04:52.7697920Z test_malformed_privacy_shapes_refused (__main__.Fixtures.test_malformed_privacy_shapes_refused) ... ok
2026-10-09T20:04:52.7734352Z test_malformed_reason_rows_refused (__main__.Fixtures.test_malformed_reason_rows_refused) ... ok
2026-10-09T20:04:52.7760792Z test_malformed_resource_row (__main__.Fixtures.test_malformed_resource_row) ... ok
2026-10-09T20:04:52.7791739Z test_malformed_transport_shapes_refused (__main__.Fixtures.test_malformed_transport_shapes_refused) ... ok
2026-10-09T20:04:52.7808327Z test_malformed_xml_is_not_success (__main__.Fixtures.test_malformed_xml_is_not_success) ... ok
2026-10-09T20:04:52.7825010Z test_mismatched_payload_path (__main__.Fixtures.test_mismatched_payload_path) ... ok
2026-10-09T20:04:52.7842075Z test_missing_link_is_refused (__main__.Fixtures.test_missing_link_is_refused) ... ok
2026-10-09T20:04:52.7862437Z test_missing_required_reason_refused (__main__.Fixtures.test_missing_required_reason_refused) ... ok
2026-10-09T20:04:52.7878141Z test_missing_resource_payload (__main__.Fixtures.test_missing_resource_payload) ... ok
2026-10-09T20:04:52.7897536Z test_multiple_or_missing_reminder_filters_refused (__main__.Fixtures.test_multiple_or_missing_reminder_filters_refused) ... ok
2026-10-09T20:04:52.7919954Z test_named_and_package_qualified_links (__main__.Fixtures.test_named_and_package_qualified_links) ... ok
2026-10-09T20:04:52.7936821Z test_narrowed_exclusion_refused (__main__.Fixtures.test_narrowed_exclusion_refused) ... ok
2026-10-09T20:04:52.7954914Z test_nested_include_refused (__main__.Fixtures.test_nested_include_refused) ... ok
2026-10-09T20:04:52.7972049Z test_notification_forwarder_intent_filter_refused (__main__.Fixtures.test_notification_forwarder_intent_filter_refused) ... ok
2026-10-09T20:04:52.7987668Z test_optimized_path_traversal_refused (__main__.Fixtures.test_optimized_path_traversal_refused) ... ok
2026-10-09T20:04:52.8008316Z test_optimized_resource_paths (__main__.Fixtures.test_optimized_resource_paths) ... ok
2026-10-09T20:04:52.8032806Z test_optional_startup_provider_or_initializer_absence_accepted (__main__.Fixtures.test_optional_startup_provider_or_initializer_absence_accepted) ... ok
2026-10-09T20:04:52.8050328Z test_package_qualified_aapt_rows (__main__.Fixtures.test_package_qualified_aapt_rows) ... ok
2026-10-09T20:04:52.8090490Z test_poisoned_device_transfer_missing_domain (__main__.Fixtures.test_poisoned_device_transfer_missing_domain) ... ok
2026-10-09T20:04:52.8107431Z test_poisoned_legacy_backup_missing_domain (__main__.Fixtures.test_poisoned_legacy_backup_missing_domain) ... ok
2026-10-09T20:04:52.8131836Z test_privacy_root_not_dictionary_refused (__main__.Fixtures.test_privacy_root_not_dictionary_refused) ... ok
2026-10-09T20:04:52.8147588Z test_profile_receiver_without_system_permission_refused (__main__.Fixtures.test_profile_receiver_without_system_permission_refused) ... ok
2026-10-09T20:04:52.8165944Z test_profile_system_tool_receiver_accepted (__main__.Fixtures.test_profile_system_tool_receiver_accepted) ... ok
2026-10-09T20:04:52.8185446Z test_release_bonjour_declaration_refused (__main__.Fixtures.test_release_bonjour_declaration_refused) ... ok
2026-10-09T20:04:52.8215382Z test_reminder_restricting_or_unreviewed_intent_entries_refused (__main__.Fixtures.test_reminder_restricting_or_unreviewed_intent_entries_refused) ... ok
2026-10-09T20:04:52.8237246Z test_remote_auto_init_enabled_refused (__main__.Fixtures.test_remote_auto_init_enabled_refused) ... ok
2026-10-09T20:04:52.8253132Z test_remote_collection_enabled_refused (__main__.Fixtures.test_remote_collection_enabled_refused) ... ok
2026-10-09T20:04:52.8268903Z test_remote_init_declaration_missing_refused (__main__.Fixtures.test_remote_init_declaration_missing_refused) ... ok
2026-10-09T20:04:52.8296400Z test_remote_sdk_components_refused (__main__.Fixtures.test_remote_sdk_components_refused) ... ok
2026-10-09T20:04:52.8315651Z test_required_components_default_enabled_accepted (__main__.Fixtures.test_required_components_default_enabled_accepted) ... ok
2026-10-09T20:04:52.8357207Z test_required_components_disabled_or_unresolved_refused (__main__.Fixtures.test_required_components_disabled_or_unresolved_refused) ... ok
2026-10-09T20:04:52.8378945Z test_required_launcher_and_reminder_components_absent_refused (__main__.Fixtures.test_required_launcher_and_reminder_components_absent_refused) ... ok
2026-10-09T20:04:52.8395581Z test_resource_identity_collision (__main__.Fixtures.test_resource_identity_collision) ... ok
2026-10-09T20:04:52.8415468Z test_reviewed_startup_initializers_accepted (__main__.Fixtures.test_reviewed_startup_initializers_accepted) ... ok
2026-10-09T20:04:52.8435297Z test_root_tracking_refused (__main__.Fixtures.test_root_tracking_refused) ... ok
2026-10-09T20:04:52.8454649Z test_sdk23_permission_tag_supported_above_minimum_os (__main__.Fixtures.test_sdk23_permission_tag_supported_above_minimum_os) ... ok
2026-10-09T20:04:52.8503008Z test_sdk_tracking_and_collection_refused (__main__.Fixtures.test_sdk_tracking_and_collection_refused) ... ok
2026-10-09T20:04:52.8532198Z test_secure_domain_exception_and_xml_sdk_accepted (__main__.Fixtures.test_secure_domain_exception_and_xml_sdk_accepted) ... ok
2026-10-09T20:04:52.8551765Z test_shared_rule_path_refused (__main__.Fixtures.test_shared_rule_path_refused) ... ok
2026-10-09T20:04:52.8572143Z test_startup_unexpected_or_nested_child_refused (__main__.Fixtures.test_startup_unexpected_or_nested_child_refused) ... ok
2026-10-09T20:04:52.8598256Z test_startup_unknown_or_indirected_initializer_refused (__main__.Fixtures.test_startup_unknown_or_indirected_initializer_refused) ... ok
2026-10-09T20:04:52.8614744Z test_startup_wrong_authority_refused (__main__.Fixtures.test_startup_wrong_authority_refused) ... ok
2026-10-09T20:04:52.8631128Z test_table_wrong_package (__main__.Fixtures.test_table_wrong_package) ... ok
2026-10-09T20:04:52.8649683Z test_unexpected_permission_refused (__main__.Fixtures.test_unexpected_permission_refused) ... ok
2026-10-09T20:04:52.8681824Z test_unimplemented_faceid_declaration_refused_including_empty (__main__.Fixtures.test_unimplemented_faceid_declaration_refused_including_empty) ... ok
2026-10-09T20:04:52.8711620Z test_unknown_permission_tag_cannot_satisfy_required_permission (__main__.Fixtures.test_unknown_permission_tag_cannot_satisfy_required_permission) ... ok
2026-10-09T20:04:52.8730032Z test_unknown_transport_key_refused (__main__.Fixtures.test_unknown_transport_key_refused) ... ok
2026-10-09T20:04:52.8749831Z test_unrelated_launcher_deep_link_filter_accepted (__main__.Fixtures.test_unrelated_launcher_deep_link_filter_accepted) ... ok
2026-10-09T20:04:52.8766292Z test_unreviewed_exported_component_refused (__main__.Fixtures.test_unreviewed_exported_component_refused) ... ok
2026-10-09T20:04:52.8782108Z test_unreviewed_network_config_cannot_override_denial (__main__.Fixtures.test_unreviewed_network_config_cannot_override_denial) ... ok
2026-10-09T20:04:52.8797955Z test_wrong_manifest_resource_id (__main__.Fixtures.test_wrong_manifest_resource_id) ... ok
2026-10-09T20:04:52.8815116Z test_wrong_named_link (__main__.Fixtures.test_wrong_named_link) ... ok
2026-10-09T20:04:52.8831827Z test_xml_entity_declaration_refused (__main__.Fixtures.test_xml_entity_declaration_refused) ... ok
2026-10-09T20:04:52.8832574Z 
2026-10-09T20:04:52.8832856Z ----------------------------------------------------------------------
2026-10-09T20:04:52.8833313Z Ran 90 tests in 0.498s
2026-10-09T20:04:52.8833524Z 
2026-10-09T20:04:52.8833645Z OK
2026-10-09T20:04:52.9695193Z .........
2026-10-09T20:04:52.9696023Z ----------------------------------------------------------------------
2026-10-09T20:04:52.9696735Z Ran 9 tests in 0.013s
2026-10-09T20:04:52.9696948Z 
2026-10-09T20:04:52.9697066Z OK
2026-10-09T20:04:53.1694997Z test_canonical_shared_module_and_public_snapshot_data_compile (__main__.Histories.test_canonical_shared_module_and_public_snapshot_data_compile) ... ok
2026-10-09T20:04:53.2695666Z test_cli_writes_only_boolean_output_and_json_receipt (__main__.Histories.test_cli_writes_only_boolean_output_and_json_receipt) ... ok
2026-10-09T20:04:53.3052659Z test_deleting_native_source_compiles (__main__.Histories.test_deleting_native_source_compiles) ... ok
2026-10-09T20:04:53.3435760Z test_documentation_rename_and_delete_skip (__main__.Histories.test_documentation_rename_and_delete_skip) ... ok
2026-10-09T20:04:53.3700893Z test_empty_tree_update_skips (__main__.Histories.test_empty_tree_update_skips) ... ok
2026-10-09T20:04:53.4017962Z test_exact_checkout_mismatch_compiles (__main__.Histories.test_exact_checkout_mismatch_compiles) ... ok
2026-10-09T20:04:53.4558152Z test_failed_or_incomplete_diff_cannot_skip (__main__.Histories.test_failed_or_incomplete_diff_cannot_skip) ... ok
2026-10-09T20:04:53.5027649Z test_force_push_removing_native_change_compiles (__main__.Histories.test_force_push_removing_native_change_compiles) ... ok
2026-10-09T20:04:53.5479930Z test_force_push_unchanged_native_tree_skips (__main__.Histories.test_force_push_unchanged_native_tree_skips) ... ok
2026-10-09T20:04:53.7561313Z test_inspection_and_gate_policy_changes_compile (__main__.Histories.test_inspection_and_gate_policy_changes_compile) ... ok
2026-10-09T20:04:53.7985855Z test_invalid_sha_or_mismatched_after_compile (__main__.Histories.test_invalid_sha_or_mismatched_after_compile) ... ok
2026-10-09T20:04:53.8364738Z test_invalid_utf8_native_path_is_detected_and_receipt_safe (__main__.Histories.test_invalid_utf8_native_path_is_detected_and_receipt_safe) ... ok
2026-10-09T20:04:53.8640842Z test_missing_event_structure_and_range_fields_compile (__main__.Histories.test_missing_event_structure_and_range_fields_compile) ... ok
2026-10-09T20:04:53.8830437Z test_missing_repository_compiles (__main__.Histories.test_missing_repository_compiles) ... ok
2026-10-09T20:04:53.9194149Z test_mobile_copied_docs_and_top_level_markdown_skip (__main__.Histories.test_mobile_copied_docs_and_top_level_markdown_skip) ... ok
2026-10-09T20:04:54.3558641Z test_more_than_3000_paths_do_not_hide_last_native_input (__main__.Histories.test_more_than_3000_paths_do_not_hide_last_native_input) ... ok
2026-10-09T20:04:54.3943195Z test_moving_documentation_into_native_source_compiles (__main__.Histories.test_moving_documentation_into_native_source_compiles) ... ok
2026-10-09T20:04:54.4320673Z test_moving_native_source_outside_mobile_compiles (__main__.Histories.test_moving_native_source_outside_mobile_compiles) ... ok
2026-10-09T20:04:54.4784090Z test_multi_commit_update_sees_native_change_before_final_docs_commit (__main__.Histories.test_multi_commit_update_sees_native_change_before_final_docs_commit) ... ok
2026-10-09T20:04:54.5251755Z test_native_change_reverted_in_same_update_is_input_unchanged (__main__.Histories.test_native_change_reverted_in_same_update_is_input_unchanged) ... ok
2026-10-09T20:04:54.5611664Z test_native_file_mode_change_compiles (__main__.Histories.test_native_file_mode_change_compiles) ... ok
2026-10-09T20:04:54.5832980Z test_open_reopen_and_manual_always_compile_without_range (__main__.Histories.test_open_reopen_and_manual_always_compile_without_range) ... ok
2026-10-09T20:04:54.6799030Z test_source_lock_plugin_and_nested_markdown_compile (__main__.Histories.test_source_lock_plugin_and_nested_markdown_compile) ... ok
2026-10-09T20:04:54.7147293Z test_unknown_before_or_blob_before_compiles (__main__.Histories.test_unknown_before_or_blob_before_compiles) ... ok
2026-10-09T20:04:54.7518997Z test_unusual_newline_and_nonascii_paths_are_nul_delimited (__main__.Histories.test_unusual_newline_and_nonascii_paths_are_nul_delimited) ... ok
2026-10-09T20:04:54.7890888Z test_website_and_root_docs_update_skips (__main__.Histories.test_website_and_root_docs_update_skips) ... ok
2026-10-09T20:04:54.7906076Z test_actual_workflow_condition_preserves_failure_and_missing_output_fallback (__main__.RepositoryContract.test_actual_workflow_condition_preserves_failure_and_missing_output_fallback) ... ok
2026-10-09T20:04:54.7923043Z test_observed_page2_range_skips_when_history_available (__main__.RepositoryContract.test_observed_page2_range_skips_when_history_available) ... skipped 'Historical production commits unavailable in this checkout; synthetic Git fixtures still run'
2026-10-09T20:04:54.7931249Z test_workflow_guards_gate_and_exact_source_without_cancellation (__main__.RepositoryContract.test_workflow_guards_gate_and_exact_source_without_cancellation) ... ok
2026-10-09T20:04:54.7932324Z 
2026-10-09T20:04:54.7932704Z ----------------------------------------------------------------------
2026-10-09T20:04:54.7933282Z Ran 29 tests in 1.742s
2026-10-09T20:04:54.7933500Z 
2026-10-09T20:04:54.7933637Z OK (skipped=1)
2026-10-09T20:04:54.8109274Z ##[group]Run npm run check
2026-10-09T20:04:54.8109909Z [36;1mnpm run check[0m
2026-10-09T20:04:54.8110155Z [36;1mnpm run test:engine[0m
2026-10-09T20:04:54.8172134Z shell: /usr/bin/bash -e {0}
2026-10-09T20:04:54.8172382Z env:
2026-10-09T20:04:54.8172578Z   WRANGLER_SEND_METRICS: false
2026-10-09T20:04:54.8172824Z   CI: true
2026-10-09T20:04:54.8173005Z ##[endgroup]
2026-10-09T20:04:54.9168008Z 
2026-10-09T20:04:54.9168511Z > training-studio-mobile@0.1.0 check
2026-10-09T20:04:54.9168915Z > tsc --noEmit
2026-10-09T20:04:54.9169069Z 
2026-10-09T20:04:59.6964163Z 
2026-10-09T20:04:59.6964850Z > training-studio-mobile@0.1.0 test:engine
2026-10-09T20:04:59.6965460Z > node --import tsx scripts/check-engine.ts
2026-10-09T20:04:59.6965705Z 
2026-10-09T20:05:00.7552950Z PASS: 78 plans across all 7 starting weekdays, workout validation, partial save, optional measurements round-trip, retained history, unsafe read/link rejection, 989 exercises and 989 guides.
2026-10-09T20:05:00.7828009Z PASS: native substitution survives validated save/reload; invalid program IDs are rejected.
2026-10-09T20:05:00.7842112Z PASS: native plan archives are retained and guarded; saved machine context carries forward without changing history.
2026-10-09T20:05:00.7887966Z PASS: local records are sealed with XChaCha20-Poly1305, bound to their storage slot, and reject tampering or wrong keys.
2026-10-09T20:05:01.4791292Z PASS: phone transfer files round-trip, reject a wrong password, and keep the header authenticated.
2026-10-09T20:05:01.4860603Z PASS: first-time lifters get one starting plan that matches their days; fit notes are shown.
2026-10-09T20:05:01.5211112Z ##[group]Run npm run build
2026-10-09T20:05:01.5211421Z [36;1mnpm run build[0m
2026-10-09T20:05:01.5211656Z [36;1mnpm run test:production[0m
2026-10-09T20:05:01.5211908Z [36;1mnpm run build:pages[0m
2026-10-09T20:05:01.5212145Z [36;1mnpm run check:pages[0m
2026-10-09T20:05:01.5275086Z shell: /usr/bin/bash -e {0}
2026-10-09T20:05:01.5275504Z env:
2026-10-09T20:05:01.5275847Z   WRANGLER_SEND_METRICS: false
2026-10-09T20:05:01.5276276Z   CI: true
2026-10-09T20:05:01.5276602Z ##[endgroup]
2026-10-09T20:05:01.6325549Z 
2026-10-09T20:05:01.6326233Z > site-creator-vinext-starter@0.1.0 build
2026-10-09T20:05:01.6326928Z > node scripts/run-framework.mjs build
2026-10-09T20:05:01.6327239Z 
2026-10-09T20:05:01.8845203Z [36mvite v8.0.16 [32mbuilding client environment for production...[36m[39m
2026-10-09T20:05:01.8981196Z [2K
2026-10-09T20:05:02.2596776Z [33m[plugin rolldown:vite-resolve] Module "url" has been externalized for browser compatibility, imported by "/home/runner/work/movefield/movefield/node_modules/.pnpm/@mlc-ai+web-tokenizers@0.1.6/node_modules/@mlc-ai/web-tokenizers/lib/index.js". See https://vite.dev/guide/troubleshooting.html#module-externalized-for-browser-compatibility for more details.[39m
2026-10-09T20:05:02.2602674Z [33m[plugin rolldown:vite-resolve] Module "module" has been externalized for browser compatibility, imported by "/home/runner/work/movefield/movefield/node_modules/.pnpm/@mlc-ai+web-tokenizers@0.1.6/node_modules/@mlc-ai/web-tokenizers/lib/index.js". See https://vite.dev/guide/troubleshooting.html#module-externalized-for-browser-compatibility for more details.[39m
2026-10-09T20:05:02.3054635Z transforming...✓ 38 modules transformed.
2026-10-09T20:05:02.3720694Z rendering chunks...
2026-10-09T20:05:02.4450822Z computing gzip size...
2026-10-09T20:05:02.5512156Z public/runtime/__vite-browser-external-B6E0ycFV.js      0.06 kB │ gzip:     0.08 kB
2026-10-09T20:05:02.5512979Z public/runtime/qwen-worker.js                       1,019.00 kB │ gzip:   137.29 kB
2026-10-09T20:05:02.5513655Z public/runtime/lib-B9Fth5gk.js                      4,745.69 kB │ gzip: 1,717.24 kB
2026-10-09T20:05:02.5514329Z public/runtime/lib-CNDdpUL3.js                      6,194.03 kB │ gzip: 2,183.09 kB
2026-10-09T20:05:02.5514637Z 
2026-10-09T20:05:02.5520118Z [32m✓ built in 665ms[39m
2026-10-09T20:05:03.1033063Z Packaged 118 tracked source files: movefield-mobile-r14.zip (2078044 bytes)
2026-10-09T20:05:03.5231654Z 
2026-10-09T20:05:03.5232469Z   vinext build  (Vite 8.0.16)
2026-10-09T20:05:03.5233198Z 
2026-10-09T20:05:05.0485869Z [34m[1/5] analyze client references...[39m
2026-10-09T20:05:05.0966632Z [2K
2026-10-09T20:05:06.4924368Z transforming...✓ 233 modules transformed.
2026-10-09T20:05:06.5158005Z rendering chunks...
2026-10-09T20:05:06.5239346Z [32m✓ built in 1.47s[39m
2026-10-09T20:05:06.5304252Z [34m[2/5] analyze server references...[39m
2026-10-09T20:05:06.5563388Z [2K
2026-10-09T20:05:09.2314662Z transforming...✓ 866 modules transformed.
2026-10-09T20:05:09.2353825Z rendering chunks...
2026-10-09T20:05:09.2384421Z [32m✓ built in 2.71s[39m
2026-10-09T20:05:09.2431271Z [34m[3/5] build rsc environment...[39m
2026-10-09T20:05:09.2672980Z [2K
2026-10-09T20:05:09.9719929Z transforming...✓ 230 modules transformed.
2026-10-09T20:05:10.0377347Z rendering chunks...
2026-10-09T20:05:10.0851570Z computing gzip size...
2026-10-09T20:05:10.0938497Z [32m✓ built in 849ms[39m
2026-10-09T20:05:10.0981621Z [34m[4/5] build client environment...[39m
2026-10-09T20:05:10.1226774Z [2K
2026-10-09T20:05:14.0320632Z transforming...✓ 2676 modules transformed.
2026-10-09T20:05:14.2095466Z rendering chunks...
2026-10-09T20:05:14.3515164Z computing gzip size...
2026-10-09T20:05:14.3646023Z [33m[plugin builtin:vite-reporter] 
2026-10-09T20:05:14.3646881Z (!) Some chunks are larger than 500 kB after minification. Consider:
2026-10-09T20:05:14.3647804Z - Using dynamic import() to code-split the application
2026-10-09T20:05:14.3649906Z - Use build.rolldownOptions.output.codeSplitting to improve chunking: https://rolldown.rs/reference/OutputOptions.codeSplitting
2026-10-09T20:05:14.3651689Z - Adjust chunk size limit for this warning via build.chunkSizeWarningLimit.[39m
2026-10-09T20:05:14.3681639Z [33m[33m[PLUGIN_TIMINGS] [0mYour build spent significant time in plugins. Here is a breakdown:
2026-10-09T20:05:14.3682462Z   - vinext:middleware-server-only (31%)
2026-10-09T20:05:14.3682824Z   - rsc:virtual-client-package (23%)
2026-10-09T20:05:14.3683122Z   - vinext:css-data-url (9%)
2026-10-09T20:05:14.3683364Z   - alias (8%)
2026-10-09T20:05:14.3683609Z   - vinext:og-inline-fetch-assets (7%)
2026-10-09T20:05:14.3684089Z See https://rolldown.rs/options/checks#plugintimings for more details.
2026-10-09T20:05:14.3684508Z [39m
2026-10-09T20:05:14.3691783Z [32m✓ built in 4.27s[39m
2026-10-09T20:05:14.3757330Z [34m[5/5] build ssr environment...[39m
2026-10-09T20:05:14.3989267Z [2K
2026-10-09T20:05:16.5766152Z transforming...✓ 877 modules transformed.
2026-10-09T20:05:16.7288761Z rendering chunks...
2026-10-09T20:05:16.8479282Z computing gzip size...
2026-10-09T20:05:16.8631532Z [32m✓ built in 2.49s[39m
2026-10-09T20:05:16.8857720Z [0m
2026-10-09T20:05:16.8858204Z   Route (app)
2026-10-09T20:05:16.8858695Z   ─ ? /
2026-10-09T20:05:16.8858940Z 
2026-10-09T20:05:16.8859111Z   ? Unknown
2026-10-09T20:05:16.8859346Z 
2026-10-09T20:05:16.8860168Z   ? Some routes could not be classified. vinext currently uses static analysis
2026-10-09T20:05:16.8861439Z     and cannot detect dynamic API usage (headers(), cookies(), etc.) at build time.
2026-10-09T20:05:16.8862649Z     Automatic classification will be improved in a future release.
2026-10-09T20:05:16.8863083Z 
2026-10-09T20:05:16.8863431Z   Build complete. Run `vinext start` to start the production server.
2026-10-09T20:05:16.8863925Z 
2026-10-09T20:05:17.0202375Z Prepared 55 offline assets for 55b5b6fd3033.
2026-10-09T20:05:17.1291601Z 
2026-10-09T20:05:17.1292698Z > site-creator-vinext-starter@0.1.0 test:production
2026-10-09T20:05:17.1293686Z > node scripts/check-all.cjs --production
2026-10-09T20:05:17.1294114Z 
2026-10-09T20:05:17.1593409Z Checking check-bundle.cjs
2026-10-09T20:05:17.2295067Z PASS bundle budgets and lazy chart boundary {"page":"_next/static/chunks/page-BMZyuh_J.js","key":"app/page.tsx","bytes":277079,"gzipBytes":83204,"initialGzipBytes":399872,"initialLimitGzipBytes":400000,"chunks":[{"key":"app/page.tsx","bytes":277079,"gzipBytes":83204},{"key":"_rolldown-runtime-QTnfLwEv.js","bytes":694,"gzipBytes":422},{"key":"virtual:vinext-app-browser-entry","bytes":193183,"gzipBytes":56085},{"key":"_framework-JGc2HF7T.js","bytes":190152,"gzipBytes":59097},{"key":"components/app-preferences.tsx","bytes":153280,"gzipBytes":48692},{"key":"_button-CBvz_Igj.js","bytes":32543,"gzipBytes":10650},{"key":"_alert-dialog-CwCsg_iQ.js","bytes":6769,"gzipBytes":2268},{"key":"_training-e4WnSvcK.js","bytes":793315,"gzipBytes":114028},{"key":"_local-backup-Dd_58mCP.js","bytes":7937,"gzipBytes":3003},{"key":"_types-n0CmVGHn.js","bytes":56482,"gzipBytes":12831},{"key":"_progress-BLdZ8dmX.js","bytes":24931,"gzipBytes":7212},{"key":"_public-path-Dnx1y3mw.js","bytes":152,"gzipBytes":138},{"key":"_workout-review-_uJXkssg.js","bytes":4813,"gzipBytes":2242}]}
2026-10-09T20:05:17.2328244Z Checking check-production-offline.cjs
2026-10-09T20:05:17.2961940Z {
2026-10-09T20:05:17.2962360Z   "status": "pass",
2026-10-09T20:05:17.2962768Z   "assets": 55,
2026-10-09T20:05:17.2963170Z   "totalBytes": 19683302,
2026-10-09T20:05:17.2963923Z   "build": "55b5b6fd30330e035633109a0944e08525eb6047e626bc8b2a7356c00e48b812",
2026-10-09T20:05:17.2964754Z   "allBuiltClientChunksCovered": true,
2026-10-09T20:05:17.2965335Z   "workerManifestMatches": true,
2026-10-09T20:05:17.2965731Z   "assetHashesMatch": true,
2026-10-09T20:05:17.2966109Z   "privateDataAndModelWeightsAbsent": true
2026-10-09T20:05:17.2966503Z }
2026-10-09T20:05:17.3017192Z Checking check-production-security.cjs
2026-10-09T20:05:18.0346768Z {"brandAssetsAvailable":true,"nativeStarterAvailable":true,"status":200,"scripts":23,"nonceMatched":true,"nonceRotates":true,"writeRouteClosed":true,"internalRouteClosed":true,"qaRouteAbsent":true,"unclearedPhotosAbsent":true,"cache":"private, no-store"}
2026-10-09T20:05:18.0542605Z 3/3 check suites passed.
2026-10-09T20:05:18.1585358Z 
2026-10-09T20:05:18.1586432Z > site-creator-vinext-starter@0.1.0 build:pages
2026-10-09T20:05:18.1586942Z > node scripts/build-pages.mjs
2026-10-09T20:05:18.1587156Z 
2026-10-09T20:05:18.3575601Z [36mvite v8.0.16 [32mbuilding client environment for production...[36m[39m
2026-10-09T20:05:18.3712303Z [2K
2026-10-09T20:05:19.3870104Z 
2026-10-09T20:05:19.3921583Z /movefield/fonts/inter-variable.ttf referenced in /movefield/fonts/inter-variable.ttf didn't resolve at build time, it will remain unchanged to be resolved at runtime
2026-10-09T20:05:19.3979807Z 
2026-10-09T20:05:19.4041490Z /movefield/fonts/barlow-condensed-semibold.ttf referenced in /movefield/fonts/barlow-condensed-semibold.ttf didn't resolve at build time, it will remain unchanged to be resolved at runtime
2026-10-09T20:05:19.4129881Z 
2026-10-09T20:05:19.4162007Z /movefield/fonts/atkinson-hyperlegible-latin-400-normal.woff2 referenced in /movefield/fonts/atkinson-hyperlegible-latin-400-normal.woff2 didn't resolve at build time, it will remain unchanged to be resolved at runtime
2026-10-09T20:05:19.4250032Z 
2026-10-09T20:05:19.4252532Z /movefield/fonts/atkinson-hyperlegible-latin-700-normal.woff2 referenced in /movefield/fonts/atkinson-hyperlegible-latin-700-normal.woff2 didn't resolve at build time, it will remain unchanged to be resolved at runtime
2026-10-09T20:05:19.4286997Z 
2026-10-09T20:05:19.4341640Z /movefield/fonts/oswald-latin-600-normal.woff2 referenced in /movefield/fonts/oswald-latin-600-normal.woff2 didn't resolve at build time, it will remain unchanged to be resolved at runtime
2026-10-09T20:05:19.4385404Z 
2026-10-09T20:05:19.4423569Z /movefield/fonts/oswald-latin-700-normal.woff2 referenced in /movefield/fonts/oswald-latin-700-normal.woff2 didn't resolve at build time, it will remain unchanged to be resolved at runtime
2026-10-09T20:05:19.4444402Z 
2026-10-09T20:05:19.4445956Z /movefield/fonts/saira-latin-400-normal.woff2 referenced in /movefield/fonts/saira-latin-400-normal.woff2 didn't resolve at build time, it will remain unchanged to be resolved at runtime
2026-10-09T20:05:19.4447240Z 
2026-10-09T20:05:19.4448716Z /movefield/fonts/saira-latin-700-normal.woff2 referenced in /movefield/fonts/saira-latin-700-normal.woff2 didn't resolve at build time, it will remain unchanged to be resolved at runtime
2026-10-09T20:05:19.4450266Z 
2026-10-09T20:05:19.4451758Z /movefield/fonts/lexend-latin-400-normal.woff2 referenced in /movefield/fonts/lexend-latin-400-normal.woff2 didn't resolve at build time, it will remain unchanged to be resolved at runtime
2026-10-09T20:05:19.4453083Z 
2026-10-09T20:05:19.4454586Z /movefield/fonts/lexend-latin-700-normal.woff2 referenced in /movefield/fonts/lexend-latin-700-normal.woff2 didn't resolve at build time, it will remain unchanged to be resolved at runtime
2026-10-09T20:05:19.4455866Z 
2026-10-09T20:05:19.4457337Z /movefield/fonts/nunito-latin-400-normal.woff2 referenced in /movefield/fonts/nunito-latin-400-normal.woff2 didn't resolve at build time, it will remain unchanged to be resolved at runtime
2026-10-09T20:05:19.4458602Z 
2026-10-09T20:05:19.4460333Z /movefield/fonts/nunito-latin-700-normal.woff2 referenced in /movefield/fonts/nunito-latin-700-normal.woff2 didn't resolve at build time, it will remain unchanged to be resolved at runtime
2026-10-09T20:05:19.5320501Z transforming...✓ 2552 modules transformed.
2026-10-09T20:05:19.6337159Z rendering chunks...
2026-10-09T20:05:19.7706765Z computing gzip size...
2026-10-09T20:05:19.7887612Z dist-pages/index.html                                 1.03 kB │ gzip:   0.52 kB
2026-10-09T20:05:19.7888918Z dist-pages/assets/index-Anb-eQ2i.css                221.74 kB │ gzip:  36.17 kB
2026-10-09T20:05:19.7890487Z dist-pages/assets/qwen-unavailable-IXSK3HSm.js        0.46 kB │ gzip:   0.32 kB
2026-10-09T20:05:19.7892212Z dist-pages/assets/jsx-runtime-DUAcabCT.js             1.06 kB │ gzip:   0.60 kB
2026-10-09T20:05:19.7893620Z dist-pages/assets/research-library-D_pwSAqb.js        4.46 kB │ gzip:   1.82 kB
2026-10-09T20:05:19.7894975Z dist-pages/assets/transfer-dialog-BTPWpFPn.js        36.22 kB │ gzip:  13.49 kB
2026-10-09T20:05:19.7896247Z dist-pages/assets/button-BZyDGPNM.js                 39.97 kB │ gzip:  13.33 kB
2026-10-09T20:05:19.7897536Z dist-pages/assets/progress-dashboard-iieW3WIP.js    368.46 kB │ gzip: 108.44 kB
2026-10-09T20:05:19.7898830Z dist-pages/assets/index-Bi0_Vc1b.js               1,504.07 kB │ gzip: 328.90 kB
2026-10-09T20:05:19.7899383Z 
2026-10-09T20:05:19.7900073Z [33m[plugin builtin:vite-reporter] 
2026-10-09T20:05:19.7900878Z (!) Some chunks are larger than 500 kB after minification. Consider:
2026-10-09T20:05:19.7902069Z - Using dynamic import() to code-split the application
2026-10-09T20:05:19.7903549Z - Use build.rolldownOptions.output.codeSplitting to improve chunking: https://rolldown.rs/reference/OutputOptions.codeSplitting
2026-10-09T20:05:19.7904920Z - Adjust chunk size limit for this warning via build.chunkSizeWarningLimit.[39m
2026-10-09T20:05:19.7905735Z [32m✓ built in 1.43s[39m
2026-10-09T20:05:19.8231386Z Pages output: 35 allowlisted files; version 5d66719d4ad2048fb3f0d5056bafa862be493e38e3700d1aaa061f433d5165b6
2026-10-09T20:05:19.9589438Z 
2026-10-09T20:05:19.9590360Z > site-creator-vinext-starter@0.1.0 check:pages
2026-10-09T20:05:19.9591128Z > node scripts/check-pages.mjs
2026-10-09T20:05:19.9591443Z 
2026-10-09T20:05:20.2796497Z {
2026-10-09T20:05:20.2796907Z   "passed": true,
2026-10-09T20:05:20.2797302Z   "assertions": 421,
2026-10-09T20:05:20.2797678Z   "assets": 35,
2026-10-09T20:05:20.2798366Z   "version": "5d66719d4ad2048fb3f0d5056bafa862be493e38e3700d1aaa061f433d5165b6",
2026-10-09T20:05:20.2799102Z   "limits": [
2026-10-09T20:05:20.2799898Z     "VM worker verification; no real browser/OS offline acceptance"
2026-10-09T20:05:20.2800363Z   ]
2026-10-09T20:05:20.2800593Z }
2026-10-09T20:05:20.3090990Z ##[group]Run npm run export:mobile
2026-10-09T20:05:20.3091324Z [36;1mnpm run export:mobile[0m
2026-10-09T20:05:20.3154301Z shell: /usr/bin/bash -e {0}
2026-10-09T20:05:20.3154558Z env:
2026-10-09T20:05:20.3154760Z   WRANGLER_SEND_METRICS: false
2026-10-09T20:05:20.3155010Z   CI: true
2026-10-09T20:05:20.3155190Z ##[endgroup]
2026-10-09T20:05:20.4196646Z 
2026-10-09T20:05:20.4197300Z > training-studio-mobile@0.1.0 export:mobile
2026-10-09T20:05:20.4197976Z > expo export --platform ios --platform android --output-dir dist-mobile
2026-10-09T20:05:20.4198364Z 
2026-10-09T20:05:21.0822114Z Starting Metro Bundler
2026-10-09T20:05:21.0822447Z 
2026-10-09T20:05:41.5408676Z iOS Bundled 20256ms index.ts (825 modules)
2026-10-09T20:05:47.5383536Z Android Bundled 26252ms index.ts (825 modules)
2026-10-09T20:05:47.5569865Z 
2026-10-09T20:05:47.5581182Z › Assets (12):
2026-10-09T20:05:47.5652462Z assets/fonts/AtkinsonHyperlegible_400Regular.ttf (54KB)
2026-10-09T20:05:47.5653170Z assets/fonts/AtkinsonHyperlegible_700Bold.ttf (54KB)
2026-10-09T20:05:47.5654211Z assets/fonts/barlow-condensed-semibold.ttf (109KB)
2026-10-09T20:05:47.5654860Z assets/fonts/inter-variable.ttf (877KB)
2026-10-09T20:05:47.5655575Z assets/fonts/Lexend_400Regular.ttf (78KB)
2026-10-09T20:05:47.5656205Z assets/fonts/Lexend_700Bold.ttf (79KB)
2026-10-09T20:05:47.5656861Z assets/fonts/Nunito_400Regular.ttf (132KB)
2026-10-09T20:05:47.5657798Z assets/fonts/Nunito_700Bold.ttf (132KB)
2026-10-09T20:05:47.5658632Z assets/fonts/Oswald_600SemiBold.ttf (88KB)
2026-10-09T20:05:47.5659741Z assets/fonts/Oswald_700Bold.ttf (88KB)
2026-10-09T20:05:47.5660534Z assets/fonts/Saira_400Regular.ttf (84KB)
2026-10-09T20:05:47.5661226Z assets/fonts/Saira_700Bold.ttf (83KB)
2026-10-09T20:05:47.5662755Z 
2026-10-09T20:05:47.5663601Z › ios bundles (1):
2026-10-09T20:05:47.5665777Z _expo/static/js/ios/index-a5dc3923c785a0fb208186fe9515514f.hbc (4.7MB)
2026-10-09T20:05:47.5666299Z 
2026-10-09T20:05:47.5666559Z › android bundles (1):
2026-10-09T20:05:47.5667333Z _expo/static/js/android/index-8c78ce0ce791d177efa34f2dc42e9a33.hbc (4.7MB)
2026-10-09T20:05:47.5667879Z 
2026-10-09T20:05:47.5668059Z › Files (1):
2026-10-09T20:05:47.5668711Z metadata.json (1.8KB)
2026-10-09T20:05:47.5724109Z 
2026-10-09T20:05:47.5727544Z Exported: dist-mobile
2026-10-09T20:05:47.7118935Z ##[group]Run node scripts/check-dependencies.mjs
2026-10-09T20:05:47.7119345Z [36;1mnode scripts/check-dependencies.mjs[0m
2026-10-09T20:05:47.7182429Z shell: /usr/bin/bash -e {0}
2026-10-09T20:05:47.7182672Z env:
2026-10-09T20:05:47.7182866Z   WRANGLER_SEND_METRICS: false
2026-10-09T20:05:47.7183100Z   CI: true
2026-10-09T20:05:47.7183277Z ##[endgroup]
2026-10-09T20:05:48.5387464Z KNOWN CI EXCEPTION / RELEASE BLOCKED web: braces https://github.com/advisories/GHSA-vfj7-8cjw-p6xm (temporary-ci-exception)
2026-10-09T20:05:52.7152041Z KNOWN CI EXCEPTION / RELEASE BLOCKED mobile: braces https://github.com/advisories/GHSA-vfj7-8cjw-p6xm (temporary-ci-exception)
2026-10-09T20:05:52.7153345Z KNOWN CI EXCEPTION / RELEASE BLOCKED mobile: node-forge https://github.com/advisories/GHSA-86w9-cpqp-85rv (temporary-ci-exception)
2026-10-09T20:05:52.7285427Z ##[group]Run actions/upload-artifact@ea165f8d65b6e75b540449e92b4886f43607fa02
2026-10-09T20:05:52.7285855Z with:
2026-10-09T20:05:52.7286054Z   name: quality-results
2026-10-09T20:05:52.7286397Z   path: .sites-runtime/*check*.json
.sites-runtime-quality-source.txt

2026-10-09T20:05:52.7286783Z   include-hidden-files: true
2026-10-09T20:05:52.7287029Z   if-no-files-found: ignore
2026-10-09T20:05:52.7287264Z   compression-level: 6
2026-10-09T20:05:52.7287471Z   overwrite: false
2026-10-09T20:05:52.7287659Z env:
2026-10-09T20:05:52.7287842Z   WRANGLER_SEND_METRICS: false
2026-10-09T20:05:52.7288063Z   CI: true
2026-10-09T20:05:52.7288252Z ##[endgroup]
2026-10-09T20:05:52.8935750Z (node:4490) [DEP0040] DeprecationWarning: The `punycode` module is deprecated. Please use a userland alternative instead.
2026-10-09T20:05:52.8936609Z (Use `node --trace-deprecation ...` to show where the warning was created)
2026-10-09T20:05:52.9025532Z Multiple search paths detected. Calculating the least common ancestor of all paths
2026-10-09T20:05:52.9028205Z The least common ancestor is /home/runner/work/movefield/movefield. This will be the root directory of the artifact
2026-10-09T20:05:52.9029862Z With the provided path, there will be 12 files uploaded
2026-10-09T20:05:52.9040337Z Artifact name is valid!
2026-10-09T20:05:52.9041633Z Root directory input is valid!
2026-10-09T20:05:53.1101765Z Beginning upload of artifact content to blob storage
2026-10-09T20:05:53.1456493Z (node:4490) [DEP0169] DeprecationWarning: `url.parse()` behavior is not standardized and prone to errors that have security implications. Use the WHATWG URL API instead. CVEs are not issued for `url.parse()` vulnerabilities.
2026-10-09T20:05:53.1705194Z Uploaded bytes 8004
2026-10-09T20:05:53.1846597Z Finished uploading artifact content to blob storage!
2026-10-09T20:05:53.1847764Z SHA256 digest of uploaded artifact zip is 643629f0021e665d78e090d7516709f935dc2e2fc815f808bfb9a6dc471d6e9a
2026-10-09T20:05:53.1850110Z Finalizing artifact upload
2026-10-09T20:05:54.1351141Z Artifact quality-results.zip successfully finalized. Artifact ID 11642522406
2026-10-09T20:05:54.1352657Z Artifact quality-results has been successfully uploaded! Final size is 8004 bytes. Artifact ID is 11642522406
2026-10-09T20:05:54.1353825Z Artifact download URL: https://github.com/ghinz32-cloud/movefield/actions/runs/37984196434/artifacts/11642522406
2026-10-09T20:05:54.1525638Z Post job cleanup.
2026-10-09T20:05:54.2758297Z (node:4504) [DEP0040] DeprecationWarning: The `punycode` module is deprecated. Please use a userland alternative instead.
2026-10-09T20:05:54.2759332Z (Use `node --trace-deprecation ...` to show where the warning was created)
2026-10-09T20:05:54.2939375Z Post job cleanup.
2026-10-09T20:05:54.3965424Z [command]/usr/bin/git version
2026-10-09T20:05:54.4017389Z git version 2.55.0
2026-10-09T20:05:54.4057724Z Temporarily overriding HOME='/home/runner/work/_temp/4637473e-8f43-43c9-81c0-3a62f9018e61' before making global git config changes
2026-10-09T20:05:54.4061602Z Adding repository directory to the temporary git global config as a safe directory
2026-10-09T20:05:54.4064694Z [command]/usr/bin/git config --global --add safe.directory /home/runner/work/movefield/movefield
2026-10-09T20:05:54.4110211Z [command]/usr/bin/git config --local --name-only --get-regexp core\.sshCommand
2026-10-09T20:05:54.4153645Z [command]/usr/bin/git submodule foreach --recursive sh -c "git config --local --name-only --get-regexp 'core\.sshCommand' && git config --local --unset-all 'core.sshCommand' || :"
2026-10-09T20:05:54.4481642Z [command]/usr/bin/git config --local --name-only --get-regexp http\.https\:\/\/github\.com\/\.extraheader
2026-10-09T20:05:54.4522077Z [command]/usr/bin/git submodule foreach --recursive sh -c "git config --local --name-only --get-regexp 'http\.https\:\/\/github\.com\/\.extraheader' && git config --local --unset-all 'http.https://github.com/.extraheader' || :"
2026-10-09T20:05:54.4803108Z [command]/usr/bin/git config --local --name-only --get-regexp ^includeIf\.gitdir:
2026-10-09T20:05:54.4843652Z [command]/usr/bin/git submodule foreach --recursive git config --local --show-origin --name-only --get-regexp remote.origin.url
2026-10-09T20:05:54.5238777Z Cleaning up orphan processes
2026-10-09T20:05:54.5551538Z ##[warning]Node.js 20 is deprecated. The following actions target Node.js 20 but are being forced to run on Node.js 24: actions/upload-artifact@ea165f8d65b6e75b540449e92b4886f43607fa02. For more information see: https://github.blog/changelog/2025-09-19-deprecation-of-node-20-on-github-actions-runners/
