2026-10-09T19:10:18.5585911Z Current runner version: '2.337.0'
2026-10-09T19:10:18.5606848Z ##[group]Runner Image Provisioner
2026-10-09T19:10:18.5607466Z Hosted Compute Agent
2026-10-09T19:10:18.5607908Z Version: 20261002.596
2026-10-09T19:10:18.5608330Z Commit: c3d12f3313a95f25162a1503be624f3b0617f8c0
2026-10-09T19:10:18.5608825Z Build Date: 2026-10-02T22:28:27Z
2026-10-09T19:10:18.5609356Z Worker ID: {2cea294c-faa9-4637-a452-c52e1c4fc13d}
2026-10-09T19:10:18.5609815Z Region: centralus
2026-10-09T19:10:18.5610197Z Cloud: Azure
2026-10-09T19:10:18.5610556Z ##[endgroup]
2026-10-09T19:10:18.5611429Z ##[group]Operating System
2026-10-09T19:10:18.5611895Z Ubuntu
2026-10-09T19:10:18.5612223Z 24.04.5
2026-10-09T19:10:18.5612547Z LTS
2026-10-09T19:10:18.5612928Z ##[endgroup]
2026-10-09T19:10:18.5613303Z ##[group]Runner Image
2026-10-09T19:10:18.5613764Z Image: ubuntu-24.04
2026-10-09T19:10:18.5614132Z Version: 20261004.327.1
2026-10-09T19:10:18.5615043Z Included Software: https://github.com/actions/runner-images/blob/ubuntu24/20261004.327/images/ubuntu/Ubuntu2404-Readme.md
2026-10-09T19:10:18.5616028Z Image Release: https://github.com/actions/runner-images/releases/tag/ubuntu24%2F20261004.327
2026-10-09T19:10:18.5616931Z ##[endgroup]
2026-10-09T19:10:18.5617655Z ##[group]GITHUB_TOKEN Permissions
2026-10-09T19:10:18.5619220Z Contents: read
2026-10-09T19:10:18.5619588Z Metadata: read
2026-10-09T19:10:18.5619989Z ##[endgroup]
2026-10-09T19:10:18.5621624Z Secret source: Actions
2026-10-09T19:10:18.5622212Z Cache mode: write
2026-10-09T19:10:18.5622752Z Prepare workflow directory
2026-10-09T19:10:18.5931363Z Prepare all required actions
2026-10-09T19:10:18.5965872Z Getting action download info
2026-10-09T19:10:18.8231034Z Download action repository 'actions/checkout@fbc6f3992d24b796d5a048ff273f7fcc4a7b6c09' (SHA:fbc6f3992d24b796d5a048ff273f7fcc4a7b6c09)
2026-10-09T19:10:18.8885787Z Download action repository 'actions/setup-node@a0853c24544627f65ddf259abe73b1d18a591444' (SHA:a0853c24544627f65ddf259abe73b1d18a591444)
2026-10-09T19:10:19.0312619Z Download action repository 'actions/upload-artifact@ea165f8d65b6e75b540449e92b4886f43607fa02' (SHA:ea165f8d65b6e75b540449e92b4886f43607fa02)
2026-10-09T19:10:19.2305069Z Complete job name: quality
2026-10-09T19:10:19.2853225Z ##[group]Run actions/checkout@fbc6f3992d24b796d5a048ff273f7fcc4a7b6c09
2026-10-09T19:10:19.2853851Z with:
2026-10-09T19:10:19.2854119Z   persist-credentials: false
2026-10-09T19:10:19.2854448Z   repository: ghinz32-cloud/movefield
2026-10-09T19:10:19.2856959Z   token: ***
2026-10-09T19:10:19.2857210Z   ssh-strict: true
2026-10-09T19:10:19.2857473Z   ssh-user: git
2026-10-09T19:10:19.2857722Z   clean: true
2026-10-09T19:10:19.2857988Z   sparse-checkout-cone-mode: true
2026-10-09T19:10:19.2858294Z   fetch-depth: 1
2026-10-09T19:10:19.2858548Z   fetch-tags: false
2026-10-09T19:10:19.2858811Z   show-progress: true
2026-10-09T19:10:19.2859076Z   lfs: false
2026-10-09T19:10:19.2859318Z   submodules: false
2026-10-09T19:10:19.2859589Z   set-safe-directory: true
2026-10-09T19:10:19.2859902Z   allow-unsafe-pr-checkout: false
2026-10-09T19:10:19.2860308Z env:
2026-10-09T19:10:19.2860553Z   WRANGLER_SEND_METRICS: false
2026-10-09T19:10:19.2860839Z   CI: true
2026-10-09T19:10:19.2861105Z ##[endgroup]
2026-10-09T19:10:19.3610093Z Syncing repository: ghinz32-cloud/movefield
2026-10-09T19:10:19.3611967Z ##[group]Getting Git version info
2026-10-09T19:10:19.3612640Z Working directory is '/home/runner/work/movefield/movefield'
2026-10-09T19:10:19.3613601Z [command]/usr/bin/git version
2026-10-09T19:10:19.3638041Z git version 2.55.0
2026-10-09T19:10:19.3653939Z ##[endgroup]
2026-10-09T19:10:19.3666295Z Temporarily overriding HOME='/home/runner/work/_temp/beca9290-7089-45ad-ab45-309d82b69162' before making global git config changes
2026-10-09T19:10:19.3667817Z Adding repository directory to the temporary git global config as a safe directory
2026-10-09T19:10:19.3670271Z [command]/usr/bin/git config --global --add safe.directory /home/runner/work/movefield/movefield
2026-10-09T19:10:19.3719643Z Deleting the contents of '/home/runner/work/movefield/movefield'
2026-10-09T19:10:19.3722010Z ##[group]Initializing the repository
2026-10-09T19:10:19.3725106Z [command]/usr/bin/git init /home/runner/work/movefield/movefield
2026-10-09T19:10:19.3820903Z hint: Using 'master' as the name for the initial branch. This default branch name
2026-10-09T19:10:19.3822433Z hint: will change to "main" in Git 3.0. To configure the initial branch name
2026-10-09T19:10:19.3823616Z hint: to use in all of your new repositories, which will suppress this warning,
2026-10-09T19:10:19.3824454Z hint: call:
2026-10-09T19:10:19.3824984Z hint:
2026-10-09T19:10:19.3825667Z hint: 	git config --global init.defaultBranch <name>
2026-10-09T19:10:19.3826401Z hint:
2026-10-09T19:10:19.3827208Z hint: Names commonly chosen instead of 'master' are 'main', 'trunk' and
2026-10-09T19:10:19.3828290Z hint: 'development'. The just-created branch can be renamed via this command:
2026-10-09T19:10:19.3829165Z hint:
2026-10-09T19:10:19.3829696Z hint: 	git branch -m <name>
2026-10-09T19:10:19.3830323Z hint:
2026-10-09T19:10:19.3831110Z hint: Disable this message with "git config set advice.defaultBranchName false"
2026-10-09T19:10:19.3832443Z Initialized empty Git repository in /home/runner/work/movefield/movefield/.git/
2026-10-09T19:10:19.3834650Z [command]/usr/bin/git remote add origin https://github.com/ghinz32-cloud/movefield
2026-10-09T19:10:19.3883709Z ##[endgroup]
2026-10-09T19:10:19.3884473Z ##[group]Disabling automatic garbage collection
2026-10-09T19:10:19.3888053Z [command]/usr/bin/git config --local gc.auto 0
2026-10-09T19:10:19.3922339Z ##[endgroup]
2026-10-09T19:10:19.3923059Z ##[group]Setting up auth
2026-10-09T19:10:19.3928391Z [command]/usr/bin/git config --local --name-only --get-regexp core\.sshCommand
2026-10-09T19:10:19.3964704Z [command]/usr/bin/git submodule foreach --recursive sh -c "git config --local --name-only --get-regexp 'core\.sshCommand' && git config --local --unset-all 'core.sshCommand' || :"
2026-10-09T19:10:19.4266930Z [command]/usr/bin/git config --local --name-only --get-regexp http\.https\:\/\/github\.com\/\.extraheader
2026-10-09T19:10:19.4298998Z [command]/usr/bin/git submodule foreach --recursive sh -c "git config --local --name-only --get-regexp 'http\.https\:\/\/github\.com\/\.extraheader' && git config --local --unset-all 'http.https://github.com/.extraheader' || :"
2026-10-09T19:10:19.4494191Z [command]/usr/bin/git config --local --name-only --get-regexp ^includeIf\.gitdir:
2026-10-09T19:10:19.4528242Z [command]/usr/bin/git submodule foreach --recursive git config --local --show-origin --name-only --get-regexp remote.origin.url
2026-10-09T19:10:19.4723592Z [command]/usr/bin/git config --local http.https://github.com/.extraheader AUTHORIZATION: basic ***
2026-10-09T19:10:19.4761309Z ##[endgroup]
2026-10-09T19:10:19.4762194Z ##[group]Fetching the repository
2026-10-09T19:10:19.4770124Z [command]/usr/bin/git -c protocol.version=2 fetch --no-tags --prune --no-recurse-submodules --depth=1 origin +61afe097261b44672af81312e5e4f0efec9fb1d7:refs/remotes/pull/1/merge
2026-10-09T19:10:20.3600357Z From https://github.com/ghinz32-cloud/movefield
2026-10-09T19:10:20.3601986Z  * [new ref]         61afe097261b44672af81312e5e4f0efec9fb1d7 -> pull/1/merge
2026-10-09T19:10:20.3605032Z ##[endgroup]
2026-10-09T19:10:20.3606427Z ##[group]Determining the checkout info
2026-10-09T19:10:20.3607649Z ##[endgroup]
2026-10-09T19:10:20.3608754Z [command]/usr/bin/git sparse-checkout disable
2026-10-09T19:10:20.3655373Z [command]/usr/bin/git config --local --unset-all extensions.worktreeConfig
2026-10-09T19:10:20.3688666Z ##[group]Checking out the ref
2026-10-09T19:10:20.3691524Z [command]/usr/bin/git checkout --progress --force refs/remotes/pull/1/merge
2026-10-09T19:10:20.4526663Z Note: switching to 'refs/remotes/pull/1/merge'.
2026-10-09T19:10:20.4527392Z 
2026-10-09T19:10:20.4527894Z You are in 'detached HEAD' state. You can look around, make experimental
2026-10-09T19:10:20.4529182Z changes and commit them, and you can discard any commits you make in this
2026-10-09T19:10:20.4530791Z state without impacting any branches by switching back to a branch.
2026-10-09T19:10:20.4531582Z 
2026-10-09T19:10:20.4532206Z If you want to create a new branch to retain commits you create, you may
2026-10-09T19:10:20.4533620Z do so (now or later) by using -c with the switch command. Example:
2026-10-09T19:10:20.4534410Z 
2026-10-09T19:10:20.4534757Z   git switch -c <new-branch-name>
2026-10-09T19:10:20.4535322Z 
2026-10-09T19:10:20.4535665Z Or undo this operation with:
2026-10-09T19:10:20.4536233Z 
2026-10-09T19:10:20.4536724Z   git switch -
2026-10-09T19:10:20.4537215Z 
2026-10-09T19:10:20.4537993Z Turn off this advice by setting config variable advice.detachedHead to false
2026-10-09T19:10:20.4539129Z 
2026-10-09T19:10:20.4540437Z HEAD is now at 61afe09 Merge ba8fec4f0a5cf54ccd7c2c7ed4de4fd976e514cf into 80e6ea26437f0aeaa1d8f816ace464da81fe0a81
2026-10-09T19:10:20.4544731Z ##[endgroup]
2026-10-09T19:10:20.4582763Z [command]/usr/bin/git log -1 --format=%H
2026-10-09T19:10:20.4610319Z 61afe097261b44672af81312e5e4f0efec9fb1d7
2026-10-09T19:10:20.4620114Z ##[group]Removing auth
2026-10-09T19:10:20.4623532Z [command]/usr/bin/git config --local --name-only --get-regexp core\.sshCommand
2026-10-09T19:10:20.4657695Z [command]/usr/bin/git submodule foreach --recursive sh -c "git config --local --name-only --get-regexp 'core\.sshCommand' && git config --local --unset-all 'core.sshCommand' || :"
2026-10-09T19:10:20.4858547Z [command]/usr/bin/git config --local --name-only --get-regexp http\.https\:\/\/github\.com\/\.extraheader
2026-10-09T19:10:20.4882565Z http.https://github.com/.extraheader
2026-10-09T19:10:20.4888793Z [command]/usr/bin/git config --local --unset-all http.https://github.com/.extraheader
2026-10-09T19:10:20.4921304Z [command]/usr/bin/git submodule foreach --recursive sh -c "git config --local --name-only --get-regexp 'http\.https\:\/\/github\.com\/\.extraheader' && git config --local --unset-all 'http.https://github.com/.extraheader' || :"
2026-10-09T19:10:20.5111494Z [command]/usr/bin/git config --local --name-only --get-regexp ^includeIf\.gitdir:
2026-10-09T19:10:20.5142561Z [command]/usr/bin/git submodule foreach --recursive git config --local --show-origin --name-only --get-regexp remote.origin.url
2026-10-09T19:10:20.5332769Z ##[endgroup]
2026-10-09T19:10:20.5566874Z ##[group]Run git rev-parse HEAD HEAD^{tree} > .sites-runtime-quality-source.txt
2026-10-09T19:10:20.5568504Z [36;1mgit rev-parse HEAD HEAD^{tree} > .sites-runtime-quality-source.txt[0m
2026-10-09T19:10:20.5785575Z shell: /usr/bin/bash -e {0}
2026-10-09T19:10:20.5786349Z env:
2026-10-09T19:10:20.5787014Z   WRANGLER_SEND_METRICS: false
2026-10-09T19:10:20.5787651Z   CI: true
2026-10-09T19:10:20.5788146Z ##[endgroup]
2026-10-09T19:10:20.6051860Z ##[group]Run actions/setup-node@a0853c24544627f65ddf259abe73b1d18a591444
2026-10-09T19:10:20.6052850Z with:
2026-10-09T19:10:20.6053340Z   node-version: 24
2026-10-09T19:10:20.6053907Z   package-manager-cache: false
2026-10-09T19:10:20.6054551Z   always-auth: false
2026-10-09T19:10:20.6055128Z   check-latest: false
2026-10-09T19:10:20.6061077Z   token: ***
2026-10-09T19:10:20.6061579Z env:
2026-10-09T19:10:20.6062070Z   WRANGLER_SEND_METRICS: false
2026-10-09T19:10:20.6062681Z   CI: true
2026-10-09T19:10:20.6063168Z ##[endgroup]
2026-10-09T19:10:20.7328171Z Found in cache @ /opt/hostedtoolcache/node/24.21.0/x64
2026-10-09T19:10:20.7330059Z (node:2232) [DEP0040] DeprecationWarning: The `punycode` module is deprecated. Please use a userland alternative instead.
2026-10-09T19:10:20.7332112Z (Use `node --trace-deprecation ...` to show where the warning was created)
2026-10-09T19:10:20.7333530Z ##[group]Environment details
2026-10-09T19:10:21.0101037Z node: v24.21.0
2026-10-09T19:10:21.0101600Z npm: 11.19.0
2026-10-09T19:10:21.0101813Z yarn: 1.22.22
2026-10-09T19:10:21.0103940Z ##[endgroup]
2026-10-09T19:10:21.0220714Z ##[group]Run npm install --global pnpm@11.25.0 --ignore-scripts --no-audit --no-fund
2026-10-09T19:10:21.0221244Z [36;1mnpm install --global pnpm@11.25.0 --ignore-scripts --no-audit --no-fund[0m
2026-10-09T19:10:21.0283652Z shell: /usr/bin/bash -e {0}
2026-10-09T19:10:21.0283984Z env:
2026-10-09T19:10:21.0284243Z   WRANGLER_SEND_METRICS: false
2026-10-09T19:10:21.0284517Z   CI: true
2026-10-09T19:10:21.0284756Z ##[endgroup]
2026-10-09T19:10:22.1059055Z 
2026-10-09T19:10:22.1064808Z added 1 package in 1s
2026-10-09T19:10:22.1462999Z ##[group]Run npm run install:ci
2026-10-09T19:10:22.1463248Z [36;1mnpm run install:ci[0m
2026-10-09T19:10:22.1524172Z shell: /usr/bin/bash -e {0}
2026-10-09T19:10:22.1524383Z env:
2026-10-09T19:10:22.1524558Z   WRANGLER_SEND_METRICS: false
2026-10-09T19:10:22.1524728Z   CI: true
2026-10-09T19:10:22.1524868Z ##[endgroup]
2026-10-09T19:10:22.2293912Z 
2026-10-09T19:10:22.2297359Z > site-creator-vinext-starter@0.1.0 install:ci
2026-10-09T19:10:22.2297776Z > bash scripts/install-pnpm.sh
2026-10-09T19:10:22.2298135Z 
2026-10-09T19:10:24.6891405Z Lockfile is up to date, resolution step is skipped
2026-10-09T19:10:24.7440697Z Unsupported platform for @next/swc-darwin-arm64@16.3.8: wanted {"cpu":["arm64"],"os":["darwin"],"libc":["any"]} (current: {"os":"linux","cpu":"x64","libc":"glibc"})
2026-10-09T19:10:24.7442649Z Unsupported platform for @next/swc-darwin-x64@16.3.8: wanted {"cpu":["x64"],"os":["darwin"],"libc":["any"]} (current: {"os":"linux","cpu":"x64","libc":"glibc"})
2026-10-09T19:10:24.7444192Z Unsupported platform for @next/swc-linux-arm64-gnu@16.3.8: wanted {"cpu":["arm64"],"os":["linux"],"libc":["glibc"]} (current: {"os":"linux","cpu":"x64","libc":"glibc"})
2026-10-09T19:10:24.7445640Z Unsupported platform for @next/swc-linux-arm64-musl@16.3.8: wanted {"cpu":["arm64"],"os":["linux"],"libc":["musl"]} (current: {"os":"linux","cpu":"x64","libc":"glibc"})
2026-10-09T19:10:24.7447128Z Unsupported platform for @next/swc-linux-x64-musl@16.3.8: wanted {"cpu":["x64"],"os":["linux"],"libc":["musl"]} (current: {"os":"linux","cpu":"x64","libc":"glibc"})
2026-10-09T19:10:24.7448611Z Unsupported platform for @next/swc-win32-arm64-msvc@16.3.8: wanted {"cpu":["arm64"],"os":["win32"],"libc":["any"]} (current: {"os":"linux","cpu":"x64","libc":"glibc"})
2026-10-09T19:10:24.7449933Z Unsupported platform for @next/swc-win32-x64-msvc@16.3.8: wanted {"cpu":["x64"],"os":["win32"],"libc":["any"]} (current: {"os":"linux","cpu":"x64","libc":"glibc"})
2026-10-09T19:10:24.7478792Z Unsupported platform for fsevents@2.3.3: wanted {"cpu":["any"],"os":["darwin"],"libc":["any"]} (current: {"os":"linux","cpu":"x64","libc":"glibc"})
2026-10-09T19:10:24.7498545Z Unsupported platform for @img/sharp-darwin-arm64@0.35.5: wanted {"cpu":["arm64"],"os":["darwin"],"libc":["any"]} (current: {"os":"linux","cpu":"x64","libc":"glibc"})
2026-10-09T19:10:24.7500910Z Unsupported platform for @img/sharp-darwin-x64@0.35.5: wanted {"cpu":["x64"],"os":["darwin"],"libc":["any"]} (current: {"os":"linux","cpu":"x64","libc":"glibc"})
2026-10-09T19:10:24.7502426Z Unsupported platform for @img/sharp-freebsd-wasm32@0.35.5: wanted {"cpu":["wasm32"],"os":["freebsd"],"libc":["any"]} (current: {"os":"linux","cpu":"x64","libc":"glibc"})
2026-10-09T19:10:24.7504833Z Unsupported platform for @img/sharp-libvips-darwin-arm64@1.3.4: wanted {"cpu":["arm64"],"os":["darwin"],"libc":["any"]} (current: {"os":"linux","cpu":"x64","libc":"glibc"})
2026-10-09T19:10:24.7506078Z Unsupported platform for @img/sharp-libvips-darwin-x64@1.3.4: wanted {"cpu":["x64"],"os":["darwin"],"libc":["any"]} (current: {"os":"linux","cpu":"x64","libc":"glibc"})
2026-10-09T19:10:24.7507638Z Unsupported platform for @img/sharp-libvips-linux-arm@1.3.4: wanted {"cpu":["arm"],"os":["linux"],"libc":["glibc"]} (current: {"os":"linux","cpu":"x64","libc":"glibc"})
2026-10-09T19:10:24.7509200Z Unsupported platform for @img/sharp-libvips-linux-arm64@1.3.4: wanted {"cpu":["arm64"],"os":["linux"],"libc":["glibc"]} (current: {"os":"linux","cpu":"x64","libc":"glibc"})
2026-10-09T19:10:24.7510736Z Unsupported platform for @img/sharp-libvips-linux-ppc64@1.3.4: wanted {"cpu":["ppc64"],"os":["linux"],"libc":["glibc"]} (current: {"os":"linux","cpu":"x64","libc":"glibc"})
2026-10-09T19:10:24.7513048Z Unsupported platform for @img/sharp-libvips-linux-riscv64@1.3.4: wanted {"cpu":["riscv64"],"os":["linux"],"libc":["glibc"]} (current: {"os":"linux","cpu":"x64","libc":"glibc"})
2026-10-09T19:10:24.7514801Z Unsupported platform for @img/sharp-libvips-linux-s390x@1.3.4: wanted {"cpu":["s390x"],"os":["linux"],"libc":["glibc"]} (current: {"os":"linux","cpu":"x64","libc":"glibc"})
2026-10-09T19:10:24.7516363Z Unsupported platform for @img/sharp-libvips-linuxmusl-arm64@1.3.4: wanted {"cpu":["arm64"],"os":["linux"],"libc":["musl"]} (current: {"os":"linux","cpu":"x64","libc":"glibc"})
2026-10-09T19:10:24.7518130Z Unsupported platform for @img/sharp-libvips-linuxmusl-x64@1.3.4: wanted {"cpu":["x64"],"os":["linux"],"libc":["musl"]} (current: {"os":"linux","cpu":"x64","libc":"glibc"})
2026-10-09T19:10:24.7519631Z Unsupported platform for @img/sharp-linux-arm@0.35.5: wanted {"cpu":["arm"],"os":["linux"],"libc":["glibc"]} (current: {"os":"linux","cpu":"x64","libc":"glibc"})
2026-10-09T19:10:24.7521000Z Unsupported platform for @img/sharp-linux-arm64@0.35.5: wanted {"cpu":["arm64"],"os":["linux"],"libc":["glibc"]} (current: {"os":"linux","cpu":"x64","libc":"glibc"})
2026-10-09T19:10:24.7522527Z Unsupported platform for @img/sharp-linux-ppc64@0.35.5: wanted {"cpu":["ppc64"],"os":["linux"],"libc":["glibc"]} (current: {"os":"linux","cpu":"x64","libc":"glibc"})
2026-10-09T19:10:24.7523920Z Unsupported platform for @img/sharp-linux-riscv64@0.35.5: wanted {"cpu":["riscv64"],"os":["linux"],"libc":["glibc"]} (current: {"os":"linux","cpu":"x64","libc":"glibc"})
2026-10-09T19:10:24.7525414Z Unsupported platform for @img/sharp-linux-s390x@0.35.5: wanted {"cpu":["s390x"],"os":["linux"],"libc":["glibc"]} (current: {"os":"linux","cpu":"x64","libc":"glibc"})
2026-10-09T19:10:24.7526986Z Unsupported platform for @img/sharp-linuxmusl-arm64@0.35.5: wanted {"cpu":["arm64"],"os":["linux"],"libc":["musl"]} (current: {"os":"linux","cpu":"x64","libc":"glibc"})
2026-10-09T19:10:24.7528347Z Unsupported platform for @img/sharp-linuxmusl-x64@0.35.5: wanted {"cpu":["x64"],"os":["linux"],"libc":["musl"]} (current: {"os":"linux","cpu":"x64","libc":"glibc"})
2026-10-09T19:10:24.7529667Z Unsupported platform for @img/sharp-webcontainers-wasm32@0.35.5: wanted {"cpu":["wasm32"],"os":["any"],"libc":["any"]} (current: {"os":"linux","cpu":"x64","libc":"glibc"})
2026-10-09T19:10:24.7531128Z Unsupported platform for @img/sharp-win32-arm64@0.35.5: wanted {"cpu":["arm64"],"os":["win32"],"libc":["any"]} (current: {"os":"linux","cpu":"x64","libc":"glibc"})
2026-10-09T19:10:24.7532483Z Unsupported platform for @img/sharp-win32-ia32@0.35.5: wanted {"cpu":["ia32"],"os":["win32"],"libc":["any"]} (current: {"os":"linux","cpu":"x64","libc":"glibc"})
2026-10-09T19:10:24.7533677Z Unsupported platform for @img/sharp-win32-x64@0.35.5: wanted {"cpu":["x64"],"os":["win32"],"libc":["any"]} (current: {"os":"linux","cpu":"x64","libc":"glibc"})
2026-10-09T19:10:24.7534537Z Unsupported platform for @tailwindcss/oxide-android-arm64@4.2.1: wanted {"cpu":["arm64"],"os":["android"],"libc":["any"]} (current: {"os":"linux","cpu":"x64","libc":"glibc"})
2026-10-09T19:10:24.7535719Z Unsupported platform for @tailwindcss/oxide-darwin-arm64@4.2.1: wanted {"cpu":["arm64"],"os":["darwin"],"libc":["any"]} (current: {"os":"linux","cpu":"x64","libc":"glibc"})
2026-10-09T19:10:24.7537361Z Unsupported platform for @tailwindcss/oxide-darwin-x64@4.2.1: wanted {"cpu":["x64"],"os":["darwin"],"libc":["any"]} (current: {"os":"linux","cpu":"x64","libc":"glibc"})
2026-10-09T19:10:24.7540468Z Unsupported platform for @tailwindcss/oxide-freebsd-x64@4.2.1: wanted {"cpu":["x64"],"os":["freebsd"],"libc":["any"]} (current: {"os":"linux","cpu":"x64","libc":"glibc"})
2026-10-09T19:10:24.7541929Z Unsupported platform for @tailwindcss/oxide-linux-arm-gnueabihf@4.2.1: wanted {"cpu":["arm"],"os":["linux"],"libc":["glibc"]} (current: {"os":"linux","cpu":"x64","libc":"glibc"})
2026-10-09T19:10:24.7543325Z Unsupported platform for @tailwindcss/oxide-linux-arm64-gnu@4.2.1: wanted {"cpu":["arm64"],"os":["linux"],"libc":["glibc"]} (current: {"os":"linux","cpu":"x64","libc":"glibc"})
2026-10-09T19:10:24.7544921Z Unsupported platform for @tailwindcss/oxide-linux-arm64-musl@4.2.1: wanted {"cpu":["arm64"],"os":["linux"],"libc":["musl"]} (current: {"os":"linux","cpu":"x64","libc":"glibc"})
2026-10-09T19:10:24.7546432Z Unsupported platform for @tailwindcss/oxide-linux-x64-musl@4.2.1: wanted {"cpu":["x64"],"os":["linux"],"libc":["musl"]} (current: {"os":"linux","cpu":"x64","libc":"glibc"})
2026-10-09T19:10:24.7547988Z Unsupported platform for @tailwindcss/oxide-wasm32-wasi@4.2.1: wanted {"cpu":["wasm32"],"os":["any"],"libc":["any"]} (current: {"os":"linux","cpu":"x64","libc":"glibc"})
2026-10-09T19:10:24.7549247Z Unsupported platform for @tailwindcss/oxide-win32-arm64-msvc@4.2.1: wanted {"cpu":["arm64"],"os":["win32"],"libc":["any"]} (current: {"os":"linux","cpu":"x64","libc":"glibc"})
2026-10-09T19:10:24.7550520Z Unsupported platform for @tailwindcss/oxide-win32-x64-msvc@4.2.1: wanted {"cpu":["x64"],"os":["win32"],"libc":["any"]} (current: {"os":"linux","cpu":"x64","libc":"glibc"})
2026-10-09T19:10:24.7551728Z Unsupported platform for @esbuild/aix-ppc64@0.25.12: wanted {"cpu":["ppc64"],"os":["aix"],"libc":["any"]} (current: {"os":"linux","cpu":"x64","libc":"glibc"})
2026-10-09T19:10:24.7552914Z Unsupported platform for @esbuild/android-arm@0.25.12: wanted {"cpu":["arm"],"os":["android"],"libc":["any"]} (current: {"os":"linux","cpu":"x64","libc":"glibc"})
2026-10-09T19:10:24.7554142Z Unsupported platform for @esbuild/android-arm64@0.25.12: wanted {"cpu":["arm64"],"os":["android"],"libc":["any"]} (current: {"os":"linux","cpu":"x64","libc":"glibc"})
2026-10-09T19:10:24.7555357Z Unsupported platform for @esbuild/android-x64@0.25.12: wanted {"cpu":["x64"],"os":["android"],"libc":["any"]} (current: {"os":"linux","cpu":"x64","libc":"glibc"})
2026-10-09T19:10:24.7556655Z Unsupported platform for @esbuild/darwin-arm64@0.25.12: wanted {"cpu":["arm64"],"os":["darwin"],"libc":["any"]} (current: {"os":"linux","cpu":"x64","libc":"glibc"})
2026-10-09T19:10:24.7557954Z Unsupported platform for @esbuild/darwin-x64@0.25.12: wanted {"cpu":["x64"],"os":["darwin"],"libc":["any"]} (current: {"os":"linux","cpu":"x64","libc":"glibc"})
2026-10-09T19:10:24.7559250Z Unsupported platform for @esbuild/freebsd-arm64@0.25.12: wanted {"cpu":["arm64"],"os":["freebsd"],"libc":["any"]} (current: {"os":"linux","cpu":"x64","libc":"glibc"})
2026-10-09T19:10:24.7560423Z Unsupported platform for @esbuild/freebsd-x64@0.25.12: wanted {"cpu":["x64"],"os":["freebsd"],"libc":["any"]} (current: {"os":"linux","cpu":"x64","libc":"glibc"})
2026-10-09T19:10:24.7561593Z Unsupported platform for @esbuild/linux-arm@0.25.12: wanted {"cpu":["arm"],"os":["linux"],"libc":["any"]} (current: {"os":"linux","cpu":"x64","libc":"glibc"})
2026-10-09T19:10:24.7562798Z Unsupported platform for @esbuild/linux-arm64@0.25.12: wanted {"cpu":["arm64"],"os":["linux"],"libc":["any"]} (current: {"os":"linux","cpu":"x64","libc":"glibc"})
2026-10-09T19:10:24.7564049Z Unsupported platform for @esbuild/linux-ia32@0.25.12: wanted {"cpu":["ia32"],"os":["linux"],"libc":["any"]} (current: {"os":"linux","cpu":"x64","libc":"glibc"})
2026-10-09T19:10:24.7565310Z Unsupported platform for @esbuild/linux-loong64@0.25.12: wanted {"cpu":["loong64"],"os":["linux"],"libc":["any"]} (current: {"os":"linux","cpu":"x64","libc":"glibc"})
2026-10-09T19:10:24.7566427Z Unsupported platform for @esbuild/linux-mips64el@0.25.12: wanted {"cpu":["mips64el"],"os":["linux"],"libc":["any"]} (current: {"os":"linux","cpu":"x64","libc":"glibc"})
2026-10-09T19:10:24.7567768Z Unsupported platform for @esbuild/linux-ppc64@0.25.12: wanted {"cpu":["ppc64"],"os":["linux"],"libc":["any"]} (current: {"os":"linux","cpu":"x64","libc":"glibc"})
2026-10-09T19:10:24.7568923Z Unsupported platform for @esbuild/linux-riscv64@0.25.12: wanted {"cpu":["riscv64"],"os":["linux"],"libc":["any"]} (current: {"os":"linux","cpu":"x64","libc":"glibc"})
2026-10-09T19:10:24.7569957Z Unsupported platform for @esbuild/linux-s390x@0.25.12: wanted {"cpu":["s390x"],"os":["linux"],"libc":["any"]} (current: {"os":"linux","cpu":"x64","libc":"glibc"})
2026-10-09T19:10:24.7571202Z Unsupported platform for @esbuild/netbsd-arm64@0.25.12: wanted {"cpu":["arm64"],"os":["netbsd"],"libc":["any"]} (current: {"os":"linux","cpu":"x64","libc":"glibc"})
2026-10-09T19:10:24.7571949Z Unsupported platform for @esbuild/netbsd-x64@0.25.12: wanted {"cpu":["x64"],"os":["netbsd"],"libc":["any"]} (current: {"os":"linux","cpu":"x64","libc":"glibc"})
2026-10-09T19:10:24.7572607Z Unsupported platform for @esbuild/openbsd-arm64@0.25.12: wanted {"cpu":["arm64"],"os":["openbsd"],"libc":["any"]} (current: {"os":"linux","cpu":"x64","libc":"glibc"})
2026-10-09T19:10:24.7573254Z Unsupported platform for @esbuild/openbsd-x64@0.25.12: wanted {"cpu":["x64"],"os":["openbsd"],"libc":["any"]} (current: {"os":"linux","cpu":"x64","libc":"glibc"})
2026-10-09T19:10:24.7573928Z Unsupported platform for @esbuild/openharmony-arm64@0.25.12: wanted {"cpu":["arm64"],"os":["openharmony"],"libc":["any"]} (current: {"os":"linux","cpu":"x64","libc":"glibc"})
2026-10-09T19:10:24.7574618Z Unsupported platform for @esbuild/sunos-x64@0.25.12: wanted {"cpu":["x64"],"os":["sunos"],"libc":["any"]} (current: {"os":"linux","cpu":"x64","libc":"glibc"})
2026-10-09T19:10:24.7581306Z Unsupported platform for @esbuild/win32-arm64@0.25.12: wanted {"cpu":["arm64"],"os":["win32"],"libc":["any"]} (current: {"os":"linux","cpu":"x64","libc":"glibc"})
2026-10-09T19:10:24.7582517Z Unsupported platform for @esbuild/win32-ia32@0.25.12: wanted {"cpu":["ia32"],"os":["win32"],"libc":["any"]} (current: {"os":"linux","cpu":"x64","libc":"glibc"})
2026-10-09T19:10:24.7583550Z Unsupported platform for @esbuild/win32-x64@0.25.12: wanted {"cpu":["x64"],"os":["win32"],"libc":["any"]} (current: {"os":"linux","cpu":"x64","libc":"glibc"})
2026-10-09T19:10:24.7584629Z Unsupported platform for lightningcss-android-arm64@1.32.0: wanted {"cpu":["arm64"],"os":["android"],"libc":["any"]} (current: {"os":"linux","cpu":"x64","libc":"glibc"})
2026-10-09T19:10:24.7585749Z Unsupported platform for lightningcss-darwin-arm64@1.32.0: wanted {"cpu":["arm64"],"os":["darwin"],"libc":["any"]} (current: {"os":"linux","cpu":"x64","libc":"glibc"})
2026-10-09T19:10:24.7587061Z Unsupported platform for lightningcss-darwin-x64@1.32.0: wanted {"cpu":["x64"],"os":["darwin"],"libc":["any"]} (current: {"os":"linux","cpu":"x64","libc":"glibc"})
2026-10-09T19:10:24.7587991Z Unsupported platform for lightningcss-freebsd-x64@1.32.0: wanted {"cpu":["x64"],"os":["freebsd"],"libc":["any"]} (current: {"os":"linux","cpu":"x64","libc":"glibc"})
2026-10-09T19:10:24.7588736Z Unsupported platform for lightningcss-linux-arm-gnueabihf@1.32.0: wanted {"cpu":["arm"],"os":["linux"],"libc":["glibc"]} (current: {"os":"linux","cpu":"x64","libc":"glibc"})
2026-10-09T19:10:24.7589502Z Unsupported platform for lightningcss-linux-arm64-gnu@1.32.0: wanted {"cpu":["arm64"],"os":["linux"],"libc":["glibc"]} (current: {"os":"linux","cpu":"x64","libc":"glibc"})
2026-10-09T19:10:24.7590213Z Unsupported platform for lightningcss-linux-arm64-musl@1.32.0: wanted {"cpu":["arm64"],"os":["linux"],"libc":["musl"]} (current: {"os":"linux","cpu":"x64","libc":"glibc"})
2026-10-09T19:10:24.7590904Z Unsupported platform for lightningcss-linux-x64-musl@1.32.0: wanted {"cpu":["x64"],"os":["linux"],"libc":["musl"]} (current: {"os":"linux","cpu":"x64","libc":"glibc"})
2026-10-09T19:10:24.7592043Z Unsupported platform for lightningcss-win32-arm64-msvc@1.32.0: wanted {"cpu":["arm64"],"os":["win32"],"libc":["any"]} (current: {"os":"linux","cpu":"x64","libc":"glibc"})
2026-10-09T19:10:24.7593161Z Unsupported platform for lightningcss-win32-x64-msvc@1.32.0: wanted {"cpu":["x64"],"os":["win32"],"libc":["any"]} (current: {"os":"linux","cpu":"x64","libc":"glibc"})
2026-10-09T19:10:24.7594352Z Unsupported platform for @rolldown/binding-android-arm64@1.0.3: wanted {"cpu":["arm64"],"os":["android"],"libc":["any"]} (current: {"os":"linux","cpu":"x64","libc":"glibc"})
2026-10-09T19:10:24.7595303Z Unsupported platform for @rolldown/binding-darwin-arm64@1.0.3: wanted {"cpu":["arm64"],"os":["darwin"],"libc":["any"]} (current: {"os":"linux","cpu":"x64","libc":"glibc"})
2026-10-09T19:10:24.7596318Z Unsupported platform for @rolldown/binding-darwin-x64@1.0.3: wanted {"cpu":["x64"],"os":["darwin"],"libc":["any"]} (current: {"os":"linux","cpu":"x64","libc":"glibc"})
2026-10-09T19:10:24.7597782Z Unsupported platform for @rolldown/binding-freebsd-x64@1.0.3: wanted {"cpu":["x64"],"os":["freebsd"],"libc":["any"]} (current: {"os":"linux","cpu":"x64","libc":"glibc"})
2026-10-09T19:10:24.7598499Z Unsupported platform for @rolldown/binding-linux-arm-gnueabihf@1.0.3: wanted {"cpu":["arm"],"os":["linux"],"libc":["glibc"]} (current: {"os":"linux","cpu":"x64","libc":"glibc"})
2026-10-09T19:10:24.7599237Z Unsupported platform for @rolldown/binding-linux-arm64-gnu@1.0.3: wanted {"cpu":["arm64"],"os":["linux"],"libc":["glibc"]} (current: {"os":"linux","cpu":"x64","libc":"glibc"})
2026-10-09T19:10:24.7600111Z Unsupported platform for @rolldown/binding-linux-arm64-musl@1.0.3: wanted {"cpu":["arm64"],"os":["linux"],"libc":["musl"]} (current: {"os":"linux","cpu":"x64","libc":"glibc"})
2026-10-09T19:10:24.7601353Z Unsupported platform for @rolldown/binding-linux-ppc64-gnu@1.0.3: wanted {"cpu":["ppc64"],"os":["linux"],"libc":["glibc"]} (current: {"os":"linux","cpu":"x64","libc":"glibc"})
2026-10-09T19:10:24.7602651Z Unsupported platform for @rolldown/binding-linux-s390x-gnu@1.0.3: wanted {"cpu":["s390x"],"os":["linux"],"libc":["glibc"]} (current: {"os":"linux","cpu":"x64","libc":"glibc"})
2026-10-09T19:10:24.7603838Z Unsupported platform for @rolldown/binding-linux-x64-musl@1.0.3: wanted {"cpu":["x64"],"os":["linux"],"libc":["musl"]} (current: {"os":"linux","cpu":"x64","libc":"glibc"})
2026-10-09T19:10:24.7605073Z Unsupported platform for @rolldown/binding-openharmony-arm64@1.0.3: wanted {"cpu":["arm64"],"os":["openharmony"],"libc":["any"]} (current: {"os":"linux","cpu":"x64","libc":"glibc"})
2026-10-09T19:10:24.7605939Z Unsupported platform for @rolldown/binding-wasm32-wasi@1.0.3: wanted {"cpu":["wasm32"],"os":["any"],"libc":["any"]} (current: {"os":"linux","cpu":"x64","libc":"glibc"})
2026-10-09T19:10:24.7606873Z Unsupported platform for @rolldown/binding-win32-arm64-msvc@1.0.3: wanted {"cpu":["arm64"],"os":["win32"],"libc":["any"]} (current: {"os":"linux","cpu":"x64","libc":"glibc"})
2026-10-09T19:10:24.7607578Z Unsupported platform for @rolldown/binding-win32-x64-msvc@1.0.3: wanted {"cpu":["x64"],"os":["win32"],"libc":["any"]} (current: {"os":"linux","cpu":"x64","libc":"glibc"})
2026-10-09T19:10:24.7608243Z Unsupported platform for @esbuild/aix-ppc64@0.28.1: wanted {"cpu":["ppc64"],"os":["aix"],"libc":["any"]} (current: {"os":"linux","cpu":"x64","libc":"glibc"})
2026-10-09T19:10:24.7608896Z Unsupported platform for @esbuild/android-arm@0.28.1: wanted {"cpu":["arm"],"os":["android"],"libc":["any"]} (current: {"os":"linux","cpu":"x64","libc":"glibc"})
2026-10-09T19:10:24.7609555Z Unsupported platform for @esbuild/android-arm64@0.28.1: wanted {"cpu":["arm64"],"os":["android"],"libc":["any"]} (current: {"os":"linux","cpu":"x64","libc":"glibc"})
2026-10-09T19:10:24.7610214Z Unsupported platform for @esbuild/android-x64@0.28.1: wanted {"cpu":["x64"],"os":["android"],"libc":["any"]} (current: {"os":"linux","cpu":"x64","libc":"glibc"})
2026-10-09T19:10:24.7610867Z Unsupported platform for @esbuild/darwin-arm64@0.28.1: wanted {"cpu":["arm64"],"os":["darwin"],"libc":["any"]} (current: {"os":"linux","cpu":"x64","libc":"glibc"})
2026-10-09T19:10:24.7611509Z Unsupported platform for @esbuild/darwin-x64@0.28.1: wanted {"cpu":["x64"],"os":["darwin"],"libc":["any"]} (current: {"os":"linux","cpu":"x64","libc":"glibc"})
2026-10-09T19:10:24.7612174Z Unsupported platform for @esbuild/freebsd-arm64@0.28.1: wanted {"cpu":["arm64"],"os":["freebsd"],"libc":["any"]} (current: {"os":"linux","cpu":"x64","libc":"glibc"})
2026-10-09T19:10:24.7612827Z Unsupported platform for @esbuild/freebsd-x64@0.28.1: wanted {"cpu":["x64"],"os":["freebsd"],"libc":["any"]} (current: {"os":"linux","cpu":"x64","libc":"glibc"})
2026-10-09T19:10:24.7613620Z Unsupported platform for @esbuild/linux-arm@0.28.1: wanted {"cpu":["arm"],"os":["linux"],"libc":["any"]} (current: {"os":"linux","cpu":"x64","libc":"glibc"})
2026-10-09T19:10:24.7614342Z Unsupported platform for @esbuild/linux-arm64@0.28.1: wanted {"cpu":["arm64"],"os":["linux"],"libc":["any"]} (current: {"os":"linux","cpu":"x64","libc":"glibc"})
2026-10-09T19:10:24.7614970Z Unsupported platform for @esbuild/linux-ia32@0.28.1: wanted {"cpu":["ia32"],"os":["linux"],"libc":["any"]} (current: {"os":"linux","cpu":"x64","libc":"glibc"})
2026-10-09T19:10:24.7615610Z Unsupported platform for @esbuild/linux-loong64@0.28.1: wanted {"cpu":["loong64"],"os":["linux"],"libc":["any"]} (current: {"os":"linux","cpu":"x64","libc":"glibc"})
2026-10-09T19:10:24.7616266Z Unsupported platform for @esbuild/linux-mips64el@0.28.1: wanted {"cpu":["mips64el"],"os":["linux"],"libc":["any"]} (current: {"os":"linux","cpu":"x64","libc":"glibc"})
2026-10-09T19:10:24.7617140Z Unsupported platform for @esbuild/linux-ppc64@0.28.1: wanted {"cpu":["ppc64"],"os":["linux"],"libc":["any"]} (current: {"os":"linux","cpu":"x64","libc":"glibc"})
2026-10-09T19:10:24.7617799Z Unsupported platform for @esbuild/linux-riscv64@0.28.1: wanted {"cpu":["riscv64"],"os":["linux"],"libc":["any"]} (current: {"os":"linux","cpu":"x64","libc":"glibc"})
2026-10-09T19:10:24.7618462Z Unsupported platform for @esbuild/linux-s390x@0.28.1: wanted {"cpu":["s390x"],"os":["linux"],"libc":["any"]} (current: {"os":"linux","cpu":"x64","libc":"glibc"})
2026-10-09T19:10:24.7619104Z Unsupported platform for @esbuild/netbsd-arm64@0.28.1: wanted {"cpu":["arm64"],"os":["netbsd"],"libc":["any"]} (current: {"os":"linux","cpu":"x64","libc":"glibc"})
2026-10-09T19:10:24.7619744Z Unsupported platform for @esbuild/netbsd-x64@0.28.1: wanted {"cpu":["x64"],"os":["netbsd"],"libc":["any"]} (current: {"os":"linux","cpu":"x64","libc":"glibc"})
2026-10-09T19:10:24.7620516Z Unsupported platform for @esbuild/openbsd-arm64@0.28.1: wanted {"cpu":["arm64"],"os":["openbsd"],"libc":["any"]} (current: {"os":"linux","cpu":"x64","libc":"glibc"})
2026-10-09T19:10:24.7621172Z Unsupported platform for @esbuild/openbsd-x64@0.28.1: wanted {"cpu":["x64"],"os":["openbsd"],"libc":["any"]} (current: {"os":"linux","cpu":"x64","libc":"glibc"})
2026-10-09T19:10:24.7621857Z Unsupported platform for @esbuild/openharmony-arm64@0.28.1: wanted {"cpu":["arm64"],"os":["openharmony"],"libc":["any"]} (current: {"os":"linux","cpu":"x64","libc":"glibc"})
2026-10-09T19:10:24.7622513Z Unsupported platform for @esbuild/sunos-x64@0.28.1: wanted {"cpu":["x64"],"os":["sunos"],"libc":["any"]} (current: {"os":"linux","cpu":"x64","libc":"glibc"})
2026-10-09T19:10:24.7623144Z Unsupported platform for @esbuild/win32-arm64@0.28.1: wanted {"cpu":["arm64"],"os":["win32"],"libc":["any"]} (current: {"os":"linux","cpu":"x64","libc":"glibc"})
2026-10-09T19:10:24.7623765Z Unsupported platform for @esbuild/win32-ia32@0.28.1: wanted {"cpu":["ia32"],"os":["win32"],"libc":["any"]} (current: {"os":"linux","cpu":"x64","libc":"glibc"})
2026-10-09T19:10:24.7624380Z Unsupported platform for @esbuild/win32-x64@0.28.1: wanted {"cpu":["x64"],"os":["win32"],"libc":["any"]} (current: {"os":"linux","cpu":"x64","libc":"glibc"})
2026-10-09T19:10:24.7625057Z Unsupported platform for @cloudflare/workerd-darwin-64@1.20260515.1: wanted {"cpu":["x64"],"os":["darwin"],"libc":["any"]} (current: {"os":"linux","cpu":"x64","libc":"glibc"})
2026-10-09T19:10:24.7626051Z Unsupported platform for @cloudflare/workerd-darwin-arm64@1.20260515.1: wanted {"cpu":["arm64"],"os":["darwin"],"libc":["any"]} (current: {"os":"linux","cpu":"x64","libc":"glibc"})
2026-10-09T19:10:24.7627286Z Unsupported platform for @cloudflare/workerd-linux-arm64@1.20260515.1: wanted {"cpu":["arm64"],"os":["linux"],"libc":["any"]} (current: {"os":"linux","cpu":"x64","libc":"glibc"})
2026-10-09T19:10:24.7628373Z Unsupported platform for @cloudflare/workerd-windows-64@1.20260515.1: wanted {"cpu":["x64"],"os":["win32"],"libc":["any"]} (current: {"os":"linux","cpu":"x64","libc":"glibc"})
2026-10-09T19:10:24.7629348Z Unsupported platform for lightningcss-android-arm64@1.31.1: wanted {"cpu":["arm64"],"os":["android"],"libc":["any"]} (current: {"os":"linux","cpu":"x64","libc":"glibc"})
2026-10-09T19:10:24.7630859Z Unsupported platform for lightningcss-darwin-arm64@1.31.1: wanted {"cpu":["arm64"],"os":["darwin"],"libc":["any"]} (current: {"os":"linux","cpu":"x64","libc":"glibc"})
2026-10-09T19:10:24.7632017Z Unsupported platform for lightningcss-darwin-x64@1.31.1: wanted {"cpu":["x64"],"os":["darwin"],"libc":["any"]} (current: {"os":"linux","cpu":"x64","libc":"glibc"})
2026-10-09T19:10:24.7633142Z Unsupported platform for lightningcss-freebsd-x64@1.31.1: wanted {"cpu":["x64"],"os":["freebsd"],"libc":["any"]} (current: {"os":"linux","cpu":"x64","libc":"glibc"})
2026-10-09T19:10:24.7634330Z Unsupported platform for lightningcss-linux-arm-gnueabihf@1.31.1: wanted {"cpu":["arm"],"os":["linux"],"libc":["glibc"]} (current: {"os":"linux","cpu":"x64","libc":"glibc"})
2026-10-09T19:10:24.7635488Z Unsupported platform for lightningcss-linux-arm64-gnu@1.31.1: wanted {"cpu":["arm64"],"os":["linux"],"libc":["glibc"]} (current: {"os":"linux","cpu":"x64","libc":"glibc"})
2026-10-09T19:10:24.7636433Z Unsupported platform for lightningcss-linux-arm64-musl@1.31.1: wanted {"cpu":["arm64"],"os":["linux"],"libc":["musl"]} (current: {"os":"linux","cpu":"x64","libc":"glibc"})
2026-10-09T19:10:24.7637328Z Unsupported platform for lightningcss-linux-x64-musl@1.31.1: wanted {"cpu":["x64"],"os":["linux"],"libc":["musl"]} (current: {"os":"linux","cpu":"x64","libc":"glibc"})
2026-10-09T19:10:24.7637998Z Unsupported platform for lightningcss-win32-arm64-msvc@1.31.1: wanted {"cpu":["arm64"],"os":["win32"],"libc":["any"]} (current: {"os":"linux","cpu":"x64","libc":"glibc"})
2026-10-09T19:10:24.7638660Z Unsupported platform for lightningcss-win32-x64-msvc@1.31.1: wanted {"cpu":["x64"],"os":["win32"],"libc":["any"]} (current: {"os":"linux","cpu":"x64","libc":"glibc"})
2026-10-09T19:10:24.7639451Z Unsupported platform for @unrs/resolver-binding-android-arm-eabi@1.11.1: wanted {"cpu":["arm"],"os":["android"],"libc":["any"]} (current: {"os":"linux","cpu":"x64","libc":"glibc"})
2026-10-09T19:10:24.7640179Z Unsupported platform for @unrs/resolver-binding-android-arm64@1.11.1: wanted {"cpu":["arm64"],"os":["android"],"libc":["any"]} (current: {"os":"linux","cpu":"x64","libc":"glibc"})
2026-10-09T19:10:24.7640895Z Unsupported platform for @unrs/resolver-binding-darwin-arm64@1.11.1: wanted {"cpu":["arm64"],"os":["darwin"],"libc":["any"]} (current: {"os":"linux","cpu":"x64","libc":"glibc"})
2026-10-09T19:10:24.7662752Z Unsupported platform for @unrs/resolver-binding-darwin-x64@1.11.1: wanted {"cpu":["x64"],"os":["darwin"],"libc":["any"]} (current: {"os":"linux","cpu":"x64","libc":"glibc"})
2026-10-09T19:10:24.7663578Z Unsupported platform for @unrs/resolver-binding-freebsd-x64@1.11.1: wanted {"cpu":["x64"],"os":["freebsd"],"libc":["any"]} (current: {"os":"linux","cpu":"x64","libc":"glibc"})
2026-10-09T19:10:24.7664326Z Unsupported platform for @unrs/resolver-binding-linux-arm-gnueabihf@1.11.1: wanted {"cpu":["arm"],"os":["linux"],"libc":["glibc"]} (current: {"os":"linux","cpu":"x64","libc":"glibc"})
2026-10-09T19:10:24.7665099Z Unsupported platform for @unrs/resolver-binding-linux-arm-musleabihf@1.11.1: wanted {"cpu":["arm"],"os":["linux"],"libc":["musl"]} (current: {"os":"linux","cpu":"x64","libc":"glibc"})
2026-10-09T19:10:24.7665879Z Unsupported platform for @unrs/resolver-binding-linux-arm64-gnu@1.11.1: wanted {"cpu":["arm64"],"os":["linux"],"libc":["glibc"]} (current: {"os":"linux","cpu":"x64","libc":"glibc"})
2026-10-09T19:10:24.7666826Z Unsupported platform for @unrs/resolver-binding-linux-arm64-musl@1.11.1: wanted {"cpu":["arm64"],"os":["linux"],"libc":["musl"]} (current: {"os":"linux","cpu":"x64","libc":"glibc"})
2026-10-09T19:10:24.7667583Z Unsupported platform for @unrs/resolver-binding-linux-ppc64-gnu@1.11.1: wanted {"cpu":["ppc64"],"os":["linux"],"libc":["glibc"]} (current: {"os":"linux","cpu":"x64","libc":"glibc"})
2026-10-09T19:10:24.7668380Z Unsupported platform for @unrs/resolver-binding-linux-riscv64-gnu@1.11.1: wanted {"cpu":["riscv64"],"os":["linux"],"libc":["glibc"]} (current: {"os":"linux","cpu":"x64","libc":"glibc"})
2026-10-09T19:10:24.7669526Z Unsupported platform for @unrs/resolver-binding-linux-riscv64-musl@1.11.1: wanted {"cpu":["riscv64"],"os":["linux"],"libc":["musl"]} (current: {"os":"linux","cpu":"x64","libc":"glibc"})
2026-10-09T19:10:24.7670290Z Unsupported platform for @unrs/resolver-binding-linux-s390x-gnu@1.11.1: wanted {"cpu":["s390x"],"os":["linux"],"libc":["glibc"]} (current: {"os":"linux","cpu":"x64","libc":"glibc"})
2026-10-09T19:10:24.7671036Z Unsupported platform for @unrs/resolver-binding-linux-x64-musl@1.11.1: wanted {"cpu":["x64"],"os":["linux"],"libc":["musl"]} (current: {"os":"linux","cpu":"x64","libc":"glibc"})
2026-10-09T19:10:24.7671758Z Unsupported platform for @unrs/resolver-binding-wasm32-wasi@1.11.1: wanted {"cpu":["wasm32"],"os":["any"],"libc":["any"]} (current: {"os":"linux","cpu":"x64","libc":"glibc"})
2026-10-09T19:10:24.7672479Z Unsupported platform for @unrs/resolver-binding-win32-arm64-msvc@1.11.1: wanted {"cpu":["arm64"],"os":["win32"],"libc":["any"]} (current: {"os":"linux","cpu":"x64","libc":"glibc"})
2026-10-09T19:10:24.7673209Z Unsupported platform for @unrs/resolver-binding-win32-ia32-msvc@1.11.1: wanted {"cpu":["ia32"],"os":["win32"],"libc":["any"]} (current: {"os":"linux","cpu":"x64","libc":"glibc"})
2026-10-09T19:10:24.7673917Z Unsupported platform for @unrs/resolver-binding-win32-x64-msvc@1.11.1: wanted {"cpu":["x64"],"os":["win32"],"libc":["any"]} (current: {"os":"linux","cpu":"x64","libc":"glibc"})
2026-10-09T19:10:24.7756696Z Unsupported platform for @next/swc-darwin-arm64@16.3.8: wanted {"cpu":["arm64"],"os":["darwin"],"libc":["any"]} (current: {"os":"linux","cpu":"x64","libc":"glibc"})
2026-10-09T19:10:24.7757798Z Unsupported platform for @next/swc-darwin-x64@16.3.8: wanted {"cpu":["x64"],"os":["darwin"],"libc":["any"]} (current: {"os":"linux","cpu":"x64","libc":"glibc"})
2026-10-09T19:10:24.7758472Z Unsupported platform for @next/swc-linux-arm64-gnu@16.3.8: wanted {"cpu":["arm64"],"os":["linux"],"libc":["glibc"]} (current: {"os":"linux","cpu":"x64","libc":"glibc"})
2026-10-09T19:10:24.7759190Z Unsupported platform for @next/swc-linux-arm64-musl@16.3.8: wanted {"cpu":["arm64"],"os":["linux"],"libc":["musl"]} (current: {"os":"linux","cpu":"x64","libc":"glibc"})
2026-10-09T19:10:24.7759852Z Unsupported platform for @next/swc-linux-x64-musl@16.3.8: wanted {"cpu":["x64"],"os":["linux"],"libc":["musl"]} (current: {"os":"linux","cpu":"x64","libc":"glibc"})
2026-10-09T19:10:24.7760639Z Unsupported platform for @next/swc-win32-arm64-msvc@16.3.8: wanted {"cpu":["arm64"],"os":["win32"],"libc":["any"]} (current: {"os":"linux","cpu":"x64","libc":"glibc"})
2026-10-09T19:10:24.7761285Z Unsupported platform for @next/swc-win32-x64-msvc@16.3.8: wanted {"cpu":["x64"],"os":["win32"],"libc":["any"]} (current: {"os":"linux","cpu":"x64","libc":"glibc"})
2026-10-09T19:10:24.7763388Z Unsupported platform for fsevents@2.3.3: wanted {"cpu":["any"],"os":["darwin"],"libc":["any"]} (current: {"os":"linux","cpu":"x64","libc":"glibc"})
2026-10-09T19:10:24.7764342Z Unsupported platform for @img/sharp-darwin-arm64@0.35.5: wanted {"cpu":["arm64"],"os":["darwin"],"libc":["any"]} (current: {"os":"linux","cpu":"x64","libc":"glibc"})
2026-10-09T19:10:24.7765259Z Unsupported platform for @img/sharp-darwin-x64@0.35.5: wanted {"cpu":["x64"],"os":["darwin"],"libc":["any"]} (current: {"os":"linux","cpu":"x64","libc":"glibc"})
2026-10-09T19:10:24.7766432Z Unsupported platform for @img/sharp-freebsd-wasm32@0.35.5: wanted {"cpu":["wasm32"],"os":["freebsd"],"libc":["any"]} (current: {"os":"linux","cpu":"x64","libc":"glibc"})
2026-10-09T19:10:24.7770012Z Unsupported platform for @img/sharp-libvips-darwin-arm64@1.3.4: wanted {"cpu":["arm64"],"os":["darwin"],"libc":["any"]} (current: {"os":"linux","cpu":"x64","libc":"glibc"})
2026-10-09T19:10:24.7770730Z Unsupported platform for @img/sharp-libvips-darwin-x64@1.3.4: wanted {"cpu":["x64"],"os":["darwin"],"libc":["any"]} (current: {"os":"linux","cpu":"x64","libc":"glibc"})
2026-10-09T19:10:24.7772196Z Unsupported platform for @img/sharp-libvips-linux-arm@1.3.4: wanted {"cpu":["arm"],"os":["linux"],"libc":["glibc"]} (current: {"os":"linux","cpu":"x64","libc":"glibc"})
2026-10-09T19:10:24.7773008Z Unsupported platform for @img/sharp-libvips-linux-arm64@1.3.4: wanted {"cpu":["arm64"],"os":["linux"],"libc":["glibc"]} (current: {"os":"linux","cpu":"x64","libc":"glibc"})
2026-10-09T19:10:24.7773703Z Unsupported platform for @img/sharp-libvips-linux-ppc64@1.3.4: wanted {"cpu":["ppc64"],"os":["linux"],"libc":["glibc"]} (current: {"os":"linux","cpu":"x64","libc":"glibc"})
2026-10-09T19:10:24.7774413Z Unsupported platform for @img/sharp-libvips-linux-riscv64@1.3.4: wanted {"cpu":["riscv64"],"os":["linux"],"libc":["glibc"]} (current: {"os":"linux","cpu":"x64","libc":"glibc"})
2026-10-09T19:10:24.7775114Z Unsupported platform for @img/sharp-libvips-linux-s390x@1.3.4: wanted {"cpu":["s390x"],"os":["linux"],"libc":["glibc"]} (current: {"os":"linux","cpu":"x64","libc":"glibc"})
2026-10-09T19:10:24.7775830Z Unsupported platform for @img/sharp-libvips-linuxmusl-arm64@1.3.4: wanted {"cpu":["arm64"],"os":["linux"],"libc":["musl"]} (current: {"os":"linux","cpu":"x64","libc":"glibc"})
2026-10-09T19:10:24.7776898Z Unsupported platform for @img/sharp-libvips-linuxmusl-x64@1.3.4: wanted {"cpu":["x64"],"os":["linux"],"libc":["musl"]} (current: {"os":"linux","cpu":"x64","libc":"glibc"})
2026-10-09T19:10:24.7777730Z Unsupported platform for @img/sharp-linux-arm@0.35.5: wanted {"cpu":["arm"],"os":["linux"],"libc":["glibc"]} (current: {"os":"linux","cpu":"x64","libc":"glibc"})
2026-10-09T19:10:24.7778379Z Unsupported platform for @img/sharp-linux-arm64@0.35.5: wanted {"cpu":["arm64"],"os":["linux"],"libc":["glibc"]} (current: {"os":"linux","cpu":"x64","libc":"glibc"})
2026-10-09T19:10:24.7779031Z Unsupported platform for @img/sharp-linux-ppc64@0.35.5: wanted {"cpu":["ppc64"],"os":["linux"],"libc":["glibc"]} (current: {"os":"linux","cpu":"x64","libc":"glibc"})
2026-10-09T19:10:24.7779713Z Unsupported platform for @img/sharp-linux-riscv64@0.35.5: wanted {"cpu":["riscv64"],"os":["linux"],"libc":["glibc"]} (current: {"os":"linux","cpu":"x64","libc":"glibc"})
2026-10-09T19:10:24.7780785Z Unsupported platform for @img/sharp-linux-s390x@0.35.5: wanted {"cpu":["s390x"],"os":["linux"],"libc":["glibc"]} (current: {"os":"linux","cpu":"x64","libc":"glibc"})
2026-10-09T19:10:24.7781656Z Unsupported platform for @img/sharp-linuxmusl-arm64@0.35.5: wanted {"cpu":["arm64"],"os":["linux"],"libc":["musl"]} (current: {"os":"linux","cpu":"x64","libc":"glibc"})
2026-10-09T19:10:24.7782605Z Unsupported platform for @img/sharp-linuxmusl-x64@0.35.5: wanted {"cpu":["x64"],"os":["linux"],"libc":["musl"]} (current: {"os":"linux","cpu":"x64","libc":"glibc"})
2026-10-09T19:10:24.7783734Z Unsupported platform for @img/sharp-webcontainers-wasm32@0.35.5: wanted {"cpu":["wasm32"],"os":["any"],"libc":["any"]} (current: {"os":"linux","cpu":"x64","libc":"glibc"})
2026-10-09T19:10:24.7784697Z Unsupported platform for @img/sharp-win32-arm64@0.35.5: wanted {"cpu":["arm64"],"os":["win32"],"libc":["any"]} (current: {"os":"linux","cpu":"x64","libc":"glibc"})
2026-10-09T19:10:24.7789430Z Unsupported platform for @img/sharp-win32-ia32@0.35.5: wanted {"cpu":["ia32"],"os":["win32"],"libc":["any"]} (current: {"os":"linux","cpu":"x64","libc":"glibc"})
2026-10-09T19:10:24.7791615Z Unsupported platform for @img/sharp-win32-x64@0.35.5: wanted {"cpu":["x64"],"os":["win32"],"libc":["any"]} (current: {"os":"linux","cpu":"x64","libc":"glibc"})
2026-10-09T19:10:24.7792492Z Unsupported platform for @tailwindcss/oxide-android-arm64@4.2.1: wanted {"cpu":["arm64"],"os":["android"],"libc":["any"]} (current: {"os":"linux","cpu":"x64","libc":"glibc"})
2026-10-09T19:10:24.7793395Z Unsupported platform for @tailwindcss/oxide-darwin-arm64@4.2.1: wanted {"cpu":["arm64"],"os":["darwin"],"libc":["any"]} (current: {"os":"linux","cpu":"x64","libc":"glibc"})
2026-10-09T19:10:24.7794272Z Unsupported platform for @tailwindcss/oxide-darwin-x64@4.2.1: wanted {"cpu":["x64"],"os":["darwin"],"libc":["any"]} (current: {"os":"linux","cpu":"x64","libc":"glibc"})
2026-10-09T19:10:24.7795498Z Unsupported platform for @tailwindcss/oxide-freebsd-x64@4.2.1: wanted {"cpu":["x64"],"os":["freebsd"],"libc":["any"]} (current: {"os":"linux","cpu":"x64","libc":"glibc"})
2026-10-09T19:10:24.7796682Z Unsupported platform for @tailwindcss/oxide-linux-arm-gnueabihf@4.2.1: wanted {"cpu":["arm"],"os":["linux"],"libc":["glibc"]} (current: {"os":"linux","cpu":"x64","libc":"glibc"})
2026-10-09T19:10:24.7797723Z Unsupported platform for @tailwindcss/oxide-linux-arm64-gnu@4.2.1: wanted {"cpu":["arm64"],"os":["linux"],"libc":["glibc"]} (current: {"os":"linux","cpu":"x64","libc":"glibc"})
2026-10-09T19:10:24.7798974Z Unsupported platform for @tailwindcss/oxide-linux-arm64-musl@4.2.1: wanted {"cpu":["arm64"],"os":["linux"],"libc":["musl"]} (current: {"os":"linux","cpu":"x64","libc":"glibc"})
2026-10-09T19:10:24.7813902Z Unsupported platform for @tailwindcss/oxide-linux-x64-musl@4.2.1: wanted {"cpu":["x64"],"os":["linux"],"libc":["musl"]} (current: {"os":"linux","cpu":"x64","libc":"glibc"})
2026-10-09T19:10:24.7815130Z Unsupported platform for @tailwindcss/oxide-wasm32-wasi@4.2.1: wanted {"cpu":["wasm32"],"os":["any"],"libc":["any"]} (current: {"os":"linux","cpu":"x64","libc":"glibc"})
2026-10-09T19:10:24.7816279Z Unsupported platform for @tailwindcss/oxide-win32-arm64-msvc@4.2.1: wanted {"cpu":["arm64"],"os":["win32"],"libc":["any"]} (current: {"os":"linux","cpu":"x64","libc":"glibc"})
2026-10-09T19:10:24.7817639Z Unsupported platform for @tailwindcss/oxide-win32-x64-msvc@4.2.1: wanted {"cpu":["x64"],"os":["win32"],"libc":["any"]} (current: {"os":"linux","cpu":"x64","libc":"glibc"})
2026-10-09T19:10:24.7818717Z Unsupported platform for @esbuild/aix-ppc64@0.25.12: wanted {"cpu":["ppc64"],"os":["aix"],"libc":["any"]} (current: {"os":"linux","cpu":"x64","libc":"glibc"})
2026-10-09T19:10:24.7819747Z Unsupported platform for @esbuild/android-arm@0.25.12: wanted {"cpu":["arm"],"os":["android"],"libc":["any"]} (current: {"os":"linux","cpu":"x64","libc":"glibc"})
2026-10-09T19:10:24.7820740Z Unsupported platform for @esbuild/android-arm64@0.25.12: wanted {"cpu":["arm64"],"os":["android"],"libc":["any"]} (current: {"os":"linux","cpu":"x64","libc":"glibc"})
2026-10-09T19:10:24.7821794Z Unsupported platform for @esbuild/android-x64@0.25.12: wanted {"cpu":["x64"],"os":["android"],"libc":["any"]} (current: {"os":"linux","cpu":"x64","libc":"glibc"})
2026-10-09T19:10:24.7823089Z Unsupported platform for @esbuild/darwin-arm64@0.25.12: wanted {"cpu":["arm64"],"os":["darwin"],"libc":["any"]} (current: {"os":"linux","cpu":"x64","libc":"glibc"})
2026-10-09T19:10:24.7824091Z Unsupported platform for @esbuild/darwin-x64@0.25.12: wanted {"cpu":["x64"],"os":["darwin"],"libc":["any"]} (current: {"os":"linux","cpu":"x64","libc":"glibc"})
2026-10-09T19:10:24.7825236Z Unsupported platform for @esbuild/freebsd-arm64@0.25.12: wanted {"cpu":["arm64"],"os":["freebsd"],"libc":["any"]} (current: {"os":"linux","cpu":"x64","libc":"glibc"})
2026-10-09T19:10:24.7826267Z Unsupported platform for @esbuild/freebsd-x64@0.25.12: wanted {"cpu":["x64"],"os":["freebsd"],"libc":["any"]} (current: {"os":"linux","cpu":"x64","libc":"glibc"})
2026-10-09T19:10:24.7827205Z Unsupported platform for @esbuild/linux-arm@0.25.12: wanted {"cpu":["arm"],"os":["linux"],"libc":["any"]} (current: {"os":"linux","cpu":"x64","libc":"glibc"})
2026-10-09T19:10:24.7827832Z Unsupported platform for @esbuild/linux-arm64@0.25.12: wanted {"cpu":["arm64"],"os":["linux"],"libc":["any"]} (current: {"os":"linux","cpu":"x64","libc":"glibc"})
2026-10-09T19:10:24.7828819Z Unsupported platform for @esbuild/linux-ia32@0.25.12: wanted {"cpu":["ia32"],"os":["linux"],"libc":["any"]} (current: {"os":"linux","cpu":"x64","libc":"glibc"})
2026-10-09T19:10:24.7830093Z Unsupported platform for @esbuild/linux-loong64@0.25.12: wanted {"cpu":["loong64"],"os":["linux"],"libc":["any"]} (current: {"os":"linux","cpu":"x64","libc":"glibc"})
2026-10-09T19:10:24.7831182Z Unsupported platform for @esbuild/linux-mips64el@0.25.12: wanted {"cpu":["mips64el"],"os":["linux"],"libc":["any"]} (current: {"os":"linux","cpu":"x64","libc":"glibc"})
2026-10-09T19:10:24.7832572Z Unsupported platform for @esbuild/linux-ppc64@0.25.12: wanted {"cpu":["ppc64"],"os":["linux"],"libc":["any"]} (current: {"os":"linux","cpu":"x64","libc":"glibc"})
2026-10-09T19:10:24.7833608Z Unsupported platform for @esbuild/linux-riscv64@0.25.12: wanted {"cpu":["riscv64"],"os":["linux"],"libc":["any"]} (current: {"os":"linux","cpu":"x64","libc":"glibc"})
2026-10-09T19:10:24.7835311Z Unsupported platform for @esbuild/linux-s390x@0.25.12: wanted {"cpu":["s390x"],"os":["linux"],"libc":["any"]} (current: {"os":"linux","cpu":"x64","libc":"glibc"})
2026-10-09T19:10:24.7836330Z Unsupported platform for @esbuild/netbsd-arm64@0.25.12: wanted {"cpu":["arm64"],"os":["netbsd"],"libc":["any"]} (current: {"os":"linux","cpu":"x64","libc":"glibc"})
2026-10-09T19:10:24.7838875Z Unsupported platform for @esbuild/netbsd-x64@0.25.12: wanted {"cpu":["x64"],"os":["netbsd"],"libc":["any"]} (current: {"os":"linux","cpu":"x64","libc":"glibc"})
2026-10-09T19:10:24.7839920Z Unsupported platform for @esbuild/openbsd-arm64@0.25.12: wanted {"cpu":["arm64"],"os":["openbsd"],"libc":["any"]} (current: {"os":"linux","cpu":"x64","libc":"glibc"})
2026-10-09T19:10:24.7840951Z Unsupported platform for @esbuild/openbsd-x64@0.25.12: wanted {"cpu":["x64"],"os":["openbsd"],"libc":["any"]} (current: {"os":"linux","cpu":"x64","libc":"glibc"})
2026-10-09T19:10:24.7842037Z Unsupported platform for @esbuild/openharmony-arm64@0.25.12: wanted {"cpu":["arm64"],"os":["openharmony"],"libc":["any"]} (current: {"os":"linux","cpu":"x64","libc":"glibc"})
2026-10-09T19:10:24.7843082Z Unsupported platform for @esbuild/sunos-x64@0.25.12: wanted {"cpu":["x64"],"os":["sunos"],"libc":["any"]} (current: {"os":"linux","cpu":"x64","libc":"glibc"})
2026-10-09T19:10:24.7844301Z Unsupported platform for @esbuild/win32-arm64@0.25.12: wanted {"cpu":["arm64"],"os":["win32"],"libc":["any"]} (current: {"os":"linux","cpu":"x64","libc":"glibc"})
2026-10-09T19:10:24.7845306Z Unsupported platform for @esbuild/win32-ia32@0.25.12: wanted {"cpu":["ia32"],"os":["win32"],"libc":["any"]} (current: {"os":"linux","cpu":"x64","libc":"glibc"})
2026-10-09T19:10:24.7846297Z Unsupported platform for @esbuild/win32-x64@0.25.12: wanted {"cpu":["x64"],"os":["win32"],"libc":["any"]} (current: {"os":"linux","cpu":"x64","libc":"glibc"})
2026-10-09T19:10:24.7847466Z Unsupported platform for lightningcss-android-arm64@1.32.0: wanted {"cpu":["arm64"],"os":["android"],"libc":["any"]} (current: {"os":"linux","cpu":"x64","libc":"glibc"})
2026-10-09T19:10:24.7848551Z Unsupported platform for lightningcss-darwin-arm64@1.32.0: wanted {"cpu":["arm64"],"os":["darwin"],"libc":["any"]} (current: {"os":"linux","cpu":"x64","libc":"glibc"})
2026-10-09T19:10:24.7849603Z Unsupported platform for lightningcss-darwin-x64@1.32.0: wanted {"cpu":["x64"],"os":["darwin"],"libc":["any"]} (current: {"os":"linux","cpu":"x64","libc":"glibc"})
2026-10-09T19:10:24.7850661Z Unsupported platform for lightningcss-freebsd-x64@1.32.0: wanted {"cpu":["x64"],"os":["freebsd"],"libc":["any"]} (current: {"os":"linux","cpu":"x64","libc":"glibc"})
2026-10-09T19:10:24.7851535Z Unsupported platform for lightningcss-linux-arm-gnueabihf@1.32.0: wanted {"cpu":["arm"],"os":["linux"],"libc":["glibc"]} (current: {"os":"linux","cpu":"x64","libc":"glibc"})
2026-10-09T19:10:24.7852227Z Unsupported platform for lightningcss-linux-arm64-gnu@1.32.0: wanted {"cpu":["arm64"],"os":["linux"],"libc":["glibc"]} (current: {"os":"linux","cpu":"x64","libc":"glibc"})
2026-10-09T19:10:24.7853130Z Unsupported platform for lightningcss-linux-arm64-musl@1.32.0: wanted {"cpu":["arm64"],"os":["linux"],"libc":["musl"]} (current: {"os":"linux","cpu":"x64","libc":"glibc"})
2026-10-09T19:10:24.7853808Z Unsupported platform for lightningcss-linux-x64-musl@1.32.0: wanted {"cpu":["x64"],"os":["linux"],"libc":["musl"]} (current: {"os":"linux","cpu":"x64","libc":"glibc"})
2026-10-09T19:10:24.7854474Z Unsupported platform for lightningcss-win32-arm64-msvc@1.32.0: wanted {"cpu":["arm64"],"os":["win32"],"libc":["any"]} (current: {"os":"linux","cpu":"x64","libc":"glibc"})
2026-10-09T19:10:24.7855470Z Unsupported platform for lightningcss-win32-x64-msvc@1.32.0: wanted {"cpu":["x64"],"os":["win32"],"libc":["any"]} (current: {"os":"linux","cpu":"x64","libc":"glibc"})
2026-10-09T19:10:24.7856680Z Unsupported platform for @rolldown/binding-android-arm64@1.0.3: wanted {"cpu":["arm64"],"os":["android"],"libc":["any"]} (current: {"os":"linux","cpu":"x64","libc":"glibc"})
2026-10-09T19:10:24.7857785Z Unsupported platform for @rolldown/binding-darwin-arm64@1.0.3: wanted {"cpu":["arm64"],"os":["darwin"],"libc":["any"]} (current: {"os":"linux","cpu":"x64","libc":"glibc"})
2026-10-09T19:10:24.7858857Z Unsupported platform for @rolldown/binding-darwin-x64@1.0.3: wanted {"cpu":["x64"],"os":["darwin"],"libc":["any"]} (current: {"os":"linux","cpu":"x64","libc":"glibc"})
2026-10-09T19:10:24.7859826Z Unsupported platform for @rolldown/binding-freebsd-x64@1.0.3: wanted {"cpu":["x64"],"os":["freebsd"],"libc":["any"]} (current: {"os":"linux","cpu":"x64","libc":"glibc"})
2026-10-09T19:10:24.7860518Z Unsupported platform for @rolldown/binding-linux-arm-gnueabihf@1.0.3: wanted {"cpu":["arm"],"os":["linux"],"libc":["glibc"]} (current: {"os":"linux","cpu":"x64","libc":"glibc"})
2026-10-09T19:10:24.7861230Z Unsupported platform for @rolldown/binding-linux-arm64-gnu@1.0.3: wanted {"cpu":["arm64"],"os":["linux"],"libc":["glibc"]} (current: {"os":"linux","cpu":"x64","libc":"glibc"})
2026-10-09T19:10:24.7861926Z Unsupported platform for @rolldown/binding-linux-arm64-musl@1.0.3: wanted {"cpu":["arm64"],"os":["linux"],"libc":["musl"]} (current: {"os":"linux","cpu":"x64","libc":"glibc"})
2026-10-09T19:10:24.7862621Z Unsupported platform for @rolldown/binding-linux-ppc64-gnu@1.0.3: wanted {"cpu":["ppc64"],"os":["linux"],"libc":["glibc"]} (current: {"os":"linux","cpu":"x64","libc":"glibc"})
2026-10-09T19:10:24.7863317Z Unsupported platform for @rolldown/binding-linux-s390x-gnu@1.0.3: wanted {"cpu":["s390x"],"os":["linux"],"libc":["glibc"]} (current: {"os":"linux","cpu":"x64","libc":"glibc"})
2026-10-09T19:10:24.7864001Z Unsupported platform for @rolldown/binding-linux-x64-musl@1.0.3: wanted {"cpu":["x64"],"os":["linux"],"libc":["musl"]} (current: {"os":"linux","cpu":"x64","libc":"glibc"})
2026-10-09T19:10:24.7864707Z Unsupported platform for @rolldown/binding-openharmony-arm64@1.0.3: wanted {"cpu":["arm64"],"os":["openharmony"],"libc":["any"]} (current: {"os":"linux","cpu":"x64","libc":"glibc"})
2026-10-09T19:10:24.7865553Z Unsupported platform for @rolldown/binding-wasm32-wasi@1.0.3: wanted {"cpu":["wasm32"],"os":["any"],"libc":["any"]} (current: {"os":"linux","cpu":"x64","libc":"glibc"})
2026-10-09T19:10:24.7866229Z Unsupported platform for @rolldown/binding-win32-arm64-msvc@1.0.3: wanted {"cpu":["arm64"],"os":["win32"],"libc":["any"]} (current: {"os":"linux","cpu":"x64","libc":"glibc"})
2026-10-09T19:10:24.7867256Z Unsupported platform for @rolldown/binding-win32-x64-msvc@1.0.3: wanted {"cpu":["x64"],"os":["win32"],"libc":["any"]} (current: {"os":"linux","cpu":"x64","libc":"glibc"})
2026-10-09T19:10:24.7867892Z Unsupported platform for @esbuild/aix-ppc64@0.28.1: wanted {"cpu":["ppc64"],"os":["aix"],"libc":["any"]} (current: {"os":"linux","cpu":"x64","libc":"glibc"})
2026-10-09T19:10:24.7868513Z Unsupported platform for @esbuild/android-arm@0.28.1: wanted {"cpu":["arm"],"os":["android"],"libc":["any"]} (current: {"os":"linux","cpu":"x64","libc":"glibc"})
2026-10-09T19:10:24.7869150Z Unsupported platform for @esbuild/android-arm64@0.28.1: wanted {"cpu":["arm64"],"os":["android"],"libc":["any"]} (current: {"os":"linux","cpu":"x64","libc":"glibc"})
2026-10-09T19:10:24.7869774Z Unsupported platform for @esbuild/android-x64@0.28.1: wanted {"cpu":["x64"],"os":["android"],"libc":["any"]} (current: {"os":"linux","cpu":"x64","libc":"glibc"})
2026-10-09T19:10:24.7870397Z Unsupported platform for @esbuild/darwin-arm64@0.28.1: wanted {"cpu":["arm64"],"os":["darwin"],"libc":["any"]} (current: {"os":"linux","cpu":"x64","libc":"glibc"})
2026-10-09T19:10:24.7871151Z Unsupported platform for @esbuild/darwin-x64@0.28.1: wanted {"cpu":["x64"],"os":["darwin"],"libc":["any"]} (current: {"os":"linux","cpu":"x64","libc":"glibc"})
2026-10-09T19:10:24.7871881Z Unsupported platform for @esbuild/freebsd-arm64@0.28.1: wanted {"cpu":["arm64"],"os":["freebsd"],"libc":["any"]} (current: {"os":"linux","cpu":"x64","libc":"glibc"})
2026-10-09T19:10:24.7872506Z Unsupported platform for @esbuild/freebsd-x64@0.28.1: wanted {"cpu":["x64"],"os":["freebsd"],"libc":["any"]} (current: {"os":"linux","cpu":"x64","libc":"glibc"})
2026-10-09T19:10:24.7873116Z Unsupported platform for @esbuild/linux-arm@0.28.1: wanted {"cpu":["arm"],"os":["linux"],"libc":["any"]} (current: {"os":"linux","cpu":"x64","libc":"glibc"})
2026-10-09T19:10:24.7873725Z Unsupported platform for @esbuild/linux-arm64@0.28.1: wanted {"cpu":["arm64"],"os":["linux"],"libc":["any"]} (current: {"os":"linux","cpu":"x64","libc":"glibc"})
2026-10-09T19:10:24.7874340Z Unsupported platform for @esbuild/linux-ia32@0.28.1: wanted {"cpu":["ia32"],"os":["linux"],"libc":["any"]} (current: {"os":"linux","cpu":"x64","libc":"glibc"})
2026-10-09T19:10:24.7874969Z Unsupported platform for @esbuild/linux-loong64@0.28.1: wanted {"cpu":["loong64"],"os":["linux"],"libc":["any"]} (current: {"os":"linux","cpu":"x64","libc":"glibc"})
2026-10-09T19:10:24.7875614Z Unsupported platform for @esbuild/linux-mips64el@0.28.1: wanted {"cpu":["mips64el"],"os":["linux"],"libc":["any"]} (current: {"os":"linux","cpu":"x64","libc":"glibc"})
2026-10-09T19:10:24.7876244Z Unsupported platform for @esbuild/linux-ppc64@0.28.1: wanted {"cpu":["ppc64"],"os":["linux"],"libc":["any"]} (current: {"os":"linux","cpu":"x64","libc":"glibc"})
2026-10-09T19:10:24.7877239Z Unsupported platform for @esbuild/linux-riscv64@0.28.1: wanted {"cpu":["riscv64"],"os":["linux"],"libc":["any"]} (current: {"os":"linux","cpu":"x64","libc":"glibc"})
2026-10-09T19:10:24.7877924Z Unsupported platform for @esbuild/linux-s390x@0.28.1: wanted {"cpu":["s390x"],"os":["linux"],"libc":["any"]} (current: {"os":"linux","cpu":"x64","libc":"glibc"})
2026-10-09T19:10:24.7878546Z Unsupported platform for @esbuild/netbsd-arm64@0.28.1: wanted {"cpu":["arm64"],"os":["netbsd"],"libc":["any"]} (current: {"os":"linux","cpu":"x64","libc":"glibc"})
2026-10-09T19:10:24.7879165Z Unsupported platform for @esbuild/netbsd-x64@0.28.1: wanted {"cpu":["x64"],"os":["netbsd"],"libc":["any"]} (current: {"os":"linux","cpu":"x64","libc":"glibc"})
2026-10-09T19:10:24.7879792Z Unsupported platform for @esbuild/openbsd-arm64@0.28.1: wanted {"cpu":["arm64"],"os":["openbsd"],"libc":["any"]} (current: {"os":"linux","cpu":"x64","libc":"glibc"})
2026-10-09T19:10:24.7880410Z Unsupported platform for @esbuild/openbsd-x64@0.28.1: wanted {"cpu":["x64"],"os":["openbsd"],"libc":["any"]} (current: {"os":"linux","cpu":"x64","libc":"glibc"})
2026-10-09T19:10:24.7881063Z Unsupported platform for @esbuild/openharmony-arm64@0.28.1: wanted {"cpu":["arm64"],"os":["openharmony"],"libc":["any"]} (current: {"os":"linux","cpu":"x64","libc":"glibc"})
2026-10-09T19:10:24.7881706Z Unsupported platform for @esbuild/sunos-x64@0.28.1: wanted {"cpu":["x64"],"os":["sunos"],"libc":["any"]} (current: {"os":"linux","cpu":"x64","libc":"glibc"})
2026-10-09T19:10:24.7882318Z Unsupported platform for @esbuild/win32-arm64@0.28.1: wanted {"cpu":["arm64"],"os":["win32"],"libc":["any"]} (current: {"os":"linux","cpu":"x64","libc":"glibc"})
2026-10-09T19:10:24.7882926Z Unsupported platform for @esbuild/win32-ia32@0.28.1: wanted {"cpu":["ia32"],"os":["win32"],"libc":["any"]} (current: {"os":"linux","cpu":"x64","libc":"glibc"})
2026-10-09T19:10:24.7883532Z Unsupported platform for @esbuild/win32-x64@0.28.1: wanted {"cpu":["x64"],"os":["win32"],"libc":["any"]} (current: {"os":"linux","cpu":"x64","libc":"glibc"})
2026-10-09T19:10:24.7884178Z Unsupported platform for @cloudflare/workerd-darwin-64@1.20260515.1: wanted {"cpu":["x64"],"os":["darwin"],"libc":["any"]} (current: {"os":"linux","cpu":"x64","libc":"glibc"})
2026-10-09T19:10:24.7884984Z Unsupported platform for @cloudflare/workerd-darwin-arm64@1.20260515.1: wanted {"cpu":["arm64"],"os":["darwin"],"libc":["any"]} (current: {"os":"linux","cpu":"x64","libc":"glibc"})
2026-10-09T19:10:24.7885774Z Unsupported platform for @cloudflare/workerd-linux-arm64@1.20260515.1: wanted {"cpu":["arm64"],"os":["linux"],"libc":["any"]} (current: {"os":"linux","cpu":"x64","libc":"glibc"})
2026-10-09T19:10:24.7886572Z Unsupported platform for @cloudflare/workerd-windows-64@1.20260515.1: wanted {"cpu":["x64"],"os":["win32"],"libc":["any"]} (current: {"os":"linux","cpu":"x64","libc":"glibc"})
2026-10-09T19:10:24.7887703Z Unsupported platform for lightningcss-android-arm64@1.31.1: wanted {"cpu":["arm64"],"os":["android"],"libc":["any"]} (current: {"os":"linux","cpu":"x64","libc":"glibc"})
2026-10-09T19:10:24.7888737Z Unsupported platform for lightningcss-darwin-arm64@1.31.1: wanted {"cpu":["arm64"],"os":["darwin"],"libc":["any"]} (current: {"os":"linux","cpu":"x64","libc":"glibc"})
2026-10-09T19:10:24.7889777Z Unsupported platform for lightningcss-darwin-x64@1.31.1: wanted {"cpu":["x64"],"os":["darwin"],"libc":["any"]} (current: {"os":"linux","cpu":"x64","libc":"glibc"})
2026-10-09T19:10:24.7890829Z Unsupported platform for lightningcss-freebsd-x64@1.31.1: wanted {"cpu":["x64"],"os":["freebsd"],"libc":["any"]} (current: {"os":"linux","cpu":"x64","libc":"glibc"})
2026-10-09T19:10:24.7891914Z Unsupported platform for lightningcss-linux-arm-gnueabihf@1.31.1: wanted {"cpu":["arm"],"os":["linux"],"libc":["glibc"]} (current: {"os":"linux","cpu":"x64","libc":"glibc"})
2026-10-09T19:10:24.7907329Z Unsupported platform for lightningcss-linux-arm64-gnu@1.31.1: wanted {"cpu":["arm64"],"os":["linux"],"libc":["glibc"]} (current: {"os":"linux","cpu":"x64","libc":"glibc"})
2026-10-09T19:10:24.7908585Z Unsupported platform for lightningcss-linux-arm64-musl@1.31.1: wanted {"cpu":["arm64"],"os":["linux"],"libc":["musl"]} (current: {"os":"linux","cpu":"x64","libc":"glibc"})
2026-10-09T19:10:24.7909795Z Unsupported platform for lightningcss-linux-x64-musl@1.31.1: wanted {"cpu":["x64"],"os":["linux"],"libc":["musl"]} (current: {"os":"linux","cpu":"x64","libc":"glibc"})
2026-10-09T19:10:24.7911022Z Unsupported platform for lightningcss-win32-arm64-msvc@1.31.1: wanted {"cpu":["arm64"],"os":["win32"],"libc":["any"]} (current: {"os":"linux","cpu":"x64","libc":"glibc"})
2026-10-09T19:10:24.7912120Z Unsupported platform for lightningcss-win32-x64-msvc@1.31.1: wanted {"cpu":["x64"],"os":["win32"],"libc":["any"]} (current: {"os":"linux","cpu":"x64","libc":"glibc"})
2026-10-09T19:10:24.7913320Z Unsupported platform for @unrs/resolver-binding-android-arm-eabi@1.11.1: wanted {"cpu":["arm"],"os":["android"],"libc":["any"]} (current: {"os":"linux","cpu":"x64","libc":"glibc"})
2026-10-09T19:10:24.7914592Z Unsupported platform for @unrs/resolver-binding-android-arm64@1.11.1: wanted {"cpu":["arm64"],"os":["android"],"libc":["any"]} (current: {"os":"linux","cpu":"x64","libc":"glibc"})
2026-10-09T19:10:24.7915844Z Unsupported platform for @unrs/resolver-binding-darwin-arm64@1.11.1: wanted {"cpu":["arm64"],"os":["darwin"],"libc":["any"]} (current: {"os":"linux","cpu":"x64","libc":"glibc"})
2026-10-09T19:10:24.7917189Z Unsupported platform for @unrs/resolver-binding-darwin-x64@1.11.1: wanted {"cpu":["x64"],"os":["darwin"],"libc":["any"]} (current: {"os":"linux","cpu":"x64","libc":"glibc"})
2026-10-09T19:10:24.7918404Z Unsupported platform for @unrs/resolver-binding-freebsd-x64@1.11.1: wanted {"cpu":["x64"],"os":["freebsd"],"libc":["any"]} (current: {"os":"linux","cpu":"x64","libc":"glibc"})
2026-10-09T19:10:24.7919671Z Unsupported platform for @unrs/resolver-binding-linux-arm-gnueabihf@1.11.1: wanted {"cpu":["arm"],"os":["linux"],"libc":["glibc"]} (current: {"os":"linux","cpu":"x64","libc":"glibc"})
2026-10-09T19:10:24.7920972Z Unsupported platform for @unrs/resolver-binding-linux-arm-musleabihf@1.11.1: wanted {"cpu":["arm"],"os":["linux"],"libc":["musl"]} (current: {"os":"linux","cpu":"x64","libc":"glibc"})
2026-10-09T19:10:24.7922254Z Unsupported platform for @unrs/resolver-binding-linux-arm64-gnu@1.11.1: wanted {"cpu":["arm64"],"os":["linux"],"libc":["glibc"]} (current: {"os":"linux","cpu":"x64","libc":"glibc"})
2026-10-09T19:10:24.7924064Z Unsupported platform for @unrs/resolver-binding-linux-arm64-musl@1.11.1: wanted {"cpu":["arm64"],"os":["linux"],"libc":["musl"]} (current: {"os":"linux","cpu":"x64","libc":"glibc"})
2026-10-09T19:10:24.7925455Z Unsupported platform for @unrs/resolver-binding-linux-ppc64-gnu@1.11.1: wanted {"cpu":["ppc64"],"os":["linux"],"libc":["glibc"]} (current: {"os":"linux","cpu":"x64","libc":"glibc"})
2026-10-09T19:10:24.7926867Z Unsupported platform for @unrs/resolver-binding-linux-riscv64-gnu@1.11.1: wanted {"cpu":["riscv64"],"os":["linux"],"libc":["glibc"]} (current: {"os":"linux","cpu":"x64","libc":"glibc"})
2026-10-09T19:10:24.7928166Z Unsupported platform for @unrs/resolver-binding-linux-riscv64-musl@1.11.1: wanted {"cpu":["riscv64"],"os":["linux"],"libc":["musl"]} (current: {"os":"linux","cpu":"x64","libc":"glibc"})
2026-10-09T19:10:24.7929493Z Unsupported platform for @unrs/resolver-binding-linux-s390x-gnu@1.11.1: wanted {"cpu":["s390x"],"os":["linux"],"libc":["glibc"]} (current: {"os":"linux","cpu":"x64","libc":"glibc"})
2026-10-09T19:10:24.7930758Z Unsupported platform for @unrs/resolver-binding-linux-x64-musl@1.11.1: wanted {"cpu":["x64"],"os":["linux"],"libc":["musl"]} (current: {"os":"linux","cpu":"x64","libc":"glibc"})
2026-10-09T19:10:24.7931974Z Unsupported platform for @unrs/resolver-binding-wasm32-wasi@1.11.1: wanted {"cpu":["wasm32"],"os":["any"],"libc":["any"]} (current: {"os":"linux","cpu":"x64","libc":"glibc"})
2026-10-09T19:10:24.7933199Z Unsupported platform for @unrs/resolver-binding-win32-arm64-msvc@1.11.1: wanted {"cpu":["arm64"],"os":["win32"],"libc":["any"]} (current: {"os":"linux","cpu":"x64","libc":"glibc"})
2026-10-09T19:10:24.7934422Z Unsupported platform for @unrs/resolver-binding-win32-ia32-msvc@1.11.1: wanted {"cpu":["ia32"],"os":["win32"],"libc":["any"]} (current: {"os":"linux","cpu":"x64","libc":"glibc"})
2026-10-09T19:10:24.7935655Z Unsupported platform for @unrs/resolver-binding-win32-x64-msvc@1.11.1: wanted {"cpu":["x64"],"os":["win32"],"libc":["any"]} (current: {"os":"linux","cpu":"x64","libc":"glibc"})
2026-10-09T19:11:07.3709317Z [sites] pnpm reused 0 packages and downloaded 642
2026-10-09T19:11:07.3709756Z [sites] dependency setup passed
2026-10-09T19:11:07.3863737Z ##[group]Run npm run check
2026-10-09T19:11:07.3863935Z [36;1mnpm run check[0m
2026-10-09T19:11:07.3864069Z [36;1mnpm run lint[0m
2026-10-09T19:11:07.3919794Z shell: /usr/bin/bash -e {0}
2026-10-09T19:11:07.3919967Z env:
2026-10-09T19:11:07.3920092Z   WRANGLER_SEND_METRICS: false
2026-10-09T19:11:07.3920230Z   CI: true
2026-10-09T19:11:07.3920340Z ##[endgroup]
2026-10-09T19:11:07.4645811Z 
2026-10-09T19:11:07.4646741Z > site-creator-vinext-starter@0.1.0 check
2026-10-09T19:11:07.4647140Z > tsc --noEmit
2026-10-09T19:11:07.4647262Z 
2026-10-09T19:11:14.0570465Z 
2026-10-09T19:11:14.0573363Z > site-creator-vinext-starter@0.1.0 lint
2026-10-09T19:11:14.0574274Z > eslint app components lib hooks db vite.config.ts next.config.ts mobile/App.tsx mobile/src --ignore-pattern mobile/src/shared
2026-10-09T19:11:14.0574729Z 
2026-10-09T19:11:24.9952313Z ##[group]Run npm ci --no-audit --no-fund --ignore-scripts
2026-10-09T19:11:24.9952587Z [36;1mnpm ci --no-audit --no-fund --ignore-scripts[0m
2026-10-09T19:11:25.0006978Z shell: /usr/bin/bash -e {0}
2026-10-09T19:11:25.0007138Z env:
2026-10-09T19:11:25.0007266Z   WRANGLER_SEND_METRICS: false
2026-10-09T19:11:25.0007406Z   CI: true
2026-10-09T19:11:25.0007520Z ##[endgroup]
2026-10-09T19:11:32.2979379Z 
2026-10-09T19:11:32.2980063Z added 514 packages in 7s
2026-10-09T19:11:32.3410865Z ##[group]Run npm run test:regression
2026-10-09T19:11:32.3411093Z [36;1mnpm run test:regression[0m
2026-10-09T19:11:32.3411289Z [36;1mpython3 scripts/test-native-artifact-inspector.py[0m
2026-10-09T19:11:32.3411520Z [36;1mpython3 scripts/test-apk-rule-extractor.py[0m
2026-10-09T19:11:32.3411725Z [36;1mpython3 scripts/test-native-change-gate.py[0m
2026-10-09T19:11:32.3468695Z shell: /usr/bin/bash -e {0}
2026-10-09T19:11:32.3468864Z env:
2026-10-09T19:11:32.3468993Z   WRANGLER_SEND_METRICS: false
2026-10-09T19:11:32.3469136Z   CI: true
2026-10-09T19:11:32.3469245Z ##[endgroup]
2026-10-09T19:11:32.4205490Z 
2026-10-09T19:11:32.4206204Z > site-creator-vinext-starter@0.1.0 test:regression
2026-10-09T19:11:32.4206617Z > node scripts/check-all.cjs
2026-10-09T19:11:32.4206717Z 
2026-10-09T19:11:32.4431488Z Checking check-audit.cjs
2026-10-09T19:11:32.8964036Z PASS New competition blocks an existing jump session before start
2026-10-09T19:11:32.8980244Z PASS Cascade rejects new competition proximity without moving any dates
2026-10-09T19:11:32.8988022Z PASS Unchanged jump sessions are rechecked when another workout moves
2026-10-09T19:11:32.8996831Z PASS Restore cannot create a workout collision
2026-10-09T19:11:32.9024220Z PASS Restore rejects an existing fixed commitment
2026-10-09T19:11:32.9033958Z PASS Long machine labels and unbounded timed additions fail before mutation
2026-10-09T19:11:32.9038556Z PASS Non-finite target ranges are rejected
2026-10-09T19:11:32.9045335Z PASS Full archive rejects new block without deleting existing plans
2026-10-09T19:11:32.9070164Z PASS Return preview clears old accepted weights and leaves history intact
2026-10-09T19:11:32.9078031Z PASS Prerequisites use the latest timestamp regardless of array ordering
2026-10-09T19:11:32.9085516Z PASS Unknown side values are rejected; alternating data cannot suggest loads
2026-10-09T19:11:32.9085933Z 11 deep-audit regression checks passed
2026-10-09T19:11:32.9320184Z Checking check-backup.cjs
2026-10-09T19:11:33.4001179Z PASS Backup preserves exact history, unknown and zero loads, Unicode notes and optional measurements
2026-10-09T19:11:33.4018377Z PASS Only reviewed known fields can leave a backup
2026-10-09T19:11:33.4063209Z PASS Restore rejects a stale preview and leaves current records unchanged
2026-10-09T19:11:33.4104031Z PASS Restore protects an in-progress workout
2026-10-09T19:11:33.4198057Z PASS Restored proposals need review; concern holds and logged actuals stay intact
2026-10-09T19:11:33.4237418Z PASS Malformed, prototype-polluting, oversized and invalid-record backups fail before replacement
2026-10-09T19:11:33.4238234Z PASS Assisted or one-sided sets cannot create an adult strength estimate
2026-10-09T19:11:33.4238604Z 7 backup and measurement checks passed.
2026-10-09T19:11:33.4383034Z Checking check-browser-qwen-cache.cjs
2026-10-09T19:11:33.9730833Z PASS browser Qwen IndexedDB transactions: 74 assertions; fake-indexeddb, no browser/OS durability claim.
2026-10-09T19:11:33.9851638Z Checking check-browser-record-store.cjs
2026-10-09T19:11:34.2591777Z PASS browser record store: 76 checks (actual fake-indexeddb transactions, real WebCrypto)
2026-10-09T19:11:34.2751713Z Checking check-browser-storage-ui.cjs
2026-10-09T19:11:35.9723830Z PASS browser storage UI: 8 real compiled callback scenarios (simulated hooks/DOM and vault, not browser acceptance)
2026-10-09T19:11:35.9999399Z Checking check-browser-vault.cjs
2026-10-09T19:11:36.2489051Z PASS browser vault: 133 checks
2026-10-09T19:11:36.2588069Z Checking check-catalog.cjs
2026-10-09T19:11:36.7893607Z PASS All catalog program types start at slot A and preserve safe groups during cascade
2026-10-09T19:11:36.7935656Z PASS Powerlifting includes SBD, contains no endurance, and rejects missing gym
2026-10-09T19:11:36.7940884Z PASS Catalog IDs unique; equipment subdivisions and core present
2026-10-09T19:11:36.7953588Z PASS Customization adds recurring sets without changing history; duplicate and stale writes fail
2026-10-09T19:11:36.7967638Z PASS Added loaded exercise uses its own configured range history for progression
2026-10-09T19:11:36.7974432Z PASS Heavy bench cannot become practice starting load
2026-10-09T19:11:36.7983328Z PASS Volume counts per-hand/per-side multipliers, partial actuals and excludes unknowns
2026-10-09T19:11:36.8076890Z PASS Generated sample gives 34 logs, one partial and nonempty exercise/volume/index charts
2026-10-09T19:11:36.8158363Z PASS Strength index expires each component against today and youth has none
2026-10-09T19:11:36.8158850Z 9 catalog and progress checks passed
2026-10-09T19:11:36.8309442Z Checking check-dependency-policy.cjs
2026-10-09T19:11:36.8527823Z PASS Known findings permit temporary CI work and always block release
2026-10-09T19:11:36.8529970Z PASS Temporary exception fails exactly at expiry and cannot return after it
2026-10-09T19:11:36.8532448Z PASS Additional high issue, critical escalation and lookalike identities fail CI
2026-10-09T19:11:36.8535553Z PASS npm propagated framework entries retain only their exact advisory roots
2026-10-09T19:11:36.8536928Z PASS Both actual audit formats accept clean reports and preserve moderate threshold
2026-10-09T19:11:36.8539976Z PASS Audit error, invalid report, broken chain and misleading counts fail closed
2026-10-09T19:11:36.8540933Z PASS Process failure, unknown mode and invalid clock cannot waive a finding
2026-10-09T19:11:36.8541485Z 7 dependency release-boundary scenarios passed.
2026-10-09T19:11:36.8575626Z Checking check-equipment-capacity.cjs
2026-10-09T19:11:37.2723594Z PASS Dumbbell capacity is per hand, independent of the volume multiplier
2026-10-09T19:11:37.2732434Z PASS Machine capacity needs a label and remains isolated by exact setup and exercise
2026-10-09T19:11:37.2800280Z PASS Unknown capacity permits a supported next step; zero means unavailable
2026-10-09T19:11:37.2808090Z PASS Invalid limits and unsupported exercises are rejected without mutating state
2026-10-09T19:11:37.2817409Z PASS Lower capacity suppresses accepted and historical loads without clamping or deleting records
2026-10-09T19:11:37.2822929Z PASS Both reaching the maximum and an increment overshooting it suppress nextKg
2026-10-09T19:11:37.2851418Z PASS Capacity readiness requires two comparable comfortable exposures
2026-10-09T19:11:37.2861443Z PASS Changing machine setup does not carry comparable load or capacity readiness across
2026-10-09T19:11:37.2934083Z PASS Canonical kilogram limits survive persistence and display-unit changes
2026-10-09T19:11:37.2959578Z PASS Changing a limit stales pending and queued previews, including a load increase
2026-10-09T19:11:37.3023525Z PASS A wider range changes matching future work only and requires explicit acceptance
2026-10-09T19:11:37.3057349Z PASS Tampered capacity patches and capacity changes after preview are rejected
2026-10-09T19:11:37.3097533Z PASS Youth, pure powerlifting, general strength and coach-owned plans do not widen ranges
2026-10-09T19:11:37.3139373Z PASS Wider ranges stop at 20 after new comparable evidence for each accepted range
2026-10-09T19:11:37.3152902Z PASS Capacity progression respects time throughout a 5-week block
2026-10-09T19:11:37.3170455Z PASS Capacity progression respects time throughout a 8-week block
2026-10-09T19:11:37.3186612Z PASS Offline capacity acceptance queues the change without changing targets
2026-10-09T19:11:37.3187033Z 17 equipment-capacity checks passed; 0 failed
2026-10-09T19:11:37.3328023Z Checking check-export-cancellation.cjs
2026-10-09T19:11:37.5416102Z {
2026-10-09T19:11:37.5416378Z   "passed": 3,
2026-10-09T19:11:37.5416768Z   "total": 3,
2026-10-09T19:11:37.5416945Z   "results": [
2026-10-09T19:11:37.5417124Z     {
2026-10-09T19:11:37.5417486Z       "name": "Cancel before async encryption completes prevents any later download",
2026-10-09T19:11:37.5417860Z       "pass": true
2026-10-09T19:11:37.5418031Z     },
2026-10-09T19:11:37.5418175Z     {
2026-10-09T19:11:37.5418499Z       "name": "Unmount before async encryption completes prevents any later download",
2026-10-09T19:11:37.5419338Z       "pass": true
2026-10-09T19:11:37.5419561Z     },
2026-10-09T19:11:37.5419715Z     {
2026-10-09T19:11:37.5420007Z       "name": "An open successful transfer still downloads exactly once",
2026-10-09T19:11:37.5420308Z       "pass": true
2026-10-09T19:11:37.5420502Z     }
2026-10-09T19:11:37.5420650Z   ]
2026-10-09T19:11:37.5420829Z }
2026-10-09T19:11:37.5499851Z Checking check-fitness-evaluation.cjs
2026-10-09T19:11:43.8070197Z PASS evaluation report grading: 21 assertions. All inputs are synthetic; zero actual model evaluations or qualified devices.
2026-10-09T19:11:43.8211265Z Checking check-fitness-grounding.cjs
2026-10-09T19:11:44.4019889Z PASS fitness provenance, bounded retrieval, current-context/output gates and 22 held-out fixture checks: 256 assertions (13 prompts, 9 blocked). Model accuracy: NOT MEASURED.
2026-10-09T19:11:44.4169120Z Checking check-focus.cjs
2026-10-09T19:11:44.8508602Z PASS All four compatible add-ons preserve dates and fit the hard time window
2026-10-09T19:11:44.8513294Z PASS The central buildPlan path applies focus choices
2026-10-09T19:11:44.8517486Z PASS No spare time rejects add-ons without trimming primary work
2026-10-09T19:11:44.8520184Z PASS Jump dose is small, first after warm-up, and capped once per week
2026-10-09T19:11:44.8522717Z PASS Nearby practices can make jump selection unavailable; no date is moved
2026-10-09T19:11:44.8524344Z PASS New jump users need supervision even with self-reported readiness
2026-10-09T19:11:44.8528979Z PASS Youth jump work has one set and needs supervision
2026-10-09T19:11:44.8531128Z PASS Youth weight-management and superset selections cannot add adult doses
2026-10-09T19:11:44.8535282Z PASS Coach and manual tracking remain free of automatic prescriptions
2026-10-09T19:11:44.8539669Z PASS Supersets preserve primary lift dose and combine only assistance rest
2026-10-09T19:11:44.8542709Z PASS Powerlifting main lifts are never forced into a superset
2026-10-09T19:11:44.8545987Z PASS Activity focus does not silently increase a run-only program
2026-10-09T19:11:44.8549411Z PASS Applied focus plans are idempotent
2026-10-09T19:11:44.8549733Z 13 focus checks passed
2026-10-09T19:11:44.8782337Z Checking check-goals.cjs
2026-10-09T19:11:45.0834555Z PASS Empty, unrelated and ignored text suggest nothing
2026-10-09T19:11:45.0843949Z PASS Lifting words map to the specific weight-training goal
2026-10-09T19:11:45.0845953Z PASS Running and mixed goals resolve in a fixed order, with alternatives shown
2026-10-09T19:11:45.0847032Z PASS Sport wins over lifting words and carries a jump hint when jumping is named
2026-10-09T19:11:45.0848033Z PASS Calisthenics, general and beginner wording map to their goals
2026-10-09T19:11:45.0849924Z PASS Every suggested goal has a plain label
2026-10-09T19:11:45.0852917Z PASS Demonstration links: curated video first, then the source page, and only https links
2026-10-09T19:11:45.0855747Z PASS First-time exercises: not logged in any saved workout and not dismissed
2026-10-09T19:11:45.0963638Z PASS Every plan evidence key has a Sources entry, and plans cite the right families
2026-10-09T19:11:45.0964084Z 9 groups, 418 checks passed.
2026-10-09T19:11:45.1164808Z Checking check-library.cjs
2026-10-09T19:11:45.6228837Z PASS Every shipped catalog entry has a complete movement guide and logging convention
2026-10-09T19:11:45.6368236Z   1726 candidate photo references withheld
2026-10-09T19:11:45.6369078Z PASS Unverified photo candidates are withheld; guide and source coverage stays complete
2026-10-09T19:11:45.6370044Z PASS Multiword and common abbreviation searches work regardless of word order
2026-10-09T19:11:45.6443081Z PASS Optional measurements survive a validated save and invalid values are rejected
2026-10-09T19:11:45.6499562Z PASS One-sided and assisted records do not drive load or maximum suggestions
2026-10-09T19:11:45.6549014Z PASS Unsupported timed and skill movements do not produce estimated 1RM points
2026-10-09T19:11:45.6549877Z 6 full-library and measurement checks passed
2026-10-09T19:11:45.6706919Z Checking check-mobile-package.cjs
2026-10-09T19:11:45.8006859Z PASS Current tracked working-tree source ships without requiring a commit
2026-10-09T19:11:45.8652855Z PASS Untracked source, native output, photos and credentials never enter the public starter
2026-10-09T19:11:45.9025795Z PASS Repeated packaging is byte-identical
2026-10-09T19:11:46.0822379Z PASS A referenced local Expo plugin must be tracked and packaged
2026-10-09T19:11:46.5635561Z PASS Local plugin traversal, absolute paths and untracked references fail closed
2026-10-09T19:11:46.6372412Z PASS Tracked generated native output and photo directories remain excluded
2026-10-09T19:11:47.5514346Z PASS Accidentally tracked credential filenames fail closed and preserve the prior archive
2026-10-09T19:11:47.7241155Z PASS Credential content hidden in a tracked source file fails without replacing the archive
2026-10-09T19:11:47.8211152Z PASS Tracked source symlinks cannot expose a file outside the starter
2026-10-09T19:11:47.9086392Z PASS Replacing a tracked source directory with a symlink fails closed
2026-10-09T19:11:47.9980569Z PASS Missing required tracked source fails and keeps the last usable download
2026-10-09T19:11:48.0828296Z PASS A source copy without its Git index cannot silently fall back to scanning local files
2026-10-09T19:11:48.0861488Z 12 mobile source packaging security scenarios passed.
2026-10-09T19:11:48.0934557Z Checking check-named-programs.cjs
2026-10-09T19:11:48.6440243Z PASS 3582 named-template, cross-week cycle, seven-start-day, duration/equipment/age, saved-state, event and manual-authority assertions.
2026-10-09T19:11:48.6659094Z Checking check-native-history.cjs
2026-10-09T19:11:49.4878482Z PASS Whole snapshot migration: plaintext legacy
2026-10-09T19:11:49.7843509Z PASS Whole snapshot migration: encrypted legacy
2026-10-09T19:11:50.0470467Z PASS Whole snapshot migration: encrypted SQL snapshot
2026-10-09T19:11:50.4864950Z PASS Head-only saves preserve exact completed ciphertext; append writes only one new entity
2026-10-09T19:11:50.8265126Z PASS Two modules serialize first key creation and preserve the final readable history
2026-10-09T19:11:51.0817155Z PASS Concurrent second-module reads and locked exports wait for a prepared restore
2026-10-09T19:11:51.3273599Z PASS Completed history edit/delete/reorder update only affected entities
2026-10-09T19:11:51.9111287Z PASS Full restore rotates secure key and all entities; reset retires complete history
2026-10-09T19:11:52.3111243Z PASS Locked raw recovery bundle retains the head and every encrypted entity after key loss
2026-10-09T19:11:52.5350824Z PASS Corrupted history refuses reads/saves: missing entity
2026-10-09T19:11:52.7593325Z PASS Corrupted history refuses reads/saves: damaged chunk
2026-10-09T19:11:52.9975463Z PASS Corrupted history refuses reads/saves: authenticated digest mismatch
2026-10-09T19:11:53.3958168Z PASS Stale module compare-and-commit refuses saves after restore
2026-10-09T19:11:53.7409870Z PASS Stale module compare-and-commit refuses saves after reset
2026-10-09T19:11:53.9734979Z PASS Stale replacement refuses before preparing a key ring after other module save
2026-10-09T19:11:54.2113053Z PASS Stale replacement refuses before preparing a key ring after other module restore
2026-10-09T19:11:54.4308630Z PASS Stale replacement refuses before preparing a key ring after other module reset
2026-10-09T19:11:54.6682232Z PASS Repeated current-session edits have bounded persistence work with 3 completed workouts
2026-10-09T19:11:56.3912648Z PASS Repeated current-session edits have bounded persistence work with 2000 completed workouts
2026-10-09T19:11:56.3951325Z EVIDENCE cached current-session persistence [{"history":3,"selects":19,"secureReads":3},{"history":3,"selects":19,"secureReads":3},{"history":2000,"selects":19,"secureReads":3},{"history":2000,"selects":19,"secureReads":3}]
2026-10-09T19:11:56.7761029Z PASS Batch write rollback preserves head, unchanged entities and prior history after SQLITE_FULL
2026-10-09T19:11:57.0378156Z PASS Postcommit readback ambiguity reports failure but retains a complete reopenable generation
2026-10-09T19:11:57.2647273Z PASS Ambiguous migration retains the whole encrypted legacy source and reopens committed entities
2026-10-09T19:11:57.5244151Z PASS Ambiguous restore retains new encrypted entities and both keys until fresh recovery
2026-10-09T19:11:57.7822914Z PASS Interrupted restore secure-key activation retains all entities and both recoverable keys
2026-10-09T19:11:58.0326914Z PASS Same module cannot overwrite installed restore with old UI state after failed acknowledgment
2026-10-09T19:11:58.2841938Z PASS Reset interruption while deleting movefield.restoreKeys.v1 still reopens empty history
2026-10-09T19:11:58.5217257Z PASS Reset interruption while deleting movefield.dataKey.v1 still reopens empty history
2026-10-09T19:11:58.5233601Z PASS native history: 27 scenarios, 192 assertions (actual SQLite/storage/history/crypto; injected OS APIs; no physical-device proof)
2026-10-09T19:11:58.5757553Z Checking check-native-privacy-cleanup.cjs
2026-10-09T19:11:59.5132394Z PASS Validated plaintext migration acknowledges encrypted persistence while denied cleanup is durably pending after reopen
2026-10-09T19:12:00.2049484Z PASS Read-only status and raw recovery retain matching copies; authenticated reopened read retires them without changing revision
2026-10-09T19:12:00.4547193Z PASS Explicit retry authenticates stored records and retires the exact receipted value
2026-10-09T19:12:00.9223407Z PASS Changed legacy copies are preserved and subsequent saves never replace the oldest cleanup fingerprint
2026-10-09T19:12:01.2722826Z PASS Different literal lone UTF-16 surrogates in valid legacy JSON never match the captured copy
2026-10-09T19:12:01.7626198Z PASS Untracked historical copies are reported but never adopted by a later successful save or retry
2026-10-09T19:12:02.2113909Z PASS Unreadable legacy storage cannot fail a valid SQL read/save or supply a cleanup fingerprint
2026-10-09T19:12:02.2412910Z PASS Every first-migration SQL write and precommit fault rolls back the cleanup receipt with the generation
2026-10-09T19:12:02.6795331Z PASS Postcommit readback ambiguity preserves original plaintext and journal until a fresh authenticated read
2026-10-09T19:12:03.1253306Z PASS Missing keys preserve matching pending copies; raw recovery and explicit retry cannot authorize deletion
2026-10-09T19:12:03.4692007Z PASS Ciphertext with valid SQL integrity but failed authentication preserves matching legacy plaintext
2026-10-09T19:12:03.8972116Z PASS Corrupted SQL tombstone is never treated as reset proof and cannot retire a retained copy
2026-10-09T19:12:04.1203722Z PASS Successful but ineffective legacy removal remains pending across restart
2026-10-09T19:12:04.4498437Z PASS Failed cleanup-metadata retirement never reverses durable acknowledgement; missing legacy can be pruned on restart
2026-10-09T19:12:06.2263838Z PASS Malformed cleanup metadata yields unavailable status without blocking encrypted reads or deleting legacy
2026-10-09T19:12:06.6928162Z PASS Status inspection SQL failure cannot turn an acknowledged training save into a save error
2026-10-09T19:12:06.7017291Z PASS Bounded lossless fingerprint preserves Unicode code units across chunk boundaries and stores no plaintext
2026-10-09T19:12:06.7077486Z PASS Oversized old copies are preserved without a hash receipt or deletion, while new encrypted records remain usable
2026-10-09T19:12:06.7619780Z PASS Exact SQL proof is rechecked before legacy deletion and unowned slots are refused
2026-10-09T19:12:07.3692717Z PASS Reset retires current encrypted records and keys but honestly reports retained matching copies; retry later removes them
2026-10-09T19:12:08.2524228Z PASS Reset preserves changed or untracked historical copies and reports attention instead of complete erasure
2026-10-09T19:12:08.6872050Z PASS Setup migration uses the same durable receipt and explicit retry validates its encrypted draft
2026-10-09T19:12:08.6872587Z {
2026-10-09T19:12:08.6872765Z   "checks": 22,
2026-10-09T19:12:08.6872961Z   "evidence": [
2026-10-09T19:12:08.6873861Z     "Validated plaintext migration acknowledges encrypted persistence while denied cleanup is durably pending after reopen",
2026-10-09T19:12:08.6874851Z     "Read-only status and raw recovery retain matching copies; authenticated reopened read retires them without changing revision",
2026-10-09T19:12:08.6875612Z     "Explicit retry authenticates stored records and retires the exact receipted value",
2026-10-09T19:12:08.6876624Z     "Changed legacy copies are preserved and subsequent saves never replace the oldest cleanup fingerprint",
2026-10-09T19:12:08.6877262Z     "Different literal lone UTF-16 surrogates in valid legacy JSON never match the captured copy",
2026-10-09T19:12:08.6877913Z     "Untracked historical copies are reported but never adopted by a later successful save or retry",
2026-10-09T19:12:08.6878496Z     "Unreadable legacy storage cannot fail a valid SQL read/save or supply a cleanup fingerprint",
2026-10-09T19:12:08.6879115Z     "Every first-migration SQL write and precommit fault rolls back the cleanup receipt with the generation",
2026-10-09T19:12:08.6879767Z     "Postcommit readback ambiguity preserves original plaintext and journal until a fresh authenticated read",
2026-10-09T19:12:08.6880406Z     "Missing keys preserve matching pending copies; raw recovery and explicit retry cannot authorize deletion",
2026-10-09T19:12:08.6881083Z     "Ciphertext with valid SQL integrity but failed authentication preserves matching legacy plaintext",
2026-10-09T19:12:08.6881810Z     "Corrupted SQL tombstone is never treated as reset proof and cannot retire a retained copy",
2026-10-09T19:12:08.6882452Z     "Successful but ineffective legacy removal remains pending across restart",
2026-10-09T19:12:08.6883210Z     "Failed cleanup-metadata retirement never reverses durable acknowledgement; missing legacy can be pruned on restart",
2026-10-09T19:12:08.6884102Z     "Malformed cleanup metadata yields unavailable status without blocking encrypted reads or deleting legacy",
2026-10-09T19:12:08.6884819Z     "Status inspection SQL failure cannot turn an acknowledged training save into a save error",
2026-10-09T19:12:08.6885501Z     "Bounded lossless fingerprint preserves Unicode code units across chunk boundaries and stores no plaintext",
2026-10-09T19:12:08.6886267Z     "Oversized old copies are preserved without a hash receipt or deletion, while new encrypted records remain usable",
2026-10-09T19:12:08.6887137Z     "Exact SQL proof is rechecked before legacy deletion and unowned slots are refused",
2026-10-09T19:12:08.6887802Z     "Reset retires current encrypted records and keys but honestly reports retained matching copies; retry later removes them",
2026-10-09T19:12:08.6888512Z     "Reset preserves changed or untracked historical copies and reports attention instead of complete erasure",
2026-10-09T19:12:08.6889148Z     "Setup migration uses the same durable receipt and explicit retry validates its encrypted draft"
2026-10-09T19:12:08.6889588Z   ],
2026-10-09T19:12:08.6890237Z   "limits": "Actual source modules, real node:sqlite transactions and crypto; injected legacy/SecureStore APIs. No OS/process/device or forensic-erasure qualification."
2026-10-09T19:12:08.6890836Z }
2026-10-09T19:12:08.7362906Z Checking check-native-privacy-ui.cjs
2026-10-09T19:12:09.1975520Z PASS Pending cleanup warning is independent and requires an explicit retry
2026-10-09T19:12:09.2169812Z PASS clear status describes older copies honestly
2026-10-09T19:12:09.2341798Z PASS attention status describes older copies honestly
2026-10-09T19:12:09.2538688Z PASS unavailable status describes older copies honestly
2026-10-09T19:12:09.2805971Z PASS Busy retry is disabled and guarded even through its retained callback
2026-10-09T19:12:09.2954343Z PASS Compact global status exposes warnings and keeps clear status quiet
2026-10-09T19:12:09.3158530Z PASS Settings receives privacy status and links without changing it
2026-10-09T19:12:09.3383066Z PASS Privacy and support links open only from accessible user actions
2026-10-09T19:12:09.3536776Z PASS Failed public link is visible, later link supersedes old failure, unmount suppresses results
2026-10-09T19:12:09.4380004Z PASS Startup reads older-copy status even when saved training cannot open
2026-10-09T19:12:09.4984529Z PASS Privacy read failure cannot change a durable save to failure
2026-10-09T19:12:09.5632879Z PASS Save failure and privacy attention remain independent
2026-10-09T19:12:09.6403601Z PASS Newer privacy status suppresses older pending read after a save
2026-10-09T19:12:09.6971173Z PASS Successful restore refreshes privacy without turning status failure into restore failure
2026-10-09T19:12:09.7733188Z PASS stale restore preserves a pending save saved result
2026-10-09T19:12:09.8235931Z PASS stale restore preserves a pending save failed result
2026-10-09T19:12:09.8889606Z PASS failed restore preserves a pending save saved result
2026-10-09T19:12:09.9433248Z PASS failed restore preserves a pending save failed result
2026-10-09T19:12:10.0048050Z PASS failed reset preserves a pending save saved result
2026-10-09T19:12:10.0725709Z PASS failed reset preserves a pending save failed result
2026-10-09T19:12:10.1204812Z PASS Unmount suppresses rejected restore and never refreshes privacy afterward
2026-10-09T19:12:10.1721661Z PASS Reset preserves a truthful older-copy warning and saves an empty current state
2026-10-09T19:12:10.2297841Z PASS Denied retry stays a privacy issue and cannot trigger a training save
2026-10-09T19:12:10.2765827Z PASS Repeated retry clicks make one request and later save invalidates old cleanup status
2026-10-09T19:12:10.3420651Z PASS Unmount suppresses pending privacy, save and cleanup callbacks
2026-10-09T19:12:10.3421226Z PASS native privacy UI: 25/25 scenarios, 77 assertions (actual compiled TSX callbacks; mocked storage/native hooks, not physical-device acceptance)
2026-10-09T19:12:10.3743230Z Checking check-native-qwen-files.cjs
2026-10-09T19:12:10.7535893Z PASS catalog, frozen exact consent and no automatic network
2026-10-09T19:12:10.8418158Z PASS actual Expo adapter, bounded hashes, real SQLite commit and reopen
2026-10-09T19:12:10.8877843Z PASS integrity rejects mutate
2026-10-09T19:12:10.9348397Z PASS integrity rejects truncate
2026-10-09T19:12:10.9755504Z PASS integrity rejects extra
2026-10-09T19:12:11.0144740Z PASS integrity rejects bad-progress
2026-10-09T19:12:11.0718214Z PASS same-size damage is detected before runtime callback or reuse
2026-10-09T19:12:11.1266897Z PASS cache eviction reports unavailable and explicit retry repairs it
2026-10-09T19:12:11.1672114Z PASS free space includes complete new files and platform temporary space
2026-10-09T19:12:11.2032009Z PASS cancel before start and while hashing never publishes
2026-10-09T19:12:11.2522435Z PASS hung native cancel, late completion quarantine, bounded retries and delete
2026-10-09T19:12:11.3129961Z PASS idle timeout isolates a hung native writer and no background resume claim
2026-10-09T19:12:11.4119288Z PASS atomic replacement rollback preserves old model files
2026-10-09T19:12:11.4618833Z PASS committed pointer survives failed readback acknowledgement
2026-10-09T19:12:11.4993741Z PASS Cancel after atomic commit reports actual completed files
2026-10-09T19:12:11.6173465Z PASS startup cleanup before and after pointer publication
2026-10-09T19:12:11.6716093Z PASS load lease blocks same-runtime reload, download and deletion
2026-10-09T19:12:11.7639174Z PASS metadata damage is preserved automatically and explicit Delete repairs it
2026-10-09T19:12:11.8054200Z PASS bounded native read errors and cleanup failure remain recoverable
2026-10-09T19:12:11.8634306Z PASS attempt identifier collision never replaces a previous model
2026-10-09T19:12:11.9161604Z PASS explicit delete tombstone survives disk cleanup failure
2026-10-09T19:12:11.9482546Z PASS unknown filesystem entries preserved, no model weights fetched by tests
2026-10-09T19:12:11.9483586Z {"status":"passed","scenarios":22,"assertions":1058,"actualModelDownloads":0,"inferenceRuns":0,"physicalDevicesQualified":0,"adapter":"actual compiled Expo adapter + mock filesystem/transport + real node:sqlite + real SHA-256"}
2026-10-09T19:12:12.0029298Z Checking check-native-qwen-ui.cjs
2026-10-09T19:12:12.2219458Z PASS Mount/open/status/review perform no implicit download or profile access
2026-10-09T19:12:12.2449748Z PASS Review consent is deeply frozen and repeated confirmation starts only one request
2026-10-09T19:12:12.2615697Z PASS A canceled review invalidates its retained confirmation callback
2026-10-09T19:12:12.2838174Z PASS A replacement review cannot authorize an older different confirmation tuple
2026-10-09T19:12:12.3008070Z PASS Completed confirmation cannot restart a download without a new review
2026-10-09T19:12:12.3138565Z PASS Off blocks review and invalidates an already reviewed confirmation
2026-10-09T19:12:12.3298054Z PASS Cancel download suppresses late progress/results and supports a new explicit retry
2026-10-09T19:12:12.3438275Z PASS Close native model files suppresses late progress/results and supports a new explicit retry
2026-10-09T19:12:12.3534687Z PASS Unmount aborts request and suppresses every late state update
2026-10-09T19:12:12.3659799Z PASS background aborts an active request without accepting a late successful receipt
2026-10-09T19:12:12.3773789Z PASS off aborts an active request without accepting a late successful receipt
2026-10-09T19:12:12.3913321Z PASS Late status after close cannot install a stale receipt
2026-10-09T19:12:12.4009751Z PASS Explicit status recheck identifies already finished files after cancellation without retrying network
2026-10-09T19:12:12.4369177Z PASS Download/offer/status errors remain visible and never claim success
2026-10-09T19:12:12.4460948Z PASS Deleting files requires explicit confirmation, preserves profile isolation and saved status on failure
2026-10-09T19:12:12.4550040Z PASS Keep model files invalidates a retained stale delete confirmation
2026-10-09T19:12:12.4638051Z PASS Successful explicit deletion clears only model status and consumes confirmation
2026-10-09T19:12:12.4777969Z PASS Committed deletion with pending temporary cleanup reports retired files accurately
2026-10-09T19:12:12.4864871Z PASS Unreadable local model status still permits explicit file-only deletion recovery
2026-10-09T19:12:12.4942735Z PASS Unmount revokes retained download review confirmation before a request starts
2026-10-09T19:12:12.5015671Z PASS Unmount revokes retained delete review confirmation before a request starts
2026-10-09T19:12:12.5016921Z PASS native Qwen UI: 21/21 scenarios, 96 assertions (actual compiled TSX callbacks; mocked file client/native hooks, not physical-device or inference acceptance)
2026-10-09T19:12:12.5159000Z Checking check-native-record-batches.cjs
2026-10-09T19:12:12.7578119Z PASS Bounded Unicode workout IDs produce private, fixed-width history slot identities
2026-10-09T19:12:12.7704890Z PASS Legacy fixed-slot values remain outside SQL until encrypted head and workout batch verifies
2026-10-09T19:12:12.7766063Z PASS Unknown namespaces, plaintext, invalid revisions and incomplete expected batches mutate no records
2026-10-09T19:12:12.7876107Z PASS Queued batch detaches validated records and expected guards from mutable caller maps
2026-10-09T19:12:12.7980189Z PASS Two independent stores enforce ciphertext CAS and revision guards including empty/reset ABA
2026-10-09T19:12:12.9131187Z PASS Every batch write/precommit failure rolls back head, workouts, revision and legacy cleanup together
2026-10-09T19:12:12.9196030Z PASS Postcommit verification failure reports ambiguity and retains migration input; fresh reopen sees complete new batch
2026-10-09T19:12:12.9264560Z PASS Changed or denied legacy cleanup retains input after committed readback
2026-10-09T19:12:12.9314338Z PASS Changed migration input during the transaction aborts the encrypted install
2026-10-09T19:12:12.9408404Z PASS Restore/reset tombstones all retired owned entities and orphan chunks atomically
2026-10-09T19:12:12.9469335Z PASS Corrupted entity integrity never silently falls back or rewrites a committed head
2026-10-09T19:12:13.3858595Z PASS 2,000 independently encrypted workouts reopen; one active-set head edit rewrites zero historical rows
2026-10-09T19:12:13.4198773Z PASS Owned history enumeration enforces the supported 5,000-record bound
2026-10-09T19:12:13.4199171Z {
2026-10-09T19:12:13.4199343Z   "checks": 13,
2026-10-09T19:12:13.4199526Z   "evidence": [
2026-10-09T19:12:13.4200316Z     "Bounded Unicode workout IDs produce private, fixed-width history slot identities",
2026-10-09T19:12:13.4200865Z     "Legacy fixed-slot values remain outside SQL until encrypted head and workout batch verifies",
2026-10-09T19:12:13.4201467Z     "Unknown namespaces, plaintext, invalid revisions and incomplete expected batches mutate no records",
2026-10-09T19:12:13.4202047Z     "Queued batch detaches validated records and expected guards from mutable caller maps",
2026-10-09T19:12:13.4202629Z     "Two independent stores enforce ciphertext CAS and revision guards including empty/reset ABA",
2026-10-09T19:12:13.4203226Z     "Every batch write/precommit failure rolls back head, workouts, revision and legacy cleanup together",
2026-10-09T19:12:13.4203902Z     "Postcommit verification failure reports ambiguity and retains migration input; fresh reopen sees complete new batch",
2026-10-09T19:12:13.4204476Z     "Changed or denied legacy cleanup retains input after committed readback",
2026-10-09T19:12:13.4204947Z     "Changed migration input during the transaction aborts the encrypted install",
2026-10-09T19:12:13.4205452Z     "Restore/reset tombstones all retired owned entities and orphan chunks atomically",
2026-10-09T19:12:13.4205965Z     "Corrupted entity integrity never silently falls back or rewrites a committed head",
2026-10-09T19:12:13.4206317Z     {
2026-10-09T19:12:13.4206706Z       "workouts": 2000,
2026-10-09T19:12:13.4206912Z       "loggedSets": 24000,
2026-10-09T19:12:13.4207139Z       "activeEditSqlWrites": 4,
2026-10-09T19:12:13.4207373Z       "historyRowsRewritten": 0
2026-10-09T19:12:13.4207575Z     },
2026-10-09T19:12:13.4207976Z     "2,000 independently encrypted workouts reopen; one active-set head edit rewrites zero historical rows",
2026-10-09T19:12:13.4208510Z     "Owned history enumeration enforces the supported 5,000-record bound"
2026-10-09T19:12:13.4208824Z   ],
2026-10-09T19:12:13.4209262Z   "limits": "Real node:sqlite transactions with injected storage failure; no physical phone, OS-kill or power acceptance."
2026-10-09T19:12:13.4209721Z }
2026-10-09T19:12:13.4382706Z Checking check-native-reminder-cleanup.cjs
2026-10-09T19:12:13.6408675Z {
2026-10-09T19:12:13.6408894Z   "passed": 4,
2026-10-09T19:12:13.6409039Z   "total": 4,
2026-10-09T19:12:13.6409159Z   "results": [
2026-10-09T19:12:13.6409274Z     {
2026-10-09T19:12:13.6409535Z       "name": "Off attempts every owned cancellation and dismissal even if the first fails",
2026-10-09T19:12:13.6409780Z       "pass": true
2026-10-09T19:12:13.6409899Z     },
2026-10-09T19:12:13.6410003Z     {
2026-10-09T19:12:13.6410272Z       "name": "A presented-alert enumeration failure still cancels all known scheduled alerts",
2026-10-09T19:12:13.6410519Z       "pass": true
2026-10-09T19:12:13.6410632Z     },
2026-10-09T19:12:13.6410737Z     {
2026-10-09T19:12:13.6410965Z       "name": "Failed cleanup does not create additional schedules or foreground authorization",
2026-10-09T19:12:13.6411201Z       "pass": true
2026-10-09T19:12:13.6411316Z     },
2026-10-09T19:12:13.6411459Z     {
2026-10-09T19:12:13.6411685Z       "name": "Successful cleanup refreshes the selected day and reports true schedule status",
2026-10-09T19:12:13.6411941Z       "pass": true
2026-10-09T19:12:13.6412052Z     }
2026-10-09T19:12:13.6412168Z   ]
2026-10-09T19:12:13.6412274Z }
2026-10-09T19:12:13.6484689Z Checking check-native-security-config.cjs
2026-10-09T19:12:15.9849332Z {"ok":true,"checks":270,"kind":"isolated-expo-prebuild","nativeCompilation":false,"storeAcceptance":false,"physicalDevices":false,"files":{"manifest":"b8bd1f9d9b272855acf3b617d55258181cfc84b9ff5c7c40757b5d99a6a57600","legacyBackup":"b6d25f2b96cdd6b451a701a01ec246934538f89635a534d679e0825dd2f555ee","extraction":"9c0680166f549a448ff3b4acc76af3c08b854ccbb0e9278062fcf8f788504f1b","privacy":"8645807a79663255e71b973dc700b9aa53a471ca7958183bcb8d4107f7ee89b1"}}
2026-10-09T19:12:15.9996720Z Checking check-native-sqlite.cjs
2026-10-09T19:12:16.3104134Z PASS Opaque encrypted snapshot is chunked, committed, hashed and readable after fresh store open
2026-10-09T19:12:16.3154465Z PASS Plaintext and unknown slots are refused before database mutation; legacy plaintext remains outside SQL
2026-10-09T19:12:16.3249118Z PASS Legacy cleanup failure never resurrects state or journal after transactional tombstones
2026-10-09T19:12:16.4284038Z PASS Every SQL write/precommit failure rolls back ciphertext and manifest to the previous readable generation
2026-10-09T19:12:16.4404296Z PASS In-transaction corrupted readback aborts update; old generation and retained legacy remain
2026-10-09T19:12:16.4461000Z PASS Postcommit readback failure is surfaced and keeps legacy; persisted new snapshot remains reopenable
2026-10-09T19:12:16.5365193Z PASS Missing, damaged or false-tombstone chunks are rejected without legacy fallback or replacement
2026-10-09T19:12:18.9329609Z PASS 2,000 workouts with 24,000 logged sets and Unicode notes save, decrypt and reopen through real SQLite
2026-10-09T19:12:19.2297144Z PASS Validated plaintext legacy migration seals before SQL persistence and is idempotent
2026-10-09T19:12:19.4946400Z PASS Encrypted legacy without its SecureStore key is retained, never imported or overwritten
2026-10-09T19:12:19.7665133Z PASS Migration failure retains exact legacy ciphertext and existing key; retry succeeds
2026-10-09T19:12:19.7734541Z PASS Partial multi-slot deletion failure rolls back every tombstone and ciphertext together
2026-10-09T19:12:20.0708448Z PASS Interrupted secure-key activation recovers installed SQLite restore from a fresh module
2026-10-09T19:12:20.4539829Z PASS Protected native restore/reset key lifecycle survives SQLite persistence and tombstones
2026-10-09T19:12:20.4540299Z {
2026-10-09T19:12:20.4540505Z   "checks": 14,
2026-10-09T19:12:20.4540690Z   "evidence": [
2026-10-09T19:12:20.4541114Z     "Opaque encrypted snapshot is chunked, committed, hashed and readable after fresh store open",
2026-10-09T19:12:20.4541774Z     "Plaintext and unknown slots are refused before database mutation; legacy plaintext remains outside SQL",
2026-10-09T19:12:20.4542407Z     "Legacy cleanup failure never resurrects state or journal after transactional tombstones",
2026-10-09T19:12:20.4543046Z     "Every SQL write/precommit failure rolls back ciphertext and manifest to the previous readable generation",
2026-10-09T19:12:20.4543685Z     "In-transaction corrupted readback aborts update; old generation and retained legacy remain",
2026-10-09T19:12:20.4544329Z     "Postcommit readback failure is surfaced and keeps legacy; persisted new snapshot remains reopenable",
2026-10-09T19:12:20.4544949Z     "Missing, damaged or false-tombstone chunks are rejected without legacy fallback or replacement",
2026-10-09T19:12:20.4545366Z     {
2026-10-09T19:12:20.4545550Z       "jsonChars": 2525298,
2026-10-09T19:12:20.4545801Z       "encryptedBytes": 5083366,
2026-10-09T19:12:20.4546056Z       "maximumChunkChars": 131072
2026-10-09T19:12:20.4546274Z     },
2026-10-09T19:12:20.4546906Z     "2,000 workouts with 24,000 logged sets and Unicode notes save, decrypt and reopen through real SQLite",
2026-10-09T19:12:20.4547530Z     "Validated plaintext legacy migration seals before SQL persistence and is idempotent",
2026-10-09T19:12:20.4548141Z     "Encrypted legacy without its SecureStore key is retained, never imported or overwritten",
2026-10-09T19:12:20.4548698Z     "Migration failure retains exact legacy ciphertext and existing key; retry succeeds",
2026-10-09T19:12:20.4549260Z     "Partial multi-slot deletion failure rolls back every tombstone and ciphertext together",
2026-10-09T19:12:20.4549827Z     "Interrupted secure-key activation recovers installed SQLite restore from a fresh module",
2026-10-09T19:12:20.4550699Z     "Protected native restore/reset key lifecycle survives SQLite persistence and tombstones"
2026-10-09T19:12:20.4551107Z   ],
2026-10-09T19:12:20.4551609Z   "limits": "Real node:sqlite persistence; injected SecureStore/crypto APIs. No iOS/Android OS/process/power/device acceptance."
2026-10-09T19:12:20.4552078Z }
2026-10-09T19:12:20.5114153Z Checking check-native-storage.cjs
2026-10-09T19:12:25.4338675Z PASS native storage: eight fresh-module restore boundaries, key-loss/legacy privacy, 312-session capacity (1658824 encrypted bytes), Unicode above legacy capacity/low-storage recovery and custom timed/load conventions. Physical-device capacity: NOT MEASURED.
2026-10-09T19:12:25.4895402Z Checking check-native-workflows.cjs
2026-10-09T19:12:26.2715954Z PASS finish uses previously entered feedback and saves partial work once
2026-10-09T19:12:26.5588867Z PASS finish supports explicitly skipping effort without clearing concern hold
2026-10-09T19:12:26.5600102Z PASS finish rejects stale workout check-ins and empty non-concern work
2026-10-09T19:12:26.8078911Z PASS paused imported plan resumes without changing dates/history or lifting holds
2026-10-09T19:12:26.8090740Z PASS pause invalidates pending proposals and prevents active-workout changes
2026-10-09T19:12:27.0298416Z PASS only selected new exercise prompts; external link errors remain visible
2026-10-09T19:12:27.2337914Z PASS library searches imported custom exercises and exposes their equipment
2026-10-09T19:12:27.4321553Z PASS overdue primary action stages a reviewed date change without starting
2026-10-09T19:12:27.8243303Z PASS history order is newest first for both imported storage conventions
2026-10-09T19:12:28.0135160Z PASS backfilled history follows workout dates before import timestamps
2026-10-09T19:12:28.5922741Z PASS numeric fields accept decimal comma and retain integer/range restrictions
2026-10-09T19:12:28.7691034Z PASS tools disclosure starts collapsed and responds to its action
2026-10-09T19:12:28.7692092Z {"scenarios":12,"scope":"Actual compiled native App TSX callbacks and real planning/workout helpers; mocked hook scheduler and device I/O. No physical-device, React Native layout, or OS acceptance claim."}
2026-10-09T19:12:28.8094296Z Checking check-offline.cjs
2026-10-09T19:12:28.9277195Z {
2026-10-09T19:12:28.9277459Z   "passed": 26,
2026-10-09T19:12:28.9277653Z   "total": 26,
2026-10-09T19:12:28.9277816Z   "results": [
2026-10-09T19:12:28.9277929Z     {
2026-10-09T19:12:28.9278241Z       "name": "Generator is deterministic and contains every lazy public app feature without private files",
2026-10-09T19:12:28.9278516Z       "pass": true
2026-10-09T19:12:28.9278634Z     },
2026-10-09T19:12:28.9278740Z     {
2026-10-09T19:12:28.9279003Z       "name": "First completed install immediately supports offline root and unopened lazy tools/research",
2026-10-09T19:12:28.9279275Z       "pass": true
2026-10-09T19:12:28.9279388Z     },
2026-10-09T19:12:28.9279489Z     {
2026-10-09T19:12:28.9279725Z       "name": "An old tab can read an old hashed chunk and unrelated caches remain untouched",
2026-10-09T19:12:28.9279967Z       "pass": true
2026-10-09T19:12:28.9280085Z     },
2026-10-09T19:12:28.9280192Z     {
2026-10-09T19:12:28.9280423Z       "name": "Changed asset bytes reject activation and preserve the previous working cache",
2026-10-09T19:12:28.9280665Z       "pass": true
2026-10-09T19:12:28.9280780Z     },
2026-10-09T19:12:28.9280876Z     {
2026-10-09T19:12:28.9281108Z       "name": "Cache quota failure rejects partial installation without deleting the previous build",
2026-10-09T19:12:28.9281354Z       "pass": true
2026-10-09T19:12:28.9281464Z     },
2026-10-09T19:12:28.9281563Z     {
2026-10-09T19:12:28.9281761Z       "name": "Same-length corruption during cache readback rejects activation",
2026-10-09T19:12:28.9281981Z       "pass": true
2026-10-09T19:12:28.9282096Z     },
2026-10-09T19:12:28.9282199Z     {
2026-10-09T19:12:28.9282392Z       "name": "A lost staged cache entry rejects activation",
2026-10-09T19:12:28.9282576Z       "pass": true
2026-10-09T19:12:28.9283007Z     },
2026-10-09T19:12:28.9283111Z     {
2026-10-09T19:12:28.9283304Z       "name": "A replaced staged shell cannot count as a working app shell",
2026-10-09T19:12:28.9283501Z       "pass": true
2026-10-09T19:12:28.9283612Z     },
2026-10-09T19:12:28.9283708Z     {
2026-10-09T19:12:28.9283890Z       "name": "A corrupt completed marker cannot count as a completed build",
2026-10-09T19:12:28.9284264Z       "pass": true
2026-10-09T19:12:28.9284380Z     },
2026-10-09T19:12:28.9284479Z     {
2026-10-09T19:12:28.9284715Z       "name": "Activation rechecks staged bytes before claiming clients or deleting previous caches",
2026-10-09T19:12:28.9284966Z       "pass": true
2026-10-09T19:12:28.9285076Z     },
2026-10-09T19:12:28.9285174Z     {
2026-10-09T19:12:28.9285386Z       "name": "Unsafe redirect asset rejects installation without deleting the old cache",
2026-10-09T19:12:28.9285622Z       "pass": true
2026-10-09T19:12:28.9285737Z     },
2026-10-09T19:12:28.9285838Z     {
2026-10-09T19:12:28.9286093Z       "name": "Unsafe redirect response after cache eviction is neither returned as trusted code nor cached",
2026-10-09T19:12:28.9286361Z       "pass": true
2026-10-09T19:12:28.9286568Z     },
2026-10-09T19:12:28.9286672Z     {
2026-10-09T19:12:28.9286890Z       "name": "Unsafe private asset rejects installation without deleting the old cache",
2026-10-09T19:12:28.9287124Z       "pass": true
2026-10-09T19:12:28.9287240Z     },
2026-10-09T19:12:28.9287343Z     {
2026-10-09T19:12:28.9287596Z       "name": "Unsafe private response after cache eviction is neither returned as trusted code nor cached",
2026-10-09T19:12:28.9287864Z       "pass": true
2026-10-09T19:12:28.9287981Z     },
2026-10-09T19:12:28.9288081Z     {
2026-10-09T19:12:28.9288303Z       "name": "Unsafe no-store asset rejects installation without deleting the old cache",
2026-10-09T19:12:28.9288534Z       "pass": true
2026-10-09T19:12:28.9288647Z     },
2026-10-09T19:12:28.9288753Z     {
2026-10-09T19:12:28.9289016Z       "name": "Unsafe no-store response after cache eviction is neither returned as trusted code nor cached",
2026-10-09T19:12:28.9289283Z       "pass": true
2026-10-09T19:12:28.9289396Z     },
2026-10-09T19:12:28.9289501Z     {
2026-10-09T19:12:28.9289716Z       "name": "Unsafe cookie asset rejects installation without deleting the old cache",
2026-10-09T19:12:28.9289961Z       "pass": true
2026-10-09T19:12:28.9290077Z     },
2026-10-09T19:12:28.9290183Z     {
2026-10-09T19:12:28.9290485Z       "name": "Unsafe cookie response after cache eviction is neither returned as trusted code nor cached",
2026-10-09T19:12:28.9290806Z       "pass": true
2026-10-09T19:12:28.9290940Z     },
2026-10-09T19:12:28.9291055Z     {
2026-10-09T19:12:28.9291293Z       "name": "Unsafe error asset rejects installation without deleting the old cache",
2026-10-09T19:12:28.9291538Z       "pass": true
2026-10-09T19:12:28.9291662Z     },
2026-10-09T19:12:28.9291791Z     {
2026-10-09T19:12:28.9292085Z       "name": "Unsafe error response after cache eviction is neither returned as trusted code nor cached",
2026-10-09T19:12:28.9292404Z       "pass": true
2026-10-09T19:12:28.9292541Z     },
2026-10-09T19:12:28.9292671Z     {
2026-10-09T19:12:28.9292932Z       "name": "Unsafe opaque asset rejects installation without deleting the old cache",
2026-10-09T19:12:28.9293194Z       "pass": true
2026-10-09T19:12:28.9293328Z     },
2026-10-09T19:12:28.9293434Z     {
2026-10-09T19:12:28.9293725Z       "name": "Unsafe opaque response after cache eviction is neither returned as trusted code nor cached",
2026-10-09T19:12:28.9294038Z       "pass": true
2026-10-09T19:12:28.9294170Z     },
2026-10-09T19:12:28.9294274Z     {
2026-10-09T19:12:28.9294533Z       "name": "A root shell from a different deployment is never paired with mismatched chunks",
2026-10-09T19:12:28.9294808Z       "pass": true
2026-10-09T19:12:28.9294935Z     },
2026-10-09T19:12:28.9295039Z     {
2026-10-09T19:12:28.9295293Z       "name": "Inline RSC references and a generic login page cannot overwrite a usable shell",
2026-10-09T19:12:28.9295713Z       "pass": true
2026-10-09T19:12:28.9295847Z     },
2026-10-09T19:12:28.9295958Z     {
2026-10-09T19:12:28.9296240Z       "name": "A network navigation into a newer uninstalled build retains the last working offline shell",
2026-10-09T19:12:28.9296625Z       "pass": true
2026-10-09T19:12:28.9296758Z     },
2026-10-09T19:12:28.9296984Z     {
2026-10-09T19:12:28.9297312Z       "name": "Protected requests, private routes, downloads, arbitrary queries and foreign origins remain uncached",
2026-10-09T19:12:28.9297625Z       "pass": true
2026-10-09T19:12:28.9297760Z     }
2026-10-09T19:12:28.9297867Z   ],
2026-10-09T19:12:28.9297998Z   "limits": [
2026-10-09T19:12:28.9298349Z     "VM fixture validates lifecycle/content boundaries, not real-browser worker registration or physical-device behavior."
2026-10-09T19:12:28.9298703Z   ]
2026-10-09T19:12:28.9298826Z }
2026-10-09T19:12:28.9352957Z Checking check-onboarding.cjs
2026-10-09T19:12:29.3347414Z PASS Fresh journey starts without an accepted or seeded plan
2026-10-09T19:12:29.3495392Z PASS Choosing a plan does not mutate current plan or history
2026-10-09T19:12:29.3527388Z PASS Accepting a different block replaces all current plan references and preserves actuals
2026-10-09T19:12:29.3538790Z PASS Active workout prevents replacement without mutating anything
2026-10-09T19:12:29.3551811Z PASS Offline acceptance remains blocked
2026-10-09T19:12:29.3570437Z PASS Changed choices cannot accept a stale preview
2026-10-09T19:12:29.3594098Z PASS Added commitment is revalidated at acceptance
2026-10-09T19:12:29.3594610Z PASS Youth in-season app route cannot sneak through final acceptance
2026-10-09T19:12:29.3595263Z PASS Underage, past and invalid date inputs have explicit errors
2026-10-09T19:12:29.3601799Z PASS Coach plan remains tracking and accepts without hidden exercise doses
2026-10-09T19:12:29.3603458Z PASS A schedule that cannot support a template offers a tracking option
2026-10-09T19:12:29.3618941Z PASS A stale commitment snapshot cannot overwrite newer calendar events
2026-10-09T19:12:29.3648667Z PASS Generated durations override stale catalog times in fit notes and ranking
2026-10-09T19:12:29.3678155Z PASS Fit uses the full block and does not claim unavailable drafts fit
2026-10-09T19:12:29.3678544Z 14 onboarding checks passed
2026-10-09T19:12:29.3812069Z Checking check-preferences.cjs
2026-10-09T19:12:29.7870450Z PASS Damaged and unsafe preferences fall back without changing training records
2026-10-09T19:12:29.7871896Z PASS Model selection requires measured qualification and falls back without downloads
2026-10-09T19:12:29.7950854Z PASS Reminder schedule deduplicates days and respects plan and workout state
2026-10-09T19:12:29.7953683Z PASS Calendar export contains timed reminders and no workout or personal details
2026-10-09T19:12:29.7959088Z PASS Every palette passes light and dark text and control contrast
2026-10-09T19:12:29.7961328Z PASS Smallest and smaller text, spacing density and the added palettes are accepted; unknown values fall back
2026-10-09T19:12:29.7965285Z 6 groups, 98 checks passed.
2026-10-09T19:12:29.8212407Z Checking check-program-depth.cjs
2026-10-09T19:12:33.5098116Z 75 plan variants; 4437 scenarios; 2572195 assertions passed
2026-10-09T19:12:33.5526772Z Checking check-program-design.cjs
2026-10-09T19:12:33.9774381Z ID        goal         days min  major group sets (chest back quads hams glutes shoulders biceps triceps), week 1
2026-10-09T19:12:33.9775153Z PL3       powerlifting 3    65   9 10 7 6 4.5 3 4.5
2026-10-09T19:12:33.9776080Z PL4       powerlifting 4    65   7 13 5 9 7.5 6 8.5
2026-10-09T19:12:33.9776418Z PB3       powerbuilding3    75   10 10 10 10 11 10 10
2026-10-09T19:12:33.9776911Z PB4       powerbuilding4    70   10 10 10 10 11.5 10 11.5
2026-10-09T19:12:33.9777256Z BB3       hypertrophy  3    70   10 10 10 10 12 11 10
2026-10-09T19:12:33.9778388Z BB4       hypertrophy  4    75   10 10 10 10 14 10 11.5
2026-10-09T19:12:33.9778712Z HY4       hybrid       4    45   2 4 4 2 2 2 2
2026-10-09T19:12:33.9779594Z HY5       hybrid       5    60   3 6 3 2 4.5 2 3
2026-10-09T19:12:33.9780464Z BBPPL6    hypertrophy  6    70   16 17 12 12 17 13 15.5
2026-10-09T19:12:33.9780832Z BBARN6    hypertrophy  6    80   14 16 10 10 21 12.5 16.5
2026-10-09T19:12:33.9781172Z PLTX3     powerlifting 3    70   6 9 9 3 6 4 4.5
2026-10-09T19:12:33.9781498Z PLSL3     powerlifting 3    65   10 11 15 1 10 5 7.5
2026-10-09T19:12:33.9782020Z PLU3      powerlifting 3    80   10 7 7 5 5 1 5
2026-10-09T19:12:33.9782365Z PBPH4     powerbuilding4    90   10 10 10 10 11.5 10 10.5
2026-10-09T19:12:33.9783105Z PBT4      powerbuilding4    75   10 10 10 13 11 10.5 11.5
2026-10-09T19:12:33.9783730Z ST2       strength     2    55   2 4 4 4 2 2 2
2026-10-09T19:12:33.9784040Z ST3       strength     3    70   6 9 8 7 6 3 4.5
2026-10-09T19:12:33.9784344Z GF2       general      2    50   2 4 4 4 2 2 2
2026-10-09T19:12:33.9784650Z GFHOME2   general      2    45   4 4 4 2 0 2 2
2026-10-09T19:12:33.9784953Z CAL2      calisthenics 2    45   4 4 4 1 0 2 2
2026-10-09T19:12:33.9785269Z CAL3      calisthenics 3    45   6 6 6 1 0 3 3
2026-10-09T19:12:33.9785572Z RNEASY3   running      3    40   0 0 0 0 0 0 0
2026-10-09T19:12:33.9785880Z PL2       powerlifting 2    80   6 9 5 5 3 2 3
2026-10-09T19:12:33.9786624Z PBSTART2  powerbuilding2    75   6 8 6 4 5 5 3
2026-10-09T19:12:33.9786969Z PBSTART3  powerbuilding3    70   11 11 10 10 10 10.5 10
2026-10-09T19:12:33.9787347Z PBDB3     powerbuilding3    75   11 10 10 10 12.5 13 11.5
2026-10-09T19:12:33.9788510Z BB2       hypertrophy  2    85   6 6 6 5 5 5 5
2026-10-09T19:12:33.9788843Z BBDB3     hypertrophy  3    75   11 10 10 10 12.5 13 11.5
2026-10-09T19:12:33.9789190Z BBM3      hypertrophy  3    80   10 10 11 10 11 10 10
2026-10-09T19:12:33.9789508Z STGYM2    strength     2    65   6 6 6 4 5 3 3
2026-10-09T19:12:33.9789819Z STDB3     strength     3    75   6 9 8 7 8 6.5 4.5
2026-10-09T19:12:33.9790125Z GF3       general      3    75   4 6 6 6 6 5 3
2026-10-09T19:12:33.9790419Z GFM2      general      2    65   6 6 6 4 5 3 3
2026-10-09T19:12:33.9790748Z CALBUILD3 calisthenics 3    70   9 9 9 4.5 0 4.5 4.5
2026-10-09T19:12:33.9791077Z CALBUILD2 calisthenics 2    70   6 6 6 3 0 3 3
2026-10-09T19:12:33.9791384Z HYHOME4   hybrid       4    60   4 4 4 2 0 2 2
2026-10-09T19:12:33.9791689Z HYDB4     hybrid       4    75   3 6 5 5 4.5 5 3
2026-10-09T19:12:33.9792001Z RNBASE4   running      4    40   0 0 0 0 0 0 0
2026-10-09T19:12:33.9792334Z BBHOME3   hypertrophy  3    70   10 10 10 11.5 10 5 11
2026-10-09T19:12:33.9792687Z BBADV4    hypertrophy  4    100  11 14 14 14 13 13 13
2026-10-09T19:12:33.9793020Z PLW4      powerlifting 4    90   7 13 5 9 7.5 6 8.5
2026-10-09T19:12:33.9793368Z PBW4      powerbuilding4    90   10 10 10 10 11.5 10 11.5
2026-10-09T19:12:33.9793707Z ST4       strength     4    90   7 13 5 9 7.5 6 8.5
2026-10-09T19:12:33.9794018Z QG2       general      2    30   2 4 2 2 1 2 1
2026-10-09T19:12:33.9794312Z QG3       general      3    30   2 4 4 2 3 2 2
2026-10-09T19:12:33.9794606Z QS2       strength     2    30   2 4 2 2 1 2 1
2026-10-09T19:12:33.9794897Z QM2       hypertrophy  2    30   2 4 2 2 1 2 1
2026-10-09T19:12:33.9795204Z QC2       calisthenics 2    30   2 4 2 1 0 2 1
2026-10-09T19:12:33.9795513Z QPB2      powerbuilding2    30   2 4 2 2 3 2 2
2026-10-09T19:12:33.9795821Z QSP2      sport        2    30   2 4 2 2 1 2 1
2026-10-09T19:12:33.9796122Z QS3       strength     3    30   2 4 4 2 3 2 2
2026-10-09T19:12:33.9796404Z QM3       hypertrophy  3    30   2 4 4 2 3 2 2
2026-10-09T19:12:33.9826757Z QPB3      powerbuilding3    30   4 4 4 2 4 2 3
2026-10-09T19:12:33.9827111Z QC3       calisthenics 3    30   4 4 4 1 0 2 2
2026-10-09T19:12:33.9827420Z QSP3      sport        3    30   2 4 4 2 3 2 2
2026-10-09T19:12:33.9827876Z QPL3      powerlifting 3    30   2 2 2 2 1 0 1
2026-10-09T19:12:33.9828346Z QHY4      hybrid       4    30   2 4 2 2 3 2 2
2026-10-09T19:12:33.9828648Z QR3       running      3    15   0 0 0 0 0 0 0
2026-10-09T19:12:33.9828952Z SP2       sport        2    60   2 4 4 4 3 2 2
2026-10-09T19:12:33.9829869Z QHY3      hybrid       3    30   2 4 2 2 3 2 2
2026-10-09T19:12:33.9830177Z HY3       hybrid       3    45   2 4 4 2 2 2 2
2026-10-09T19:12:33.9830482Z QR2       running      2    15   0 0 0 0 0 0 0
2026-10-09T19:12:33.9830792Z PLSTART3  powerlifting 3    30   2 4 2 2 1 1 1
2026-10-09T19:12:33.9831298Z GFSTAND2  general      2    50   4 4 2 2 0 2 2
2026-10-09T19:12:33.9831798Z STSTAND2  strength     2    50   4 4 2 2 0 2 2
2026-10-09T19:12:33.9832323Z GFNOGROUND2general      2    50   4 4 4 2 2 2 2
2026-10-09T19:12:33.9832647Z GFNONE2   general      2    15   4 0 4 0 0 0 2
2026-10-09T19:12:33.9833175Z STDBST2   strength     2    55   2 4 4 4 2 2 2
2026-10-09T19:12:33.9833483Z GFDBST2   general      2    55   2 4 4 4 2 2 2
2026-10-09T19:12:33.9833794Z BBDBST2   hypertrophy  2    55   2 4 4 4 2 2 2
2026-10-09T19:12:33.9834112Z PBDBST2   powerbuilding2    55   2 4 4 4 2 2 2
2026-10-09T19:12:33.9840710Z SPDBST2   sport        2    55   2 4 4 4 2 2 2
2026-10-09T19:12:33.9841053Z CALDB2    calisthenics 2    45   4 4 4 0 0 2 2
2026-10-09T19:12:33.9841270Z HYDB2     hybrid       2    60   2 4 4 4 2 2 2
2026-10-09T19:12:33.9841459Z HYHOME2   hybrid       2    60   4 4 4 2 0 2 2
2026-10-09T19:12:33.9841565Z 
2026-10-09T19:12:33.9841570Z 
2026-10-09T19:12:33.9841667Z Programs checked: 75. Rule failures: 0.
2026-10-09T19:12:33.9842176Z Known gap BB2: Two sessions a week cannot give each major group 10 weighted sets at this session length. The description says the plan has less volume than a three- or four-day plan.
2026-10-09T19:12:33.9843305Z Known gap BBDBST2: Two dumbbell sessions cannot give each major group 10 weighted sets at this session length. Use a three-day dumbbell plan for the full guide.
2026-10-09T19:12:33.9844387Z Known gap PBDBST2: Two dumbbell sessions cannot give each major group 10 weighted sets at this session length. Use a three-day dumbbell plan for the full guide.
2026-10-09T19:12:33.9845261Z Known gap PBSTART2: Two sessions a week cannot give each major group 10 weighted sets at this session length. The description says each group gets less weekly work than a three- or four-day plan.
2026-10-09T19:12:33.9846114Z Allowance BBHOME3 biceps: The exercise library has no curl that needs only bodyweight or bands, so biceps get indirect pulling work (band rows, about 5 weighted sets a week). The description tells the user to add a dumbbell or band curl.
2026-10-09T19:12:33.9847851Z Allowance RNBASE4 R7: an easy-only run base may pair back-to-back easy days, at most runs minus three per week (four runs in seven days force one pair).
2026-10-09T19:12:33.9848439Z Exemption PLSTART3 R5: Learning block: one competition lift a day, started light while the setup is learned. Heavy sets belong in the build blocks.
2026-10-09T19:12:34.0033108Z Checking check-program-selection.cjs
2026-10-09T19:12:34.4177255Z PASS Weight parent tile retains every selected lifting discipline
2026-10-09T19:12:34.4548406Z PASS Every goal offers only matching app-led plans; recommendations must fit
2026-10-09T19:12:34.4565227Z PASS Powerlifting and powerbuilding have multiple complete discipline-specific choices
2026-10-09T19:12:34.4566192Z PASS Unknown or mismatched goals and app program IDs do not fall into other plans
2026-10-09T19:12:34.4578935Z PASS Unavailable first option is not recommended over a fitting home plan
2026-10-09T19:12:34.4657365Z PASS Named references keep manual identity, source targets or empty calendars, and partial-block limits
2026-10-09T19:12:34.4733895Z PASS Accepted powerlifting updates current plan, profile and next workout without changing past logs
2026-10-09T19:12:34.4741894Z PASS Curated alternatives use exact known movements and same primary metric
2026-10-09T19:12:34.4759693Z PASS Equipment substitute resets load, uses its own targets and preserves history and dates
2026-10-09T19:12:34.4765498Z PASS Competition substitutions require explicit specificity acknowledgement
2026-10-09T19:12:34.4773044Z PASS Unknown, incompatible, duplicate and missing machine setup substitutions are rejected
2026-10-09T19:12:34.4779100Z PASS Recurring change touches only future repetitions of the chosen workout
2026-10-09T19:12:34.4787674Z PASS Active substitution preserves other logged exercises, but cannot erase source reps
2026-10-09T19:12:34.4803583Z PASS Substitution rejects stale history, paused plans, offline writes and saved sessions
2026-10-09T19:12:34.4821117Z PASS Superset substitution preserves pair labels, set counts and rest
2026-10-09T19:12:34.4839020Z PASS Active actual measurements, load, effort and new setup cannot be silently discarded
2026-10-09T19:12:34.4846697Z PASS Active workout can continue across midnight; unstarted overdue workout cannot
2026-10-09T19:12:34.4854374Z PASS Older generic squat-swap previews cannot bypass reviewed alternatives
2026-10-09T19:12:34.4854787Z 18 program selection and substitution checks passed
2026-10-09T19:12:34.5025515Z Checking check-progression-regressions.cjs
2026-10-09T19:12:34.9572677Z PASS RNBASE4 original pattern and seven-day cascade remain valid
2026-10-09T19:12:34.9591696Z PASS RNBASE4 one bounded adjacent pair is allowed but a three-day run streak is refused
2026-10-09T19:12:34.9598257Z PASS RNBASE4 direct schedule validation rejects four consecutive runs
2026-10-09T19:12:34.9610664Z PASS RNBASE4 recovery uses a completed workout actual date instead of only its old planned date
2026-10-09T19:12:34.9619567Z PASS RNBASE4 recovery includes an active workout actual date
2026-10-09T19:12:34.9620074Z PASS Bilateral plate load wording does not double exercise execution time
2026-10-09T19:12:34.9633602Z PASS Substitution preview and committed estimate match canonical time for equal bilateral work
2026-10-09T19:12:34.9642596Z PASS Plate addition preview agrees with canonical estimate and permits a fitting tight budget
2026-10-09T19:12:34.9646271Z PASS Substitution preserves separately allocated focus time when changing canonical work time
2026-10-09T19:12:34.9647046Z PASS Seconds recorded per side include both sides and keep five-minute estimate rounding
2026-10-09T19:12:34.9648622Z PASS Minutes recorded per side include both sides
2026-10-09T19:12:34.9770643Z PASS Timed per-side addition matches canonical time and rejects an insufficient budget
2026-10-09T19:12:34.9813166Z PASS Capacity range progression retains A1 superset instructions and paired rest
2026-10-09T19:12:34.9815661Z PASS Capacity range progression retains A2 superset instructions and paired rest
2026-10-09T19:12:34.9816370Z PASS Continuation preview targets only one review flag and preserves displayed targets
2026-10-09T19:12:34.9817370Z PASS Accepted continuation review clears one flag without changing loads/items/history/dates/dependencies
2026-10-09T19:12:34.9818100Z PASS Continuation review cannot bypass a still-unfinished later dependency
2026-10-09T19:12:34.9879048Z PASS Continuation constructor refuses paused state
2026-10-09T19:12:34.9880246Z PASS Continuation constructor refuses hold state
2026-10-09T19:12:34.9884402Z PASS Continuation constructor refuses active state
2026-10-09T19:12:34.9907385Z PASS Continuation refuses missing prerequisite evidence
2026-10-09T19:12:34.9907882Z PASS Continuation refuses partial prerequisite evidence
2026-10-09T19:12:34.9908864Z PASS Continuation refuses unfinished prerequisite evidence
2026-10-09T19:12:34.9922206Z PASS Continuation refuses unknown-load prerequisite evidence
2026-10-09T19:12:34.9922739Z PASS Continuation refuses an ordinary unflagged or already recorded workout
2026-10-09T19:12:34.9929425Z PASS Continuation acceptance rejects a stale plan snapshot
2026-10-09T19:12:34.9935017Z PASS Continuation acceptance rejects a stale history snapshot
2026-10-09T19:12:34.9940393Z PASS Continuation acceptance rechecks missing prerequisites even when history count stays the same
2026-10-09T19:12:34.9949906Z PASS Continuation acceptance rejects forged loads/dates/dependencies/status and multiple review targets
2026-10-09T19:12:34.9989291Z PASS Continuation proposals survive saved-state validation and reopen for review
2026-10-09T19:12:35.0001848Z 30/30 desired-behavior regression cases passed. Report: /home/runner/work/movefield/movefield/.sites-runtime/a03-progression-checks.json
2026-10-09T19:12:35.0136161Z Checking check-qwen-assets.cjs
2026-10-09T19:12:35.1954028Z PASS Qwen pinned artifact metadata and exact-build qualification: 1675 checks; zero actual devices qualified.
2026-10-09T19:12:35.2028362Z Checking check-qwen-controls.cjs
2026-10-09T19:12:35.4852971Z PASS optional Qwen controls/policy: 132 assertions; synthetic jobs/network only.
2026-10-09T19:12:35.4964278Z Checking check-qwen-download.cjs
2026-10-09T19:12:35.9684253Z PASS Qwen download/cancel/cache lifecycle: 190 assertions; synthetic assets only, no devices qualified.
2026-10-09T19:12:35.9829279Z Checking check-qwen-runtime.cjs
2026-10-09T19:12:36.4178133Z PASS Qwen runtime contracts/cache/loading/cancellation/context gates: 91 assertions. Worker responses are synthetic; no model inference measured.
2026-10-09T19:12:36.4332976Z Checking check-qwen-training.cjs
2026-10-09T19:12:36.8692313Z Prepared original Qwen training data: 162 train, 44 validation cases. Training has not run.
2026-10-09T19:12:42.7926319Z PASS original Qwen dataset/provenance/separation/targets/fingerprints: 650 assertions. No training or model-accuracy claim from these checks.
2026-10-09T19:12:42.8609594Z ....
2026-10-09T19:12:42.8610035Z ----------------------------------------------------------------------
2026-10-09T19:12:42.8610462Z Ran 4 tests in 0.005s
2026-10-09T19:12:42.8610602Z 
2026-10-09T19:12:42.8610677Z OK
2026-10-09T19:12:42.8740887Z Checking check-research-library.cjs
2026-10-09T19:12:43.0546661Z PASS 855 unique bounded metadata records, 18 source queries, review fingerprints and on-device search. No corpus/training approval inferred.
2026-10-09T19:12:43.0700822Z Checking check-revision-10.cjs
2026-10-09T19:12:43.5200411Z PASS Blank or fractional reps cannot log a set or start rest
2026-10-09T19:12:43.5210082Z PASS Valid set starts one timer; a duplicate tap leaves its deadline unchanged
2026-10-09T19:12:43.5221350Z PASS Optional notes preserve rest and Done; reps, load and Undo cancel their own timer
2026-10-09T19:12:43.5227139Z PASS Editing a different set preserves current rest
2026-10-09T19:12:43.5240217Z PASS Last workout set and no-rest superset member do not start an alarm
2026-10-09T19:12:43.5241206Z PASS Pause, extend, resume and expiration use deadline arithmetic
2026-10-09T19:12:43.5288322Z PASS Reload retains a valid timer and discards missing or undone source sets
2026-10-09T19:12:43.5288712Z PASS Malformed/far-future timers are ignored without discarding workouts
2026-10-09T19:12:43.5290751Z PASS A delayed native schedule is canceled after End rest
2026-10-09T19:12:43.5291838Z PASS Only the newest queued rest may be scheduled
2026-10-09T19:12:43.5294038Z PASS A failed OS call does not poison future notification requests
2026-10-09T19:12:43.5314248Z PASS Reject malformed saved workout/calendar case 1
2026-10-09T19:12:43.5332303Z PASS Reject malformed saved workout/calendar case 2
2026-10-09T19:12:43.5347886Z PASS Reject malformed saved workout/calendar case 3
2026-10-09T19:12:43.5362198Z PASS Reject malformed saved workout/calendar case 4
2026-10-09T19:12:43.5375581Z PASS Reject malformed saved workout/calendar case 5
2026-10-09T19:12:43.5386981Z PASS Reject malformed saved workout/calendar case 6
2026-10-09T19:12:43.5396583Z PASS Reject malformed saved workout/calendar case 7
2026-10-09T19:12:43.5405568Z PASS New three-day hybrid, two-day running and novice SBD plans are complete
2026-10-09T19:12:43.5411939Z PASS Powerlifting never changes to powerbuilding to fit equipment
2026-10-09T19:12:43.5423688Z PASS A week of vacation pauses draft dates, preserves order/targets/gaps and extends finish
2026-10-09T19:12:43.5434569Z PASS Competition protection remains effective after adding events and moving dates
2026-10-09T19:12:43.5460725Z PASS No-equipment and floor-free paths do not add floor core work
2026-10-09T19:12:43.5534926Z PASS Malformed optional rest data clears only the timer and preserves active work
2026-10-09T19:12:43.5538064Z PASS Failed old-alert cancellation attempts every ID, prevents replacement and recovers
2026-10-09T19:12:43.5539637Z PASS Pause or extend invalidates a delayed native schedule before it can become current
2026-10-09T19:12:43.5558396Z PASS Legacy active workout without a target snapshot remains valid and has session targets
2026-10-09T19:12:43.5562274Z PASS Supervised youth legacy foundation respects unavailable dumbbells
2026-10-09T19:12:43.5577215Z PASS Run-only eligibility uses recent running readiness independent of lifting experience
2026-10-09T19:12:43.5584652Z PASS Coach tracking targets enable a complete session without adding automated work or dates
2026-10-09T19:12:43.5589511Z PASS Tracking target replacement can reorder, edit and remove draft work, without touching other sessions
2026-10-09T19:12:43.5596055Z PASS Stale, empty, duplicate, fractional and unknown tracking targets reject atomically
2026-10-09T19:12:43.5599995Z PASS Tracking editor cannot rewrite app-directed, active, completed or offline work
2026-10-09T19:12:43.5610276Z PASS Long tracking work needs reviewed extra time, and untrusted prescription fields are stripped
2026-10-09T19:12:43.5614144Z PASS Custom timed tracking exercises contribute their full actual-unit time
2026-10-09T19:12:43.5614597Z 35 revision 10 scenario groups passed
2026-10-09T19:12:43.5762628Z Checking check-revision-11.cjs
2026-10-09T19:12:44.6882382Z PASS Standing dumbbell plans match adult goals, experience, sex, starts and full block lengths
2026-10-09T19:12:44.7339211Z PASS Two-day hybrid keeps full strength plus timed walk/jog and does not duplicate cardio add-ons
2026-10-09T19:12:44.7408104Z PASS Boundaries stay explicit: no counterfeit SBD, no unsupported youth prescriptions, no invisible fallback
2026-10-09T19:12:44.7416724Z PASS Same-weekday tracking copies targets atomically without touching dates or completed work
2026-10-09T19:12:44.7449279Z PASS Reviewed return block resolves the dependency chain without restoring old volume
2026-10-09T19:12:44.7469014Z PASS Coarse equipment increments offer reviewed reps for muscle work with unchanged rest and sets
2026-10-09T19:12:44.7484470Z PASS Long custom timed actuals, feedback drafts, machine context and timers survive save/reopen
2026-10-09T19:12:44.7488231Z 7 groups; 428582 assertions passed
2026-10-09T19:12:44.7727882Z Checking check-security.cjs
2026-10-09T19:12:45.2697081Z pass initial state round trips without changed data 
2026-10-09T19:12:45.2697660Z pass fresh state round trips without changed data 
2026-10-09T19:12:45.2698091Z pass experienced sample state round trips without changed data 
2026-10-09T19:12:45.2698583Z pass valid active workout and rest timers round trip 
2026-10-09T19:12:45.2698915Z pass mismatched active session rejected 
2026-10-09T19:12:45.2699143Z pass active workout without a plan rejected 
2026-10-09T19:12:45.2699446Z pass unknown root, profile and workout fields stripped 
2026-10-09T19:12:45.2699816Z pass __proto__ in nested raw JSON rejected 
2026-10-09T19:12:45.2700257Z pass constructor in nested raw JSON rejected 
2026-10-09T19:12:45.2700650Z pass prototype in nested raw JSON rejected 
2026-10-09T19:12:45.2701041Z pass invalid state "" rejected 
2026-10-09T19:12:45.2701319Z pass invalid state "null" rejected 
2026-10-09T19:12:45.2701500Z pass invalid state "[]" rejected 
2026-10-09T19:12:45.2701694Z pass invalid state "{\"schema\":2}" rejected 
2026-10-09T19:12:45.2702034Z pass invalid state "{\"schema\":2,\"profile\":{\"age\":1e400,\"goal\":\"strength\",\"e" rejected 
2026-10-09T19:12:45.2702332Z pass oversized raw input rejected before parsing 
2026-10-09T19:12:45.2702536Z pass too many weekdays rejected 
2026-10-09T19:12:45.2702708Z pass invalid calendar date rejected 
2026-10-09T19:12:45.2702890Z pass invalid nested set value rejected 
2026-10-09T19:12:45.2703071Z pass oversized set count rejected 
2026-10-09T19:12:45.2703259Z pass normal unfinished setup round trips 
2026-10-09T19:12:45.2703494Z pass cleared numeric inputs persist in unfinished setup 
2026-10-09T19:12:45.2703958Z pass negative draft step rejected 
2026-10-09T19:12:45.2704149Z pass unfinished blank date survives reload 
2026-10-09T19:12:45.2704359Z pass legacy setup draft forces calendar review 
2026-10-09T19:12:45.2704598Z pass oversized import does not parse or create exercises 
2026-10-09T19:12:45.2704897Z pass request nonce cannot be supplied by a client and changes every request 
2026-10-09T19:12:45.2705287Z pass unused write and internal routes are closed 
2026-10-09T19:12:45.2705558Z pass response hardening preserves status and prevents nonce caching 
2026-10-09T19:12:45.2705784Z 29/29 security checks passed
2026-10-09T19:12:45.2851751Z Checking check-setup-hydration.cjs
2026-10-09T19:12:45.9802915Z PASS web: rejected hydration retains draft through field edits and step changes
2026-10-09T19:12:46.1594175Z PASS web: empty hydration enables normal saving and later edits
2026-10-09T19:12:46.3357730Z PASS web: valid hydration restores answers and permits future autosaves
2026-10-09T19:12:46.4534180Z PASS native: rejected hydration retains draft through field edits and step changes
2026-10-09T19:12:46.5728232Z PASS native: empty hydration enables normal saving and later edits
2026-10-09T19:12:46.6925156Z PASS native: valid hydration restores answers and permits future autosaves
2026-10-09T19:12:46.8275284Z PASS web: validation failure after a successful vault read blocks replacement saves
2026-10-09T19:12:47.1002700Z PASS web: nonresume entry checks unreadable saved draft and keeps later answers visit-only
2026-10-09T19:12:47.2187750Z PASS native: source-template entry checks unreadable existing draft and never overwrites it
2026-10-09T19:12:47.3338613Z PASS native: source-template entry checks readable draft without applying old profile
2026-10-09T19:12:47.3339039Z {
2026-10-09T19:12:47.3339392Z   "scenarios": 10,
2026-10-09T19:12:47.3339527Z   "passed": [
2026-10-09T19:12:47.3339762Z     "web: rejected hydration retains draft through field edits and step changes",
2026-10-09T19:12:47.3340097Z     "web: empty hydration enables normal saving and later edits",
2026-10-09T19:12:47.3340376Z     "web: valid hydration restores answers and permits future autosaves",
2026-10-09T19:12:47.3340886Z     "native: rejected hydration retains draft through field edits and step changes",
2026-10-09T19:12:47.3341182Z     "native: empty hydration enables normal saving and later edits",
2026-10-09T19:12:47.3341720Z     "native: valid hydration restores answers and permits future autosaves",
2026-10-09T19:12:47.3342259Z     "web: validation failure after a successful vault read blocks replacement saves",
2026-10-09T19:12:47.3342608Z     "web: nonresume entry checks unreadable saved draft and keeps later answers visit-only",
2026-10-09T19:12:47.3344415Z     "native: source-template entry checks unreadable existing draft and never overwrites it",
2026-10-09T19:12:47.3344821Z     "native: source-template entry checks readable draft without applying old profile"
2026-10-09T19:12:47.3345056Z   ],
2026-10-09T19:12:47.3345539Z   "scope": "Compiled actual TSX with real training/onboarding/saved-data helpers and actual field/step callbacks; simulated hook scheduler, mocked UI/vault/native I/O. Not React DOM or device acceptance."
2026-10-09T19:12:47.3345988Z }
2026-10-09T19:12:47.3721693Z Checking check-shared.cjs
2026-10-09T19:12:47.4065211Z PASS 39 canonical web/native shared files and snapshot hashes.
2026-10-09T19:12:47.4114931Z Checking check-tools-boundaries.cjs
2026-10-09T19:12:47.8397790Z {
2026-10-09T19:12:47.8422686Z   "passed": 14,
2026-10-09T19:12:47.8425029Z   "total": 14,
2026-10-09T19:12:47.8426885Z   "results": [
2026-10-09T19:12:47.8427010Z     {
2026-10-09T19:12:47.8427341Z       "name": "Timed loaded movements do not create estimated strength bests",
2026-10-09T19:12:47.8433389Z       "pass": true
2026-10-09T19:12:47.8433584Z     },
2026-10-09T19:12:47.8433747Z     {
2026-10-09T19:12:47.8434136Z       "name": "Progression-disabled rep movements do not create estimated strength bests",
2026-10-09T19:12:47.8434387Z       "pass": true
2026-10-09T19:12:47.8434989Z     },
2026-10-09T19:12:47.8435093Z     {
2026-10-09T19:12:47.8435316Z       "name": "Unknown and whitespace-only machine setups do not establish comparability",
2026-10-09T19:12:47.8435555Z       "pass": true
2026-10-09T19:12:47.8435670Z     },
2026-10-09T19:12:47.8435774Z     {
2026-10-09T19:12:47.8435978Z       "name": "Different known setups do not create a cross-machine estimated best",
2026-10-09T19:12:47.8436314Z       "pass": true
2026-10-09T19:12:47.8436427Z     },
2026-10-09T19:12:47.8436693Z     {
2026-10-09T19:12:47.8436892Z       "name": "Same known eligible machine setup still reports a new estimated best",
2026-10-09T19:12:47.8437113Z       "pass": true
2026-10-09T19:12:47.8437226Z     },
2026-10-09T19:12:47.8437328Z     {
2026-10-09T19:12:47.8437538Z       "name": "Eligible free-weight adult comparison still reports a new estimated best",
2026-10-09T19:12:47.8437766Z       "pass": true
2026-10-09T19:12:47.8437880Z     },
2026-10-09T19:12:47.8437982Z     {
2026-10-09T19:12:47.8438137Z       "name": "Youth still receives no estimated bests",
2026-10-09T19:12:47.8438306Z       "pass": true
2026-10-09T19:12:47.8438419Z     },
2026-10-09T19:12:47.8438518Z     {
2026-10-09T19:12:47.8438710Z       "name": "Explicit 2.5 lb dumbbell steps remain supported below 37.5 lb",
2026-10-09T19:12:47.8438935Z       "pass": true
2026-10-09T19:12:47.8439054Z     },
2026-10-09T19:12:47.8439154Z     {
2026-10-09T19:12:47.8439367Z       "name": "A light dumbbell does not produce zero-load or heavier-than-work warm-ups",
2026-10-09T19:12:47.8439593Z       "pass": true
2026-10-09T19:12:47.8439704Z     },
2026-10-09T19:12:47.8439806Z     {
2026-10-09T19:12:47.8440008Z       "name": "Default light dumbbell calculation contains no zero or excessive loads",
2026-10-09T19:12:47.8440264Z       "pass": true
2026-10-09T19:12:47.8440377Z     },
2026-10-09T19:12:47.8440478Z     {
2026-10-09T19:12:47.8440685Z       "name": "Barbell grids are relative to the selected bar, including odd bar weights",
2026-10-09T19:12:47.8440923Z       "pass": true
2026-10-09T19:12:47.8441036Z     },
2026-10-09T19:12:47.8441136Z     {
2026-10-09T19:12:47.8441358Z       "name": "Metric custom increments stay on their grid without exceeding working load",
2026-10-09T19:12:47.8441596Z       "pass": true
2026-10-09T19:12:47.8441710Z     },
2026-10-09T19:12:47.8441814Z     {
2026-10-09T19:12:47.8442024Z       "name": "Invalid explicit increments do not silently generate misleading loads",
2026-10-09T19:12:47.8442251Z       "pass": true
2026-10-09T19:12:47.8442365Z     },
2026-10-09T19:12:47.8442467Z     {
2026-10-09T19:12:47.8442663Z       "name": "Unknown input and supervised youth behavior remain unchanged",
2026-10-09T19:12:47.8442874Z       "pass": true
2026-10-09T19:12:47.8442989Z     }
2026-10-09T19:12:47.8443091Z   ]
2026-10-09T19:12:47.8443199Z }
2026-10-09T19:12:47.8613006Z Checking check-tools.cjs
2026-10-09T19:12:48.2924282Z PASS Plates: unknown stays unknown, zero is an error, and totals split into the largest plates per side
2026-10-09T19:12:48.2927300Z PASS Warm-up ladder: percentages of the working load, rounded to loadable steps, bar floor, adults only
2026-10-09T19:12:48.2956150Z PASS Personal bests need an earlier rated estimate, are adult-only, and are not awarded for lower results
2026-10-09T19:12:48.3010678Z PASS Weekly review counts the seven days ending today from the plan; today stays open until it ends
2026-10-09T19:12:48.3011481Z 4 groups, 33 checks passed.
2026-10-09T19:12:48.3210849Z Checking check-training.cjs
2026-10-09T19:12:48.7582811Z {
2026-10-09T19:12:48.7583016Z   "passed": 29,
2026-10-09T19:12:48.7583264Z   "total": 29,
2026-10-09T19:12:48.7583444Z   "results": [
2026-10-09T19:12:48.7583619Z     {
2026-10-09T19:12:48.7583944Z       "name": "New adult paths show ranges; youth remains supervised fixed progression",
2026-10-09T19:12:48.7584284Z       "status": "pass"
2026-10-09T19:12:48.7584480Z     },
2026-10-09T19:12:48.7584645Z     {
2026-10-09T19:12:48.7585310Z       "name": "Dates reject nonexistent values and accept leap day",
2026-10-09T19:12:48.7585636Z       "status": "pass"
2026-10-09T19:12:48.7585830Z     },
2026-10-09T19:12:48.7585993Z     {
2026-10-09T19:12:48.7586263Z       "name": "Calendar arithmetic remains whole days across DST",
2026-10-09T19:12:48.7586704Z       "status": "pass"
2026-10-09T19:12:48.7586896Z     },
2026-10-09T19:12:48.7587209Z     {
2026-10-09T19:12:48.7587552Z       "name": "Occupied date single move fails gracefully; cascade succeeds atomically",
2026-10-09T19:12:48.7587931Z       "status": "pass"
2026-10-09T19:12:48.7588121Z     },
2026-10-09T19:12:48.7588281Z     {
2026-10-09T19:12:48.7588608Z       "name": "One-day forward shift preserves every original gap and every target",
2026-10-09T19:12:48.7588968Z       "status": "pass"
2026-10-09T19:12:48.7589160Z     },
2026-10-09T19:12:48.7589320Z     {
2026-10-09T19:12:48.7589592Z       "name": "Later selected session shifts only its future tail",
2026-10-09T19:12:48.7589901Z       "status": "pass"
2026-10-09T19:12:48.7590093Z     },
2026-10-09T19:12:48.7590252Z     {
2026-10-09T19:12:48.7590512Z       "name": "Fixed event anywhere in cascade blocks all mutation",
2026-10-09T19:12:48.7590807Z       "status": "pass"
2026-10-09T19:12:48.7590985Z     },
2026-10-09T19:12:48.7591137Z     {
2026-10-09T19:12:48.7591415Z       "name": "An added commitment makes an existing date proposal stale",
2026-10-09T19:12:48.7591732Z       "status": "pass"
2026-10-09T19:12:48.7591912Z     },
2026-10-09T19:12:48.7592072Z     {
2026-10-09T19:12:48.7592327Z       "name": "Active target cannot queue or move offline",
2026-10-09T19:12:48.7592618Z       "status": "pass"
2026-10-09T19:12:48.7592802Z     },
2026-10-09T19:12:48.7592958Z     {
2026-10-09T19:12:48.7593255Z       "name": "Valid offline acceptance queues without changes; reconnect revalidates",
2026-10-09T19:12:48.7593490Z       "status": "pass"
2026-10-09T19:12:48.7593608Z     },
2026-10-09T19:12:48.7593707Z     {
2026-10-09T19:12:48.7593913Z       "name": "Accepted changes cannot apply twice",
2026-10-09T19:12:48.7594175Z       "status": "pass"
2026-10-09T19:12:48.7594358Z     },
2026-10-09T19:12:48.7594516Z     {
2026-10-09T19:12:48.7594799Z       "name": "Backward cascade cannot remove recovery or reverse order",
2026-10-09T19:12:48.7595115Z       "status": "pass"
2026-10-09T19:12:48.7595295Z     },
2026-10-09T19:12:48.7595448Z     {
2026-10-09T19:12:48.7595730Z       "name": "Whole block extension is disclosed; no session dropped",
2026-10-09T19:12:48.7596050Z       "status": "pass"
2026-10-09T19:12:48.7596235Z     },
2026-10-09T19:12:48.7596389Z     {
2026-10-09T19:12:48.7596819Z       "name": "Coach manual date changes remain possible without dose adaptation",
2026-10-09T19:12:48.7597174Z       "status": "pass"
2026-10-09T19:12:48.7597359Z     },
2026-10-09T19:12:48.7597517Z     {
2026-10-09T19:12:48.7597837Z       "name": "Exercise history retains partial sets, exact IDs and date ordering",
2026-10-09T19:12:48.7598192Z       "status": "pass"
2026-10-09T19:12:48.7598381Z     },
2026-10-09T19:12:48.7598538Z     {
2026-10-09T19:12:48.7598870Z       "name": "One comparable exposure suggests repeat load, never automatic increase",
2026-10-09T19:12:48.7599221Z       "status": "pass"
2026-10-09T19:12:48.7599339Z     },
2026-10-09T19:12:48.7599438Z     {
2026-10-09T19:12:48.7599646Z       "name": "Two top-of-range exposures can propose an available small load increase",
2026-10-09T19:12:48.7599874Z       "status": "pass"
2026-10-09T19:12:48.7599993Z     },
2026-10-09T19:12:48.7600093Z     {
2026-10-09T19:12:48.7600309Z       "name": "Unknown effort, unknown symptoms and changed rep range do not unlock increase",
2026-10-09T19:12:48.7600538Z       "status": "pass"
2026-10-09T19:12:48.7600654Z     },
2026-10-09T19:12:48.7600752Z     {
2026-10-09T19:12:48.7600947Z       "name": "Oversized equipment jumps remain unavailable instead of rounding",
2026-10-09T19:12:48.7601156Z       "status": "pass"
2026-10-09T19:12:48.7601273Z     },
2026-10-09T19:12:48.7601371Z     {
2026-10-09T19:12:48.7601724Z       "name": "Missing loads, partial work, hard feedback and stale history require recalibration",
2026-10-09T19:12:48.7601970Z       "status": "pass"
2026-10-09T19:12:48.7602088Z     },
2026-10-09T19:12:48.7602186Z     {
2026-10-09T19:12:48.7602365Z       "name": "A different machine/setup cannot inherit the previous load",
2026-10-09T19:12:48.7602653Z       "status": "pass"
2026-10-09T19:12:48.7602769Z     },
2026-10-09T19:12:48.7602866Z     {
2026-10-09T19:12:48.7603050Z       "name": "Youth and symptom holds cannot produce automatic adult loads",
2026-10-09T19:12:48.7603276Z       "status": "pass"
2026-10-09T19:12:48.7603391Z     },
2026-10-09T19:12:48.7603489Z     {
2026-10-09T19:12:48.7603680Z       "name": "Legacy rep targets remain unchanged until explicit range approval",
2026-10-09T19:12:48.7603890Z       "status": "pass"
2026-10-09T19:12:48.7604006Z     },
2026-10-09T19:12:48.7604104Z     {
2026-10-09T19:12:48.7604286Z       "name": "Skipping can be restored and invalidates existing proposals",
2026-10-09T19:12:48.7604494Z       "status": "pass"
2026-10-09T19:12:48.7604611Z     },
2026-10-09T19:12:48.7604710Z     {
2026-10-09T19:12:48.7604889Z       "name": "Malformed import remains rejected; authority fields stripped",
2026-10-09T19:12:48.7605092Z       "status": "pass"
2026-10-09T19:12:48.7605208Z     },
2026-10-09T19:12:48.7605306Z     {
2026-10-09T19:12:48.7605486Z       "name": "Strength accessory rep ranges stay stable across the block",
2026-10-09T19:12:48.7605685Z       "status": "pass"
2026-10-09T19:12:48.7605801Z     },
2026-10-09T19:12:48.7605898Z     {
2026-10-09T19:12:48.7606058Z       "name": "Load commit rejects a changed equipment increment",
2026-10-09T19:12:48.7606240Z       "status": "pass"
2026-10-09T19:12:48.7606358Z     },
2026-10-09T19:12:48.7606609Z     {
2026-10-09T19:12:48.7606796Z       "name": "An overdue active workout uses today for recovery checks",
2026-10-09T19:12:48.7606989Z       "status": "pass"
2026-10-09T19:12:48.7607186Z     },
2026-10-09T19:12:48.7607337Z     {
2026-10-09T19:12:48.7607657Z       "name": "Resolved proposals are capped at 50 and every open proposal is kept",
2026-10-09T19:12:48.7608002Z       "status": "pass"
2026-10-09T19:12:48.7608175Z     }
2026-10-09T19:12:48.7608320Z   ]
2026-10-09T19:12:48.7608467Z }
2026-10-09T19:12:48.7781516Z Checking check-transactional-browser-vault.cjs
2026-10-09T19:12:49.0508185Z PASS First save commits non-extractable key and ciphertext together, then notifies
2026-10-09T19:12:49.0568354Z PASS Legacy plaintext imports, verifies, cleans up and reopens without reimport
2026-10-09T19:12:49.0592733Z PASS Legacy encrypted records retain their key and exact ciphertext during import
2026-10-09T19:12:49.0625120Z PASS Legacy restore interruption: before journal
2026-10-09T19:12:49.0649963Z PASS Legacy restore interruption: after journal
2026-10-09T19:12:49.0675992Z PASS Legacy restore interruption: after ciphertext
2026-10-09T19:12:49.0693590Z PASS Legacy restore interruption: after obsolete cleanup
2026-10-09T19:12:49.0709379Z PASS Legacy restore interruption: before key commit
2026-10-09T19:12:49.0722464Z PASS Legacy restore interruption: after key and journal commit
2026-10-09T19:12:49.0759004Z PASS Pending legacy cleanup permits reads, refuses writes and imports after retry
2026-10-09T19:12:49.0794750Z PASS Lost legacy/current keys preserve raw exports and require explicit replacement
2026-10-09T19:12:49.0817286Z PASS Unreadable encrypted setup is retained without preventing valid main reads and saves
2026-10-09T19:12:49.0831066Z PASS Malformed sealed legacy setup never blocks valid main profile recovery
2026-10-09T19:12:49.0851073Z PASS Stale tab edits and restores refuse conflicts while refreshed tabs use the current key
2026-10-09T19:12:49.0866924Z PASS In-flight write conflicts with a replacement committed during encryption
2026-10-09T19:12:49.0882192Z PASS In-flight replace conflicts with a replacement committed during encryption
2026-10-09T19:12:49.0898668Z PASS First-key quota abort leaves no partial record or orphaned key and sends no save notice
2026-10-09T19:12:49.0922143Z PASS Abort after request success and restore quota preserve the current profile
2026-10-09T19:12:49.0953533Z PASS Failed migration preserves every legacy source and remains retryable
2026-10-09T19:12:49.0975963Z PASS Discard/reset tombstones prevent resurrection when legacy cleanup is denied
2026-10-09T19:12:49.1030401Z PASS Migrated IndexedDB reads, replacement and reset work with all legacy access denied
2026-10-09T19:12:49.3478677Z PASS Large ciphertext exceeding five million characters saves and reopens exactly
2026-10-09T19:12:49.3533417Z PASS Without Web Locks existing reads/exports work and all mutations refuse before saving
2026-10-09T19:12:49.3544669Z PASS Notification failure does not undo a committed readable save
2026-10-09T19:12:49.3545362Z PASS transactional browser vault: 24 scenarios, 163 checks (actual transpiled app, fake-indexeddb, real WebCrypto)
2026-10-09T19:12:49.3717369Z Checking check-transfer.cjs
2026-10-09T19:12:49.8855743Z   Argon2id round trip took 0.17 s in Node. Phone timing is not measured.
2026-10-09T19:12:51.2317686Z PASS transfer files: 62 checks
2026-10-09T19:12:51.2410245Z Checking check-workout-review.cjs
2026-10-09T19:12:51.6693369Z PASS workout review gate: 25 checks
2026-10-09T19:12:51.6971762Z Checking check-workout-science.cjs
2026-10-09T19:12:52.1345556Z PASS HY5 weekday orientation keeps the full block and discloses the delayed first role
2026-10-09T19:12:52.1365423Z PASS Every start weekday preserves HY5 roles, counts and comparable recovery
2026-10-09T19:12:52.1374634Z PASS Commitments preserve all HY5 work and prerequisites without occupying protected dates
2026-10-09T19:12:52.1379471Z PASS Original PLSL3 A/B roles roll across weeks with their actual prior-role prerequisites
2026-10-09T19:12:52.1388405Z PASS Named StrongLifts stays manual with exact base work and continuous A/B
2026-10-09T19:12:52.1703080Z PASS All 75 original paths preserve complete blocks and resolve scoped evidence
2026-10-09T19:12:52.1726305Z PASS All 20 named references remain source/user owned, including 12 empty calendars
2026-10-09T19:12:52.1776414Z PASS Youth current and catalog paths inherit youth guidance without adult goal efficacy cards
2026-10-09T19:12:52.1782075Z PASS Healthy older adult strength has older-function context; source scope excludes clinical validation
2026-10-09T19:12:52.1797208Z PASS App running intervals and base runs do not inherit NHS or adult resistance efficacy citations
2026-10-09T19:12:52.1810577Z PASS Empty generic coach/manual tracking carries no app-prescription efficacy evidence
2026-10-09T19:12:52.1815717Z PASS Activity overlay rejects the demonstrated final canonical over-window draft
2026-10-09T19:12:52.1830835Z PASS Selected focus citations and URL notes follow the actual adult/youth add-ons
2026-10-09T19:12:52.1881139Z PASS First-time equal-fit ranking prefers a smaller feasible foundation without hiding longer choices
2026-10-09T19:12:52.1888763Z PASS Adult phase increase stays explicitly preaccepted, rather than silently changing the history gate
2026-10-09T19:12:52.1909151Z PASS Legacy AT01-AT04 remain executable and recipe aliases/policy drift are explicit
2026-10-09T19:12:52.1909797Z 16 workout-science regression groups passed
2026-10-09T19:12:52.2070161Z 53/53 check suites passed.
2026-10-09T19:12:52.2678446Z test_alias_resource_refused (__main__.Fixtures.test_alias_resource_refused) ... ok
2026-10-09T19:12:52.2690661Z test_alternate_os_rules_refused (__main__.Fixtures.test_alternate_os_rules_refused) ... ok
2026-10-09T19:12:52.2704343Z test_android_numeric_links_read_rules_and_hashes (__main__.Fixtures.test_android_numeric_links_read_rules_and_hashes) ... ok
2026-10-09T19:12:52.2717043Z test_backup_includes_refused_even_with_all_exclusions (__main__.Fixtures.test_backup_includes_refused_even_with_all_exclusions) ... ok
2026-10-09T19:12:52.2729242Z test_backup_unreviewed_attribute_refused (__main__.Fixtures.test_backup_unreviewed_attribute_refused) ... ok
2026-10-09T19:12:52.2748080Z test_boot_permission_absent_or_expired_refused (__main__.Fixtures.test_boot_permission_absent_or_expired_refused) ... ok
2026-10-09T19:12:52.2764974Z test_boot_permission_sdk_coverage_and_variant_accepted (__main__.Fixtures.test_boot_permission_sdk_coverage_and_variant_accepted) ... ok
2026-10-09T19:12:52.3685217Z test_cli_requires_all_decoded_android_inputs (__main__.Fixtures.test_cli_requires_all_decoded_android_inputs) ... ok
2026-10-09T19:12:52.4958395Z test_cli_success_and_poison_failure (__main__.Fixtures.test_cli_success_and_poison_failure) ... ok
2026-10-09T19:12:52.4974767Z test_cloud_section_is_required (__main__.Fixtures.test_cloud_section_is_required) ... ok
2026-10-09T19:12:52.4988300Z test_debuggable_release_refused (__main__.Fixtures.test_debuggable_release_refused) ... ok
2026-10-09T19:12:52.5007696Z test_decimal_and_hex_reference_forms (__main__.Fixtures.test_decimal_and_hex_reference_forms) ... ok
2026-10-09T19:12:52.5028984Z test_direct_documents_exposure_false_accepted (__main__.Fixtures.test_direct_documents_exposure_false_accepted) ... ok
2026-10-09T19:12:52.5086817Z test_direct_documents_exposure_malformed_flags_refused (__main__.Fixtures.test_direct_documents_exposure_malformed_flags_refused) ... ok
2026-10-09T19:12:52.5106023Z test_direct_documents_exposure_true_refused (__main__.Fixtures.test_direct_documents_exposure_true_refused) ... ok
2026-10-09T19:12:52.5123446Z test_disabled_or_unresolved_application_refused (__main__.Fixtures.test_disabled_or_unresolved_application_refused) ... ok
2026-10-09T19:12:52.5138546Z test_domain_forward_secrecy_downgrade_refused (__main__.Fixtures.test_domain_forward_secrecy_downgrade_refused) ... ok
2026-10-09T19:12:52.5164688Z test_domain_insecure_http_aliases_refused (__main__.Fixtures.test_domain_insecure_http_aliases_refused) ... ok
2026-10-09T19:12:52.5178219Z test_domain_tls_downgrade_refused (__main__.Fixtures.test_domain_tls_downgrade_refused) ... ok
2026-10-09T19:12:52.5189637Z test_duplicate_application_refused (__main__.Fixtures.test_duplicate_application_refused) ... ok
2026-10-09T19:12:52.5202426Z test_duplicate_extraction_section_refused (__main__.Fixtures.test_duplicate_extraction_section_refused) ... ok
2026-10-09T19:12:52.5215282Z test_duplicate_or_unknown_domain_refused (__main__.Fixtures.test_duplicate_or_unknown_domain_refused) ... ok
2026-10-09T19:12:52.5227700Z test_duplicate_startup_initializer_refused (__main__.Fixtures.test_duplicate_startup_initializer_refused) ... ok
2026-10-09T19:12:52.5253597Z test_each_required_reminder_action_absent_refused (__main__.Fixtures.test_each_required_reminder_action_absent_refused) ... ok
2026-10-09T19:12:52.5266683Z test_expired_required_permission_refused (__main__.Fixtures.test_expired_required_permission_refused) ... ok
2026-10-09T19:12:52.5280626Z test_explicitly_enabled_application_accepted (__main__.Fixtures.test_explicitly_enabled_application_accepted) ... ok
2026-10-09T19:12:52.5291402Z test_exported_file_provider_refused (__main__.Fixtures.test_exported_file_provider_refused) ... ok
2026-10-09T19:12:52.5302641Z test_flag_disabled_variant_refused (__main__.Fixtures.test_flag_disabled_variant_refused) ... ok
2026-10-09T19:12:52.5326241Z test_global_arbitrary_transport_flags_refused (__main__.Fixtures.test_global_arbitrary_transport_flags_refused) ... ok
2026-10-09T19:12:52.5646786Z test_ios_cli_success (__main__.Fixtures.test_ios_cli_success) ... ok
2026-10-09T19:12:52.5667316Z test_ios_real_binary_plists_truthful_scope (__main__.Fixtures.test_ios_real_binary_plists_truthful_scope) ... ok
2026-10-09T19:12:52.5684099Z test_launcher_data_restriction_or_duplicate_entry_refused (__main__.Fixtures.test_launcher_data_restriction_or_duplicate_entry_refused) ... ok
2026-10-09T19:12:52.5695909Z test_launcher_duplicate_filter_refused (__main__.Fixtures.test_launcher_duplicate_filter_refused) ... ok
2026-10-09T19:12:52.5713818Z test_launcher_incomplete_or_split_intents_refused (__main__.Fixtures.test_launcher_incomplete_or_split_intents_refused) ... ok
2026-10-09T19:12:52.5727014Z test_malformed_boolean_transport_flag_refused (__main__.Fixtures.test_malformed_boolean_transport_flag_refused) ... ok
2026-10-09T19:12:52.5750123Z test_malformed_domain_config_refused (__main__.Fixtures.test_malformed_domain_config_refused) ... ok
2026-10-09T19:12:52.5763530Z test_malformed_permission_name_refused (__main__.Fixtures.test_malformed_permission_name_refused) ... ok
2026-10-09T19:12:52.5796981Z test_malformed_privacy_shapes_refused (__main__.Fixtures.test_malformed_privacy_shapes_refused) ... ok
2026-10-09T19:12:52.5822151Z test_malformed_reason_rows_refused (__main__.Fixtures.test_malformed_reason_rows_refused) ... ok
2026-10-09T19:12:52.5834262Z test_malformed_resource_row (__main__.Fixtures.test_malformed_resource_row) ... ok
2026-10-09T19:12:52.5856757Z test_malformed_transport_shapes_refused (__main__.Fixtures.test_malformed_transport_shapes_refused) ... ok
2026-10-09T19:12:52.5868512Z test_malformed_xml_is_not_success (__main__.Fixtures.test_malformed_xml_is_not_success) ... ok
2026-10-09T19:12:52.5880883Z test_mismatched_payload_path (__main__.Fixtures.test_mismatched_payload_path) ... ok
2026-10-09T19:12:52.5918930Z test_missing_link_is_refused (__main__.Fixtures.test_missing_link_is_refused) ... ok
2026-10-09T19:12:52.5955946Z test_missing_required_reason_refused (__main__.Fixtures.test_missing_required_reason_refused) ... ok
2026-10-09T19:12:52.5968195Z test_missing_resource_payload (__main__.Fixtures.test_missing_resource_payload) ... ok
2026-10-09T19:12:52.5982853Z test_multiple_or_missing_reminder_filters_refused (__main__.Fixtures.test_multiple_or_missing_reminder_filters_refused) ... ok
2026-10-09T19:12:52.5999557Z test_named_and_package_qualified_links (__main__.Fixtures.test_named_and_package_qualified_links) ... ok
2026-10-09T19:12:52.6011874Z test_narrowed_exclusion_refused (__main__.Fixtures.test_narrowed_exclusion_refused) ... ok
2026-10-09T19:12:52.6024494Z test_nested_include_refused (__main__.Fixtures.test_nested_include_refused) ... ok
2026-10-09T19:12:52.6036326Z test_notification_forwarder_intent_filter_refused (__main__.Fixtures.test_notification_forwarder_intent_filter_refused) ... ok
2026-10-09T19:12:52.6047666Z test_optimized_path_traversal_refused (__main__.Fixtures.test_optimized_path_traversal_refused) ... ok
2026-10-09T19:12:52.6069361Z test_optimized_resource_paths (__main__.Fixtures.test_optimized_resource_paths) ... ok
2026-10-09T19:12:52.6085178Z test_optional_startup_provider_or_initializer_absence_accepted (__main__.Fixtures.test_optional_startup_provider_or_initializer_absence_accepted) ... ok
2026-10-09T19:12:52.6098047Z test_package_qualified_aapt_rows (__main__.Fixtures.test_package_qualified_aapt_rows) ... ok
2026-10-09T19:12:52.6110638Z test_poisoned_device_transfer_missing_domain (__main__.Fixtures.test_poisoned_device_transfer_missing_domain) ... ok
2026-10-09T19:12:52.6122266Z test_poisoned_legacy_backup_missing_domain (__main__.Fixtures.test_poisoned_legacy_backup_missing_domain) ... ok
2026-10-09T19:12:52.6139104Z test_privacy_root_not_dictionary_refused (__main__.Fixtures.test_privacy_root_not_dictionary_refused) ... ok
2026-10-09T19:12:52.6150163Z test_profile_receiver_without_system_permission_refused (__main__.Fixtures.test_profile_receiver_without_system_permission_refused) ... ok
2026-10-09T19:12:52.6162797Z test_profile_system_tool_receiver_accepted (__main__.Fixtures.test_profile_system_tool_receiver_accepted) ... ok
2026-10-09T19:12:52.6175562Z test_release_bonjour_declaration_refused (__main__.Fixtures.test_release_bonjour_declaration_refused) ... ok
2026-10-09T19:12:52.6201040Z test_reminder_restricting_or_unreviewed_intent_entries_refused (__main__.Fixtures.test_reminder_restricting_or_unreviewed_intent_entries_refused) ... ok
2026-10-09T19:12:52.6213003Z test_remote_auto_init_enabled_refused (__main__.Fixtures.test_remote_auto_init_enabled_refused) ... ok
2026-10-09T19:12:52.6224757Z test_remote_collection_enabled_refused (__main__.Fixtures.test_remote_collection_enabled_refused) ... ok
2026-10-09T19:12:52.6236861Z test_remote_init_declaration_missing_refused (__main__.Fixtures.test_remote_init_declaration_missing_refused) ... ok
2026-10-09T19:12:52.6283457Z test_remote_sdk_components_refused (__main__.Fixtures.test_remote_sdk_components_refused) ... ok
2026-10-09T19:12:52.6298320Z test_required_components_default_enabled_accepted (__main__.Fixtures.test_required_components_default_enabled_accepted) ... ok
2026-10-09T19:12:52.6335177Z test_required_components_disabled_or_unresolved_refused (__main__.Fixtures.test_required_components_disabled_or_unresolved_refused) ... ok
2026-10-09T19:12:52.6352966Z test_required_launcher_and_reminder_components_absent_refused (__main__.Fixtures.test_required_launcher_and_reminder_components_absent_refused) ... ok
2026-10-09T19:12:52.6367161Z test_resource_identity_collision (__main__.Fixtures.test_resource_identity_collision) ... ok
2026-10-09T19:12:52.6380891Z test_reviewed_startup_initializers_accepted (__main__.Fixtures.test_reviewed_startup_initializers_accepted) ... ok
2026-10-09T19:12:52.6395242Z test_root_tracking_refused (__main__.Fixtures.test_root_tracking_refused) ... ok
2026-10-09T19:12:52.6408950Z test_sdk23_permission_tag_supported_above_minimum_os (__main__.Fixtures.test_sdk23_permission_tag_supported_above_minimum_os) ... ok
2026-10-09T19:12:52.6445691Z test_sdk_tracking_and_collection_refused (__main__.Fixtures.test_sdk_tracking_and_collection_refused) ... ok
2026-10-09T19:12:52.6465933Z test_secure_domain_exception_and_xml_sdk_accepted (__main__.Fixtures.test_secure_domain_exception_and_xml_sdk_accepted) ... ok
2026-10-09T19:12:52.6482015Z test_shared_rule_path_refused (__main__.Fixtures.test_shared_rule_path_refused) ... ok
2026-10-09T19:12:52.6497193Z test_startup_unexpected_or_nested_child_refused (__main__.Fixtures.test_startup_unexpected_or_nested_child_refused) ... ok
2026-10-09T19:12:52.6516941Z test_startup_unknown_or_indirected_initializer_refused (__main__.Fixtures.test_startup_unknown_or_indirected_initializer_refused) ... ok
2026-10-09T19:12:52.6529152Z test_startup_wrong_authority_refused (__main__.Fixtures.test_startup_wrong_authority_refused) ... ok
2026-10-09T19:12:52.6540670Z test_table_wrong_package (__main__.Fixtures.test_table_wrong_package) ... ok
2026-10-09T19:12:52.6553568Z test_unexpected_permission_refused (__main__.Fixtures.test_unexpected_permission_refused) ... ok
2026-10-09T19:12:52.6576802Z test_unimplemented_faceid_declaration_refused_including_empty (__main__.Fixtures.test_unimplemented_faceid_declaration_refused_including_empty) ... ok
2026-10-09T19:12:52.6589789Z test_unknown_permission_tag_cannot_satisfy_required_permission (__main__.Fixtures.test_unknown_permission_tag_cannot_satisfy_required_permission) ... ok
2026-10-09T19:12:52.6602555Z test_unknown_transport_key_refused (__main__.Fixtures.test_unknown_transport_key_refused) ... ok
2026-10-09T19:12:52.6616046Z test_unrelated_launcher_deep_link_filter_accepted (__main__.Fixtures.test_unrelated_launcher_deep_link_filter_accepted) ... ok
2026-10-09T19:12:52.6627394Z test_unreviewed_exported_component_refused (__main__.Fixtures.test_unreviewed_exported_component_refused) ... ok
2026-10-09T19:12:52.6638684Z test_unreviewed_network_config_cannot_override_denial (__main__.Fixtures.test_unreviewed_network_config_cannot_override_denial) ... ok
2026-10-09T19:12:52.6650018Z test_wrong_manifest_resource_id (__main__.Fixtures.test_wrong_manifest_resource_id) ... ok
2026-10-09T19:12:52.6661438Z test_wrong_named_link (__main__.Fixtures.test_wrong_named_link) ... ok
2026-10-09T19:12:52.6673994Z test_xml_entity_declaration_refused (__main__.Fixtures.test_xml_entity_declaration_refused) ... ok
2026-10-09T19:12:52.6674377Z 
2026-10-09T19:12:52.6674618Z ----------------------------------------------------------------------
2026-10-09T19:12:52.6674943Z Ran 90 tests in 0.402s
2026-10-09T19:12:52.6675072Z 
2026-10-09T19:12:52.6675150Z OK
2026-10-09T19:12:52.7339498Z .........
2026-10-09T19:12:52.7339877Z ----------------------------------------------------------------------
2026-10-09T19:12:52.7340113Z Ran 9 tests in 0.009s
2026-10-09T19:12:52.7340203Z 
2026-10-09T19:12:52.7340263Z OK
2026-10-09T19:12:52.9097770Z test_canonical_shared_module_and_public_snapshot_data_compile (__main__.Histories.test_canonical_shared_module_and_public_snapshot_data_compile) ... ok
2026-10-09T19:12:52.9952948Z test_cli_writes_only_boolean_output_and_json_receipt (__main__.Histories.test_cli_writes_only_boolean_output_and_json_receipt) ... ok
2026-10-09T19:12:53.0272950Z test_deleting_native_source_compiles (__main__.Histories.test_deleting_native_source_compiles) ... ok
2026-10-09T19:12:53.0646218Z test_documentation_rename_and_delete_skip (__main__.Histories.test_documentation_rename_and_delete_skip) ... ok
2026-10-09T19:12:53.0877220Z test_empty_tree_update_skips (__main__.Histories.test_empty_tree_update_skips) ... ok
2026-10-09T19:12:53.1146197Z test_exact_checkout_mismatch_compiles (__main__.Histories.test_exact_checkout_mismatch_compiles) ... ok
2026-10-09T19:12:53.1585486Z test_failed_or_incomplete_diff_cannot_skip (__main__.Histories.test_failed_or_incomplete_diff_cannot_skip) ... ok
2026-10-09T19:12:53.2010289Z test_force_push_removing_native_change_compiles (__main__.Histories.test_force_push_removing_native_change_compiles) ... ok
2026-10-09T19:12:53.2415327Z test_force_push_unchanged_native_tree_skips (__main__.Histories.test_force_push_unchanged_native_tree_skips) ... ok
2026-10-09T19:12:53.3743972Z test_inspection_and_gate_policy_changes_compile (__main__.Histories.test_inspection_and_gate_policy_changes_compile) ... ok
2026-10-09T19:12:53.4086279Z test_invalid_sha_or_mismatched_after_compile (__main__.Histories.test_invalid_sha_or_mismatched_after_compile) ... ok
2026-10-09T19:12:53.4485344Z test_invalid_utf8_native_path_is_detected_and_receipt_safe (__main__.Histories.test_invalid_utf8_native_path_is_detected_and_receipt_safe) ... ok
2026-10-09T19:12:53.4765532Z test_missing_event_structure_and_range_fields_compile (__main__.Histories.test_missing_event_structure_and_range_fields_compile) ... ok
2026-10-09T19:12:53.4967880Z test_missing_repository_compiles (__main__.Histories.test_missing_repository_compiles) ... ok
2026-10-09T19:12:53.5292002Z test_mobile_copied_docs_and_top_level_markdown_skip (__main__.Histories.test_mobile_copied_docs_and_top_level_markdown_skip) ... ok
2026-10-09T19:12:53.8159696Z test_more_than_3000_paths_do_not_hide_last_native_input (__main__.Histories.test_more_than_3000_paths_do_not_hide_last_native_input) ... ok
2026-10-09T19:12:53.8511645Z test_moving_documentation_into_native_source_compiles (__main__.Histories.test_moving_documentation_into_native_source_compiles) ... ok
2026-10-09T19:12:53.8821794Z test_moving_native_source_outside_mobile_compiles (__main__.Histories.test_moving_native_source_outside_mobile_compiles) ... ok
2026-10-09T19:12:53.9200298Z test_multi_commit_update_sees_native_change_before_final_docs_commit (__main__.Histories.test_multi_commit_update_sees_native_change_before_final_docs_commit) ... ok
2026-10-09T19:12:53.9604033Z test_native_change_reverted_in_same_update_is_input_unchanged (__main__.Histories.test_native_change_reverted_in_same_update_is_input_unchanged) ... ok
2026-10-09T19:12:53.9912333Z test_native_file_mode_change_compiles (__main__.Histories.test_native_file_mode_change_compiles) ... ok
2026-10-09T19:12:54.0100388Z test_open_reopen_and_manual_always_compile_without_range (__main__.Histories.test_open_reopen_and_manual_always_compile_without_range) ... ok
2026-10-09T19:12:54.0920765Z test_source_lock_plugin_and_nested_markdown_compile (__main__.Histories.test_source_lock_plugin_and_nested_markdown_compile) ... ok
2026-10-09T19:12:54.1253808Z test_unknown_before_or_blob_before_compiles (__main__.Histories.test_unknown_before_or_blob_before_compiles) ... ok
2026-10-09T19:12:54.1627702Z test_unusual_newline_and_nonascii_paths_are_nul_delimited (__main__.Histories.test_unusual_newline_and_nonascii_paths_are_nul_delimited) ... ok
2026-10-09T19:12:54.1928253Z test_website_and_root_docs_update_skips (__main__.Histories.test_website_and_root_docs_update_skips) ... ok
2026-10-09T19:12:54.1939800Z test_actual_workflow_condition_preserves_failure_and_missing_output_fallback (__main__.RepositoryContract.test_actual_workflow_condition_preserves_failure_and_missing_output_fallback) ... ok
2026-10-09T19:12:54.1955509Z test_observed_page2_range_skips_when_history_available (__main__.RepositoryContract.test_observed_page2_range_skips_when_history_available) ... skipped 'Historical production commits unavailable in this checkout; synthetic Git fixtures still run'
2026-10-09T19:12:54.1964048Z test_workflow_guards_gate_and_exact_source_without_cancellation (__main__.RepositoryContract.test_workflow_guards_gate_and_exact_source_without_cancellation) ... ok
2026-10-09T19:12:54.1964763Z 
2026-10-09T19:12:54.1965033Z ----------------------------------------------------------------------
2026-10-09T19:12:54.1965291Z Ran 29 tests in 1.393s
2026-10-09T19:12:54.1965394Z 
2026-10-09T19:12:54.1965450Z OK (skipped=1)
2026-10-09T19:12:54.2153830Z ##[group]Run npm run check
2026-10-09T19:12:54.2154140Z [36;1mnpm run check[0m
2026-10-09T19:12:54.2154374Z [36;1mnpm run test:engine[0m
2026-10-09T19:12:54.2225492Z shell: /usr/bin/bash -e {0}
2026-10-09T19:12:54.2225673Z env:
2026-10-09T19:12:54.2225807Z   WRANGLER_SEND_METRICS: false
2026-10-09T19:12:54.2225964Z   CI: true
2026-10-09T19:12:54.2226077Z ##[endgroup]
2026-10-09T19:12:54.2967431Z 
2026-10-09T19:12:54.2968084Z > training-studio-mobile@0.1.0 check
2026-10-09T19:12:54.2968439Z > tsc --noEmit
2026-10-09T19:12:54.2968522Z 
2026-10-09T19:12:57.7777500Z 
2026-10-09T19:12:57.7778181Z > training-studio-mobile@0.1.0 test:engine
2026-10-09T19:12:57.7778508Z > node --import tsx scripts/check-engine.ts
2026-10-09T19:12:57.7778636Z 
2026-10-09T19:12:58.4509833Z PASS: 78 plans across all 7 starting weekdays, workout validation, partial save, optional measurements round-trip, retained history, unsafe read/link rejection, 989 exercises and 989 guides.
2026-10-09T19:12:58.4700483Z PASS: native substitution survives validated save/reload; invalid program IDs are rejected.
2026-10-09T19:12:58.4710651Z PASS: native plan archives are retained and guarded; saved machine context carries forward without changing history.
2026-10-09T19:12:58.4740206Z PASS: local records are sealed with XChaCha20-Poly1305, bound to their storage slot, and reject tampering or wrong keys.
2026-10-09T19:12:58.9546133Z PASS: phone transfer files round-trip, reject a wrong password, and keep the header authenticated.
2026-10-09T19:12:58.9582689Z PASS: first-time lifters get one starting plan that matches their days; fit notes are shown.
2026-10-09T19:12:58.9908250Z ##[group]Run npm run build
2026-10-09T19:12:58.9908449Z [36;1mnpm run build[0m
2026-10-09T19:12:58.9908606Z [36;1mnpm run test:production[0m
2026-10-09T19:12:58.9908777Z [36;1mnpm run build:pages[0m
2026-10-09T19:12:58.9908917Z [36;1mnpm run check:pages[0m
2026-10-09T19:12:58.9963679Z shell: /usr/bin/bash -e {0}
2026-10-09T19:12:58.9963828Z env:
2026-10-09T19:12:58.9963951Z   WRANGLER_SEND_METRICS: false
2026-10-09T19:12:58.9964087Z   CI: true
2026-10-09T19:12:58.9964199Z ##[endgroup]
2026-10-09T19:12:59.0709006Z 
2026-10-09T19:12:59.0709665Z > site-creator-vinext-starter@0.1.0 build
2026-10-09T19:12:59.0710097Z > node scripts/run-framework.mjs build
2026-10-09T19:12:59.0710278Z 
2026-10-09T19:12:59.2459867Z [36mvite v8.0.16 [32mbuilding client environment for production...[36m[39m
2026-10-09T19:12:59.2538297Z [2K
2026-10-09T19:12:59.3549631Z [33m[plugin rolldown:vite-resolve] Module "url" has been externalized for browser compatibility, imported by "/home/runner/work/movefield/movefield/node_modules/.pnpm/@mlc-ai+web-tokenizers@0.1.6/node_modules/@mlc-ai/web-tokenizers/lib/index.js". See https://vite.dev/guide/troubleshooting.html#module-externalized-for-browser-compatibility for more details.[39m
2026-10-09T19:12:59.3552842Z [33m[plugin rolldown:vite-resolve] Module "module" has been externalized for browser compatibility, imported by "/home/runner/work/movefield/movefield/node_modules/.pnpm/@mlc-ai+web-tokenizers@0.1.6/node_modules/@mlc-ai/web-tokenizers/lib/index.js". See https://vite.dev/guide/troubleshooting.html#module-externalized-for-browser-compatibility for more details.[39m
2026-10-09T19:12:59.5303420Z transforming...✓ 38 modules transformed.
2026-10-09T19:12:59.5811344Z rendering chunks...
2026-10-09T19:12:59.6407858Z computing gzip size...
2026-10-09T19:12:59.7100813Z public/runtime/__vite-browser-external-B6E0ycFV.js      0.06 kB │ gzip:     0.08 kB
2026-10-09T19:12:59.7101813Z public/runtime/qwen-worker.js                       1,019.00 kB │ gzip:   137.29 kB
2026-10-09T19:12:59.7102211Z public/runtime/lib-B9Fth5gk.js                      4,745.69 kB │ gzip: 1,717.24 kB
2026-10-09T19:12:59.7102571Z public/runtime/lib-CNDdpUL3.js                      6,194.03 kB │ gzip: 2,183.09 kB
2026-10-09T19:12:59.7102738Z 
2026-10-09T19:12:59.7105041Z [32m✓ built in 464ms[39m
2026-10-09T19:13:00.0643560Z Packaged 117 tracked source files: movefield-mobile-r14.zip (2077246 bytes)
2026-10-09T19:13:00.3460547Z 
2026-10-09T19:13:00.3461183Z   vinext build  (Vite 8.0.16)
2026-10-09T19:13:00.3461444Z 
2026-10-09T19:13:01.3495393Z [34m[1/5] analyze client references...[39m
2026-10-09T19:13:01.3825002Z [2K
2026-10-09T19:13:02.2820726Z transforming...✓ 233 modules transformed.
2026-10-09T19:13:02.3017788Z rendering chunks...
2026-10-09T19:13:02.3072250Z [32m✓ built in 956ms[39m
2026-10-09T19:13:02.3113205Z [34m[2/5] analyze server references...[39m
2026-10-09T19:13:02.3280001Z [2K
2026-10-09T19:13:03.8274898Z transforming...✓ 866 modules transformed.
2026-10-09T19:13:03.8310090Z rendering chunks...
2026-10-09T19:13:03.8338477Z [32m✓ built in 1.52s[39m
2026-10-09T19:13:03.8371049Z [34m[3/5] build rsc environment...[39m
2026-10-09T19:13:03.8536822Z [2K
2026-10-09T19:13:04.2876160Z transforming...✓ 230 modules transformed.
2026-10-09T19:13:04.3481370Z rendering chunks...
2026-10-09T19:13:04.3811800Z computing gzip size...
2026-10-09T19:13:04.3875160Z [32m✓ built in 549ms[39m
2026-10-09T19:13:04.3907372Z [34m[4/5] build client environment...[39m
2026-10-09T19:13:04.4084095Z [2K
2026-10-09T19:13:06.5242861Z transforming...✓ 2676 modules transformed.
2026-10-09T19:13:06.7255536Z rendering chunks...
2026-10-09T19:13:07.0610022Z computing gzip size...
2026-10-09T19:13:07.0700552Z [33m[plugin builtin:vite-reporter] 
2026-10-09T19:13:07.0700921Z (!) Some chunks are larger than 500 kB after minification. Consider:
2026-10-09T19:13:07.0701207Z - Using dynamic import() to code-split the application
2026-10-09T19:13:07.0702176Z - Use build.rolldownOptions.output.codeSplitting to improve chunking: https://rolldown.rs/reference/OutputOptions.codeSplitting
2026-10-09T19:13:07.0702835Z - Adjust chunk size limit for this warning via build.chunkSizeWarningLimit.[39m
2026-10-09T19:13:07.0729528Z [32m✓ built in 2.68s[39m
2026-10-09T19:13:07.0773258Z [34m[5/5] build ssr environment...[39m
2026-10-09T19:13:07.0928986Z [2K
2026-10-09T19:13:08.2901975Z transforming...✓ 877 modules transformed.
2026-10-09T19:13:08.4128781Z rendering chunks...
2026-10-09T19:13:08.5115749Z computing gzip size...
2026-10-09T19:13:08.5223174Z [32m✓ built in 1.44s[39m
2026-10-09T19:13:08.5389128Z [0m
2026-10-09T19:13:08.5389425Z   Route (app)
2026-10-09T19:13:08.5389667Z   ─ ? /
2026-10-09T19:13:08.5389756Z 
2026-10-09T19:13:08.5389812Z   ? Unknown
2026-10-09T19:13:08.5389881Z 
2026-10-09T19:13:08.5390062Z   ? Some routes could not be classified. vinext currently uses static analysis
2026-10-09T19:13:08.5390445Z     and cannot detect dynamic API usage (headers(), cookies(), etc.) at build time.
2026-10-09T19:13:08.5390761Z     Automatic classification will be improved in a future release.
2026-10-09T19:13:08.5390912Z 
2026-10-09T19:13:08.5391040Z   Build complete. Run `vinext start` to start the production server.
2026-10-09T19:13:08.5391192Z 
2026-10-09T19:13:08.6584319Z Prepared 55 offline assets for 900c598a2c1a.
2026-10-09T19:13:08.7396034Z 
2026-10-09T19:13:08.7396959Z > site-creator-vinext-starter@0.1.0 test:production
2026-10-09T19:13:08.7397442Z > node scripts/check-all.cjs --production
2026-10-09T19:13:08.7397630Z 
2026-10-09T19:13:08.7615157Z Checking check-bundle.cjs
2026-10-09T19:13:08.8101129Z PASS bundle budgets and lazy chart boundary {"page":"_next/static/chunks/page-CMCZSSNa.js","key":"app/page.tsx","bytes":277079,"gzipBytes":83202,"initialGzipBytes":399878,"initialLimitGzipBytes":400000,"chunks":[{"key":"app/page.tsx","bytes":277079,"gzipBytes":83202},{"key":"_rolldown-runtime-QTnfLwEv.js","bytes":694,"gzipBytes":422},{"key":"virtual:vinext-app-browser-entry","bytes":193183,"gzipBytes":56091},{"key":"_framework-JGc2HF7T.js","bytes":190152,"gzipBytes":59097},{"key":"components/app-preferences.tsx","bytes":153280,"gzipBytes":48693},{"key":"_button-CBvz_Igj.js","bytes":32543,"gzipBytes":10650},{"key":"_alert-dialog-DY6x4eWy.js","bytes":6769,"gzipBytes":2269},{"key":"_training-e4WnSvcK.js","bytes":793315,"gzipBytes":114028},{"key":"_local-backup-Dd_58mCP.js","bytes":7937,"gzipBytes":3003},{"key":"_types-n0CmVGHn.js","bytes":56482,"gzipBytes":12831},{"key":"_progress-BLdZ8dmX.js","bytes":24931,"gzipBytes":7212},{"key":"_public-path-Dnx1y3mw.js","bytes":152,"gzipBytes":138},{"key":"_workout-review-_uJXkssg.js","bytes":4813,"gzipBytes":2242}]}
2026-10-09T19:13:08.8138133Z Checking check-production-offline.cjs
2026-10-09T19:13:08.8574296Z {
2026-10-09T19:13:08.8574573Z   "status": "pass",
2026-10-09T19:13:08.8574796Z   "assets": 55,
2026-10-09T19:13:08.8574993Z   "totalBytes": 19683255,
2026-10-09T19:13:08.8575429Z   "build": "900c598a2c1a5f0b663efc5590dd5f4adf9b62a54964793fcf0747bfd0003ab8",
2026-10-09T19:13:08.8575858Z   "allBuiltClientChunksCovered": true,
2026-10-09T19:13:08.8576133Z   "workerManifestMatches": true,
2026-10-09T19:13:08.8576370Z   "assetHashesMatch": true,
2026-10-09T19:13:08.8576786Z   "privateDataAndModelWeightsAbsent": true
2026-10-09T19:13:08.8576963Z }
2026-10-09T19:13:08.8627885Z Checking check-production-security.cjs
2026-10-09T19:13:09.4417671Z {"brandAssetsAvailable":true,"nativeStarterAvailable":true,"status":200,"scripts":23,"nonceMatched":true,"nonceRotates":true,"writeRouteClosed":true,"internalRouteClosed":true,"qaRouteAbsent":true,"unclearedPhotosAbsent":true,"cache":"private, no-store"}
2026-10-09T19:13:09.4645292Z 3/3 check suites passed.
2026-10-09T19:13:09.5455416Z 
2026-10-09T19:13:09.5456148Z > site-creator-vinext-starter@0.1.0 build:pages
2026-10-09T19:13:09.5456442Z > node scripts/build-pages.mjs
2026-10-09T19:13:09.5456710Z 
2026-10-09T19:13:09.6968189Z [36mvite v8.0.16 [32mbuilding client environment for production...[36m[39m
2026-10-09T19:13:09.7080157Z [2K
2026-10-09T19:13:10.4567336Z 
2026-10-09T19:13:10.4618057Z /movefield/fonts/inter-variable.ttf referenced in /movefield/fonts/inter-variable.ttf didn't resolve at build time, it will remain unchanged to be resolved at runtime
2026-10-09T19:13:10.4646677Z 
2026-10-09T19:13:10.4665314Z /movefield/fonts/barlow-condensed-semibold.ttf referenced in /movefield/fonts/barlow-condensed-semibold.ttf didn't resolve at build time, it will remain unchanged to be resolved at runtime
2026-10-09T19:13:10.4680289Z 
2026-10-09T19:13:10.4681435Z /movefield/fonts/atkinson-hyperlegible-latin-400-normal.woff2 referenced in /movefield/fonts/atkinson-hyperlegible-latin-400-normal.woff2 didn't resolve at build time, it will remain unchanged to be resolved at runtime
2026-10-09T19:13:10.4682011Z 
2026-10-09T19:13:10.4682618Z /movefield/fonts/atkinson-hyperlegible-latin-700-normal.woff2 referenced in /movefield/fonts/atkinson-hyperlegible-latin-700-normal.woff2 didn't resolve at build time, it will remain unchanged to be resolved at runtime
2026-10-09T19:13:10.4683372Z 
2026-10-09T19:13:10.4684101Z /movefield/fonts/oswald-latin-600-normal.woff2 referenced in /movefield/fonts/oswald-latin-600-normal.woff2 didn't resolve at build time, it will remain unchanged to be resolved at runtime
2026-10-09T19:13:10.4684721Z 
2026-10-09T19:13:10.4685441Z /movefield/fonts/oswald-latin-700-normal.woff2 referenced in /movefield/fonts/oswald-latin-700-normal.woff2 didn't resolve at build time, it will remain unchanged to be resolved at runtime
2026-10-09T19:13:10.4686061Z 
2026-10-09T19:13:10.4686706Z /movefield/fonts/saira-latin-400-normal.woff2 referenced in /movefield/fonts/saira-latin-400-normal.woff2 didn't resolve at build time, it will remain unchanged to be resolved at runtime
2026-10-09T19:13:10.4687066Z 
2026-10-09T19:13:10.4687461Z /movefield/fonts/saira-latin-700-normal.woff2 referenced in /movefield/fonts/saira-latin-700-normal.woff2 didn't resolve at build time, it will remain unchanged to be resolved at runtime
2026-10-09T19:13:10.4688287Z 
2026-10-09T19:13:10.4688699Z /movefield/fonts/lexend-latin-400-normal.woff2 referenced in /movefield/fonts/lexend-latin-400-normal.woff2 didn't resolve at build time, it will remain unchanged to be resolved at runtime
2026-10-09T19:13:10.4689060Z 
2026-10-09T19:13:10.4689459Z /movefield/fonts/lexend-latin-700-normal.woff2 referenced in /movefield/fonts/lexend-latin-700-normal.woff2 didn't resolve at build time, it will remain unchanged to be resolved at runtime
2026-10-09T19:13:10.4689820Z 
2026-10-09T19:13:10.4690222Z /movefield/fonts/nunito-latin-400-normal.woff2 referenced in /movefield/fonts/nunito-latin-400-normal.woff2 didn't resolve at build time, it will remain unchanged to be resolved at runtime
2026-10-09T19:13:10.4690578Z 
2026-10-09T19:13:10.4690980Z /movefield/fonts/nunito-latin-700-normal.woff2 referenced in /movefield/fonts/nunito-latin-700-normal.woff2 didn't resolve at build time, it will remain unchanged to be resolved at runtime
2026-10-09T19:13:10.5265542Z transforming...✓ 2552 modules transformed.
2026-10-09T19:13:10.6174638Z rendering chunks...
2026-10-09T19:13:10.7545742Z computing gzip size...
2026-10-09T19:13:10.7673906Z dist-pages/index.html                                 1.03 kB │ gzip:   0.52 kB
2026-10-09T19:13:10.7674523Z dist-pages/assets/index-BDPBdBWE.css                221.70 kB │ gzip:  36.15 kB
2026-10-09T19:13:10.7675170Z dist-pages/assets/qwen-unavailable-IXSK3HSm.js        0.46 kB │ gzip:   0.32 kB
2026-10-09T19:13:10.7675770Z dist-pages/assets/jsx-runtime-DUAcabCT.js             1.06 kB │ gzip:   0.60 kB
2026-10-09T19:13:10.7676206Z dist-pages/assets/research-library-dG25azH1.js        4.46 kB │ gzip:   1.82 kB
2026-10-09T19:13:10.7676751Z dist-pages/assets/transfer-dialog-bz8GaSkU.js        36.22 kB │ gzip:  13.49 kB
2026-10-09T19:13:10.7677117Z dist-pages/assets/button-BZyDGPNM.js                 39.97 kB │ gzip:  13.33 kB
2026-10-09T19:13:10.7677523Z dist-pages/assets/progress-dashboard-D7SQsE0c.js    368.46 kB │ gzip: 108.44 kB
2026-10-09T19:13:10.7678280Z dist-pages/assets/index--lcHmWne.js               1,504.07 kB │ gzip: 328.90 kB
2026-10-09T19:13:10.7678451Z 
2026-10-09T19:13:10.7678744Z [33m[plugin builtin:vite-reporter] 
2026-10-09T19:13:10.7679212Z (!) Some chunks are larger than 500 kB after minification. Consider:
2026-10-09T19:13:10.7679830Z - Using dynamic import() to code-split the application
2026-10-09T19:13:10.7680602Z - Use build.rolldownOptions.output.codeSplitting to improve chunking: https://rolldown.rs/reference/OutputOptions.codeSplitting
2026-10-09T19:13:10.7681247Z - Adjust chunk size limit for this warning via build.chunkSizeWarningLimit.[39m
2026-10-09T19:13:10.7682250Z [32m✓ built in 1.07s[39m
2026-10-09T19:13:10.8015283Z Pages output: 35 allowlisted files; version f6c58a4e6449e490ce4bf2da6b78c7ed1ad728579e8531311b5092b58a7eb4e4
2026-10-09T19:13:10.9135904Z 
2026-10-09T19:13:10.9136802Z > site-creator-vinext-starter@0.1.0 check:pages
2026-10-09T19:13:10.9137296Z > node scripts/check-pages.mjs
2026-10-09T19:13:10.9137454Z 
2026-10-09T19:13:11.1424628Z {
2026-10-09T19:13:11.1424914Z   "passed": true,
2026-10-09T19:13:11.1425072Z   "assertions": 421,
2026-10-09T19:13:11.1425217Z   "assets": 35,
2026-10-09T19:13:11.1425465Z   "version": "f6c58a4e6449e490ce4bf2da6b78c7ed1ad728579e8531311b5092b58a7eb4e4",
2026-10-09T19:13:11.1425700Z   "limits": [
2026-10-09T19:13:11.1425893Z     "VM worker verification; no real browser/OS offline acceptance"
2026-10-09T19:13:11.1426090Z   ]
2026-10-09T19:13:11.1426193Z }
2026-10-09T19:13:11.1683222Z ##[group]Run npm run export:mobile
2026-10-09T19:13:11.1683427Z [36;1mnpm run export:mobile[0m
2026-10-09T19:13:11.1740949Z shell: /usr/bin/bash -e {0}
2026-10-09T19:13:11.1741119Z env:
2026-10-09T19:13:11.1741256Z   WRANGLER_SEND_METRICS: false
2026-10-09T19:13:11.1741414Z   CI: true
2026-10-09T19:13:11.1741526Z ##[endgroup]
2026-10-09T19:13:11.2511335Z 
2026-10-09T19:13:11.2512173Z > training-studio-mobile@0.1.0 export:mobile
2026-10-09T19:13:11.2513150Z > expo export --platform ios --platform android --output-dir dist-mobile
2026-10-09T19:13:11.2513453Z 
2026-10-09T19:13:11.6925869Z Starting Metro Bundler
2026-10-09T19:13:11.6926148Z 
2026-10-09T19:13:30.2460899Z iOS Bundled 18423ms index.ts (806 modules)
2026-10-09T19:13:37.2965214Z Android Bundled 25473ms index.ts (824 modules)
2026-10-09T19:13:37.3078064Z 
2026-10-09T19:13:37.3091345Z › Assets (12):
2026-10-09T19:13:37.3165144Z assets/fonts/AtkinsonHyperlegible_400Regular.ttf (54KB)
2026-10-09T19:13:37.3165759Z assets/fonts/AtkinsonHyperlegible_700Bold.ttf (54KB)
2026-10-09T19:13:37.3166201Z assets/fonts/barlow-condensed-semibold.ttf (109KB)
2026-10-09T19:13:37.3166724Z assets/fonts/inter-variable.ttf (877KB)
2026-10-09T19:13:37.3167063Z assets/fonts/Lexend_400Regular.ttf (78KB)
2026-10-09T19:13:37.3167425Z assets/fonts/Lexend_700Bold.ttf (79KB)
2026-10-09T19:13:37.3167789Z assets/fonts/Nunito_400Regular.ttf (132KB)
2026-10-09T19:13:37.3168137Z assets/fonts/Nunito_700Bold.ttf (132KB)
2026-10-09T19:13:37.3168427Z assets/fonts/Oswald_600SemiBold.ttf (88KB)
2026-10-09T19:13:37.3168716Z assets/fonts/Oswald_700Bold.ttf (88KB)
2026-10-09T19:13:37.3168987Z assets/fonts/Saira_400Regular.ttf (84KB)
2026-10-09T19:13:37.3169274Z assets/fonts/Saira_700Bold.ttf (83KB)
2026-10-09T19:13:37.3172024Z 
2026-10-09T19:13:37.3172847Z › ios bundles (1):
2026-10-09T19:13:37.3174115Z _expo/static/js/ios/index-f448d55af8a6cbda801ca65a1bf4be4c.hbc (4.7MB)
2026-10-09T19:13:37.3174420Z 
2026-10-09T19:13:37.3174586Z › android bundles (1):
2026-10-09T19:13:37.3175035Z _expo/static/js/android/index-4b8c28381b76b4ba334a80ec172ff0d6.hbc (4.7MB)
2026-10-09T19:13:37.3175316Z 
2026-10-09T19:13:37.3175420Z › Files (1):
2026-10-09T19:13:37.3179586Z metadata.json (1.8KB)
2026-10-09T19:13:37.3216206Z 
2026-10-09T19:13:37.3219363Z Exported: dist-mobile
2026-10-09T19:13:37.4512038Z ##[group]Run node scripts/check-dependencies.mjs
2026-10-09T19:13:37.4512284Z [36;1mnode scripts/check-dependencies.mjs[0m
2026-10-09T19:13:37.4567313Z shell: /usr/bin/bash -e {0}
2026-10-09T19:13:37.4567474Z env:
2026-10-09T19:13:37.4567601Z   WRANGLER_SEND_METRICS: false
2026-10-09T19:13:37.4567734Z   CI: true
2026-10-09T19:13:37.4567841Z ##[endgroup]
2026-10-09T19:13:38.1499311Z KNOWN CI EXCEPTION / RELEASE BLOCKED web: braces https://github.com/advisories/GHSA-vfj7-8cjw-p6xm (temporary-ci-exception)
2026-10-09T19:13:41.3003824Z KNOWN CI EXCEPTION / RELEASE BLOCKED mobile: braces https://github.com/advisories/GHSA-vfj7-8cjw-p6xm (temporary-ci-exception)
2026-10-09T19:13:41.3004777Z KNOWN CI EXCEPTION / RELEASE BLOCKED mobile: node-forge https://github.com/advisories/GHSA-86w9-cpqp-85rv (temporary-ci-exception)
2026-10-09T19:13:41.3110165Z ##[group]Run actions/upload-artifact@ea165f8d65b6e75b540449e92b4886f43607fa02
2026-10-09T19:13:41.3110408Z with:
2026-10-09T19:13:41.3110527Z   name: quality-results
2026-10-09T19:13:41.3110722Z   path: .sites-runtime/*check*.json
.sites-runtime-quality-source.txt

2026-10-09T19:13:41.3110960Z   include-hidden-files: true
2026-10-09T19:13:41.3111102Z   if-no-files-found: ignore
2026-10-09T19:13:41.3111240Z   compression-level: 6
2026-10-09T19:13:41.3111363Z   overwrite: false
2026-10-09T19:13:41.3111480Z env:
2026-10-09T19:13:41.3111592Z   WRANGLER_SEND_METRICS: false
2026-10-09T19:13:41.3111723Z   CI: true
2026-10-09T19:13:41.3111830Z ##[endgroup]
2026-10-09T19:13:41.4308694Z (node:4395) [DEP0040] DeprecationWarning: The `punycode` module is deprecated. Please use a userland alternative instead.
2026-10-09T19:13:41.4309166Z (Use `node --trace-deprecation ...` to show where the warning was created)
2026-10-09T19:13:41.4387254Z Multiple search paths detected. Calculating the least common ancestor of all paths
2026-10-09T19:13:41.4389423Z The least common ancestor is /home/runner/work/movefield/movefield. This will be the root directory of the artifact
2026-10-09T19:13:41.4390316Z With the provided path, there will be 12 files uploaded
2026-10-09T19:13:41.4393195Z Artifact name is valid!
2026-10-09T19:13:41.4394233Z Root directory input is valid!
2026-10-09T19:13:41.7327193Z Beginning upload of artifact content to blob storage
2026-10-09T19:13:41.7549858Z (node:4395) [DEP0169] DeprecationWarning: `url.parse()` behavior is not standardized and prone to errors that have security implications. Use the WHATWG URL API instead. CVEs are not issued for `url.parse()` vulnerabilities.
2026-10-09T19:13:41.8846049Z Uploaded bytes 7989
2026-10-09T19:13:41.9252037Z Finished uploading artifact content to blob storage!
2026-10-09T19:13:41.9252776Z SHA256 digest of uploaded artifact zip is bc100aac27c3c617ae57ebbb73f1c0bda14bbb9b3dbec1f1c9480473155bacef
2026-10-09T19:13:41.9253329Z Finalizing artifact upload
2026-10-09T19:13:42.1503671Z Artifact quality-results.zip successfully finalized. Artifact ID 11640500198
2026-10-09T19:13:42.1504547Z Artifact quality-results has been successfully uploaded! Final size is 7989 bytes. Artifact ID is 11640500198
2026-10-09T19:13:42.1509685Z Artifact download URL: https://github.com/ghinz32-cloud/movefield/actions/runs/37978371782/artifacts/11640500198
2026-10-09T19:13:42.1662500Z Post job cleanup.
2026-10-09T19:13:42.2555253Z (node:4408) [DEP0040] DeprecationWarning: The `punycode` module is deprecated. Please use a userland alternative instead.
2026-10-09T19:13:42.2555734Z (Use `node --trace-deprecation ...` to show where the warning was created)
2026-10-09T19:13:42.2703137Z Post job cleanup.
2026-10-09T19:13:42.3338223Z [command]/usr/bin/git version
2026-10-09T19:13:42.3381451Z git version 2.55.0
2026-10-09T19:13:42.3410500Z Temporarily overriding HOME='/home/runner/work/_temp/f60208da-75fa-4d4c-b97e-65b3e02a87e7' before making global git config changes
2026-10-09T19:13:42.3411380Z Adding repository directory to the temporary git global config as a safe directory
2026-10-09T19:13:42.3414772Z [command]/usr/bin/git config --global --add safe.directory /home/runner/work/movefield/movefield
2026-10-09T19:13:42.3454839Z [command]/usr/bin/git config --local --name-only --get-regexp core\.sshCommand
2026-10-09T19:13:42.3488883Z [command]/usr/bin/git submodule foreach --recursive sh -c "git config --local --name-only --get-regexp 'core\.sshCommand' && git config --local --unset-all 'core.sshCommand' || :"
2026-10-09T19:13:42.3777088Z [command]/usr/bin/git config --local --name-only --get-regexp http\.https\:\/\/github\.com\/\.extraheader
2026-10-09T19:13:42.3789259Z [command]/usr/bin/git submodule foreach --recursive sh -c "git config --local --name-only --get-regexp 'http\.https\:\/\/github\.com\/\.extraheader' && git config --local --unset-all 'http.https://github.com/.extraheader' || :"
2026-10-09T19:13:42.4051047Z [command]/usr/bin/git config --local --name-only --get-regexp ^includeIf\.gitdir:
2026-10-09T19:13:42.4094707Z [command]/usr/bin/git submodule foreach --recursive git config --local --show-origin --name-only --get-regexp remote.origin.url
2026-10-09T19:13:42.4424079Z Cleaning up orphan processes
2026-10-09T19:13:42.4647930Z ##[warning]Node.js 20 is deprecated. The following actions target Node.js 20 but are being forced to run on Node.js 24: actions/upload-artifact@ea165f8d65b6e75b540449e92b4886f43607fa02. For more information see: https://github.blog/changelog/2025-09-19-deprecation-of-node-20-on-github-actions-runners/

